experiment,run_id,sys_os,sys_cpu,sys_cores,sys_ram_gb,sys_python,n_actions,n_events,n_facts,n_playbooks,n_plans_per_playbook,n_branches_per_plan,n_stmts_per_branch,n_roles,n_phases,n_subplot_breadth,n_subplot_depth,seed,input_loc,input_bytes,output_files,output_loc_total,output_loc_per_file,loc_ratio,compile_time_s,io_time_s,peak_ram_mb,success,warning_count,error_count
interaction_dense_ai,0,Linux 7.2.3-arch1-2,x86_64,24,30.44,3.14.7,10,10,5,2,2,1,2,2,2,0,0,42,117,2267,5,269,"{""playbook_playbook0.asl"": 26, ""playbook_playbook1.asl"": 26, ""director_mainplot.asl"": 149, ""role_mainplot_role0.asl"": 34, ""role_mainplot_role1.asl"": 34}",2.299145299145299,0.004457291999642621,0.00010547899910307024,0.1290111541748047,True,9,0
interaction_dense_ai,1,Linux 7.2.3-arch1-2,x86_64,24,30.44,3.14.7,10,10,5,2,2,1,2,2,2,0,0,42,117,2267,5,269,"{""playbook_playbook0.asl"": 26, ""playbook_playbook1.asl"": 26, ""director_mainplot.asl"": 149, ""role_mainplot_role0.asl"": 34, ""role_mainplot_role1.asl"": 34}",2.299145299145299,0.004348341999502736,0.00010585999916656874,0.1289348602294922,True,9,0
interaction_dense_ai,2,Linux 7.2.3-arch1-2,x86_64,24,30.44,3.14.7,10,10,5,2,2,1,2,2,2,0,0,42,117,2267,5,269,"{""playbook_playbook0.asl"": 26, ""playbook_playbook1.asl"": 26, ""director_mainplot.asl"": 149, ""role_mainplot_role0.asl"": 34, ""role_mainplot_role1.asl"": 34}",2.299145299145299,0.004199712000627187,9.937899994838517e-05,0.1289348602294922,True,9,0
interaction_dense_ai,3,Linux 7.2.3-arch1-2,x86_64,24,30.44,3.14.7,10,10,5,2,2,1,2,2,2,0,0,42,117,2267,5,269,"{""playbook_playbook0.asl"": 26, ""playbook_playbook1.asl"": 26, ""director_mainplot.asl"": 149, ""role_mainplot_role0.asl"": 34, ""role_mainplot_role1.asl"": 34}",2.299145299145299,0.004923821001284523,0.0001399100001435727,0.1289348602294922,True,9,0
interaction_dense_ai,4,Linux 7.2.3-arch1-2,x86_64,24,30.44,3.14.7,10,10,5,2,2,1,2,2,2,0,0,42,117,2267,5,269,"{""playbook_playbook0.asl"": 26, ""playbook_playbook1.asl"": 26, ""director_mainplot.asl"": 149, ""role_mainplot_role0.asl"": 34, ""role_mainplot_role1.asl"": 34}",2.299145299145299,0.0064710369988461025,0.00011258000085945241,0.1289348602294922,True,9,0
interaction_dense_ai,5,Linux 7.2.3-arch1-2,x86_64,24,30.44,3.14.7,10,10,5,2,2,1,5,2,2,0,0,42,129,2531,5,281,"{""playbook_playbook0.asl"": 32, ""playbook_playbook1.asl"": 32, ""director_mainplot.asl"": 149, ""role_mainplot_role0.asl"": 34, ""role_mainplot_role1.asl"": 34}",2.1782945736434107,0.0044302109999989625,9.255000077246223e-05,0.1542034149169922,True,7,0
interaction_dense_ai,6,Linux 7.2.3-arch1-2,x86_64,24,30.44,3.14.7,10,10,5,2,2,1,5,2,2,0,0,42,129,2531,5,281,"{""playbook_playbook0.asl"": 32, ""playbook_playbook1.asl"": 32, ""director_mainplot.asl"": 149, ""role_mainplot_role0.asl"": 34, ""role_mainplot_role1.asl"": 34}",2.1782945736434107,0.004449062000276172,9.236899859388359e-05,0.1542034149169922,True,7,0
interaction_dense_ai,7,Linux 7.2.3-arch1-2,x86_64,24,30.44,3.14.7,10,10,5,2,2,1,5,2,2,0,0,42,129,2531,5,281,"{""playbook_playbook0.asl"": 32, ""playbook_playbook1.asl"": 32, ""director_mainplot.asl"": 149, ""role_mainplot_role0.asl"": 34, ""role_mainplot_role1.asl"": 34}",2.1782945736434107,0.004491231999054435,9.311000030720606e-05,0.1542034149169922,True,7,0
interaction_dense_ai,8,Linux 7.2.3-arch1-2,x86_64,24,30.44,3.14.7,10,10,5,2,2,1,5,2,2,0,0,42,129,2531,5,281,"{""playbook_playbook0.asl"": 32, ""playbook_playbook1.asl"": 32, ""director_mainplot.asl"": 149, ""role_mainplot_role0.asl"": 34, ""role_mainplot_role1.asl"": 34}",2.1782945736434107,0.004443821000677417,9.442000009585172e-05,0.1542034149169922,True,7,0
interaction_dense_ai,9,Linux 7.2.3-arch1-2,x86_64,24,30.44,3.14.7,10,10,5,2,2,1,5,2,2,0,0,42,129,2531,5,281,"{""playbook_playbook0.asl"": 32, ""playbook_playbook1.asl"": 32, ""director_mainplot.asl"": 149, ""role_mainplot_role0.asl"": 34, ""role_mainplot_role1.asl"": 34}",2.1782945736434107,0.004511421000643168,9.753000085765962e-05,0.1542034149169922,True,7,0
interaction_dense_ai,10,Linux 7.2.3-arch1-2,x86_64,24,30.44,3.14.7,10,10,5,2,2,1,10,2,2,0,0,42,149,2972,5,301,"{""playbook_playbook0.asl"": 42, ""playbook_playbook1.asl"": 42, ""director_mainplot.asl"": 149, ""role_mainplot_role0.asl"": 34, ""role_mainplot_role1.asl"": 34}",2.0201342281879193,0.005523840000023483,9.300899910158478e-05,0.19560909271240234,True,7,0
interaction_dense_ai,11,Linux 7.2.3-arch1-2,x86_64,24,30.44,3.14.7,10,10,5,2,2,1,10,2,2,0,0,42,149,2972,5,301,"{""playbook_playbook0.asl"": 42, ""playbook_playbook1.asl"": 42, ""director_mainplot.asl"": 149, ""role_mainplot_role0.asl"": 34, ""role_mainplot_role1.asl"": 34}",2.0201342281879193,0.005342709999240469,9.273000068787951e-05,0.19560909271240234,True,7,0
interaction_dense_ai,12,Linux 7.2.3-arch1-2,x86_64,24,30.44,3.14.7,10,10,5,2,2,1,10,2,2,0,0,42,149,2972,5,301,"{""playbook_playbook0.asl"": 42, ""playbook_playbook1.asl"": 42, ""director_mainplot.asl"": 149, ""role_mainplot_role0.asl"": 34, ""role_mainplot_role1.asl"": 34}",2.0201342281879193,0.00550942900008522,9.235000106855296e-05,0.19560909271240234,True,7,0
interaction_dense_ai,13,Linux 7.2.3-arch1-2,x86_64,24,30.44,3.14.7,10,10,5,2,2,1,10,2,2,0,0,42,149,2972,5,301,"{""playbook_playbook0.asl"": 42, ""playbook_playbook1.asl"": 42, ""director_mainplot.asl"": 149, ""role_mainplot_role0.asl"": 34, ""role_mainplot_role1.asl"": 34}",2.0201342281879193,0.006588997999642743,0.00010191000001213979,0.19560909271240234,True,7,0
interaction_dense_ai,14,Linux 7.2.3-arch1-2,x86_64,24,30.44,3.14.7,10,10,5,2,2,1,10,2,2,0,0,42,149,2972,5,301,"{""playbook_playbook0.asl"": 42, ""playbook_playbook1.asl"": 42, ""director_mainplot.asl"": 149, ""role_mainplot_role0.asl"": 34, ""role_mainplot_role1.asl"": 34}",2.0201342281879193,0.005280041001242353,8.901900037017185e-05,0.19560909271240234,True,7,0
interaction_dense_ai,15,Linux 7.2.3-arch1-2,x86_64,24,30.44,3.14.7,10,10,5,2,2,1,25,2,2,0,0,42,209,4292,5,361,"{""playbook_playbook0.asl"": 72, ""playbook_playbook1.asl"": 72, ""director_mainplot.asl"": 149, ""role_mainplot_role0.asl"": 34, ""role_mainplot_role1.asl"": 34}",1.7272727272727273,0.008069275001616916,8.989999878394883e-05,0.31853389739990234,True,7,0
interaction_dense_ai,16,Linux 7.2.3-arch1-2,x86_64,24,30.44,3.14.7,10,10,5,2,2,1,25,2,2,0,0,42,209,4292,5,361,"{""playbook_playbook0.asl"": 72, ""playbook_playbook1.asl"": 72, ""director_mainplot.asl"": 149, ""role_mainplot_role0.asl"": 34, ""role_mainplot_role1.asl"": 34}",1.7272727272727273,0.008011505000467878,9.04099997569574e-05,0.31853389739990234,True,7,0
interaction_dense_ai,17,Linux 7.2.3-arch1-2,x86_64,24,30.44,3.14.7,10,10,5,2,2,1,25,2,2,0,0,42,209,4292,5,361,"{""playbook_playbook0.asl"": 72, ""playbook_playbook1.asl"": 72, ""director_mainplot.asl"": 149, ""role_mainplot_role0.asl"": 34, ""role_mainplot_role1.asl"": 34}",1.7272727272727273,0.009883782000542851,9.510900054010563e-05,0.31853389739990234,True,7,0
interaction_dense_ai,18,Linux 7.2.3-arch1-2,x86_64,24,30.44,3.14.7,10,10,5,2,2,1,25,2,2,0,0,42,209,4292,5,361,"{""playbook_playbook0.asl"": 72, ""playbook_playbook1.asl"": 72, ""director_mainplot.asl"": 149, ""role_mainplot_role0.asl"": 34, ""role_mainplot_role1.asl"": 34}",1.7272727272727273,0.008018195001568529,9.02600004337728e-05,0.31853389739990234,True,7,0
interaction_dense_ai,19,Linux 7.2.3-arch1-2,x86_64,24,30.44,3.14.7,10,10,5,2,2,1,25,2,2,0,0,42,209,4292,5,361,"{""playbook_playbook0.asl"": 72, ""playbook_playbook1.asl"": 72, ""director_mainplot.asl"": 149, ""role_mainplot_role0.asl"": 34, ""role_mainplot_role1.asl"": 34}",1.7272727272727273,0.00806753500000923,9.277000026486348e-05,0.31853389739990234,True,7,0
interaction_dense_ai,20,Linux 7.2.3-arch1-2,x86_64,24,30.44,3.14.7,10,10,5,2,2,1,50,2,2,0,0,42,309,6492,5,461,"{""playbook_playbook0.asl"": 122, ""playbook_playbook1.asl"": 122, ""director_mainplot.asl"": 149, ""role_mainplot_role0.asl"": 34, ""role_mainplot_role1.asl"": 34}",1.4919093851132685,0.013026336000621086,0.00010617000043566804,0.5239782333374023,True,7,0
interaction_dense_ai,21,Linux 7.2.3-arch1-2,x86_64,24,30.44,3.14.7,10,10,5,2,2,1,50,2,2,0,0,42,309,6492,5,461,"{""playbook_playbook0.asl"": 122, ""playbook_playbook1.asl"": 122, ""director_mainplot.asl"": 149, ""role_mainplot_role0.asl"": 34, ""role_mainplot_role1.asl"": 34}",1.4919093851132685,0.013152196001101402,0.00010332999954698607,0.5239477157592773,True,7,0
interaction_dense_ai,22,Linux 7.2.3-arch1-2,x86_64,24,30.44,3.14.7,10,10,5,2,2,1,50,2,2,0,0,42,309,6492,5,461,"{""playbook_playbook0.asl"": 122, ""playbook_playbook1.asl"": 122, ""director_mainplot.asl"": 149, ""role_mainplot_role0.asl"": 34, ""role_mainplot_role1.asl"": 34}",1.4919093851132685,0.012962676000825013,0.00012089999836462084,0.5239477157592773,True,7,0
interaction_dense_ai,23,Linux 7.2.3-arch1-2,x86_64,24,30.44,3.14.7,10,10,5,2,2,1,50,2,2,0,0,42,309,6492,5,461,"{""playbook_playbook0.asl"": 122, ""playbook_playbook1.asl"": 122, ""director_mainplot.asl"": 149, ""role_mainplot_role0.asl"": 34, ""role_mainplot_role1.asl"": 34}",1.4919093851132685,0.012971236001249054,0.00010828999984369148,0.5239477157592773,True,7,0
interaction_dense_ai,24,Linux 7.2.3-arch1-2,x86_64,24,30.44,3.14.7,10,10,5,2,2,1,50,2,2,0,0,42,309,6492,5,461,"{""playbook_playbook0.asl"": 122, ""playbook_playbook1.asl"": 122, ""director_mainplot.asl"": 149, ""role_mainplot_role0.asl"": 34, ""role_mainplot_role1.asl"": 34}",1.4919093851132685,0.013531184999010293,0.00011486900075396989,0.5239477157592773,True,7,0
interaction_dense_ai,25,Linux 7.2.3-arch1-2,x86_64,24,30.44,3.14.7,10,10,5,5,2,1,2,2,2,0,0,42,159,3014,8,347,"{""playbook_playbook0.asl"": 26, ""playbook_playbook1.asl"": 26, ""playbook_playbook2.asl"": 26, ""playbook_playbook3.asl"": 26, ""playbook_playbook4.asl"": 26, ""director_mainplot.asl"": 149, ""role_mainplot_role0.asl"": 34, ""role_mainplot_role1.asl"": 34}",2.1823899371069184,0.0056916590001492295,0.00013359999866224825,0.20396041870117188,True,3,0
interaction_dense_ai,26,Linux 7.2.3-arch1-2,x86_64,24,30.44,3.14.7,10,10,5,5,2,1,2,2,2,0,0,42,159,3014,8,347,"{""playbook_playbook0.asl"": 26, ""playbook_playbook1.asl"": 26, ""playbook_playbook2.asl"": 26, ""playbook_playbook3.asl"": 26, ""playbook_playbook4.asl"": 26, ""director_mainplot.asl"": 149, ""role_mainplot_role0.asl"": 34, ""role_mainplot_role1.asl"": 34}",2.1823899371069184,0.005647089001286076,0.00013269999908516183,0.20399093627929688,True,3,0
interaction_dense_ai,27,Linux 7.2.3-arch1-2,x86_64,24,30.44,3.14.7,10,10,5,5,2,1,2,2,2,0,0,42,159,3014,8,347,"{""playbook_playbook0.asl"": 26, ""playbook_playbook1.asl"": 26, ""playbook_playbook2.asl"": 26, ""playbook_playbook3.asl"": 26, ""playbook_playbook4.asl"": 26, ""director_mainplot.asl"": 149, ""role_mainplot_role0.asl"": 34, ""role_mainplot_role1.asl"": 34}",2.1823899371069184,0.00565348900090612,0.00012880000031145755,0.20399093627929688,True,3,0
interaction_dense_ai,28,Linux 7.2.3-arch1-2,x86_64,24,30.44,3.14.7,10,10,5,5,2,1,2,2,2,0,0,42,159,3014,8,347,"{""playbook_playbook0.asl"": 26, ""playbook_playbook1.asl"": 26, ""playbook_playbook2.asl"": 26, ""playbook_playbook3.asl"": 26, ""playbook_playbook4.asl"": 26, ""director_mainplot.asl"": 149, ""role_mainplot_role0.asl"": 34, ""role_mainplot_role1.asl"": 34}",2.1823899371069184,0.005638179000015953,0.00012900000001536682,0.20399093627929688,True,3,0
interaction_dense_ai,29,Linux 7.2.3-arch1-2,x86_64,24,30.44,3.14.7,10,10,5,5,2,1,2,2,2,0,0,42,159,3014,8,347,"{""playbook_playbook0.asl"": 26, ""playbook_playbook1.asl"": 26, ""playbook_playbook2.asl"": 26, ""playbook_playbook3.asl"": 26, ""playbook_playbook4.asl"": 26, ""director_mainplot.asl"": 149, ""role_mainplot_role0.asl"": 34, ""role_mainplot_role1.asl"": 34}",2.1823899371069184,0.005615559000943904,0.0001338599995506229,0.20399093627929688,True,3,0
interaction_dense_ai,30,Linux 7.2.3-arch1-2,x86_64,24,30.44,3.14.7,10,10,5,5,2,1,5,2,2,0,0,42,189,3674,8,377,"{""playbook_playbook0.asl"": 32, ""playbook_playbook1.asl"": 32, ""playbook_playbook2.asl"": 32, ""playbook_playbook3.asl"": 32, ""playbook_playbook4.asl"": 32, ""director_mainplot.asl"": 149, ""role_mainplot_role0.asl"": 34, ""role_mainplot_role1.asl"": 34}",1.9947089947089947,0.0070130169988260604,0.0001263899994228268,0.2657737731933594,True,3,0
interaction_dense_ai,31,Linux 7.2.3-arch1-2,x86_64,24,30.44,3.14.7,10,10,5,5,2,1,5,2,2,0,0,42,189,3674,8,377,"{""playbook_playbook0.asl"": 32, ""playbook_playbook1.asl"": 32, ""playbook_playbook2.asl"": 32, ""playbook_playbook3.asl"": 32, ""playbook_playbook4.asl"": 32, ""director_mainplot.asl"": 149, ""role_mainplot_role0.asl"": 34, ""role_mainplot_role1.asl"": 34}",1.9947089947089947,0.0070441469997604145,0.00012788999993063044,0.2657737731933594,True,3,0
interaction_dense_ai,32,Linux 7.2.3-arch1-2,x86_64,24,30.44,3.14.7,10,10,5,5,2,1,5,2,2,0,0,42,189,3674,8,377,"{""playbook_playbook0.asl"": 32, ""playbook_playbook1.asl"": 32, ""playbook_playbook2.asl"": 32, ""playbook_playbook3.asl"": 32, ""playbook_playbook4.asl"": 32, ""director_mainplot.asl"": 149, ""role_mainplot_role0.asl"": 34, ""role_mainplot_role1.asl"": 34}",1.9947089947089947,0.007020996999926865,0.00013192999904276803,0.2657737731933594,True,3,0
interaction_dense_ai,33,Linux 7.2.3-arch1-2,x86_64,24,30.44,3.14.7,10,10,5,5,2,1,5,2,2,0,0,42,189,3674,8,377,"{""playbook_playbook0.asl"": 32, ""playbook_playbook1.asl"": 32, ""playbook_playbook2.asl"": 32, ""playbook_playbook3.asl"": 32, ""playbook_playbook4.asl"": 32, ""director_mainplot.asl"": 149, ""role_mainplot_role0.asl"": 34, ""role_mainplot_role1.asl"": 34}",1.9947089947089947,0.00714225699994131,0.0001287200011574896,0.2657737731933594,True,3,0
interaction_dense_ai,34,Linux 7.2.3-arch1-2,x86_64,24,30.44,3.14.7,10,10,5,5,2,1,5,2,2,0,0,42,189,3674,8,377,"{""playbook_playbook0.asl"": 32, ""playbook_playbook1.asl"": 32, ""playbook_playbook2.asl"": 32, ""playbook_playbook3.asl"": 32, ""playbook_playbook4.asl"": 32, ""director_mainplot.asl"": 149, ""role_mainplot_role0.asl"": 34, ""role_mainplot_role1.asl"": 34}",1.9947089947089947,0.006998237000516383,0.00012666899965552147,0.2657737731933594,True,3,0
interaction_dense_ai,35,Linux 7.2.3-arch1-2,x86_64,24,30.44,3.14.7,10,10,5,5,2,1,10,2,2,0,0,42,239,4775,8,427,"{""playbook_playbook0.asl"": 42, ""playbook_playbook1.asl"": 42, ""playbook_playbook2.asl"": 42, ""playbook_playbook3.asl"": 42, ""playbook_playbook4.asl"": 42, ""director_mainplot.asl"": 149, ""role_mainplot_role0.asl"": 34, ""role_mainplot_role1.asl"": 34}",1.786610878661088,0.009452333000808721,0.00012875999891548418,0.3676881790161133,True,3,0
interaction_dense_ai,36,Linux 7.2.3-arch1-2,x86_64,24,30.44,3.14.7,10,10,5,5,2,1,10,2,2,0,0,42,239,4775,8,427,"{""playbook_playbook0.asl"": 42, ""playbook_playbook1.asl"": 42, ""playbook_playbook2.asl"": 42, ""playbook_playbook3.asl"": 42, ""playbook_playbook4.asl"": 42, ""director_mainplot.asl"": 149, ""role_mainplot_role0.asl"": 34, ""role_mainplot_role1.asl"": 34}",1.786610878661088,0.009393623000505613,0.00012821999916923232,0.3676881790161133,True,3,0
interaction_dense_ai,37,Linux 7.2.3-arch1-2,x86_64,24,30.44,3.14.7,10,10,5,5,2,1,10,2,2,0,0,42,239,4775,8,427,"{""playbook_playbook0.asl"": 42, ""playbook_playbook1.asl"": 42, ""playbook_playbook2.asl"": 42, ""playbook_playbook3.asl"": 42, ""playbook_playbook4.asl"": 42, ""director_mainplot.asl"": 149, ""role_mainplot_role0.asl"": 34, ""role_mainplot_role1.asl"": 34}",1.786610878661088,0.00939254299919412,0.0001372400001855567,0.3676881790161133,True,3,0
interaction_dense_ai,38,Linux 7.2.3-arch1-2,x86_64,24,30.44,3.14.7,10,10,5,5,2,1,10,2,2,0,0,42,239,4775,8,427,"{""playbook_playbook0.asl"": 42, ""playbook_playbook1.asl"": 42, ""playbook_playbook2.asl"": 42, ""playbook_playbook3.asl"": 42, ""playbook_playbook4.asl"": 42, ""director_mainplot.asl"": 149, ""role_mainplot_role0.asl"": 34, ""role_mainplot_role1.asl"": 34}",1.786610878661088,0.009387283000251045,0.00012803000026906375,0.3676881790161133,True,3,0
interaction_dense_ai,39,Linux 7.2.3-arch1-2,x86_64,24,30.44,3.14.7,10,10,5,5,2,1,10,2,2,0,0,42,239,4775,8,427,"{""playbook_playbook0.asl"": 42, ""playbook_playbook1.asl"": 42, ""playbook_playbook2.asl"": 42, ""playbook_playbook3.asl"": 42, ""playbook_playbook4.asl"": 42, ""director_mainplot.asl"": 149, ""role_mainplot_role0.asl"": 34, ""role_mainplot_role1.asl"": 34}",1.786610878661088,0.009368222999910358,0.00012753999908454716,0.3676881790161133,True,3,0
interaction_dense_ai,40,Linux 7.2.3-arch1-2,x86_64,24,30.44,3.14.7,10,10,5,5,2,1,25,2,2,0,0,42,389,8075,8,577,"{""playbook_playbook0.asl"": 72, ""playbook_playbook1.asl"": 72, ""playbook_playbook2.asl"": 72, ""playbook_playbook3.asl"": 72, ""playbook_playbook4.asl"": 72, ""director_mainplot.asl"": 149, ""role_mainplot_role0.asl"": 34, ""role_mainplot_role1.asl"": 34}",1.4832904884318765,0.01639150899973174,0.000128269999549957,0.6780366897583008,True,3,0
interaction_dense_ai,41,Linux 7.2.3-arch1-2,x86_64,24,30.44,3.14.7,10,10,5,5,2,1,25,2,2,0,0,42,389,8075,8,577,"{""playbook_playbook0.asl"": 72, ""playbook_playbook1.asl"": 72, ""playbook_playbook2.asl"": 72, ""playbook_playbook3.asl"": 72, ""playbook_playbook4.asl"": 72, ""director_mainplot.asl"": 149, ""role_mainplot_role0.asl"": 34, ""role_mainplot_role1.asl"": 34}",1.4832904884318765,0.016601088998868363,0.00015107899889699183,0.6780061721801758,True,3,0
interaction_dense_ai,42,Linux 7.2.3-arch1-2,x86_64,24,30.44,3.14.7,10,10,5,5,2,1,25,2,2,0,0,42,389,8075,8,577,"{""playbook_playbook0.asl"": 72, ""playbook_playbook1.asl"": 72, ""playbook_playbook2.asl"": 72, ""playbook_playbook3.asl"": 72, ""playbook_playbook4.asl"": 72, ""director_mainplot.asl"": 149, ""role_mainplot_role0.asl"": 34, ""role_mainplot_role1.asl"": 34}",1.4832904884318765,0.016516188999958104,0.0001414300004398683,0.6780061721801758,True,3,0
interaction_dense_ai,43,Linux 7.2.3-arch1-2,x86_64,24,30.44,3.14.7,10,10,5,5,2,1,25,2,2,0,0,42,389,8075,8,577,"{""playbook_playbook0.asl"": 72, ""playbook_playbook1.asl"": 72, ""playbook_playbook2.asl"": 72, ""playbook_playbook3.asl"": 72, ""playbook_playbook4.asl"": 72, ""director_mainplot.asl"": 149, ""role_mainplot_role0.asl"": 34, ""role_mainplot_role1.asl"": 34}",1.4832904884318765,0.016436898999018013,0.00013312000010046177,0.6780061721801758,True,3,0
interaction_dense_ai,44,Linux 7.2.3-arch1-2,x86_64,24,30.44,3.14.7,10,10,5,5,2,1,25,2,2,0,0,42,389,8075,8,577,"{""playbook_playbook0.asl"": 72, ""playbook_playbook1.asl"": 72, ""playbook_playbook2.asl"": 72, ""playbook_playbook3.asl"": 72, ""playbook_playbook4.asl"": 72, ""director_mainplot.asl"": 149, ""role_mainplot_role0.asl"": 34, ""role_mainplot_role1.asl"": 34}",1.4832904884318765,0.016535239999939222,0.00013063000005786307,0.6780061721801758,True,3,0
interaction_dense_ai,45,Linux 7.2.3-arch1-2,x86_64,24,30.44,3.14.7,10,10,5,5,2,1,50,2,2,0,0,42,639,13575,8,827,"{""playbook_playbook0.asl"": 122, ""playbook_playbook1.asl"": 122, ""playbook_playbook2.asl"": 122, ""playbook_playbook3.asl"": 122, ""playbook_playbook4.asl"": 122, ""director_mainplot.asl"": 149, ""role_mainplot_role0.asl"": 34, ""role_mainplot_role1.asl"": 34}",1.294209702660407,0.0292898649986455,0.00013739000132773072,1.1967592239379883,True,3,0
interaction_dense_ai,46,Linux 7.2.3-arch1-2,x86_64,24,30.44,3.14.7,10,10,5,5,2,1,50,2,2,0,0,42,639,13575,8,827,"{""playbook_playbook0.asl"": 122, ""playbook_playbook1.asl"": 122, ""playbook_playbook2.asl"": 122, ""playbook_playbook3.asl"": 122, ""playbook_playbook4.asl"": 122, ""director_mainplot.asl"": 149, ""role_mainplot_role0.asl"": 34, ""role_mainplot_role1.asl"": 34}",1.294209702660407,0.027939438001340022,0.00013394000052358024,1.1967592239379883,True,3,0
interaction_dense_ai,47,Linux 7.2.3-arch1-2,x86_64,24,30.44,3.14.7,10,10,5,5,2,1,50,2,2,0,0,42,639,13575,8,827,"{""playbook_playbook0.asl"": 122, ""playbook_playbook1.asl"": 122, ""playbook_playbook2.asl"": 122, ""playbook_playbook3.asl"": 122, ""playbook_playbook4.asl"": 122, ""director_mainplot.asl"": 149, ""role_mainplot_role0.asl"": 34, ""role_mainplot_role1.asl"": 34}",1.294209702660407,0.028086517999327043,0.00013501000103133265,1.1967592239379883,True,3,0
interaction_dense_ai,48,Linux 7.2.3-arch1-2,x86_64,24,30.44,3.14.7,10,10,5,5,2,1,50,2,2,0,0,42,639,13575,8,827,"{""playbook_playbook0.asl"": 122, ""playbook_playbook1.asl"": 122, ""playbook_playbook2.asl"": 122, ""playbook_playbook3.asl"": 122, ""playbook_playbook4.asl"": 122, ""director_mainplot.asl"": 149, ""role_mainplot_role0.asl"": 34, ""role_mainplot_role1.asl"": 34}",1.294209702660407,0.027903157999389805,0.00013079000018478837,1.1967592239379883,True,3,0
interaction_dense_ai,49,Linux 7.2.3-arch1-2,x86_64,24,30.44,3.14.7,10,10,5,5,2,1,50,2,2,0,0,42,639,13575,8,827,"{""playbook_playbook0.asl"": 122, ""playbook_playbook1.asl"": 122, ""playbook_playbook2.asl"": 122, ""playbook_playbook3.asl"": 122, ""playbook_playbook4.asl"": 122, ""director_mainplot.asl"": 149, ""role_mainplot_role0.asl"": 34, ""role_mainplot_role1.asl"": 34}",1.294209702660407,0.02774890900036553,0.00012882900045951828,1.1967592239379883,True,3,0
interaction_dense_ai,50,Linux 7.2.3-arch1-2,x86_64,24,30.44,3.14.7,10,10,5,10,2,1,2,2,2,0,0,42,229,4260,13,477,"{""playbook_playbook0.asl"": 26, ""playbook_playbook1.asl"": 26, ""playbook_playbook2.asl"": 26, ""playbook_playbook3.asl"": 26, ""playbook_playbook4.asl"": 26, ""playbook_playbook5.asl"": 26, ""playbook_playbook6.asl"": 26, ""playbook_playbook7.asl"": 26, ""playbook_playbook8.asl"": 26, ""playbook_playbook9.asl"": 26, ""director_mainplot.asl"": 149, ""role_mainplot_role0.asl"": 34, ""role_mainplot_role1.asl"": 34}",2.0829694323144103,0.008630903999801376,0.00018907899902842473,0.32684993743896484,True,8,0
interaction_dense_ai,51,Linux 7.2.3-arch1-2,x86_64,24,30.44,3.14.7,10,10,5,10,2,1,2,2,2,0,0,42,229,4260,13,477,"{""playbook_playbook0.asl"": 26, ""playbook_playbook1.asl"": 26, ""playbook_playbook2.asl"": 26, ""playbook_playbook3.asl"": 26, ""playbook_playbook4.asl"": 26, ""playbook_playbook5.asl"": 26, ""playbook_playbook6.asl"": 26, ""playbook_playbook7.asl"": 26, ""playbook_playbook8.asl"": 26, ""playbook_playbook9.asl"": 26, ""director_mainplot.asl"": 149, ""role_mainplot_role0.asl"": 34, ""role_mainplot_role1.asl"": 34}",2.0829694323144103,0.008664384000439895,0.00018511999951442704,0.32688045501708984,True,8,0
interaction_dense_ai,52,Linux 7.2.3-arch1-2,x86_64,24,30.44,3.14.7,10,10,5,10,2,1,2,2,2,0,0,42,229,4260,13,477,"{""playbook_playbook0.asl"": 26, ""playbook_playbook1.asl"": 26, ""playbook_playbook2.asl"": 26, ""playbook_playbook3.asl"": 26, ""playbook_playbook4.asl"": 26, ""playbook_playbook5.asl"": 26, ""playbook_playbook6.asl"": 26, ""playbook_playbook7.asl"": 26, ""playbook_playbook8.asl"": 26, ""playbook_playbook9.asl"": 26, ""director_mainplot.asl"": 149, ""role_mainplot_role0.asl"": 34, ""role_mainplot_role1.asl"": 34}",2.0829694323144103,0.008620263999546296,0.00018357999942963943,0.32688045501708984,True,8,0
interaction_dense_ai,53,Linux 7.2.3-arch1-2,x86_64,24,30.44,3.14.7,10,10,5,10,2,1,2,2,2,0,0,42,229,4260,13,477,"{""playbook_playbook0.asl"": 26, ""playbook_playbook1.asl"": 26, ""playbook_playbook2.asl"": 26, ""playbook_playbook3.asl"": 26, ""playbook_playbook4.asl"": 26, ""playbook_playbook5.asl"": 26, ""playbook_playbook6.asl"": 26, ""playbook_playbook7.asl"": 26, ""playbook_playbook8.asl"": 26, ""playbook_playbook9.asl"": 26, ""director_mainplot.asl"": 149, ""role_mainplot_role0.asl"": 34, ""role_mainplot_role1.asl"": 34}",2.0829694323144103,0.00865266300024814,0.00018289000036020298,0.32688045501708984,True,8,0
interaction_dense_ai,54,Linux 7.2.3-arch1-2,x86_64,24,30.44,3.14.7,10,10,5,10,2,1,2,2,2,0,0,42,229,4260,13,477,"{""playbook_playbook0.asl"": 26, ""playbook_playbook1.asl"": 26, ""playbook_playbook2.asl"": 26, ""playbook_playbook3.asl"": 26, ""playbook_playbook4.asl"": 26, ""playbook_playbook5.asl"": 26, ""playbook_playbook6.asl"": 26, ""playbook_playbook7.asl"": 26, ""playbook_playbook8.asl"": 26, ""playbook_playbook9.asl"": 26, ""director_mainplot.asl"": 149, ""role_mainplot_role0.asl"": 34, ""role_mainplot_role1.asl"": 34}",2.0829694323144103,0.008594584000093164,0.0001869589996204013,0.32688045501708984,True,8,0
interaction_dense_ai,55,Linux 7.2.3-arch1-2,x86_64,24,30.44,3.14.7,10,10,5,10,2,1,5,2,2,0,0,42,289,5580,13,537,"{""playbook_playbook0.asl"": 32, ""playbook_playbook1.asl"": 32, ""playbook_playbook2.asl"": 32, ""playbook_playbook3.asl"": 32, ""playbook_playbook4.asl"": 32, ""playbook_playbook5.asl"": 32, ""playbook_playbook6.asl"": 32, ""playbook_playbook7.asl"": 32, ""playbook_playbook8.asl"": 32, ""playbook_playbook9.asl"": 32, ""director_mainplot.asl"": 149, ""role_mainplot_role0.asl"": 34, ""role_mainplot_role1.asl"": 34}",1.8581314878892734,0.011540268000317155,0.00019088999943051022,0.45142269134521484,True,8,0
interaction_dense_ai,56,Linux 7.2.3-arch1-2,x86_64,24,30.44,3.14.7,10,10,5,10,2,1,5,2,2,0,0,42,289,5580,13,537,"{""playbook_playbook0.asl"": 32, ""playbook_playbook1.asl"": 32, ""playbook_playbook2.asl"": 32, ""playbook_playbook3.asl"": 32, ""playbook_playbook4.asl"": 32, ""playbook_playbook5.asl"": 32, ""playbook_playbook6.asl"": 32, ""playbook_playbook7.asl"": 32, ""playbook_playbook8.asl"": 32, ""playbook_playbook9.asl"": 32, ""director_mainplot.asl"": 149, ""role_mainplot_role0.asl"": 34, ""role_mainplot_role1.asl"": 34}",1.8581314878892734,0.01151214799938316,0.00018846999955712818,0.45139217376708984,True,8,0
interaction_dense_ai,57,Linux 7.2.3-arch1-2,x86_64,24,30.44,3.14.7,10,10,5,10,2,1,5,2,2,0,0,42,289,5580,13,537,"{""playbook_playbook0.asl"": 32, ""playbook_playbook1.asl"": 32, ""playbook_playbook2.asl"": 32, ""playbook_playbook3.asl"": 32, ""playbook_playbook4.asl"": 32, ""playbook_playbook5.asl"": 32, ""playbook_playbook6.asl"": 32, ""playbook_playbook7.asl"": 32, ""playbook_playbook8.asl"": 32, ""playbook_playbook9.asl"": 32, ""director_mainplot.asl"": 149, ""role_mainplot_role0.asl"": 34, ""role_mainplot_role1.asl"": 34}",1.8581314878892734,0.01150401799895917,0.0001854700003605103,0.45139217376708984,True,8,0
interaction_dense_ai,58,Linux 7.2.3-arch1-2,x86_64,24,30.44,3.14.7,10,10,5,10,2,1,5,2,2,0,0,42,289,5580,13,537,"{""playbook_playbook0.asl"": 32, ""playbook_playbook1.asl"": 32, ""playbook_playbook2.asl"": 32, ""playbook_playbook3.asl"": 32, ""playbook_playbook4.asl"": 32, ""playbook_playbook5.asl"": 32, ""playbook_playbook6.asl"": 32, ""playbook_playbook7.asl"": 32, ""playbook_playbook8.asl"": 32, ""playbook_playbook9.asl"": 32, ""director_mainplot.asl"": 149, ""role_mainplot_role0.asl"": 34, ""role_mainplot_role1.asl"": 34}",1.8581314878892734,0.011677528998916387,0.0002005400001507951,0.45139217376708984,True,8,0
interaction_dense_ai,59,Linux 7.2.3-arch1-2,x86_64,24,30.44,3.14.7,10,10,5,10,2,1,5,2,2,0,0,42,289,5580,13,537,"{""playbook_playbook0.asl"": 32, ""playbook_playbook1.asl"": 32, ""playbook_playbook2.asl"": 32, ""playbook_playbook3.asl"": 32, ""playbook_playbook4.asl"": 32, ""playbook_playbook5.asl"": 32, ""playbook_playbook6.asl"": 32, ""playbook_playbook7.asl"": 32, ""playbook_playbook8.asl"": 32, ""playbook_playbook9.asl"": 32, ""director_mainplot.asl"": 149, ""role_mainplot_role0.asl"": 34, ""role_mainplot_role1.asl"": 34}",1.8581314878892734,0.011609297998802504,0.00020048999977007043,0.45139217376708984,True,8,0
interaction_dense_ai,60,Linux 7.2.3-arch1-2,x86_64,24,30.44,3.14.7,10,10,5,10,2,1,10,2,2,0,0,42,389,7781,13,637,"{""playbook_playbook0.asl"": 42, ""playbook_playbook1.asl"": 42, ""playbook_playbook2.asl"": 42, ""playbook_playbook3.asl"": 42, ""playbook_playbook4.asl"": 42, ""playbook_playbook5.asl"": 42, ""playbook_playbook6.asl"": 42, ""playbook_playbook7.asl"": 42, ""playbook_playbook8.asl"": 42, ""playbook_playbook9.asl"": 42, ""director_mainplot.asl"": 149, ""role_mainplot_role0.asl"": 34, ""role_mainplot_role1.asl"": 34}",1.6375321336760926,0.016665379000187386,0.000229749000936863,0.6576614379882812,True,8,0
interaction_dense_ai,61,Linux 7.2.3-arch1-2,x86_64,24,30.44,3.14.7,10,10,5,10,2,1,10,2,2,0,0,42,389,7781,13,637,"{""playbook_playbook0.asl"": 42, ""playbook_playbook1.asl"": 42, ""playbook_playbook2.asl"": 42, ""playbook_playbook3.asl"": 42, ""playbook_playbook4.asl"": 42, ""playbook_playbook5.asl"": 42, ""playbook_playbook6.asl"": 42, ""playbook_playbook7.asl"": 42, ""playbook_playbook8.asl"": 42, ""playbook_playbook9.asl"": 42, ""director_mainplot.asl"": 149, ""role_mainplot_role0.asl"": 34, ""role_mainplot_role1.asl"": 34}",1.6375321336760926,0.01666407899938349,0.00022405900017474778,0.6576614379882812,True,8,0
interaction_dense_ai,62,Linux 7.2.3-arch1-2,x86_64,24,30.44,3.14.7,10,10,5,10,2,1,10,2,2,0,0,42,389,7781,13,637,"{""playbook_playbook0.asl"": 42, ""playbook_playbook1.asl"": 42, ""playbook_playbook2.asl"": 42, ""playbook_playbook3.asl"": 42, ""playbook_playbook4.asl"": 42, ""playbook_playbook5.asl"": 42, ""playbook_playbook6.asl"": 42, ""playbook_playbook7.asl"": 42, ""playbook_playbook8.asl"": 42, ""playbook_playbook9.asl"": 42, ""director_mainplot.asl"": 149, ""role_mainplot_role0.asl"": 34, ""role_mainplot_role1.asl"": 34}",1.6375321336760926,0.016333839999788324,0.0002077389999612933,0.6576614379882812,True,8,0
interaction_dense_ai,63,Linux 7.2.3-arch1-2,x86_64,24,30.44,3.14.7,10,10,5,10,2,1,10,2,2,0,0,42,389,7781,13,637,"{""playbook_playbook0.asl"": 42, ""playbook_playbook1.asl"": 42, ""playbook_playbook2.asl"": 42, ""playbook_playbook3.asl"": 42, ""playbook_playbook4.asl"": 42, ""playbook_playbook5.asl"": 42, ""playbook_playbook6.asl"": 42, ""playbook_playbook7.asl"": 42, ""playbook_playbook8.asl"": 42, ""playbook_playbook9.asl"": 42, ""director_mainplot.asl"": 149, ""role_mainplot_role0.asl"": 34, ""role_mainplot_role1.asl"": 34}",1.6375321336760926,0.016161909999937052,0.00019882900051015895,0.6576614379882812,True,8,0
interaction_dense_ai,64,Linux 7.2.3-arch1-2,x86_64,24,30.44,3.14.7,10,10,5,10,2,1,10,2,2,0,0,42,389,7781,13,637,"{""playbook_playbook0.asl"": 42, ""playbook_playbook1.asl"": 42, ""playbook_playbook2.asl"": 42, ""playbook_playbook3.asl"": 42, ""playbook_playbook4.asl"": 42, ""playbook_playbook5.asl"": 42, ""playbook_playbook6.asl"": 42, ""playbook_playbook7.asl"": 42, ""playbook_playbook8.asl"": 42, ""playbook_playbook9.asl"": 42, ""director_mainplot.asl"": 149, ""role_mainplot_role0.asl"": 34, ""role_mainplot_role1.asl"": 34}",1.6375321336760926,0.01647610899999563,0.00018921999981103,0.6576614379882812,True,8,0
interaction_dense_ai,65,Linux 7.2.3-arch1-2,x86_64,24,30.44,3.14.7,10,10,5,10,2,1,25,2,2,0,0,42,689,14381,13,937,"{""playbook_playbook0.asl"": 72, ""playbook_playbook1.asl"": 72, ""playbook_playbook2.asl"": 72, ""playbook_playbook3.asl"": 72, ""playbook_playbook4.asl"": 72, ""playbook_playbook5.asl"": 72, ""playbook_playbook6.asl"": 72, ""playbook_playbook7.asl"": 72, ""playbook_playbook8.asl"": 72, ""playbook_playbook9.asl"": 72, ""director_mainplot.asl"": 149, ""role_mainplot_role0.asl"": 34, ""role_mainplot_role1.asl"": 34}",1.3599419448476053,0.030258264001531643,0.00019092900038231164,1.2808609008789062,True,8,0
interaction_dense_ai,66,Linux 7.2.3-arch1-2,x86_64,24,30.44,3.14.7,10,10,5,10,2,1,25,2,2,0,0,42,689,14381,13,937,"{""playbook_playbook0.asl"": 72, ""playbook_playbook1.asl"": 72, ""playbook_playbook2.asl"": 72, ""playbook_playbook3.asl"": 72, ""playbook_playbook4.asl"": 72, ""playbook_playbook5.asl"": 72, ""playbook_playbook6.asl"": 72, ""playbook_playbook7.asl"": 72, ""playbook_playbook8.asl"": 72, ""playbook_playbook9.asl"": 72, ""director_mainplot.asl"": 149, ""role_mainplot_role0.asl"": 34, ""role_mainplot_role1.asl"": 34}",1.3599419448476053,0.02989450399945781,0.00019222000082663726,1.2808609008789062,True,8,0
interaction_dense_ai,67,Linux 7.2.3-arch1-2,x86_64,24,30.44,3.14.7,10,10,5,10,2,1,25,2,2,0,0,42,689,14381,13,937,"{""playbook_playbook0.asl"": 72, ""playbook_playbook1.asl"": 72, ""playbook_playbook2.asl"": 72, ""playbook_playbook3.asl"": 72, ""playbook_playbook4.asl"": 72, ""playbook_playbook5.asl"": 72, ""playbook_playbook6.asl"": 72, ""playbook_playbook7.asl"": 72, ""playbook_playbook8.asl"": 72, ""playbook_playbook9.asl"": 72, ""director_mainplot.asl"": 149, ""role_mainplot_role0.asl"": 34, ""role_mainplot_role1.asl"": 34}",1.3599419448476053,0.030252004000431043,0.00019918900034099352,1.2808609008789062,True,8,0
interaction_dense_ai,68,Linux 7.2.3-arch1-2,x86_64,24,30.44,3.14.7,10,10,5,10,2,1,25,2,2,0,0,42,689,14381,13,937,"{""playbook_playbook0.asl"": 72, ""playbook_playbook1.asl"": 72, ""playbook_playbook2.asl"": 72, ""playbook_playbook3.asl"": 72, ""playbook_playbook4.asl"": 72, ""playbook_playbook5.asl"": 72, ""playbook_playbook6.asl"": 72, ""playbook_playbook7.asl"": 72, ""playbook_playbook8.asl"": 72, ""playbook_playbook9.asl"": 72, ""director_mainplot.asl"": 149, ""role_mainplot_role0.asl"": 34, ""role_mainplot_role1.asl"": 34}",1.3599419448476053,0.029939374999230495,0.00020304000099713448,1.2808609008789062,True,8,0
interaction_dense_ai,69,Linux 7.2.3-arch1-2,x86_64,24,30.44,3.14.7,10,10,5,10,2,1,25,2,2,0,0,42,689,14381,13,937,"{""playbook_playbook0.asl"": 72, ""playbook_playbook1.asl"": 72, ""playbook_playbook2.asl"": 72, ""playbook_playbook3.asl"": 72, ""playbook_playbook4.asl"": 72, ""playbook_playbook5.asl"": 72, ""playbook_playbook6.asl"": 72, ""playbook_playbook7.asl"": 72, ""playbook_playbook8.asl"": 72, ""playbook_playbook9.asl"": 72, ""director_mainplot.asl"": 149, ""role_mainplot_role0.asl"": 34, ""role_mainplot_role1.asl"": 34}",1.3599419448476053,0.02989835399966978,0.00018982899928232655,1.2808609008789062,True,8,0
interaction_dense_ai,70,Linux 7.2.3-arch1-2,x86_64,24,30.44,3.14.7,10,10,5,10,2,1,50,2,2,0,0,42,1189,25381,13,1437,"{""playbook_playbook0.asl"": 122, ""playbook_playbook1.asl"": 122, ""playbook_playbook2.asl"": 122, ""playbook_playbook3.asl"": 122, ""playbook_playbook4.asl"": 122, ""playbook_playbook5.asl"": 122, ""playbook_playbook6.asl"": 122, ""playbook_playbook7.asl"": 122, ""playbook_playbook8.asl"": 122, ""playbook_playbook9.asl"": 122, ""director_mainplot.asl"": 149, ""role_mainplot_role0.asl"": 34, ""role_mainplot_role1.asl"": 34}",1.208578637510513,0.05436701800135779,0.0001924799998960225,2.3179702758789062,True,8,0
interaction_dense_ai,71,Linux 7.2.3-arch1-2,x86_64,24,30.44,3.14.7,10,10,5,10,2,1,50,2,2,0,0,42,1189,25381,13,1437,"{""playbook_playbook0.asl"": 122, ""playbook_playbook1.asl"": 122, ""playbook_playbook2.asl"": 122, ""playbook_playbook3.asl"": 122, ""playbook_playbook4.asl"": 122, ""playbook_playbook5.asl"": 122, ""playbook_playbook6.asl"": 122, ""playbook_playbook7.asl"": 122, ""playbook_playbook8.asl"": 122, ""playbook_playbook9.asl"": 122, ""director_mainplot.asl"": 149, ""role_mainplot_role0.asl"": 34, ""role_mainplot_role1.asl"": 34}",1.208578637510513,0.05290888200033805,0.00021413899958133698,2.3179702758789062,True,8,0
interaction_dense_ai,72,Linux 7.2.3-arch1-2,x86_64,24,30.44,3.14.7,10,10,5,10,2,1,50,2,2,0,0,42,1189,25381,13,1437,"{""playbook_playbook0.asl"": 122, ""playbook_playbook1.asl"": 122, ""playbook_playbook2.asl"": 122, ""playbook_playbook3.asl"": 122, ""playbook_playbook4.asl"": 122, ""playbook_playbook5.asl"": 122, ""playbook_playbook6.asl"": 122, ""playbook_playbook7.asl"": 122, ""playbook_playbook8.asl"": 122, ""playbook_playbook9.asl"": 122, ""director_mainplot.asl"": 149, ""role_mainplot_role0.asl"": 34, ""role_mainplot_role1.asl"": 34}",1.208578637510513,0.05315168100059964,0.00019516000065777916,2.3179702758789062,True,8,0
interaction_dense_ai,73,Linux 7.2.3-arch1-2,x86_64,24,30.44,3.14.7,10,10,5,10,2,1,50,2,2,0,0,42,1189,25381,13,1437,"{""playbook_playbook0.asl"": 122, ""playbook_playbook1.asl"": 122, ""playbook_playbook2.asl"": 122, ""playbook_playbook3.asl"": 122, ""playbook_playbook4.asl"": 122, ""playbook_playbook5.asl"": 122, ""playbook_playbook6.asl"": 122, ""playbook_playbook7.asl"": 122, ""playbook_playbook8.asl"": 122, ""playbook_playbook9.asl"": 122, ""director_mainplot.asl"": 149, ""role_mainplot_role0.asl"": 34, ""role_mainplot_role1.asl"": 34}",1.208578637510513,0.05281634200036933,0.00019627999972726684,2.3179702758789062,True,8,0
interaction_dense_ai,74,Linux 7.2.3-arch1-2,x86_64,24,30.44,3.14.7,10,10,5,10,2,1,50,2,2,0,0,42,1189,25381,13,1437,"{""playbook_playbook0.asl"": 122, ""playbook_playbook1.asl"": 122, ""playbook_playbook2.asl"": 122, ""playbook_playbook3.asl"": 122, ""playbook_playbook4.asl"": 122, ""playbook_playbook5.asl"": 122, ""playbook_playbook6.asl"": 122, ""playbook_playbook7.asl"": 122, ""playbook_playbook8.asl"": 122, ""playbook_playbook9.asl"": 122, ""director_mainplot.asl"": 149, ""role_mainplot_role0.asl"": 34, ""role_mainplot_role1.asl"": 34}",1.208578637510513,0.05294892199890455,0.00019429900021350477,2.3179702758789062,True,8,0
interaction_dense_ai,75,Linux 7.2.3-arch1-2,x86_64,24,30.44,3.14.7,10,10,5,25,2,1,2,2,2,0,0,42,439,8010,28,867,"{""playbook_playbook0.asl"": 26, ""playbook_playbook1.asl"": 26, ""playbook_playbook10.asl"": 26, ""playbook_playbook11.asl"": 26, ""playbook_playbook12.asl"": 26, ""playbook_playbook13.asl"": 26, ""playbook_playbook14.asl"": 26, ""playbook_playbook15.asl"": 26, ""playbook_playbook16.asl"": 26, ""playbook_playbook17.asl"": 26, ""playbook_playbook18.asl"": 26, ""playbook_playbook19.asl"": 26, ""playbook_playbook2.asl"": 26, ""playbook_playbook20.asl"": 26, ""playbook_playbook21.asl"": 26, ""playbook_playbook22.asl"": 26, ""playbook_playbook23.asl"": 26, ""playbook_playbook24.asl"": 26, ""playbook_playbook3.asl"": 26, ""playbook_playbook4.asl"": 26, ""playbook_playbook5.asl"": 26, ""playbook_playbook6.asl"": 26, ""playbook_playbook7.asl"": 26, ""playbook_playbook8.asl"": 26, ""playbook_playbook9.asl"": 26, ""director_mainplot.asl"": 149, ""role_mainplot_role0.asl"": 34, ""role_mainplot_role1.asl"": 34}",1.9749430523917995,0.017970566001167754,0.0003893490011250833,0.7006387710571289,True,23,0
interaction_dense_ai,76,Linux 7.2.3-arch1-2,x86_64,24,30.44,3.14.7,10,10,5,25,2,1,2,2,2,0,0,42,439,8010,28,867,"{""playbook_playbook0.asl"": 26, ""playbook_playbook1.asl"": 26, ""playbook_playbook10.asl"": 26, ""playbook_playbook11.asl"": 26, ""playbook_playbook12.asl"": 26, ""playbook_playbook13.asl"": 26, ""playbook_playbook14.asl"": 26, ""playbook_playbook15.asl"": 26, ""playbook_playbook16.asl"": 26, ""playbook_playbook17.asl"": 26, ""playbook_playbook18.asl"": 26, ""playbook_playbook19.asl"": 26, ""playbook_playbook2.asl"": 26, ""playbook_playbook20.asl"": 26, ""playbook_playbook21.asl"": 26, ""playbook_playbook22.asl"": 26, ""playbook_playbook23.asl"": 26, ""playbook_playbook24.asl"": 26, ""playbook_playbook3.asl"": 26, ""playbook_playbook4.asl"": 26, ""playbook_playbook5.asl"": 26, ""playbook_playbook6.asl"": 26, ""playbook_playbook7.asl"": 26, ""playbook_playbook8.asl"": 26, ""playbook_playbook9.asl"": 26, ""director_mainplot.asl"": 149, ""role_mainplot_role0.asl"": 34, ""role_mainplot_role1.asl"": 34}",1.9749430523917995,0.017963146001420682,0.00038486000084958505,0.7006387710571289,True,23,0
interaction_dense_ai,77,Linux 7.2.3-arch1-2,x86_64,24,30.44,3.14.7,10,10,5,25,2,1,2,2,2,0,0,42,439,8010,28,867,"{""playbook_playbook0.asl"": 26, ""playbook_playbook1.asl"": 26, ""playbook_playbook10.asl"": 26, ""playbook_playbook11.asl"": 26, ""playbook_playbook12.asl"": 26, ""playbook_playbook13.asl"": 26, ""playbook_playbook14.asl"": 26, ""playbook_playbook15.asl"": 26, ""playbook_playbook16.asl"": 26, ""playbook_playbook17.asl"": 26, ""playbook_playbook18.asl"": 26, ""playbook_playbook19.asl"": 26, ""playbook_playbook2.asl"": 26, ""playbook_playbook20.asl"": 26, ""playbook_playbook21.asl"": 26, ""playbook_playbook22.asl"": 26, ""playbook_playbook23.asl"": 26, ""playbook_playbook24.asl"": 26, ""playbook_playbook3.asl"": 26, ""playbook_playbook4.asl"": 26, ""playbook_playbook5.asl"": 26, ""playbook_playbook6.asl"": 26, ""playbook_playbook7.asl"": 26, ""playbook_playbook8.asl"": 26, ""playbook_playbook9.asl"": 26, ""director_mainplot.asl"": 149, ""role_mainplot_role0.asl"": 34, ""role_mainplot_role1.asl"": 34}",1.9749430523917995,0.017959737000637688,0.0003761990010389127,0.7006387710571289,True,23,0
interaction_dense_ai,78,Linux 7.2.3-arch1-2,x86_64,24,30.44,3.14.7,10,10,5,25,2,1,2,2,2,0,0,42,439,8010,28,867,"{""playbook_playbook0.asl"": 26, ""playbook_playbook1.asl"": 26, ""playbook_playbook10.asl"": 26, ""playbook_playbook11.asl"": 26, ""playbook_playbook12.asl"": 26, ""playbook_playbook13.asl"": 26, ""playbook_playbook14.asl"": 26, ""playbook_playbook15.asl"": 26, ""playbook_playbook16.asl"": 26, ""playbook_playbook17.asl"": 26, ""playbook_playbook18.asl"": 26, ""playbook_playbook19.asl"": 26, ""playbook_playbook2.asl"": 26, ""playbook_playbook20.asl"": 26, ""playbook_playbook21.asl"": 26, ""playbook_playbook22.asl"": 26, ""playbook_playbook23.asl"": 26, ""playbook_playbook24.asl"": 26, ""playbook_playbook3.asl"": 26, ""playbook_playbook4.asl"": 26, ""playbook_playbook5.asl"": 26, ""playbook_playbook6.asl"": 26, ""playbook_playbook7.asl"": 26, ""playbook_playbook8.asl"": 26, ""playbook_playbook9.asl"": 26, ""director_mainplot.asl"": 149, ""role_mainplot_role0.asl"": 34, ""role_mainplot_role1.asl"": 34}",1.9749430523917995,0.017942296999535756,0.00037113899998075794,0.7006387710571289,True,23,0
interaction_dense_ai,79,Linux 7.2.3-arch1-2,x86_64,24,30.44,3.14.7,10,10,5,25,2,1,2,2,2,0,0,42,439,8010,28,867,"{""playbook_playbook0.asl"": 26, ""playbook_playbook1.asl"": 26, ""playbook_playbook10.asl"": 26, ""playbook_playbook11.asl"": 26, ""playbook_playbook12.asl"": 26, ""playbook_playbook13.asl"": 26, ""playbook_playbook14.asl"": 26, ""playbook_playbook15.asl"": 26, ""playbook_playbook16.asl"": 26, ""playbook_playbook17.asl"": 26, ""playbook_playbook18.asl"": 26, ""playbook_playbook19.asl"": 26, ""playbook_playbook2.asl"": 26, ""playbook_playbook20.asl"": 26, ""playbook_playbook21.asl"": 26, ""playbook_playbook22.asl"": 26, ""playbook_playbook23.asl"": 26, ""playbook_playbook24.asl"": 26, ""playbook_playbook3.asl"": 26, ""playbook_playbook4.asl"": 26, ""playbook_playbook5.asl"": 26, ""playbook_playbook6.asl"": 26, ""playbook_playbook7.asl"": 26, ""playbook_playbook8.asl"": 26, ""playbook_playbook9.asl"": 26, ""director_mainplot.asl"": 149, ""role_mainplot_role0.asl"": 34, ""role_mainplot_role1.asl"": 34}",1.9749430523917995,0.018178465999881155,0.0003713789992616512,0.7006387710571289,True,23,0
interaction_dense_ai,80,Linux 7.2.3-arch1-2,x86_64,24,30.44,3.14.7,10,10,5,25,2,1,5,2,2,0,0,42,589,11310,28,1017,"{""playbook_playbook0.asl"": 32, ""playbook_playbook1.asl"": 32, ""playbook_playbook10.asl"": 32, ""playbook_playbook11.asl"": 32, ""playbook_playbook12.asl"": 32, ""playbook_playbook13.asl"": 32, ""playbook_playbook14.asl"": 32, ""playbook_playbook15.asl"": 32, ""playbook_playbook16.asl"": 32, ""playbook_playbook17.asl"": 32, ""playbook_playbook18.asl"": 32, ""playbook_playbook19.asl"": 32, ""playbook_playbook2.asl"": 32, ""playbook_playbook20.asl"": 32, ""playbook_playbook21.asl"": 32, ""playbook_playbook22.asl"": 32, ""playbook_playbook23.asl"": 32, ""playbook_playbook24.asl"": 32, ""playbook_playbook3.asl"": 32, ""playbook_playbook4.asl"": 32, ""playbook_playbook5.asl"": 32, ""playbook_playbook6.asl"": 32, ""playbook_playbook7.asl"": 32, ""playbook_playbook8.asl"": 32, ""playbook_playbook9.asl"": 32, ""director_mainplot.asl"": 149, ""role_mainplot_role0.asl"": 34, ""role_mainplot_role1.asl"": 34}",1.7266553480475382,0.025081193998630624,0.00038034000135667156,1.0139474868774414,True,23,0
interaction_dense_ai,81,Linux 7.2.3-arch1-2,x86_64,24,30.44,3.14.7,10,10,5,25,2,1,5,2,2,0,0,42,589,11310,28,1017,"{""playbook_playbook0.asl"": 32, ""playbook_playbook1.asl"": 32, ""playbook_playbook10.asl"": 32, ""playbook_playbook11.asl"": 32, ""playbook_playbook12.asl"": 32, ""playbook_playbook13.asl"": 32, ""playbook_playbook14.asl"": 32, ""playbook_playbook15.asl"": 32, ""playbook_playbook16.asl"": 32, ""playbook_playbook17.asl"": 32, ""playbook_playbook18.asl"": 32, ""playbook_playbook19.asl"": 32, ""playbook_playbook2.asl"": 32, ""playbook_playbook20.asl"": 32, ""playbook_playbook21.asl"": 32, ""playbook_playbook22.asl"": 32, ""playbook_playbook23.asl"": 32, ""playbook_playbook24.asl"": 32, ""playbook_playbook3.asl"": 32, ""playbook_playbook4.asl"": 32, ""playbook_playbook5.asl"": 32, ""playbook_playbook6.asl"": 32, ""playbook_playbook7.asl"": 32, ""playbook_playbook8.asl"": 32, ""playbook_playbook9.asl"": 32, ""director_mainplot.asl"": 149, ""role_mainplot_role0.asl"": 34, ""role_mainplot_role1.asl"": 34}",1.7266553480475382,0.024766463999185362,0.00037577900002361275,1.0139474868774414,True,23,0
interaction_dense_ai,82,Linux 7.2.3-arch1-2,x86_64,24,30.44,3.14.7,10,10,5,25,2,1,5,2,2,0,0,42,589,11310,28,1017,"{""playbook_playbook0.asl"": 32, ""playbook_playbook1.asl"": 32, ""playbook_playbook10.asl"": 32, ""playbook_playbook11.asl"": 32, ""playbook_playbook12.asl"": 32, ""playbook_playbook13.asl"": 32, ""playbook_playbook14.asl"": 32, ""playbook_playbook15.asl"": 32, ""playbook_playbook16.asl"": 32, ""playbook_playbook17.asl"": 32, ""playbook_playbook18.asl"": 32, ""playbook_playbook19.asl"": 32, ""playbook_playbook2.asl"": 32, ""playbook_playbook20.asl"": 32, ""playbook_playbook21.asl"": 32, ""playbook_playbook22.asl"": 32, ""playbook_playbook23.asl"": 32, ""playbook_playbook24.asl"": 32, ""playbook_playbook3.asl"": 32, ""playbook_playbook4.asl"": 32, ""playbook_playbook5.asl"": 32, ""playbook_playbook6.asl"": 32, ""playbook_playbook7.asl"": 32, ""playbook_playbook8.asl"": 32, ""playbook_playbook9.asl"": 32, ""director_mainplot.asl"": 149, ""role_mainplot_role0.asl"": 34, ""role_mainplot_role1.asl"": 34}",1.7266553480475382,0.024868814000001294,0.00037325000084820203,1.0139474868774414,True,23,0
interaction_dense_ai,83,Linux 7.2.3-arch1-2,x86_64,24,30.44,3.14.7,10,10,5,25,2,1,5,2,2,0,0,42,589,11310,28,1017,"{""playbook_playbook0.asl"": 32, ""playbook_playbook1.asl"": 32, ""playbook_playbook10.asl"": 32, ""playbook_playbook11.asl"": 32, ""playbook_playbook12.asl"": 32, ""playbook_playbook13.asl"": 32, ""playbook_playbook14.asl"": 32, ""playbook_playbook15.asl"": 32, ""playbook_playbook16.asl"": 32, ""playbook_playbook17.asl"": 32, ""playbook_playbook18.asl"": 32, ""playbook_playbook19.asl"": 32, ""playbook_playbook2.asl"": 32, ""playbook_playbook20.asl"": 32, ""playbook_playbook21.asl"": 32, ""playbook_playbook22.asl"": 32, ""playbook_playbook23.asl"": 32, ""playbook_playbook24.asl"": 32, ""playbook_playbook3.asl"": 32, ""playbook_playbook4.asl"": 32, ""playbook_playbook5.asl"": 32, ""playbook_playbook6.asl"": 32, ""playbook_playbook7.asl"": 32, ""playbook_playbook8.asl"": 32, ""playbook_playbook9.asl"": 32, ""director_mainplot.asl"": 149, ""role_mainplot_role0.asl"": 34, ""role_mainplot_role1.asl"": 34}",1.7266553480475382,0.024908063998736907,0.000378688999262522,1.0139474868774414,True,23,0
interaction_dense_ai,84,Linux 7.2.3-arch1-2,x86_64,24,30.44,3.14.7,10,10,5,25,2,1,5,2,2,0,0,42,589,11310,28,1017,"{""playbook_playbook0.asl"": 32, ""playbook_playbook1.asl"": 32, ""playbook_playbook10.asl"": 32, ""playbook_playbook11.asl"": 32, ""playbook_playbook12.asl"": 32, ""playbook_playbook13.asl"": 32, ""playbook_playbook14.asl"": 32, ""playbook_playbook15.asl"": 32, ""playbook_playbook16.asl"": 32, ""playbook_playbook17.asl"": 32, ""playbook_playbook18.asl"": 32, ""playbook_playbook19.asl"": 32, ""playbook_playbook2.asl"": 32, ""playbook_playbook20.asl"": 32, ""playbook_playbook21.asl"": 32, ""playbook_playbook22.asl"": 32, ""playbook_playbook23.asl"": 32, ""playbook_playbook24.asl"": 32, ""playbook_playbook3.asl"": 32, ""playbook_playbook4.asl"": 32, ""playbook_playbook5.asl"": 32, ""playbook_playbook6.asl"": 32, ""playbook_playbook7.asl"": 32, ""playbook_playbook8.asl"": 32, ""playbook_playbook9.asl"": 32, ""director_mainplot.asl"": 149, ""role_mainplot_role0.asl"": 34, ""role_mainplot_role1.asl"": 34}",1.7266553480475382,0.025324873000499792,0.00038617899917881005,1.0139474868774414,True,23,0
interaction_dense_ai,85,Linux 7.2.3-arch1-2,x86_64,24,30.44,3.14.7,10,10,5,25,2,1,10,2,2,0,0,42,839,16811,28,1267,"{""playbook_playbook0.asl"": 42, ""playbook_playbook1.asl"": 42, ""playbook_playbook10.asl"": 42, ""playbook_playbook11.asl"": 42, ""playbook_playbook12.asl"": 42, ""playbook_playbook13.asl"": 42, ""playbook_playbook14.asl"": 42, ""playbook_playbook15.asl"": 42, ""playbook_playbook16.asl"": 42, ""playbook_playbook17.asl"": 42, ""playbook_playbook18.asl"": 42, ""playbook_playbook19.asl"": 42, ""playbook_playbook2.asl"": 42, ""playbook_playbook20.asl"": 42, ""playbook_playbook21.asl"": 42, ""playbook_playbook22.asl"": 42, ""playbook_playbook23.asl"": 42, ""playbook_playbook24.asl"": 42, ""playbook_playbook3.asl"": 42, ""playbook_playbook4.asl"": 42, ""playbook_playbook5.asl"": 42, ""playbook_playbook6.asl"": 42, ""playbook_playbook7.asl"": 42, ""playbook_playbook8.asl"": 42, ""playbook_playbook9.asl"": 42, ""director_mainplot.asl"": 149, ""role_mainplot_role0.asl"": 34, ""role_mainplot_role1.asl"": 34}",1.5101311084624554,0.03651778199855471,0.00037015000089013483,1.5305042266845703,True,23,0
interaction_dense_ai,86,Linux 7.2.3-arch1-2,x86_64,24,30.44,3.14.7,10,10,5,25,2,1,10,2,2,0,0,42,839,16811,28,1267,"{""playbook_playbook0.asl"": 42, ""playbook_playbook1.asl"": 42, ""playbook_playbook10.asl"": 42, ""playbook_playbook11.asl"": 42, ""playbook_playbook12.asl"": 42, ""playbook_playbook13.asl"": 42, ""playbook_playbook14.asl"": 42, ""playbook_playbook15.asl"": 42, ""playbook_playbook16.asl"": 42, ""playbook_playbook17.asl"": 42, ""playbook_playbook18.asl"": 42, ""playbook_playbook19.asl"": 42, ""playbook_playbook2.asl"": 42, ""playbook_playbook20.asl"": 42, ""playbook_playbook21.asl"": 42, ""playbook_playbook22.asl"": 42, ""playbook_playbook23.asl"": 42, ""playbook_playbook24.asl"": 42, ""playbook_playbook3.asl"": 42, ""playbook_playbook4.asl"": 42, ""playbook_playbook5.asl"": 42, ""playbook_playbook6.asl"": 42, ""playbook_playbook7.asl"": 42, ""playbook_playbook8.asl"": 42, ""playbook_playbook9.asl"": 42, ""director_mainplot.asl"": 149, ""role_mainplot_role0.asl"": 34, ""role_mainplot_role1.asl"": 34}",1.5101311084624554,0.0364306729989039,0.00036971899862692226,1.5305042266845703,True,23,0
interaction_dense_ai,87,Linux 7.2.3-arch1-2,x86_64,24,30.44,3.14.7,10,10,5,25,2,1,10,2,2,0,0,42,839,16811,28,1267,"{""playbook_playbook0.asl"": 42, ""playbook_playbook1.asl"": 42, ""playbook_playbook10.asl"": 42, ""playbook_playbook11.asl"": 42, ""playbook_playbook12.asl"": 42, ""playbook_playbook13.asl"": 42, ""playbook_playbook14.asl"": 42, ""playbook_playbook15.asl"": 42, ""playbook_playbook16.asl"": 42, ""playbook_playbook17.asl"": 42, ""playbook_playbook18.asl"": 42, ""playbook_playbook19.asl"": 42, ""playbook_playbook2.asl"": 42, ""playbook_playbook20.asl"": 42, ""playbook_playbook21.asl"": 42, ""playbook_playbook22.asl"": 42, ""playbook_playbook23.asl"": 42, ""playbook_playbook24.asl"": 42, ""playbook_playbook3.asl"": 42, ""playbook_playbook4.asl"": 42, ""playbook_playbook5.asl"": 42, ""playbook_playbook6.asl"": 42, ""playbook_playbook7.asl"": 42, ""playbook_playbook8.asl"": 42, ""playbook_playbook9.asl"": 42, ""director_mainplot.asl"": 149, ""role_mainplot_role0.asl"": 34, ""role_mainplot_role1.asl"": 34}",1.5101311084624554,0.039864886000941624,0.00042795999979716726,1.5305042266845703,True,23,0
interaction_dense_ai,88,Linux 7.2.3-arch1-2,x86_64,24,30.44,3.14.7,10,10,5,25,2,1,10,2,2,0,0,42,839,16811,28,1267,"{""playbook_playbook0.asl"": 42, ""playbook_playbook1.asl"": 42, ""playbook_playbook10.asl"": 42, ""playbook_playbook11.asl"": 42, ""playbook_playbook12.asl"": 42, ""playbook_playbook13.asl"": 42, ""playbook_playbook14.asl"": 42, ""playbook_playbook15.asl"": 42, ""playbook_playbook16.asl"": 42, ""playbook_playbook17.asl"": 42, ""playbook_playbook18.asl"": 42, ""playbook_playbook19.asl"": 42, ""playbook_playbook2.asl"": 42, ""playbook_playbook20.asl"": 42, ""playbook_playbook21.asl"": 42, ""playbook_playbook22.asl"": 42, ""playbook_playbook23.asl"": 42, ""playbook_playbook24.asl"": 42, ""playbook_playbook3.asl"": 42, ""playbook_playbook4.asl"": 42, ""playbook_playbook5.asl"": 42, ""playbook_playbook6.asl"": 42, ""playbook_playbook7.asl"": 42, ""playbook_playbook8.asl"": 42, ""playbook_playbook9.asl"": 42, ""director_mainplot.asl"": 149, ""role_mainplot_role0.asl"": 34, ""role_mainplot_role1.asl"": 34}",1.5101311084624554,0.03741889000048104,0.0003940490005334141,1.5305042266845703,True,23,0
interaction_dense_ai,89,Linux 7.2.3-arch1-2,x86_64,24,30.44,3.14.7,10,10,5,25,2,1,10,2,2,0,0,42,839,16811,28,1267,"{""playbook_playbook0.asl"": 42, ""playbook_playbook1.asl"": 42, ""playbook_playbook10.asl"": 42, ""playbook_playbook11.asl"": 42, ""playbook_playbook12.asl"": 42, ""playbook_playbook13.asl"": 42, ""playbook_playbook14.asl"": 42, ""playbook_playbook15.asl"": 42, ""playbook_playbook16.asl"": 42, ""playbook_playbook17.asl"": 42, ""playbook_playbook18.asl"": 42, ""playbook_playbook19.asl"": 42, ""playbook_playbook2.asl"": 42, ""playbook_playbook20.asl"": 42, ""playbook_playbook21.asl"": 42, ""playbook_playbook22.asl"": 42, ""playbook_playbook23.asl"": 42, ""playbook_playbook24.asl"": 42, ""playbook_playbook3.asl"": 42, ""playbook_playbook4.asl"": 42, ""playbook_playbook5.asl"": 42, ""playbook_playbook6.asl"": 42, ""playbook_playbook7.asl"": 42, ""playbook_playbook8.asl"": 42, ""playbook_playbook9.asl"": 42, ""director_mainplot.asl"": 149, ""role_mainplot_role0.asl"": 34, ""role_mainplot_role1.asl"": 34}",1.5101311084624554,0.03673947199968097,0.0003804600000876235,1.5305042266845703,True,23,0
interaction_dense_ai,90,Linux 7.2.3-arch1-2,x86_64,24,30.44,3.14.7,10,10,5,25,2,1,25,2,2,0,0,42,1589,33311,28,2017,"{""playbook_playbook0.asl"": 72, ""playbook_playbook1.asl"": 72, ""playbook_playbook10.asl"": 72, ""playbook_playbook11.asl"": 72, ""playbook_playbook12.asl"": 72, ""playbook_playbook13.asl"": 72, ""playbook_playbook14.asl"": 72, ""playbook_playbook15.asl"": 72, ""playbook_playbook16.asl"": 72, ""playbook_playbook17.asl"": 72, ""playbook_playbook18.asl"": 72, ""playbook_playbook19.asl"": 72, ""playbook_playbook2.asl"": 72, ""playbook_playbook20.asl"": 72, ""playbook_playbook21.asl"": 72, ""playbook_playbook22.asl"": 72, ""playbook_playbook23.asl"": 72, ""playbook_playbook24.asl"": 72, ""playbook_playbook3.asl"": 72, ""playbook_playbook4.asl"": 72, ""playbook_playbook5.asl"": 72, ""playbook_playbook6.asl"": 72, ""playbook_playbook7.asl"": 72, ""playbook_playbook8.asl"": 72, ""playbook_playbook9.asl"": 72, ""director_mainplot.asl"": 149, ""role_mainplot_role0.asl"": 34, ""role_mainplot_role1.asl"": 34}",1.2693517935808685,0.07363508299931709,0.00041205900015484076,3.088899612426758,True,23,0
interaction_dense_ai,91,Linux 7.2.3-arch1-2,x86_64,24,30.44,3.14.7,10,10,5,25,2,1,25,2,2,0,0,42,1589,33311,28,2017,"{""playbook_playbook0.asl"": 72, ""playbook_playbook1.asl"": 72, ""playbook_playbook10.asl"": 72, ""playbook_playbook11.asl"": 72, ""playbook_playbook12.asl"": 72, ""playbook_playbook13.asl"": 72, ""playbook_playbook14.asl"": 72, ""playbook_playbook15.asl"": 72, ""playbook_playbook16.asl"": 72, ""playbook_playbook17.asl"": 72, ""playbook_playbook18.asl"": 72, ""playbook_playbook19.asl"": 72, ""playbook_playbook2.asl"": 72, ""playbook_playbook20.asl"": 72, ""playbook_playbook21.asl"": 72, ""playbook_playbook22.asl"": 72, ""playbook_playbook23.asl"": 72, ""playbook_playbook24.asl"": 72, ""playbook_playbook3.asl"": 72, ""playbook_playbook4.asl"": 72, ""playbook_playbook5.asl"": 72, ""playbook_playbook6.asl"": 72, ""playbook_playbook7.asl"": 72, ""playbook_playbook8.asl"": 72, ""playbook_playbook9.asl"": 72, ""director_mainplot.asl"": 149, ""role_mainplot_role0.asl"": 34, ""role_mainplot_role1.asl"": 34}",1.2693517935808685,0.0714502069986338,0.0003785799999604933,3.088899612426758,True,23,0
interaction_dense_ai,92,Linux 7.2.3-arch1-2,x86_64,24,30.44,3.14.7,10,10,5,25,2,1,25,2,2,0,0,42,1589,33311,28,2017,"{""playbook_playbook0.asl"": 72, ""playbook_playbook1.asl"": 72, ""playbook_playbook10.asl"": 72, ""playbook_playbook11.asl"": 72, ""playbook_playbook12.asl"": 72, ""playbook_playbook13.asl"": 72, ""playbook_playbook14.asl"": 72, ""playbook_playbook15.asl"": 72, ""playbook_playbook16.asl"": 72, ""playbook_playbook17.asl"": 72, ""playbook_playbook18.asl"": 72, ""playbook_playbook19.asl"": 72, ""playbook_playbook2.asl"": 72, ""playbook_playbook20.asl"": 72, ""playbook_playbook21.asl"": 72, ""playbook_playbook22.asl"": 72, ""playbook_playbook23.asl"": 72, ""playbook_playbook24.asl"": 72, ""playbook_playbook3.asl"": 72, ""playbook_playbook4.asl"": 72, ""playbook_playbook5.asl"": 72, ""playbook_playbook6.asl"": 72, ""playbook_playbook7.asl"": 72, ""playbook_playbook8.asl"": 72, ""playbook_playbook9.asl"": 72, ""director_mainplot.asl"": 149, ""role_mainplot_role0.asl"": 34, ""role_mainplot_role1.asl"": 34}",1.2693517935808685,0.07150089700007811,0.00039103000017348677,3.088899612426758,True,23,0
interaction_dense_ai,93,Linux 7.2.3-arch1-2,x86_64,24,30.44,3.14.7,10,10,5,25,2,1,25,2,2,0,0,42,1589,33311,28,2017,"{""playbook_playbook0.asl"": 72, ""playbook_playbook1.asl"": 72, ""playbook_playbook10.asl"": 72, ""playbook_playbook11.asl"": 72, ""playbook_playbook12.asl"": 72, ""playbook_playbook13.asl"": 72, ""playbook_playbook14.asl"": 72, ""playbook_playbook15.asl"": 72, ""playbook_playbook16.asl"": 72, ""playbook_playbook17.asl"": 72, ""playbook_playbook18.asl"": 72, ""playbook_playbook19.asl"": 72, ""playbook_playbook2.asl"": 72, ""playbook_playbook20.asl"": 72, ""playbook_playbook21.asl"": 72, ""playbook_playbook22.asl"": 72, ""playbook_playbook23.asl"": 72, ""playbook_playbook24.asl"": 72, ""playbook_playbook3.asl"": 72, ""playbook_playbook4.asl"": 72, ""playbook_playbook5.asl"": 72, ""playbook_playbook6.asl"": 72, ""playbook_playbook7.asl"": 72, ""playbook_playbook8.asl"": 72, ""playbook_playbook9.asl"": 72, ""director_mainplot.asl"": 149, ""role_mainplot_role0.asl"": 34, ""role_mainplot_role1.asl"": 34}",1.2693517935808685,0.07108631800110743,0.00039169000046967994,3.088899612426758,True,23,0
interaction_dense_ai,94,Linux 7.2.3-arch1-2,x86_64,24,30.44,3.14.7,10,10,5,25,2,1,25,2,2,0,0,42,1589,33311,28,2017,"{""playbook_playbook0.asl"": 72, ""playbook_playbook1.asl"": 72, ""playbook_playbook10.asl"": 72, ""playbook_playbook11.asl"": 72, ""playbook_playbook12.asl"": 72, ""playbook_playbook13.asl"": 72, ""playbook_playbook14.asl"": 72, ""playbook_playbook15.asl"": 72, ""playbook_playbook16.asl"": 72, ""playbook_playbook17.asl"": 72, ""playbook_playbook18.asl"": 72, ""playbook_playbook19.asl"": 72, ""playbook_playbook2.asl"": 72, ""playbook_playbook20.asl"": 72, ""playbook_playbook21.asl"": 72, ""playbook_playbook22.asl"": 72, ""playbook_playbook23.asl"": 72, ""playbook_playbook24.asl"": 72, ""playbook_playbook3.asl"": 72, ""playbook_playbook4.asl"": 72, ""playbook_playbook5.asl"": 72, ""playbook_playbook6.asl"": 72, ""playbook_playbook7.asl"": 72, ""playbook_playbook8.asl"": 72, ""playbook_playbook9.asl"": 72, ""director_mainplot.asl"": 149, ""role_mainplot_role0.asl"": 34, ""role_mainplot_role1.asl"": 34}",1.2693517935808685,0.07125525799892785,0.0003804890002356842,3.088899612426758,True,23,0
interaction_dense_ai,95,Linux 7.2.3-arch1-2,x86_64,24,30.44,3.14.7,10,10,5,25,2,1,50,2,2,0,0,42,2839,60811,28,3267,"{""playbook_playbook0.asl"": 122, ""playbook_playbook1.asl"": 122, ""playbook_playbook10.asl"": 122, ""playbook_playbook11.asl"": 122, ""playbook_playbook12.asl"": 122, ""playbook_playbook13.asl"": 122, ""playbook_playbook14.asl"": 122, ""playbook_playbook15.asl"": 122, ""playbook_playbook16.asl"": 122, ""playbook_playbook17.asl"": 122, ""playbook_playbook18.asl"": 122, ""playbook_playbook19.asl"": 122, ""playbook_playbook2.asl"": 122, ""playbook_playbook20.asl"": 122, ""playbook_playbook21.asl"": 122, ""playbook_playbook22.asl"": 122, ""playbook_playbook23.asl"": 122, ""playbook_playbook24.asl"": 122, ""playbook_playbook3.asl"": 122, ""playbook_playbook4.asl"": 122, ""playbook_playbook5.asl"": 122, ""playbook_playbook6.asl"": 122, ""playbook_playbook7.asl"": 122, ""playbook_playbook8.asl"": 122, ""playbook_playbook9.asl"": 122, ""director_mainplot.asl"": 149, ""role_mainplot_role0.asl"": 34, ""role_mainplot_role1.asl"": 34}",1.1507573089115886,0.1295094990000507,0.0004141589997743722,5.68089485168457,True,23,0
interaction_dense_ai,96,Linux 7.2.3-arch1-2,x86_64,24,30.44,3.14.7,10,10,5,25,2,1,50,2,2,0,0,42,2839,60811,28,3267,"{""playbook_playbook0.asl"": 122, ""playbook_playbook1.asl"": 122, ""playbook_playbook10.asl"": 122, ""playbook_playbook11.asl"": 122, ""playbook_playbook12.asl"": 122, ""playbook_playbook13.asl"": 122, ""playbook_playbook14.asl"": 122, ""playbook_playbook15.asl"": 122, ""playbook_playbook16.asl"": 122, ""playbook_playbook17.asl"": 122, ""playbook_playbook18.asl"": 122, ""playbook_playbook19.asl"": 122, ""playbook_playbook2.asl"": 122, ""playbook_playbook20.asl"": 122, ""playbook_playbook21.asl"": 122, ""playbook_playbook22.asl"": 122, ""playbook_playbook23.asl"": 122, ""playbook_playbook24.asl"": 122, ""playbook_playbook3.asl"": 122, ""playbook_playbook4.asl"": 122, ""playbook_playbook5.asl"": 122, ""playbook_playbook6.asl"": 122, ""playbook_playbook7.asl"": 122, ""playbook_playbook8.asl"": 122, ""playbook_playbook9.asl"": 122, ""director_mainplot.asl"": 149, ""role_mainplot_role0.asl"": 34, ""role_mainplot_role1.asl"": 34}",1.1507573089115886,0.12866014999963227,0.0004028000003017951,5.68089485168457,True,23,0
interaction_dense_ai,97,Linux 7.2.3-arch1-2,x86_64,24,30.44,3.14.7,10,10,5,25,2,1,50,2,2,0,0,42,2839,60811,28,3267,"{""playbook_playbook0.asl"": 122, ""playbook_playbook1.asl"": 122, ""playbook_playbook10.asl"": 122, ""playbook_playbook11.asl"": 122, ""playbook_playbook12.asl"": 122, ""playbook_playbook13.asl"": 122, ""playbook_playbook14.asl"": 122, ""playbook_playbook15.asl"": 122, ""playbook_playbook16.asl"": 122, ""playbook_playbook17.asl"": 122, ""playbook_playbook18.asl"": 122, ""playbook_playbook19.asl"": 122, ""playbook_playbook2.asl"": 122, ""playbook_playbook20.asl"": 122, ""playbook_playbook21.asl"": 122, ""playbook_playbook22.asl"": 122, ""playbook_playbook23.asl"": 122, ""playbook_playbook24.asl"": 122, ""playbook_playbook3.asl"": 122, ""playbook_playbook4.asl"": 122, ""playbook_playbook5.asl"": 122, ""playbook_playbook6.asl"": 122, ""playbook_playbook7.asl"": 122, ""playbook_playbook8.asl"": 122, ""playbook_playbook9.asl"": 122, ""director_mainplot.asl"": 149, ""role_mainplot_role0.asl"": 34, ""role_mainplot_role1.asl"": 34}",1.1507573089115886,0.12930894899909617,0.0003997089988843072,5.68089485168457,True,23,0
interaction_dense_ai,98,Linux 7.2.3-arch1-2,x86_64,24,30.44,3.14.7,10,10,5,25,2,1,50,2,2,0,0,42,2839,60811,28,3267,"{""playbook_playbook0.asl"": 122, ""playbook_playbook1.asl"": 122, ""playbook_playbook10.asl"": 122, ""playbook_playbook11.asl"": 122, ""playbook_playbook12.asl"": 122, ""playbook_playbook13.asl"": 122, ""playbook_playbook14.asl"": 122, ""playbook_playbook15.asl"": 122, ""playbook_playbook16.asl"": 122, ""playbook_playbook17.asl"": 122, ""playbook_playbook18.asl"": 122, ""playbook_playbook19.asl"": 122, ""playbook_playbook2.asl"": 122, ""playbook_playbook20.asl"": 122, ""playbook_playbook21.asl"": 122, ""playbook_playbook22.asl"": 122, ""playbook_playbook23.asl"": 122, ""playbook_playbook24.asl"": 122, ""playbook_playbook3.asl"": 122, ""playbook_playbook4.asl"": 122, ""playbook_playbook5.asl"": 122, ""playbook_playbook6.asl"": 122, ""playbook_playbook7.asl"": 122, ""playbook_playbook8.asl"": 122, ""playbook_playbook9.asl"": 122, ""director_mainplot.asl"": 149, ""role_mainplot_role0.asl"": 34, ""role_mainplot_role1.asl"": 34}",1.1507573089115886,0.12899735999963013,0.0003866400002152659,5.68089485168457,True,23,0
interaction_dense_ai,99,Linux 7.2.3-arch1-2,x86_64,24,30.44,3.14.7,10,10,5,25,2,1,50,2,2,0,0,42,2839,60811,28,3267,"{""playbook_playbook0.asl"": 122, ""playbook_playbook1.asl"": 122, ""playbook_playbook10.asl"": 122, ""playbook_playbook11.asl"": 122, ""playbook_playbook12.asl"": 122, ""playbook_playbook13.asl"": 122, ""playbook_playbook14.asl"": 122, ""playbook_playbook15.asl"": 122, ""playbook_playbook16.asl"": 122, ""playbook_playbook17.asl"": 122, ""playbook_playbook18.asl"": 122, ""playbook_playbook19.asl"": 122, ""playbook_playbook2.asl"": 122, ""playbook_playbook20.asl"": 122, ""playbook_playbook21.asl"": 122, ""playbook_playbook22.asl"": 122, ""playbook_playbook23.asl"": 122, ""playbook_playbook24.asl"": 122, ""playbook_playbook3.asl"": 122, ""playbook_playbook4.asl"": 122, ""playbook_playbook5.asl"": 122, ""playbook_playbook6.asl"": 122, ""playbook_playbook7.asl"": 122, ""playbook_playbook8.asl"": 122, ""playbook_playbook9.asl"": 122, ""director_mainplot.asl"": 149, ""role_mainplot_role0.asl"": 34, ""role_mainplot_role1.asl"": 34}",1.1507573089115886,0.1281415419998666,0.0004062190000695409,5.68089485168457,True,23,0
interaction_dense_ai,100,Linux 7.2.3-arch1-2,x86_64,24,30.44,3.14.7,10,10,5,50,2,1,2,2,2,0,0,42,789,14260,53,1517,"{""playbook_playbook0.asl"": 26, ""playbook_playbook1.asl"": 26, ""playbook_playbook10.asl"": 26, ""playbook_playbook11.asl"": 26, ""playbook_playbook12.asl"": 26, ""playbook_playbook13.asl"": 26, ""playbook_playbook14.asl"": 26, ""playbook_playbook15.asl"": 26, ""playbook_playbook16.asl"": 26, ""playbook_playbook17.asl"": 26, ""playbook_playbook18.asl"": 26, ""playbook_playbook19.asl"": 26, ""playbook_playbook2.asl"": 26, ""playbook_playbook20.asl"": 26, ""playbook_playbook21.asl"": 26, ""playbook_playbook22.asl"": 26, ""playbook_playbook23.asl"": 26, ""playbook_playbook24.asl"": 26, ""playbook_playbook25.asl"": 26, ""playbook_playbook26.asl"": 26, ""playbook_playbook27.asl"": 26, ""playbook_playbook28.asl"": 26, ""playbook_playbook29.asl"": 26, ""playbook_playbook3.asl"": 26, ""playbook_playbook30.asl"": 26, ""playbook_playbook31.asl"": 26, ""playbook_playbook32.asl"": 26, ""playbook_playbook33.asl"": 26, ""playbook_playbook34.asl"": 26, ""playbook_playbook35.asl"": 26, ""playbook_playbook36.asl"": 26, ""playbook_playbook37.asl"": 26, ""playbook_playbook38.asl"": 26, ""playbook_playbook39.asl"": 26, ""playbook_playbook4.asl"": 26, ""playbook_playbook40.asl"": 26, ""playbook_playbook41.asl"": 26, ""playbook_playbook42.asl"": 26, ""playbook_playbook43.asl"": 26, ""playbook_playbook44.asl"": 26, ""playbook_playbook45.asl"": 26, ""playbook_playbook46.asl"": 26, ""playbook_playbook47.asl"": 26, ""playbook_playbook48.asl"": 26, ""playbook_playbook49.asl"": 26, ""playbook_playbook5.asl"": 26, ""playbook_playbook6.asl"": 26, ""playbook_playbook7.asl"": 26, ""playbook_playbook8.asl"": 26, ""playbook_playbook9.asl"": 26, ""director_mainplot.asl"": 149, ""role_mainplot_role0.asl"": 34, ""role_mainplot_role1.asl"": 34}",1.9226869455006337,0.03284231900033774,0.0006848979992355453,1.3256969451904297,True,48,0
interaction_dense_ai,101,Linux 7.2.3-arch1-2,x86_64,24,30.44,3.14.7,10,10,5,50,2,1,2,2,2,0,0,42,789,14260,53,1517,"{""playbook_playbook0.asl"": 26, ""playbook_playbook1.asl"": 26, ""playbook_playbook10.asl"": 26, ""playbook_playbook11.asl"": 26, ""playbook_playbook12.asl"": 26, ""playbook_playbook13.asl"": 26, ""playbook_playbook14.asl"": 26, ""playbook_playbook15.asl"": 26, ""playbook_playbook16.asl"": 26, ""playbook_playbook17.asl"": 26, ""playbook_playbook18.asl"": 26, ""playbook_playbook19.asl"": 26, ""playbook_playbook2.asl"": 26, ""playbook_playbook20.asl"": 26, ""playbook_playbook21.asl"": 26, ""playbook_playbook22.asl"": 26, ""playbook_playbook23.asl"": 26, ""playbook_playbook24.asl"": 26, ""playbook_playbook25.asl"": 26, ""playbook_playbook26.asl"": 26, ""playbook_playbook27.asl"": 26, ""playbook_playbook28.asl"": 26, ""playbook_playbook29.asl"": 26, ""playbook_playbook3.asl"": 26, ""playbook_playbook30.asl"": 26, ""playbook_playbook31.asl"": 26, ""playbook_playbook32.asl"": 26, ""playbook_playbook33.asl"": 26, ""playbook_playbook34.asl"": 26, ""playbook_playbook35.asl"": 26, ""playbook_playbook36.asl"": 26, ""playbook_playbook37.asl"": 26, ""playbook_playbook38.asl"": 26, ""playbook_playbook39.asl"": 26, ""playbook_playbook4.asl"": 26, ""playbook_playbook40.asl"": 26, ""playbook_playbook41.asl"": 26, ""playbook_playbook42.asl"": 26, ""playbook_playbook43.asl"": 26, ""playbook_playbook44.asl"": 26, ""playbook_playbook45.asl"": 26, ""playbook_playbook46.asl"": 26, ""playbook_playbook47.asl"": 26, ""playbook_playbook48.asl"": 26, ""playbook_playbook49.asl"": 26, ""playbook_playbook5.asl"": 26, ""playbook_playbook6.asl"": 26, ""playbook_playbook7.asl"": 26, ""playbook_playbook8.asl"": 26, ""playbook_playbook9.asl"": 26, ""director_mainplot.asl"": 149, ""role_mainplot_role0.asl"": 34, ""role_mainplot_role1.asl"": 34}",1.9226869455006337,0.033019438000337686,0.0006762790017091902,1.3256969451904297,True,48,0
interaction_dense_ai,102,Linux 7.2.3-arch1-2,x86_64,24,30.44,3.14.7,10,10,5,50,2,1,2,2,2,0,0,42,789,14260,53,1517,"{""playbook_playbook0.asl"": 26, ""playbook_playbook1.asl"": 26, ""playbook_playbook10.asl"": 26, ""playbook_playbook11.asl"": 26, ""playbook_playbook12.asl"": 26, ""playbook_playbook13.asl"": 26, ""playbook_playbook14.asl"": 26, ""playbook_playbook15.asl"": 26, ""playbook_playbook16.asl"": 26, ""playbook_playbook17.asl"": 26, ""playbook_playbook18.asl"": 26, ""playbook_playbook19.asl"": 26, ""playbook_playbook2.asl"": 26, ""playbook_playbook20.asl"": 26, ""playbook_playbook21.asl"": 26, ""playbook_playbook22.asl"": 26, ""playbook_playbook23.asl"": 26, ""playbook_playbook24.asl"": 26, ""playbook_playbook25.asl"": 26, ""playbook_playbook26.asl"": 26, ""playbook_playbook27.asl"": 26, ""playbook_playbook28.asl"": 26, ""playbook_playbook29.asl"": 26, ""playbook_playbook3.asl"": 26, ""playbook_playbook30.asl"": 26, ""playbook_playbook31.asl"": 26, ""playbook_playbook32.asl"": 26, ""playbook_playbook33.asl"": 26, ""playbook_playbook34.asl"": 26, ""playbook_playbook35.asl"": 26, ""playbook_playbook36.asl"": 26, ""playbook_playbook37.asl"": 26, ""playbook_playbook38.asl"": 26, ""playbook_playbook39.asl"": 26, ""playbook_playbook4.asl"": 26, ""playbook_playbook40.asl"": 26, ""playbook_playbook41.asl"": 26, ""playbook_playbook42.asl"": 26, ""playbook_playbook43.asl"": 26, ""playbook_playbook44.asl"": 26, ""playbook_playbook45.asl"": 26, ""playbook_playbook46.asl"": 26, ""playbook_playbook47.asl"": 26, ""playbook_playbook48.asl"": 26, ""playbook_playbook49.asl"": 26, ""playbook_playbook5.asl"": 26, ""playbook_playbook6.asl"": 26, ""playbook_playbook7.asl"": 26, ""playbook_playbook8.asl"": 26, ""playbook_playbook9.asl"": 26, ""director_mainplot.asl"": 149, ""role_mainplot_role0.asl"": 34, ""role_mainplot_role1.asl"": 34}",1.9226869455006337,0.032998749000398675,0.000662528998873313,1.3256969451904297,True,48,0
interaction_dense_ai,103,Linux 7.2.3-arch1-2,x86_64,24,30.44,3.14.7,10,10,5,50,2,1,2,2,2,0,0,42,789,14260,53,1517,"{""playbook_playbook0.asl"": 26, ""playbook_playbook1.asl"": 26, ""playbook_playbook10.asl"": 26, ""playbook_playbook11.asl"": 26, ""playbook_playbook12.asl"": 26, ""playbook_playbook13.asl"": 26, ""playbook_playbook14.asl"": 26, ""playbook_playbook15.asl"": 26, ""playbook_playbook16.asl"": 26, ""playbook_playbook17.asl"": 26, ""playbook_playbook18.asl"": 26, ""playbook_playbook19.asl"": 26, ""playbook_playbook2.asl"": 26, ""playbook_playbook20.asl"": 26, ""playbook_playbook21.asl"": 26, ""playbook_playbook22.asl"": 26, ""playbook_playbook23.asl"": 26, ""playbook_playbook24.asl"": 26, ""playbook_playbook25.asl"": 26, ""playbook_playbook26.asl"": 26, ""playbook_playbook27.asl"": 26, ""playbook_playbook28.asl"": 26, ""playbook_playbook29.asl"": 26, ""playbook_playbook3.asl"": 26, ""playbook_playbook30.asl"": 26, ""playbook_playbook31.asl"": 26, ""playbook_playbook32.asl"": 26, ""playbook_playbook33.asl"": 26, ""playbook_playbook34.asl"": 26, ""playbook_playbook35.asl"": 26, ""playbook_playbook36.asl"": 26, ""playbook_playbook37.asl"": 26, ""playbook_playbook38.asl"": 26, ""playbook_playbook39.asl"": 26, ""playbook_playbook4.asl"": 26, ""playbook_playbook40.asl"": 26, ""playbook_playbook41.asl"": 26, ""playbook_playbook42.asl"": 26, ""playbook_playbook43.asl"": 26, ""playbook_playbook44.asl"": 26, ""playbook_playbook45.asl"": 26, ""playbook_playbook46.asl"": 26, ""playbook_playbook47.asl"": 26, ""playbook_playbook48.asl"": 26, ""playbook_playbook49.asl"": 26, ""playbook_playbook5.asl"": 26, ""playbook_playbook6.asl"": 26, ""playbook_playbook7.asl"": 26, ""playbook_playbook8.asl"": 26, ""playbook_playbook9.asl"": 26, ""director_mainplot.asl"": 149, ""role_mainplot_role0.asl"": 34, ""role_mainplot_role1.asl"": 34}",1.9226869455006337,0.03295648799939954,0.0006682590010314016,1.3256969451904297,True,48,0
interaction_dense_ai,104,Linux 7.2.3-arch1-2,x86_64,24,30.44,3.14.7,10,10,5,50,2,1,2,2,2,0,0,42,789,14260,53,1517,"{""playbook_playbook0.asl"": 26, ""playbook_playbook1.asl"": 26, ""playbook_playbook10.asl"": 26, ""playbook_playbook11.asl"": 26, ""playbook_playbook12.asl"": 26, ""playbook_playbook13.asl"": 26, ""playbook_playbook14.asl"": 26, ""playbook_playbook15.asl"": 26, ""playbook_playbook16.asl"": 26, ""playbook_playbook17.asl"": 26, ""playbook_playbook18.asl"": 26, ""playbook_playbook19.asl"": 26, ""playbook_playbook2.asl"": 26, ""playbook_playbook20.asl"": 26, ""playbook_playbook21.asl"": 26, ""playbook_playbook22.asl"": 26, ""playbook_playbook23.asl"": 26, ""playbook_playbook24.asl"": 26, ""playbook_playbook25.asl"": 26, ""playbook_playbook26.asl"": 26, ""playbook_playbook27.asl"": 26, ""playbook_playbook28.asl"": 26, ""playbook_playbook29.asl"": 26, ""playbook_playbook3.asl"": 26, ""playbook_playbook30.asl"": 26, ""playbook_playbook31.asl"": 26, ""playbook_playbook32.asl"": 26, ""playbook_playbook33.asl"": 26, ""playbook_playbook34.asl"": 26, ""playbook_playbook35.asl"": 26, ""playbook_playbook36.asl"": 26, ""playbook_playbook37.asl"": 26, ""playbook_playbook38.asl"": 26, ""playbook_playbook39.asl"": 26, ""playbook_playbook4.asl"": 26, ""playbook_playbook40.asl"": 26, ""playbook_playbook41.asl"": 26, ""playbook_playbook42.asl"": 26, ""playbook_playbook43.asl"": 26, ""playbook_playbook44.asl"": 26, ""playbook_playbook45.asl"": 26, ""playbook_playbook46.asl"": 26, ""playbook_playbook47.asl"": 26, ""playbook_playbook48.asl"": 26, ""playbook_playbook49.asl"": 26, ""playbook_playbook5.asl"": 26, ""playbook_playbook6.asl"": 26, ""playbook_playbook7.asl"": 26, ""playbook_playbook8.asl"": 26, ""playbook_playbook9.asl"": 26, ""director_mainplot.asl"": 149, ""role_mainplot_role0.asl"": 34, ""role_mainplot_role1.asl"": 34}",1.9226869455006337,0.03296478899937938,0.0006712689992127707,1.3256969451904297,True,48,0
interaction_dense_ai,105,Linux 7.2.3-arch1-2,x86_64,24,30.44,3.14.7,10,10,5,50,2,1,5,2,2,0,0,42,1089,20860,53,1817,"{""playbook_playbook0.asl"": 32, ""playbook_playbook1.asl"": 32, ""playbook_playbook10.asl"": 32, ""playbook_playbook11.asl"": 32, ""playbook_playbook12.asl"": 32, ""playbook_playbook13.asl"": 32, ""playbook_playbook14.asl"": 32, ""playbook_playbook15.asl"": 32, ""playbook_playbook16.asl"": 32, ""playbook_playbook17.asl"": 32, ""playbook_playbook18.asl"": 32, ""playbook_playbook19.asl"": 32, ""playbook_playbook2.asl"": 32, ""playbook_playbook20.asl"": 32, ""playbook_playbook21.asl"": 32, ""playbook_playbook22.asl"": 32, ""playbook_playbook23.asl"": 32, ""playbook_playbook24.asl"": 32, ""playbook_playbook25.asl"": 32, ""playbook_playbook26.asl"": 32, ""playbook_playbook27.asl"": 32, ""playbook_playbook28.asl"": 32, ""playbook_playbook29.asl"": 32, ""playbook_playbook3.asl"": 32, ""playbook_playbook30.asl"": 32, ""playbook_playbook31.asl"": 32, ""playbook_playbook32.asl"": 32, ""playbook_playbook33.asl"": 32, ""playbook_playbook34.asl"": 32, ""playbook_playbook35.asl"": 32, ""playbook_playbook36.asl"": 32, ""playbook_playbook37.asl"": 32, ""playbook_playbook38.asl"": 32, ""playbook_playbook39.asl"": 32, ""playbook_playbook4.asl"": 32, ""playbook_playbook40.asl"": 32, ""playbook_playbook41.asl"": 32, ""playbook_playbook42.asl"": 32, ""playbook_playbook43.asl"": 32, ""playbook_playbook44.asl"": 32, ""playbook_playbook45.asl"": 32, ""playbook_playbook46.asl"": 32, ""playbook_playbook47.asl"": 32, ""playbook_playbook48.asl"": 32, ""playbook_playbook49.asl"": 32, ""playbook_playbook5.asl"": 32, ""playbook_playbook6.asl"": 32, ""playbook_playbook7.asl"": 32, ""playbook_playbook8.asl"": 32, ""playbook_playbook9.asl"": 32, ""director_mainplot.asl"": 149, ""role_mainplot_role0.asl"": 34, ""role_mainplot_role1.asl"": 34}",1.6685032139577594,0.04698529300003429,0.0006732790006935829,1.9522228240966797,True,48,0
interaction_dense_ai,106,Linux 7.2.3-arch1-2,x86_64,24,30.44,3.14.7,10,10,5,50,2,1,5,2,2,0,0,42,1089,20860,53,1817,"{""playbook_playbook0.asl"": 32, ""playbook_playbook1.asl"": 32, ""playbook_playbook10.asl"": 32, ""playbook_playbook11.asl"": 32, ""playbook_playbook12.asl"": 32, ""playbook_playbook13.asl"": 32, ""playbook_playbook14.asl"": 32, ""playbook_playbook15.asl"": 32, ""playbook_playbook16.asl"": 32, ""playbook_playbook17.asl"": 32, ""playbook_playbook18.asl"": 32, ""playbook_playbook19.asl"": 32, ""playbook_playbook2.asl"": 32, ""playbook_playbook20.asl"": 32, ""playbook_playbook21.asl"": 32, ""playbook_playbook22.asl"": 32, ""playbook_playbook23.asl"": 32, ""playbook_playbook24.asl"": 32, ""playbook_playbook25.asl"": 32, ""playbook_playbook26.asl"": 32, ""playbook_playbook27.asl"": 32, ""playbook_playbook28.asl"": 32, ""playbook_playbook29.asl"": 32, ""playbook_playbook3.asl"": 32, ""playbook_playbook30.asl"": 32, ""playbook_playbook31.asl"": 32, ""playbook_playbook32.asl"": 32, ""playbook_playbook33.asl"": 32, ""playbook_playbook34.asl"": 32, ""playbook_playbook35.asl"": 32, ""playbook_playbook36.asl"": 32, ""playbook_playbook37.asl"": 32, ""playbook_playbook38.asl"": 32, ""playbook_playbook39.asl"": 32, ""playbook_playbook4.asl"": 32, ""playbook_playbook40.asl"": 32, ""playbook_playbook41.asl"": 32, ""playbook_playbook42.asl"": 32, ""playbook_playbook43.asl"": 32, ""playbook_playbook44.asl"": 32, ""playbook_playbook45.asl"": 32, ""playbook_playbook46.asl"": 32, ""playbook_playbook47.asl"": 32, ""playbook_playbook48.asl"": 32, ""playbook_playbook49.asl"": 32, ""playbook_playbook5.asl"": 32, ""playbook_playbook6.asl"": 32, ""playbook_playbook7.asl"": 32, ""playbook_playbook8.asl"": 32, ""playbook_playbook9.asl"": 32, ""director_mainplot.asl"": 149, ""role_mainplot_role0.asl"": 34, ""role_mainplot_role1.asl"": 34}",1.6685032139577594,0.046742103000724455,0.000693599000442191,1.9522228240966797,True,48,0
interaction_dense_ai,107,Linux 7.2.3-arch1-2,x86_64,24,30.44,3.14.7,10,10,5,50,2,1,5,2,2,0,0,42,1089,20860,53,1817,"{""playbook_playbook0.asl"": 32, ""playbook_playbook1.asl"": 32, ""playbook_playbook10.asl"": 32, ""playbook_playbook11.asl"": 32, ""playbook_playbook12.asl"": 32, ""playbook_playbook13.asl"": 32, ""playbook_playbook14.asl"": 32, ""playbook_playbook15.asl"": 32, ""playbook_playbook16.asl"": 32, ""playbook_playbook17.asl"": 32, ""playbook_playbook18.asl"": 32, ""playbook_playbook19.asl"": 32, ""playbook_playbook2.asl"": 32, ""playbook_playbook20.asl"": 32, ""playbook_playbook21.asl"": 32, ""playbook_playbook22.asl"": 32, ""playbook_playbook23.asl"": 32, ""playbook_playbook24.asl"": 32, ""playbook_playbook25.asl"": 32, ""playbook_playbook26.asl"": 32, ""playbook_playbook27.asl"": 32, ""playbook_playbook28.asl"": 32, ""playbook_playbook29.asl"": 32, ""playbook_playbook3.asl"": 32, ""playbook_playbook30.asl"": 32, ""playbook_playbook31.asl"": 32, ""playbook_playbook32.asl"": 32, ""playbook_playbook33.asl"": 32, ""playbook_playbook34.asl"": 32, ""playbook_playbook35.asl"": 32, ""playbook_playbook36.asl"": 32, ""playbook_playbook37.asl"": 32, ""playbook_playbook38.asl"": 32, ""playbook_playbook39.asl"": 32, ""playbook_playbook4.asl"": 32, ""playbook_playbook40.asl"": 32, ""playbook_playbook41.asl"": 32, ""playbook_playbook42.asl"": 32, ""playbook_playbook43.asl"": 32, ""playbook_playbook44.asl"": 32, ""playbook_playbook45.asl"": 32, ""playbook_playbook46.asl"": 32, ""playbook_playbook47.asl"": 32, ""playbook_playbook48.asl"": 32, ""playbook_playbook49.asl"": 32, ""playbook_playbook5.asl"": 32, ""playbook_playbook6.asl"": 32, ""playbook_playbook7.asl"": 32, ""playbook_playbook8.asl"": 32, ""playbook_playbook9.asl"": 32, ""director_mainplot.asl"": 149, ""role_mainplot_role0.asl"": 34, ""role_mainplot_role1.asl"": 34}",1.6685032139577594,0.047803810999539564,0.0006933479999133851,1.9522228240966797,True,48,0
interaction_dense_ai,108,Linux 7.2.3-arch1-2,x86_64,24,30.44,3.14.7,10,10,5,50,2,1,5,2,2,0,0,42,1089,20860,53,1817,"{""playbook_playbook0.asl"": 32, ""playbook_playbook1.asl"": 32, ""playbook_playbook10.asl"": 32, ""playbook_playbook11.asl"": 32, ""playbook_playbook12.asl"": 32, ""playbook_playbook13.asl"": 32, ""playbook_playbook14.asl"": 32, ""playbook_playbook15.asl"": 32, ""playbook_playbook16.asl"": 32, ""playbook_playbook17.asl"": 32, ""playbook_playbook18.asl"": 32, ""playbook_playbook19.asl"": 32, ""playbook_playbook2.asl"": 32, ""playbook_playbook20.asl"": 32, ""playbook_playbook21.asl"": 32, ""playbook_playbook22.asl"": 32, ""playbook_playbook23.asl"": 32, ""playbook_playbook24.asl"": 32, ""playbook_playbook25.asl"": 32, ""playbook_playbook26.asl"": 32, ""playbook_playbook27.asl"": 32, ""playbook_playbook28.asl"": 32, ""playbook_playbook29.asl"": 32, ""playbook_playbook3.asl"": 32, ""playbook_playbook30.asl"": 32, ""playbook_playbook31.asl"": 32, ""playbook_playbook32.asl"": 32, ""playbook_playbook33.asl"": 32, ""playbook_playbook34.asl"": 32, ""playbook_playbook35.asl"": 32, ""playbook_playbook36.asl"": 32, ""playbook_playbook37.asl"": 32, ""playbook_playbook38.asl"": 32, ""playbook_playbook39.asl"": 32, ""playbook_playbook4.asl"": 32, ""playbook_playbook40.asl"": 32, ""playbook_playbook41.asl"": 32, ""playbook_playbook42.asl"": 32, ""playbook_playbook43.asl"": 32, ""playbook_playbook44.asl"": 32, ""playbook_playbook45.asl"": 32, ""playbook_playbook46.asl"": 32, ""playbook_playbook47.asl"": 32, ""playbook_playbook48.asl"": 32, ""playbook_playbook49.asl"": 32, ""playbook_playbook5.asl"": 32, ""playbook_playbook6.asl"": 32, ""playbook_playbook7.asl"": 32, ""playbook_playbook8.asl"": 32, ""playbook_playbook9.asl"": 32, ""director_mainplot.asl"": 149, ""role_mainplot_role0.asl"": 34, ""role_mainplot_role1.asl"": 34}",1.6685032139577594,0.04677439300030528,0.0006921189997228794,1.9522228240966797,True,48,0
interaction_dense_ai,109,Linux 7.2.3-arch1-2,x86_64,24,30.44,3.14.7,10,10,5,50,2,1,5,2,2,0,0,42,1089,20860,53,1817,"{""playbook_playbook0.asl"": 32, ""playbook_playbook1.asl"": 32, ""playbook_playbook10.asl"": 32, ""playbook_playbook11.asl"": 32, ""playbook_playbook12.asl"": 32, ""playbook_playbook13.asl"": 32, ""playbook_playbook14.asl"": 32, ""playbook_playbook15.asl"": 32, ""playbook_playbook16.asl"": 32, ""playbook_playbook17.asl"": 32, ""playbook_playbook18.asl"": 32, ""playbook_playbook19.asl"": 32, ""playbook_playbook2.asl"": 32, ""playbook_playbook20.asl"": 32, ""playbook_playbook21.asl"": 32, ""playbook_playbook22.asl"": 32, ""playbook_playbook23.asl"": 32, ""playbook_playbook24.asl"": 32, ""playbook_playbook25.asl"": 32, ""playbook_playbook26.asl"": 32, ""playbook_playbook27.asl"": 32, ""playbook_playbook28.asl"": 32, ""playbook_playbook29.asl"": 32, ""playbook_playbook3.asl"": 32, ""playbook_playbook30.asl"": 32, ""playbook_playbook31.asl"": 32, ""playbook_playbook32.asl"": 32, ""playbook_playbook33.asl"": 32, ""playbook_playbook34.asl"": 32, ""playbook_playbook35.asl"": 32, ""playbook_playbook36.asl"": 32, ""playbook_playbook37.asl"": 32, ""playbook_playbook38.asl"": 32, ""playbook_playbook39.asl"": 32, ""playbook_playbook4.asl"": 32, ""playbook_playbook40.asl"": 32, ""playbook_playbook41.asl"": 32, ""playbook_playbook42.asl"": 32, ""playbook_playbook43.asl"": 32, ""playbook_playbook44.asl"": 32, ""playbook_playbook45.asl"": 32, ""playbook_playbook46.asl"": 32, ""playbook_playbook47.asl"": 32, ""playbook_playbook48.asl"": 32, ""playbook_playbook49.asl"": 32, ""playbook_playbook5.asl"": 32, ""playbook_playbook6.asl"": 32, ""playbook_playbook7.asl"": 32, ""playbook_playbook8.asl"": 32, ""playbook_playbook9.asl"": 32, ""director_mainplot.asl"": 149, ""role_mainplot_role0.asl"": 34, ""role_mainplot_role1.asl"": 34}",1.6685032139577594,0.04706131300008565,0.0006793289994675433,1.9522228240966797,True,48,0
interaction_dense_ai,110,Linux 7.2.3-arch1-2,x86_64,24,30.44,3.14.7,10,10,5,50,2,1,10,2,2,0,0,42,1589,31861,53,2317,"{""playbook_playbook0.asl"": 42, ""playbook_playbook1.asl"": 42, ""playbook_playbook10.asl"": 42, ""playbook_playbook11.asl"": 42, ""playbook_playbook12.asl"": 42, ""playbook_playbook13.asl"": 42, ""playbook_playbook14.asl"": 42, ""playbook_playbook15.asl"": 42, ""playbook_playbook16.asl"": 42, ""playbook_playbook17.asl"": 42, ""playbook_playbook18.asl"": 42, ""playbook_playbook19.asl"": 42, ""playbook_playbook2.asl"": 42, ""playbook_playbook20.asl"": 42, ""playbook_playbook21.asl"": 42, ""playbook_playbook22.asl"": 42, ""playbook_playbook23.asl"": 42, ""playbook_playbook24.asl"": 42, ""playbook_playbook25.asl"": 42, ""playbook_playbook26.asl"": 42, ""playbook_playbook27.asl"": 42, ""playbook_playbook28.asl"": 42, ""playbook_playbook29.asl"": 42, ""playbook_playbook3.asl"": 42, ""playbook_playbook30.asl"": 42, ""playbook_playbook31.asl"": 42, ""playbook_playbook32.asl"": 42, ""playbook_playbook33.asl"": 42, ""playbook_playbook34.asl"": 42, ""playbook_playbook35.asl"": 42, ""playbook_playbook36.asl"": 42, ""playbook_playbook37.asl"": 42, ""playbook_playbook38.asl"": 42, ""playbook_playbook39.asl"": 42, ""playbook_playbook4.asl"": 42, ""playbook_playbook40.asl"": 42, ""playbook_playbook41.asl"": 42, ""playbook_playbook42.asl"": 42, ""playbook_playbook43.asl"": 42, ""playbook_playbook44.asl"": 42, ""playbook_playbook45.asl"": 42, ""playbook_playbook46.asl"": 42, ""playbook_playbook47.asl"": 42, ""playbook_playbook48.asl"": 42, ""playbook_playbook49.asl"": 42, ""playbook_playbook5.asl"": 42, ""playbook_playbook6.asl"": 42, ""playbook_playbook7.asl"": 42, ""playbook_playbook8.asl"": 42, ""playbook_playbook9.asl"": 42, ""director_mainplot.asl"": 149, ""role_mainplot_role0.asl"": 34, ""role_mainplot_role1.asl"": 34}",1.4581497797356828,0.07108130800043,0.0007007290005276445,2.986586570739746,True,48,0
interaction_dense_ai,111,Linux 7.2.3-arch1-2,x86_64,24,30.44,3.14.7,10,10,5,50,2,1,10,2,2,0,0,42,1589,31861,53,2317,"{""playbook_playbook0.asl"": 42, ""playbook_playbook1.asl"": 42, ""playbook_playbook10.asl"": 42, ""playbook_playbook11.asl"": 42, ""playbook_playbook12.asl"": 42, ""playbook_playbook13.asl"": 42, ""playbook_playbook14.asl"": 42, ""playbook_playbook15.asl"": 42, ""playbook_playbook16.asl"": 42, ""playbook_playbook17.asl"": 42, ""playbook_playbook18.asl"": 42, ""playbook_playbook19.asl"": 42, ""playbook_playbook2.asl"": 42, ""playbook_playbook20.asl"": 42, ""playbook_playbook21.asl"": 42, ""playbook_playbook22.asl"": 42, ""playbook_playbook23.asl"": 42, ""playbook_playbook24.asl"": 42, ""playbook_playbook25.asl"": 42, ""playbook_playbook26.asl"": 42, ""playbook_playbook27.asl"": 42, ""playbook_playbook28.asl"": 42, ""playbook_playbook29.asl"": 42, ""playbook_playbook3.asl"": 42, ""playbook_playbook30.asl"": 42, ""playbook_playbook31.asl"": 42, ""playbook_playbook32.asl"": 42, ""playbook_playbook33.asl"": 42, ""playbook_playbook34.asl"": 42, ""playbook_playbook35.asl"": 42, ""playbook_playbook36.asl"": 42, ""playbook_playbook37.asl"": 42, ""playbook_playbook38.asl"": 42, ""playbook_playbook39.asl"": 42, ""playbook_playbook4.asl"": 42, ""playbook_playbook40.asl"": 42, ""playbook_playbook41.asl"": 42, ""playbook_playbook42.asl"": 42, ""playbook_playbook43.asl"": 42, ""playbook_playbook44.asl"": 42, ""playbook_playbook45.asl"": 42, ""playbook_playbook46.asl"": 42, ""playbook_playbook47.asl"": 42, ""playbook_playbook48.asl"": 42, ""playbook_playbook49.asl"": 42, ""playbook_playbook5.asl"": 42, ""playbook_playbook6.asl"": 42, ""playbook_playbook7.asl"": 42, ""playbook_playbook8.asl"": 42, ""playbook_playbook9.asl"": 42, ""director_mainplot.asl"": 149, ""role_mainplot_role0.asl"": 34, ""role_mainplot_role1.asl"": 34}",1.4581497797356828,0.07301389399981417,0.0006947580004634801,2.986586570739746,True,48,0
interaction_dense_ai,112,Linux 7.2.3-arch1-2,x86_64,24,30.44,3.14.7,10,10,5,50,2,1,10,2,2,0,0,42,1589,31861,53,2317,"{""playbook_playbook0.asl"": 42, ""playbook_playbook1.asl"": 42, ""playbook_playbook10.asl"": 42, ""playbook_playbook11.asl"": 42, ""playbook_playbook12.asl"": 42, ""playbook_playbook13.asl"": 42, ""playbook_playbook14.asl"": 42, ""playbook_playbook15.asl"": 42, ""playbook_playbook16.asl"": 42, ""playbook_playbook17.asl"": 42, ""playbook_playbook18.asl"": 42, ""playbook_playbook19.asl"": 42, ""playbook_playbook2.asl"": 42, ""playbook_playbook20.asl"": 42, ""playbook_playbook21.asl"": 42, ""playbook_playbook22.asl"": 42, ""playbook_playbook23.asl"": 42, ""playbook_playbook24.asl"": 42, ""playbook_playbook25.asl"": 42, ""playbook_playbook26.asl"": 42, ""playbook_playbook27.asl"": 42, ""playbook_playbook28.asl"": 42, ""playbook_playbook29.asl"": 42, ""playbook_playbook3.asl"": 42, ""playbook_playbook30.asl"": 42, ""playbook_playbook31.asl"": 42, ""playbook_playbook32.asl"": 42, ""playbook_playbook33.asl"": 42, ""playbook_playbook34.asl"": 42, ""playbook_playbook35.asl"": 42, ""playbook_playbook36.asl"": 42, ""playbook_playbook37.asl"": 42, ""playbook_playbook38.asl"": 42, ""playbook_playbook39.asl"": 42, ""playbook_playbook4.asl"": 42, ""playbook_playbook40.asl"": 42, ""playbook_playbook41.asl"": 42, ""playbook_playbook42.asl"": 42, ""playbook_playbook43.asl"": 42, ""playbook_playbook44.asl"": 42, ""playbook_playbook45.asl"": 42, ""playbook_playbook46.asl"": 42, ""playbook_playbook47.asl"": 42, ""playbook_playbook48.asl"": 42, ""playbook_playbook49.asl"": 42, ""playbook_playbook5.asl"": 42, ""playbook_playbook6.asl"": 42, ""playbook_playbook7.asl"": 42, ""playbook_playbook8.asl"": 42, ""playbook_playbook9.asl"": 42, ""director_mainplot.asl"": 149, ""role_mainplot_role0.asl"": 34, ""role_mainplot_role1.asl"": 34}",1.4581497797356828,0.07120280799972534,0.0007012490004854044,2.986586570739746,True,48,0
interaction_dense_ai,113,Linux 7.2.3-arch1-2,x86_64,24,30.44,3.14.7,10,10,5,50,2,1,10,2,2,0,0,42,1589,31861,53,2317,"{""playbook_playbook0.asl"": 42, ""playbook_playbook1.asl"": 42, ""playbook_playbook10.asl"": 42, ""playbook_playbook11.asl"": 42, ""playbook_playbook12.asl"": 42, ""playbook_playbook13.asl"": 42, ""playbook_playbook14.asl"": 42, ""playbook_playbook15.asl"": 42, ""playbook_playbook16.asl"": 42, ""playbook_playbook17.asl"": 42, ""playbook_playbook18.asl"": 42, ""playbook_playbook19.asl"": 42, ""playbook_playbook2.asl"": 42, ""playbook_playbook20.asl"": 42, ""playbook_playbook21.asl"": 42, ""playbook_playbook22.asl"": 42, ""playbook_playbook23.asl"": 42, ""playbook_playbook24.asl"": 42, ""playbook_playbook25.asl"": 42, ""playbook_playbook26.asl"": 42, ""playbook_playbook27.asl"": 42, ""playbook_playbook28.asl"": 42, ""playbook_playbook29.asl"": 42, ""playbook_playbook3.asl"": 42, ""playbook_playbook30.asl"": 42, ""playbook_playbook31.asl"": 42, ""playbook_playbook32.asl"": 42, ""playbook_playbook33.asl"": 42, ""playbook_playbook34.asl"": 42, ""playbook_playbook35.asl"": 42, ""playbook_playbook36.asl"": 42, ""playbook_playbook37.asl"": 42, ""playbook_playbook38.asl"": 42, ""playbook_playbook39.asl"": 42, ""playbook_playbook4.asl"": 42, ""playbook_playbook40.asl"": 42, ""playbook_playbook41.asl"": 42, ""playbook_playbook42.asl"": 42, ""playbook_playbook43.asl"": 42, ""playbook_playbook44.asl"": 42, ""playbook_playbook45.asl"": 42, ""playbook_playbook46.asl"": 42, ""playbook_playbook47.asl"": 42, ""playbook_playbook48.asl"": 42, ""playbook_playbook49.asl"": 42, ""playbook_playbook5.asl"": 42, ""playbook_playbook6.asl"": 42, ""playbook_playbook7.asl"": 42, ""playbook_playbook8.asl"": 42, ""playbook_playbook9.asl"": 42, ""director_mainplot.asl"": 149, ""role_mainplot_role0.asl"": 34, ""role_mainplot_role1.asl"": 34}",1.4581497797356828,0.0713111069999286,0.0007023690013738815,2.986586570739746,True,48,0
interaction_dense_ai,114,Linux 7.2.3-arch1-2,x86_64,24,30.44,3.14.7,10,10,5,50,2,1,10,2,2,0,0,42,1589,31861,53,2317,"{""playbook_playbook0.asl"": 42, ""playbook_playbook1.asl"": 42, ""playbook_playbook10.asl"": 42, ""playbook_playbook11.asl"": 42, ""playbook_playbook12.asl"": 42, ""playbook_playbook13.asl"": 42, ""playbook_playbook14.asl"": 42, ""playbook_playbook15.asl"": 42, ""playbook_playbook16.asl"": 42, ""playbook_playbook17.asl"": 42, ""playbook_playbook18.asl"": 42, ""playbook_playbook19.asl"": 42, ""playbook_playbook2.asl"": 42, ""playbook_playbook20.asl"": 42, ""playbook_playbook21.asl"": 42, ""playbook_playbook22.asl"": 42, ""playbook_playbook23.asl"": 42, ""playbook_playbook24.asl"": 42, ""playbook_playbook25.asl"": 42, ""playbook_playbook26.asl"": 42, ""playbook_playbook27.asl"": 42, ""playbook_playbook28.asl"": 42, ""playbook_playbook29.asl"": 42, ""playbook_playbook3.asl"": 42, ""playbook_playbook30.asl"": 42, ""playbook_playbook31.asl"": 42, ""playbook_playbook32.asl"": 42, ""playbook_playbook33.asl"": 42, ""playbook_playbook34.asl"": 42, ""playbook_playbook35.asl"": 42, ""playbook_playbook36.asl"": 42, ""playbook_playbook37.asl"": 42, ""playbook_playbook38.asl"": 42, ""playbook_playbook39.asl"": 42, ""playbook_playbook4.asl"": 42, ""playbook_playbook40.asl"": 42, ""playbook_playbook41.asl"": 42, ""playbook_playbook42.asl"": 42, ""playbook_playbook43.asl"": 42, ""playbook_playbook44.asl"": 42, ""playbook_playbook45.asl"": 42, ""playbook_playbook46.asl"": 42, ""playbook_playbook47.asl"": 42, ""playbook_playbook48.asl"": 42, ""playbook_playbook49.asl"": 42, ""playbook_playbook5.asl"": 42, ""playbook_playbook6.asl"": 42, ""playbook_playbook7.asl"": 42, ""playbook_playbook8.asl"": 42, ""playbook_playbook9.asl"": 42, ""director_mainplot.asl"": 149, ""role_mainplot_role0.asl"": 34, ""role_mainplot_role1.asl"": 34}",1.4581497797356828,0.0701596189992415,0.00067960900014441,2.986586570739746,True,48,0
interaction_dense_ai,115,Linux 7.2.3-arch1-2,x86_64,24,30.44,3.14.7,10,10,5,50,2,1,25,2,2,0,0,42,3089,64861,53,3817,"{""playbook_playbook0.asl"": 72, ""playbook_playbook1.asl"": 72, ""playbook_playbook10.asl"": 72, ""playbook_playbook11.asl"": 72, ""playbook_playbook12.asl"": 72, ""playbook_playbook13.asl"": 72, ""playbook_playbook14.asl"": 72, ""playbook_playbook15.asl"": 72, ""playbook_playbook16.asl"": 72, ""playbook_playbook17.asl"": 72, ""playbook_playbook18.asl"": 72, ""playbook_playbook19.asl"": 72, ""playbook_playbook2.asl"": 72, ""playbook_playbook20.asl"": 72, ""playbook_playbook21.asl"": 72, ""playbook_playbook22.asl"": 72, ""playbook_playbook23.asl"": 72, ""playbook_playbook24.asl"": 72, ""playbook_playbook25.asl"": 72, ""playbook_playbook26.asl"": 72, ""playbook_playbook27.asl"": 72, ""playbook_playbook28.asl"": 72, ""playbook_playbook29.asl"": 72, ""playbook_playbook3.asl"": 72, ""playbook_playbook30.asl"": 72, ""playbook_playbook31.asl"": 72, ""playbook_playbook32.asl"": 72, ""playbook_playbook33.asl"": 72, ""playbook_playbook34.asl"": 72, ""playbook_playbook35.asl"": 72, ""playbook_playbook36.asl"": 72, ""playbook_playbook37.asl"": 72, ""playbook_playbook38.asl"": 72, ""playbook_playbook39.asl"": 72, ""playbook_playbook4.asl"": 72, ""playbook_playbook40.asl"": 72, ""playbook_playbook41.asl"": 72, ""playbook_playbook42.asl"": 72, ""playbook_playbook43.asl"": 72, ""playbook_playbook44.asl"": 72, ""playbook_playbook45.asl"": 72, ""playbook_playbook46.asl"": 72, ""playbook_playbook47.asl"": 72, ""playbook_playbook48.asl"": 72, ""playbook_playbook49.asl"": 72, ""playbook_playbook5.asl"": 72, ""playbook_playbook6.asl"": 72, ""playbook_playbook7.asl"": 72, ""playbook_playbook8.asl"": 72, ""playbook_playbook9.asl"": 72, ""director_mainplot.asl"": 149, ""role_mainplot_role0.asl"": 34, ""role_mainplot_role1.asl"": 34}",1.2356749757202978,0.14116693699907046,0.0006999690012889914,6.100478172302246,True,48,0
interaction_dense_ai,116,Linux 7.2.3-arch1-2,x86_64,24,30.44,3.14.7,10,10,5,50,2,1,25,2,2,0,0,42,3089,64861,53,3817,"{""playbook_playbook0.asl"": 72, ""playbook_playbook1.asl"": 72, ""playbook_playbook10.asl"": 72, ""playbook_playbook11.asl"": 72, ""playbook_playbook12.asl"": 72, ""playbook_playbook13.asl"": 72, ""playbook_playbook14.asl"": 72, ""playbook_playbook15.asl"": 72, ""playbook_playbook16.asl"": 72, ""playbook_playbook17.asl"": 72, ""playbook_playbook18.asl"": 72, ""playbook_playbook19.asl"": 72, ""playbook_playbook2.asl"": 72, ""playbook_playbook20.asl"": 72, ""playbook_playbook21.asl"": 72, ""playbook_playbook22.asl"": 72, ""playbook_playbook23.asl"": 72, ""playbook_playbook24.asl"": 72, ""playbook_playbook25.asl"": 72, ""playbook_playbook26.asl"": 72, ""playbook_playbook27.asl"": 72, ""playbook_playbook28.asl"": 72, ""playbook_playbook29.asl"": 72, ""playbook_playbook3.asl"": 72, ""playbook_playbook30.asl"": 72, ""playbook_playbook31.asl"": 72, ""playbook_playbook32.asl"": 72, ""playbook_playbook33.asl"": 72, ""playbook_playbook34.asl"": 72, ""playbook_playbook35.asl"": 72, ""playbook_playbook36.asl"": 72, ""playbook_playbook37.asl"": 72, ""playbook_playbook38.asl"": 72, ""playbook_playbook39.asl"": 72, ""playbook_playbook4.asl"": 72, ""playbook_playbook40.asl"": 72, ""playbook_playbook41.asl"": 72, ""playbook_playbook42.asl"": 72, ""playbook_playbook43.asl"": 72, ""playbook_playbook44.asl"": 72, ""playbook_playbook45.asl"": 72, ""playbook_playbook46.asl"": 72, ""playbook_playbook47.asl"": 72, ""playbook_playbook48.asl"": 72, ""playbook_playbook49.asl"": 72, ""playbook_playbook5.asl"": 72, ""playbook_playbook6.asl"": 72, ""playbook_playbook7.asl"": 72, ""playbook_playbook8.asl"": 72, ""playbook_playbook9.asl"": 72, ""director_mainplot.asl"": 149, ""role_mainplot_role0.asl"": 34, ""role_mainplot_role1.asl"": 34}",1.2356749757202978,0.13981805000003078,0.0007131689999368973,6.100478172302246,True,48,0
interaction_dense_ai,117,Linux 7.2.3-arch1-2,x86_64,24,30.44,3.14.7,10,10,5,50,2,1,25,2,2,0,0,42,3089,64861,53,3817,"{""playbook_playbook0.asl"": 72, ""playbook_playbook1.asl"": 72, ""playbook_playbook10.asl"": 72, ""playbook_playbook11.asl"": 72, ""playbook_playbook12.asl"": 72, ""playbook_playbook13.asl"": 72, ""playbook_playbook14.asl"": 72, ""playbook_playbook15.asl"": 72, ""playbook_playbook16.asl"": 72, ""playbook_playbook17.asl"": 72, ""playbook_playbook18.asl"": 72, ""playbook_playbook19.asl"": 72, ""playbook_playbook2.asl"": 72, ""playbook_playbook20.asl"": 72, ""playbook_playbook21.asl"": 72, ""playbook_playbook22.asl"": 72, ""playbook_playbook23.asl"": 72, ""playbook_playbook24.asl"": 72, ""playbook_playbook25.asl"": 72, ""playbook_playbook26.asl"": 72, ""playbook_playbook27.asl"": 72, ""playbook_playbook28.asl"": 72, ""playbook_playbook29.asl"": 72, ""playbook_playbook3.asl"": 72, ""playbook_playbook30.asl"": 72, ""playbook_playbook31.asl"": 72, ""playbook_playbook32.asl"": 72, ""playbook_playbook33.asl"": 72, ""playbook_playbook34.asl"": 72, ""playbook_playbook35.asl"": 72, ""playbook_playbook36.asl"": 72, ""playbook_playbook37.asl"": 72, ""playbook_playbook38.asl"": 72, ""playbook_playbook39.asl"": 72, ""playbook_playbook4.asl"": 72, ""playbook_playbook40.asl"": 72, ""playbook_playbook41.asl"": 72, ""playbook_playbook42.asl"": 72, ""playbook_playbook43.asl"": 72, ""playbook_playbook44.asl"": 72, ""playbook_playbook45.asl"": 72, ""playbook_playbook46.asl"": 72, ""playbook_playbook47.asl"": 72, ""playbook_playbook48.asl"": 72, ""playbook_playbook49.asl"": 72, ""playbook_playbook5.asl"": 72, ""playbook_playbook6.asl"": 72, ""playbook_playbook7.asl"": 72, ""playbook_playbook8.asl"": 72, ""playbook_playbook9.asl"": 72, ""director_mainplot.asl"": 149, ""role_mainplot_role0.asl"": 34, ""role_mainplot_role1.asl"": 34}",1.2356749757202978,0.1407903780000197,0.0006997790005698334,6.100478172302246,True,48,0
interaction_dense_ai,118,Linux 7.2.3-arch1-2,x86_64,24,30.44,3.14.7,10,10,5,50,2,1,25,2,2,0,0,42,3089,64861,53,3817,"{""playbook_playbook0.asl"": 72, ""playbook_playbook1.asl"": 72, ""playbook_playbook10.asl"": 72, ""playbook_playbook11.asl"": 72, ""playbook_playbook12.asl"": 72, ""playbook_playbook13.asl"": 72, ""playbook_playbook14.asl"": 72, ""playbook_playbook15.asl"": 72, ""playbook_playbook16.asl"": 72, ""playbook_playbook17.asl"": 72, ""playbook_playbook18.asl"": 72, ""playbook_playbook19.asl"": 72, ""playbook_playbook2.asl"": 72, ""playbook_playbook20.asl"": 72, ""playbook_playbook21.asl"": 72, ""playbook_playbook22.asl"": 72, ""playbook_playbook23.asl"": 72, ""playbook_playbook24.asl"": 72, ""playbook_playbook25.asl"": 72, ""playbook_playbook26.asl"": 72, ""playbook_playbook27.asl"": 72, ""playbook_playbook28.asl"": 72, ""playbook_playbook29.asl"": 72, ""playbook_playbook3.asl"": 72, ""playbook_playbook30.asl"": 72, ""playbook_playbook31.asl"": 72, ""playbook_playbook32.asl"": 72, ""playbook_playbook33.asl"": 72, ""playbook_playbook34.asl"": 72, ""playbook_playbook35.asl"": 72, ""playbook_playbook36.asl"": 72, ""playbook_playbook37.asl"": 72, ""playbook_playbook38.asl"": 72, ""playbook_playbook39.asl"": 72, ""playbook_playbook4.asl"": 72, ""playbook_playbook40.asl"": 72, ""playbook_playbook41.asl"": 72, ""playbook_playbook42.asl"": 72, ""playbook_playbook43.asl"": 72, ""playbook_playbook44.asl"": 72, ""playbook_playbook45.asl"": 72, ""playbook_playbook46.asl"": 72, ""playbook_playbook47.asl"": 72, ""playbook_playbook48.asl"": 72, ""playbook_playbook49.asl"": 72, ""playbook_playbook5.asl"": 72, ""playbook_playbook6.asl"": 72, ""playbook_playbook7.asl"": 72, ""playbook_playbook8.asl"": 72, ""playbook_playbook9.asl"": 72, ""director_mainplot.asl"": 149, ""role_mainplot_role0.asl"": 34, ""role_mainplot_role1.asl"": 34}",1.2356749757202978,0.1430737130012858,0.0007151289992179954,6.100478172302246,True,48,0
interaction_dense_ai,119,Linux 7.2.3-arch1-2,x86_64,24,30.44,3.14.7,10,10,5,50,2,1,25,2,2,0,0,42,3089,64861,53,3817,"{""playbook_playbook0.asl"": 72, ""playbook_playbook1.asl"": 72, ""playbook_playbook10.asl"": 72, ""playbook_playbook11.asl"": 72, ""playbook_playbook12.asl"": 72, ""playbook_playbook13.asl"": 72, ""playbook_playbook14.asl"": 72, ""playbook_playbook15.asl"": 72, ""playbook_playbook16.asl"": 72, ""playbook_playbook17.asl"": 72, ""playbook_playbook18.asl"": 72, ""playbook_playbook19.asl"": 72, ""playbook_playbook2.asl"": 72, ""playbook_playbook20.asl"": 72, ""playbook_playbook21.asl"": 72, ""playbook_playbook22.asl"": 72, ""playbook_playbook23.asl"": 72, ""playbook_playbook24.asl"": 72, ""playbook_playbook25.asl"": 72, ""playbook_playbook26.asl"": 72, ""playbook_playbook27.asl"": 72, ""playbook_playbook28.asl"": 72, ""playbook_playbook29.asl"": 72, ""playbook_playbook3.asl"": 72, ""playbook_playbook30.asl"": 72, ""playbook_playbook31.asl"": 72, ""playbook_playbook32.asl"": 72, ""playbook_playbook33.asl"": 72, ""playbook_playbook34.asl"": 72, ""playbook_playbook35.asl"": 72, ""playbook_playbook36.asl"": 72, ""playbook_playbook37.asl"": 72, ""playbook_playbook38.asl"": 72, ""playbook_playbook39.asl"": 72, ""playbook_playbook4.asl"": 72, ""playbook_playbook40.asl"": 72, ""playbook_playbook41.asl"": 72, ""playbook_playbook42.asl"": 72, ""playbook_playbook43.asl"": 72, ""playbook_playbook44.asl"": 72, ""playbook_playbook45.asl"": 72, ""playbook_playbook46.asl"": 72, ""playbook_playbook47.asl"": 72, ""playbook_playbook48.asl"": 72, ""playbook_playbook49.asl"": 72, ""playbook_playbook5.asl"": 72, ""playbook_playbook6.asl"": 72, ""playbook_playbook7.asl"": 72, ""playbook_playbook8.asl"": 72, ""playbook_playbook9.asl"": 72, ""director_mainplot.asl"": 149, ""role_mainplot_role0.asl"": 34, ""role_mainplot_role1.asl"": 34}",1.2356749757202978,0.1393638709996594,0.0007140580000850605,6.100478172302246,True,48,0
interaction_dense_ai,120,Linux 7.2.3-arch1-2,x86_64,24,30.44,3.14.7,10,10,5,50,2,1,50,2,2,0,0,42,5589,119861,53,6317,"{""playbook_playbook0.asl"": 122, ""playbook_playbook1.asl"": 122, ""playbook_playbook10.asl"": 122, ""playbook_playbook11.asl"": 122, ""playbook_playbook12.asl"": 122, ""playbook_playbook13.asl"": 122, ""playbook_playbook14.asl"": 122, ""playbook_playbook15.asl"": 122, ""playbook_playbook16.asl"": 122, ""playbook_playbook17.asl"": 122, ""playbook_playbook18.asl"": 122, ""playbook_playbook19.asl"": 122, ""playbook_playbook2.asl"": 122, ""playbook_playbook20.asl"": 122, ""playbook_playbook21.asl"": 122, ""playbook_playbook22.asl"": 122, ""playbook_playbook23.asl"": 122, ""playbook_playbook24.asl"": 122, ""playbook_playbook25.asl"": 122, ""playbook_playbook26.asl"": 122, ""playbook_playbook27.asl"": 122, ""playbook_playbook28.asl"": 122, ""playbook_playbook29.asl"": 122, ""playbook_playbook3.asl"": 122, ""playbook_playbook30.asl"": 122, ""playbook_playbook31.asl"": 122, ""playbook_playbook32.asl"": 122, ""playbook_playbook33.asl"": 122, ""playbook_playbook34.asl"": 122, ""playbook_playbook35.asl"": 122, ""playbook_playbook36.asl"": 122, ""playbook_playbook37.asl"": 122, ""playbook_playbook38.asl"": 122, ""playbook_playbook39.asl"": 122, ""playbook_playbook4.asl"": 122, ""playbook_playbook40.asl"": 122, ""playbook_playbook41.asl"": 122, ""playbook_playbook42.asl"": 122, ""playbook_playbook43.asl"": 122, ""playbook_playbook44.asl"": 122, ""playbook_playbook45.asl"": 122, ""playbook_playbook46.asl"": 122, ""playbook_playbook47.asl"": 122, ""playbook_playbook48.asl"": 122, ""playbook_playbook49.asl"": 122, ""playbook_playbook5.asl"": 122, ""playbook_playbook6.asl"": 122, ""playbook_playbook7.asl"": 122, ""playbook_playbook8.asl"": 122, ""playbook_playbook9.asl"": 122, ""director_mainplot.asl"": 149, ""role_mainplot_role0.asl"": 34, ""role_mainplot_role1.asl"": 34}",1.1302558597244587,0.26276502099972276,0.0007542389994341647,11.287947654724121,True,48,0
interaction_dense_ai,121,Linux 7.2.3-arch1-2,x86_64,24,30.44,3.14.7,10,10,5,50,2,1,50,2,2,0,0,42,5589,119861,53,6317,"{""playbook_playbook0.asl"": 122, ""playbook_playbook1.asl"": 122, ""playbook_playbook10.asl"": 122, ""playbook_playbook11.asl"": 122, ""playbook_playbook12.asl"": 122, ""playbook_playbook13.asl"": 122, ""playbook_playbook14.asl"": 122, ""playbook_playbook15.asl"": 122, ""playbook_playbook16.asl"": 122, ""playbook_playbook17.asl"": 122, ""playbook_playbook18.asl"": 122, ""playbook_playbook19.asl"": 122, ""playbook_playbook2.asl"": 122, ""playbook_playbook20.asl"": 122, ""playbook_playbook21.asl"": 122, ""playbook_playbook22.asl"": 122, ""playbook_playbook23.asl"": 122, ""playbook_playbook24.asl"": 122, ""playbook_playbook25.asl"": 122, ""playbook_playbook26.asl"": 122, ""playbook_playbook27.asl"": 122, ""playbook_playbook28.asl"": 122, ""playbook_playbook29.asl"": 122, ""playbook_playbook3.asl"": 122, ""playbook_playbook30.asl"": 122, ""playbook_playbook31.asl"": 122, ""playbook_playbook32.asl"": 122, ""playbook_playbook33.asl"": 122, ""playbook_playbook34.asl"": 122, ""playbook_playbook35.asl"": 122, ""playbook_playbook36.asl"": 122, ""playbook_playbook37.asl"": 122, ""playbook_playbook38.asl"": 122, ""playbook_playbook39.asl"": 122, ""playbook_playbook4.asl"": 122, ""playbook_playbook40.asl"": 122, ""playbook_playbook41.asl"": 122, ""playbook_playbook42.asl"": 122, ""playbook_playbook43.asl"": 122, ""playbook_playbook44.asl"": 122, ""playbook_playbook45.asl"": 122, ""playbook_playbook46.asl"": 122, ""playbook_playbook47.asl"": 122, ""playbook_playbook48.asl"": 122, ""playbook_playbook49.asl"": 122, ""playbook_playbook5.asl"": 122, ""playbook_playbook6.asl"": 122, ""playbook_playbook7.asl"": 122, ""playbook_playbook8.asl"": 122, ""playbook_playbook9.asl"": 122, ""director_mainplot.asl"": 149, ""role_mainplot_role0.asl"": 34, ""role_mainplot_role1.asl"": 34}",1.1302558597244587,0.26474007700016955,0.00073113899998134,11.287947654724121,True,48,0
interaction_dense_ai,122,Linux 7.2.3-arch1-2,x86_64,24,30.44,3.14.7,10,10,5,50,2,1,50,2,2,0,0,42,5589,119861,53,6317,"{""playbook_playbook0.asl"": 122, ""playbook_playbook1.asl"": 122, ""playbook_playbook10.asl"": 122, ""playbook_playbook11.asl"": 122, ""playbook_playbook12.asl"": 122, ""playbook_playbook13.asl"": 122, ""playbook_playbook14.asl"": 122, ""playbook_playbook15.asl"": 122, ""playbook_playbook16.asl"": 122, ""playbook_playbook17.asl"": 122, ""playbook_playbook18.asl"": 122, ""playbook_playbook19.asl"": 122, ""playbook_playbook2.asl"": 122, ""playbook_playbook20.asl"": 122, ""playbook_playbook21.asl"": 122, ""playbook_playbook22.asl"": 122, ""playbook_playbook23.asl"": 122, ""playbook_playbook24.asl"": 122, ""playbook_playbook25.asl"": 122, ""playbook_playbook26.asl"": 122, ""playbook_playbook27.asl"": 122, ""playbook_playbook28.asl"": 122, ""playbook_playbook29.asl"": 122, ""playbook_playbook3.asl"": 122, ""playbook_playbook30.asl"": 122, ""playbook_playbook31.asl"": 122, ""playbook_playbook32.asl"": 122, ""playbook_playbook33.asl"": 122, ""playbook_playbook34.asl"": 122, ""playbook_playbook35.asl"": 122, ""playbook_playbook36.asl"": 122, ""playbook_playbook37.asl"": 122, ""playbook_playbook38.asl"": 122, ""playbook_playbook39.asl"": 122, ""playbook_playbook4.asl"": 122, ""playbook_playbook40.asl"": 122, ""playbook_playbook41.asl"": 122, ""playbook_playbook42.asl"": 122, ""playbook_playbook43.asl"": 122, ""playbook_playbook44.asl"": 122, ""playbook_playbook45.asl"": 122, ""playbook_playbook46.asl"": 122, ""playbook_playbook47.asl"": 122, ""playbook_playbook48.asl"": 122, ""playbook_playbook49.asl"": 122, ""playbook_playbook5.asl"": 122, ""playbook_playbook6.asl"": 122, ""playbook_playbook7.asl"": 122, ""playbook_playbook8.asl"": 122, ""playbook_playbook9.asl"": 122, ""director_mainplot.asl"": 149, ""role_mainplot_role0.asl"": 34, ""role_mainplot_role1.asl"": 34}",1.1302558597244587,0.265672135999921,0.0007302190006157616,11.287947654724121,True,48,0
interaction_dense_ai,123,Linux 7.2.3-arch1-2,x86_64,24,30.44,3.14.7,10,10,5,50,2,1,50,2,2,0,0,42,5589,119861,53,6317,"{""playbook_playbook0.asl"": 122, ""playbook_playbook1.asl"": 122, ""playbook_playbook10.asl"": 122, ""playbook_playbook11.asl"": 122, ""playbook_playbook12.asl"": 122, ""playbook_playbook13.asl"": 122, ""playbook_playbook14.asl"": 122, ""playbook_playbook15.asl"": 122, ""playbook_playbook16.asl"": 122, ""playbook_playbook17.asl"": 122, ""playbook_playbook18.asl"": 122, ""playbook_playbook19.asl"": 122, ""playbook_playbook2.asl"": 122, ""playbook_playbook20.asl"": 122, ""playbook_playbook21.asl"": 122, ""playbook_playbook22.asl"": 122, ""playbook_playbook23.asl"": 122, ""playbook_playbook24.asl"": 122, ""playbook_playbook25.asl"": 122, ""playbook_playbook26.asl"": 122, ""playbook_playbook27.asl"": 122, ""playbook_playbook28.asl"": 122, ""playbook_playbook29.asl"": 122, ""playbook_playbook3.asl"": 122, ""playbook_playbook30.asl"": 122, ""playbook_playbook31.asl"": 122, ""playbook_playbook32.asl"": 122, ""playbook_playbook33.asl"": 122, ""playbook_playbook34.asl"": 122, ""playbook_playbook35.asl"": 122, ""playbook_playbook36.asl"": 122, ""playbook_playbook37.asl"": 122, ""playbook_playbook38.asl"": 122, ""playbook_playbook39.asl"": 122, ""playbook_playbook4.asl"": 122, ""playbook_playbook40.asl"": 122, ""playbook_playbook41.asl"": 122, ""playbook_playbook42.asl"": 122, ""playbook_playbook43.asl"": 122, ""playbook_playbook44.asl"": 122, ""playbook_playbook45.asl"": 122, ""playbook_playbook46.asl"": 122, ""playbook_playbook47.asl"": 122, ""playbook_playbook48.asl"": 122, ""playbook_playbook49.asl"": 122, ""playbook_playbook5.asl"": 122, ""playbook_playbook6.asl"": 122, ""playbook_playbook7.asl"": 122, ""playbook_playbook8.asl"": 122, ""playbook_playbook9.asl"": 122, ""director_mainplot.asl"": 149, ""role_mainplot_role0.asl"": 34, ""role_mainplot_role1.asl"": 34}",1.1302558597244587,0.2648988159999135,0.000743227999919327,11.287947654724121,True,48,0
interaction_dense_ai,124,Linux 7.2.3-arch1-2,x86_64,24,30.44,3.14.7,10,10,5,50,2,1,50,2,2,0,0,42,5589,119861,53,6317,"{""playbook_playbook0.asl"": 122, ""playbook_playbook1.asl"": 122, ""playbook_playbook10.asl"": 122, ""playbook_playbook11.asl"": 122, ""playbook_playbook12.asl"": 122, ""playbook_playbook13.asl"": 122, ""playbook_playbook14.asl"": 122, ""playbook_playbook15.asl"": 122, ""playbook_playbook16.asl"": 122, ""playbook_playbook17.asl"": 122, ""playbook_playbook18.asl"": 122, ""playbook_playbook19.asl"": 122, ""playbook_playbook2.asl"": 122, ""playbook_playbook20.asl"": 122, ""playbook_playbook21.asl"": 122, ""playbook_playbook22.asl"": 122, ""playbook_playbook23.asl"": 122, ""playbook_playbook24.asl"": 122, ""playbook_playbook25.asl"": 122, ""playbook_playbook26.asl"": 122, ""playbook_playbook27.asl"": 122, ""playbook_playbook28.asl"": 122, ""playbook_playbook29.asl"": 122, ""playbook_playbook3.asl"": 122, ""playbook_playbook30.asl"": 122, ""playbook_playbook31.asl"": 122, ""playbook_playbook32.asl"": 122, ""playbook_playbook33.asl"": 122, ""playbook_playbook34.asl"": 122, ""playbook_playbook35.asl"": 122, ""playbook_playbook36.asl"": 122, ""playbook_playbook37.asl"": 122, ""playbook_playbook38.asl"": 122, ""playbook_playbook39.asl"": 122, ""playbook_playbook4.asl"": 122, ""playbook_playbook40.asl"": 122, ""playbook_playbook41.asl"": 122, ""playbook_playbook42.asl"": 122, ""playbook_playbook43.asl"": 122, ""playbook_playbook44.asl"": 122, ""playbook_playbook45.asl"": 122, ""playbook_playbook46.asl"": 122, ""playbook_playbook47.asl"": 122, ""playbook_playbook48.asl"": 122, ""playbook_playbook49.asl"": 122, ""playbook_playbook5.asl"": 122, ""playbook_playbook6.asl"": 122, ""playbook_playbook7.asl"": 122, ""playbook_playbook8.asl"": 122, ""playbook_playbook9.asl"": 122, ""director_mainplot.asl"": 149, ""role_mainplot_role0.asl"": 34, ""role_mainplot_role1.asl"": 34}",1.1302558597244587,0.2568231219993322,0.0007381089999398682,11.287947654724121,True,48,0
