experiment,run_id,sys_os,sys_cpu,sys_cores,sys_ram_gb,sys_python,n_actions,n_events,n_facts,n_playbooks,n_plans_per_playbook,n_branches_per_plan,n_stmts_per_branch,n_roles,n_phases,n_subplot_breadth,n_subplot_depth,seed,input_loc,input_bytes,output_files,output_loc_total,output_loc_per_file,loc_ratio,compile_time_s,io_time_s,peak_ram_mb,success,warning_count,error_count
grid_phases_roles,0,Linux 7.2.3-arch1-2,x86_64,24,30.44,3.14.7,10,10,5,2,2,1,2,1,1,0,0,42,98,1789,4,220,"{""playbook_playbook0.asl"": 26, ""playbook_playbook1.asl"": 26, ""director_mainplot.asl"": 134, ""role_mainplot_role0.asl"": 34}",2.2448979591836733,0.0032301940009347163,7.77000004745787e-05,0.1018533706665039,True,10,0
grid_phases_roles,1,Linux 7.2.3-arch1-2,x86_64,24,30.44,3.14.7,10,10,5,2,2,1,2,1,1,0,0,42,98,1789,4,220,"{""playbook_playbook0.asl"": 26, ""playbook_playbook1.asl"": 26, ""director_mainplot.asl"": 134, ""role_mainplot_role0.asl"": 34}",2.2448979591836733,0.003024235000339104,7.45899997127708e-05,0.1017465591430664,True,10,0
grid_phases_roles,2,Linux 7.2.3-arch1-2,x86_64,24,30.44,3.14.7,10,10,5,2,2,1,2,1,1,0,0,42,98,1789,4,220,"{""playbook_playbook0.asl"": 26, ""playbook_playbook1.asl"": 26, ""director_mainplot.asl"": 134, ""role_mainplot_role0.asl"": 34}",2.2448979591836733,0.003008904001035262,7.385000026260968e-05,0.1017465591430664,True,10,0
grid_phases_roles,3,Linux 7.2.3-arch1-2,x86_64,24,30.44,3.14.7,10,10,5,2,2,1,2,1,1,0,0,42,98,1789,4,220,"{""playbook_playbook0.asl"": 26, ""playbook_playbook1.asl"": 26, ""director_mainplot.asl"": 134, ""role_mainplot_role0.asl"": 34}",2.2448979591836733,0.003003415000421228,7.411899969156366e-05,0.1017465591430664,True,10,0
grid_phases_roles,4,Linux 7.2.3-arch1-2,x86_64,24,30.44,3.14.7,10,10,5,2,2,1,2,1,1,0,0,42,98,1789,4,220,"{""playbook_playbook0.asl"": 26, ""playbook_playbook1.asl"": 26, ""director_mainplot.asl"": 134, ""role_mainplot_role0.asl"": 34}",2.2448979591836733,0.003001175000463263,7.446000017807819e-05,0.1017465591430664,True,10,0
grid_phases_roles,5,Linux 7.2.3-arch1-2,x86_64,24,30.44,3.14.7,10,10,5,2,2,1,2,2,1,0,0,42,102,1915,5,257,"{""playbook_playbook0.asl"": 26, ""playbook_playbook1.asl"": 26, ""director_mainplot.asl"": 137, ""role_mainplot_role0.asl"": 34, ""role_mainplot_role1.asl"": 34}",2.519607843137255,0.0032146540015673963,8.782999975665007e-05,0.10861492156982422,True,9,0
grid_phases_roles,6,Linux 7.2.3-arch1-2,x86_64,24,30.44,3.14.7,10,10,5,2,2,1,2,2,1,0,0,42,102,1915,5,257,"{""playbook_playbook0.asl"": 26, ""playbook_playbook1.asl"": 26, ""director_mainplot.asl"": 137, ""role_mainplot_role0.asl"": 34, ""role_mainplot_role1.asl"": 34}",2.519607843137255,0.0032522239998797886,8.758900003158487e-05,0.10864543914794922,True,9,0
grid_phases_roles,7,Linux 7.2.3-arch1-2,x86_64,24,30.44,3.14.7,10,10,5,2,2,1,2,2,1,0,0,42,102,1915,5,257,"{""playbook_playbook0.asl"": 26, ""playbook_playbook1.asl"": 26, ""director_mainplot.asl"": 137, ""role_mainplot_role0.asl"": 34, ""role_mainplot_role1.asl"": 34}",2.519607843137255,0.0032107150000229012,8.686999899509829e-05,0.10864543914794922,True,9,0
grid_phases_roles,8,Linux 7.2.3-arch1-2,x86_64,24,30.44,3.14.7,10,10,5,2,2,1,2,2,1,0,0,42,102,1915,5,257,"{""playbook_playbook0.asl"": 26, ""playbook_playbook1.asl"": 26, ""director_mainplot.asl"": 137, ""role_mainplot_role0.asl"": 34, ""role_mainplot_role1.asl"": 34}",2.519607843137255,0.003240854999603471,8.73890003276756e-05,0.10864543914794922,True,9,0
grid_phases_roles,9,Linux 7.2.3-arch1-2,x86_64,24,30.44,3.14.7,10,10,5,2,2,1,2,2,1,0,0,42,102,1915,5,257,"{""playbook_playbook0.asl"": 26, ""playbook_playbook1.asl"": 26, ""director_mainplot.asl"": 137, ""role_mainplot_role0.asl"": 34, ""role_mainplot_role1.asl"": 34}",2.519607843137255,0.00320840499989572,8.712899943930097e-05,0.10864543914794922,True,9,0
grid_phases_roles,10,Linux 7.2.3-arch1-2,x86_64,24,30.44,3.14.7,10,10,5,2,2,1,2,5,1,0,0,42,114,2293,8,368,"{""playbook_playbook0.asl"": 26, ""playbook_playbook1.asl"": 26, ""director_mainplot.asl"": 146, ""role_mainplot_role0.asl"": 34, ""role_mainplot_role1.asl"": 34, ""role_mainplot_role2.asl"": 34, ""role_mainplot_role3.asl"": 34, ""role_mainplot_role4.asl"": 34}",3.2280701754385963,0.003831322999758413,0.00012443999912647996,0.1293649673461914,True,9,0
grid_phases_roles,11,Linux 7.2.3-arch1-2,x86_64,24,30.44,3.14.7,10,10,5,2,2,1,2,5,1,0,0,42,114,2293,8,368,"{""playbook_playbook0.asl"": 26, ""playbook_playbook1.asl"": 26, ""director_mainplot.asl"": 146, ""role_mainplot_role0.asl"": 34, ""role_mainplot_role1.asl"": 34, ""role_mainplot_role2.asl"": 34, ""role_mainplot_role3.asl"": 34, ""role_mainplot_role4.asl"": 34}",3.2280701754385963,0.003815882999333553,0.00012319000052229967,0.1293649673461914,True,9,0
grid_phases_roles,12,Linux 7.2.3-arch1-2,x86_64,24,30.44,3.14.7,10,10,5,2,2,1,2,5,1,0,0,42,114,2293,8,368,"{""playbook_playbook0.asl"": 26, ""playbook_playbook1.asl"": 26, ""director_mainplot.asl"": 146, ""role_mainplot_role0.asl"": 34, ""role_mainplot_role1.asl"": 34, ""role_mainplot_role2.asl"": 34, ""role_mainplot_role3.asl"": 34, ""role_mainplot_role4.asl"": 34}",3.2280701754385963,0.0038326129997585667,0.00012447999870346393,0.1293649673461914,True,9,0
grid_phases_roles,13,Linux 7.2.3-arch1-2,x86_64,24,30.44,3.14.7,10,10,5,2,2,1,2,5,1,0,0,42,114,2293,8,368,"{""playbook_playbook0.asl"": 26, ""playbook_playbook1.asl"": 26, ""director_mainplot.asl"": 146, ""role_mainplot_role0.asl"": 34, ""role_mainplot_role1.asl"": 34, ""role_mainplot_role2.asl"": 34, ""role_mainplot_role3.asl"": 34, ""role_mainplot_role4.asl"": 34}",3.2280701754385963,0.003810603999227169,0.00013417999980447348,0.1293649673461914,True,9,0
grid_phases_roles,14,Linux 7.2.3-arch1-2,x86_64,24,30.44,3.14.7,10,10,5,2,2,1,2,5,1,0,0,42,114,2293,8,368,"{""playbook_playbook0.asl"": 26, ""playbook_playbook1.asl"": 26, ""director_mainplot.asl"": 146, ""role_mainplot_role0.asl"": 34, ""role_mainplot_role1.asl"": 34, ""role_mainplot_role2.asl"": 34, ""role_mainplot_role3.asl"": 34, ""role_mainplot_role4.asl"": 34}",3.2280701754385963,0.0038068940011726227,0.0001326000001427019,0.1293649673461914,True,9,0
grid_phases_roles,15,Linux 7.2.3-arch1-2,x86_64,24,30.44,3.14.7,10,10,5,2,2,1,2,10,1,0,0,42,134,2924,13,553,"{""playbook_playbook0.asl"": 26, ""playbook_playbook1.asl"": 26, ""director_mainplot.asl"": 161, ""role_mainplot_role0.asl"": 34, ""role_mainplot_role1.asl"": 34, ""role_mainplot_role2.asl"": 34, ""role_mainplot_role3.asl"": 34, ""role_mainplot_role4.asl"": 34, ""role_mainplot_role5.asl"": 34, ""role_mainplot_role6.asl"": 34, ""role_mainplot_role7.asl"": 34, ""role_mainplot_role8.asl"": 34, ""role_mainplot_role9.asl"": 34}",4.126865671641791,0.004829311999856145,0.00018212000031780917,0.16386795043945312,True,7,0
grid_phases_roles,16,Linux 7.2.3-arch1-2,x86_64,24,30.44,3.14.7,10,10,5,2,2,1,2,10,1,0,0,42,134,2924,13,553,"{""playbook_playbook0.asl"": 26, ""playbook_playbook1.asl"": 26, ""director_mainplot.asl"": 161, ""role_mainplot_role0.asl"": 34, ""role_mainplot_role1.asl"": 34, ""role_mainplot_role2.asl"": 34, ""role_mainplot_role3.asl"": 34, ""role_mainplot_role4.asl"": 34, ""role_mainplot_role5.asl"": 34, ""role_mainplot_role6.asl"": 34, ""role_mainplot_role7.asl"": 34, ""role_mainplot_role8.asl"": 34, ""role_mainplot_role9.asl"": 34}",4.126865671641791,0.004792072000782355,0.0001845400001911912,0.16386795043945312,True,7,0
grid_phases_roles,17,Linux 7.2.3-arch1-2,x86_64,24,30.44,3.14.7,10,10,5,2,2,1,2,10,1,0,0,42,134,2924,13,553,"{""playbook_playbook0.asl"": 26, ""playbook_playbook1.asl"": 26, ""director_mainplot.asl"": 161, ""role_mainplot_role0.asl"": 34, ""role_mainplot_role1.asl"": 34, ""role_mainplot_role2.asl"": 34, ""role_mainplot_role3.asl"": 34, ""role_mainplot_role4.asl"": 34, ""role_mainplot_role5.asl"": 34, ""role_mainplot_role6.asl"": 34, ""role_mainplot_role7.asl"": 34, ""role_mainplot_role8.asl"": 34, ""role_mainplot_role9.asl"": 34}",4.126865671641791,0.004793610998603981,0.00018185999942943454,0.16386795043945312,True,7,0
grid_phases_roles,18,Linux 7.2.3-arch1-2,x86_64,24,30.44,3.14.7,10,10,5,2,2,1,2,10,1,0,0,42,134,2924,13,553,"{""playbook_playbook0.asl"": 26, ""playbook_playbook1.asl"": 26, ""director_mainplot.asl"": 161, ""role_mainplot_role0.asl"": 34, ""role_mainplot_role1.asl"": 34, ""role_mainplot_role2.asl"": 34, ""role_mainplot_role3.asl"": 34, ""role_mainplot_role4.asl"": 34, ""role_mainplot_role5.asl"": 34, ""role_mainplot_role6.asl"": 34, ""role_mainplot_role7.asl"": 34, ""role_mainplot_role8.asl"": 34, ""role_mainplot_role9.asl"": 34}",4.126865671641791,0.004804131000128109,0.00018161000116379,0.16386795043945312,True,7,0
grid_phases_roles,19,Linux 7.2.3-arch1-2,x86_64,24,30.44,3.14.7,10,10,5,2,2,1,2,10,1,0,0,42,134,2924,13,553,"{""playbook_playbook0.asl"": 26, ""playbook_playbook1.asl"": 26, ""director_mainplot.asl"": 161, ""role_mainplot_role0.asl"": 34, ""role_mainplot_role1.asl"": 34, ""role_mainplot_role2.asl"": 34, ""role_mainplot_role3.asl"": 34, ""role_mainplot_role4.asl"": 34, ""role_mainplot_role5.asl"": 34, ""role_mainplot_role6.asl"": 34, ""role_mainplot_role7.asl"": 34, ""role_mainplot_role8.asl"": 34, ""role_mainplot_role9.asl"": 34}",4.126865671641791,0.004796101000465569,0.00018445000023348257,0.16386795043945312,True,7,0
grid_phases_roles,20,Linux 7.2.3-arch1-2,x86_64,24,30.44,3.14.7,10,10,5,2,2,1,2,20,1,0,0,42,174,4214,23,923,"{""playbook_playbook0.asl"": 26, ""playbook_playbook1.asl"": 26, ""director_mainplot.asl"": 191, ""role_mainplot_role0.asl"": 34, ""role_mainplot_role1.asl"": 34, ""role_mainplot_role2.asl"": 34, ""role_mainplot_role3.asl"": 34, ""role_mainplot_role4.asl"": 34, ""role_mainplot_role5.asl"": 34, ""role_mainplot_role6.asl"": 34, ""role_mainplot_role7.asl"": 34, ""role_mainplot_role8.asl"": 34, ""role_mainplot_role9.asl"": 34, ""role_mainplot_role10.asl"": 34, ""role_mainplot_role11.asl"": 34, ""role_mainplot_role12.asl"": 34, ""role_mainplot_role13.asl"": 34, ""role_mainplot_role14.asl"": 34, ""role_mainplot_role15.asl"": 34, ""role_mainplot_role16.asl"": 34, ""role_mainplot_role17.asl"": 34, ""role_mainplot_role18.asl"": 34, ""role_mainplot_role19.asl"": 34}",5.304597701149425,0.0067643179991137,0.00031918899912852794,0.2308807373046875,True,7,0
grid_phases_roles,21,Linux 7.2.3-arch1-2,x86_64,24,30.44,3.14.7,10,10,5,2,2,1,2,20,1,0,0,42,174,4214,23,923,"{""playbook_playbook0.asl"": 26, ""playbook_playbook1.asl"": 26, ""director_mainplot.asl"": 191, ""role_mainplot_role0.asl"": 34, ""role_mainplot_role1.asl"": 34, ""role_mainplot_role2.asl"": 34, ""role_mainplot_role3.asl"": 34, ""role_mainplot_role4.asl"": 34, ""role_mainplot_role5.asl"": 34, ""role_mainplot_role6.asl"": 34, ""role_mainplot_role7.asl"": 34, ""role_mainplot_role8.asl"": 34, ""role_mainplot_role9.asl"": 34, ""role_mainplot_role10.asl"": 34, ""role_mainplot_role11.asl"": 34, ""role_mainplot_role12.asl"": 34, ""role_mainplot_role13.asl"": 34, ""role_mainplot_role14.asl"": 34, ""role_mainplot_role15.asl"": 34, ""role_mainplot_role16.asl"": 34, ""role_mainplot_role17.asl"": 34, ""role_mainplot_role18.asl"": 34, ""role_mainplot_role19.asl"": 34}",5.304597701149425,0.006786648000343121,0.00030642899946542457,0.2308807373046875,True,7,0
grid_phases_roles,22,Linux 7.2.3-arch1-2,x86_64,24,30.44,3.14.7,10,10,5,2,2,1,2,20,1,0,0,42,174,4214,23,923,"{""playbook_playbook0.asl"": 26, ""playbook_playbook1.asl"": 26, ""director_mainplot.asl"": 191, ""role_mainplot_role0.asl"": 34, ""role_mainplot_role1.asl"": 34, ""role_mainplot_role2.asl"": 34, ""role_mainplot_role3.asl"": 34, ""role_mainplot_role4.asl"": 34, ""role_mainplot_role5.asl"": 34, ""role_mainplot_role6.asl"": 34, ""role_mainplot_role7.asl"": 34, ""role_mainplot_role8.asl"": 34, ""role_mainplot_role9.asl"": 34, ""role_mainplot_role10.asl"": 34, ""role_mainplot_role11.asl"": 34, ""role_mainplot_role12.asl"": 34, ""role_mainplot_role13.asl"": 34, ""role_mainplot_role14.asl"": 34, ""role_mainplot_role15.asl"": 34, ""role_mainplot_role16.asl"": 34, ""role_mainplot_role17.asl"": 34, ""role_mainplot_role18.asl"": 34, ""role_mainplot_role19.asl"": 34}",5.304597701149425,0.0067572179996204795,0.00030456900094577577,0.2308807373046875,True,7,0
grid_phases_roles,23,Linux 7.2.3-arch1-2,x86_64,24,30.44,3.14.7,10,10,5,2,2,1,2,20,1,0,0,42,174,4214,23,923,"{""playbook_playbook0.asl"": 26, ""playbook_playbook1.asl"": 26, ""director_mainplot.asl"": 191, ""role_mainplot_role0.asl"": 34, ""role_mainplot_role1.asl"": 34, ""role_mainplot_role2.asl"": 34, ""role_mainplot_role3.asl"": 34, ""role_mainplot_role4.asl"": 34, ""role_mainplot_role5.asl"": 34, ""role_mainplot_role6.asl"": 34, ""role_mainplot_role7.asl"": 34, ""role_mainplot_role8.asl"": 34, ""role_mainplot_role9.asl"": 34, ""role_mainplot_role10.asl"": 34, ""role_mainplot_role11.asl"": 34, ""role_mainplot_role12.asl"": 34, ""role_mainplot_role13.asl"": 34, ""role_mainplot_role14.asl"": 34, ""role_mainplot_role15.asl"": 34, ""role_mainplot_role16.asl"": 34, ""role_mainplot_role17.asl"": 34, ""role_mainplot_role18.asl"": 34, ""role_mainplot_role19.asl"": 34}",5.304597701149425,0.006756437998774345,0.00031171900081972126,0.2308807373046875,True,7,0
grid_phases_roles,24,Linux 7.2.3-arch1-2,x86_64,24,30.44,3.14.7,10,10,5,2,2,1,2,20,1,0,0,42,174,4214,23,923,"{""playbook_playbook0.asl"": 26, ""playbook_playbook1.asl"": 26, ""director_mainplot.asl"": 191, ""role_mainplot_role0.asl"": 34, ""role_mainplot_role1.asl"": 34, ""role_mainplot_role2.asl"": 34, ""role_mainplot_role3.asl"": 34, ""role_mainplot_role4.asl"": 34, ""role_mainplot_role5.asl"": 34, ""role_mainplot_role6.asl"": 34, ""role_mainplot_role7.asl"": 34, ""role_mainplot_role8.asl"": 34, ""role_mainplot_role9.asl"": 34, ""role_mainplot_role10.asl"": 34, ""role_mainplot_role11.asl"": 34, ""role_mainplot_role12.asl"": 34, ""role_mainplot_role13.asl"": 34, ""role_mainplot_role14.asl"": 34, ""role_mainplot_role15.asl"": 34, ""role_mainplot_role16.asl"": 34, ""role_mainplot_role17.asl"": 34, ""role_mainplot_role18.asl"": 34, ""role_mainplot_role19.asl"": 34}",5.304597701149425,0.006744547999915085,0.00030345000050147064,0.2308807373046875,True,7,0
grid_phases_roles,25,Linux 7.2.3-arch1-2,x86_64,24,30.44,3.14.7,10,10,5,2,2,1,2,50,1,0,0,42,294,8084,53,2033,"{""playbook_playbook0.asl"": 26, ""playbook_playbook1.asl"": 26, ""director_mainplot.asl"": 281, ""role_mainplot_role0.asl"": 34, ""role_mainplot_role1.asl"": 34, ""role_mainplot_role2.asl"": 34, ""role_mainplot_role3.asl"": 34, ""role_mainplot_role4.asl"": 34, ""role_mainplot_role5.asl"": 34, ""role_mainplot_role6.asl"": 34, ""role_mainplot_role7.asl"": 34, ""role_mainplot_role8.asl"": 34, ""role_mainplot_role9.asl"": 34, ""role_mainplot_role10.asl"": 34, ""role_mainplot_role11.asl"": 34, ""role_mainplot_role12.asl"": 34, ""role_mainplot_role13.asl"": 34, ""role_mainplot_role14.asl"": 34, ""role_mainplot_role15.asl"": 34, ""role_mainplot_role16.asl"": 34, ""role_mainplot_role17.asl"": 34, ""role_mainplot_role18.asl"": 34, ""role_mainplot_role19.asl"": 34, ""role_mainplot_role20.asl"": 34, ""role_mainplot_role21.asl"": 34, ""role_mainplot_role22.asl"": 34, ""role_mainplot_role23.asl"": 34, ""role_mainplot_role24.asl"": 34, ""role_mainplot_role25.asl"": 34, ""role_mainplot_role26.asl"": 34, ""role_mainplot_role27.asl"": 34, ""role_mainplot_role28.asl"": 34, ""role_mainplot_role29.asl"": 34, ""role_mainplot_role30.asl"": 34, ""role_mainplot_role31.asl"": 34, ""role_mainplot_role32.asl"": 34, ""role_mainplot_role33.asl"": 34, ""role_mainplot_role34.asl"": 34, ""role_mainplot_role35.asl"": 34, ""role_mainplot_role36.asl"": 34, ""role_mainplot_role37.asl"": 34, ""role_mainplot_role38.asl"": 34, ""role_mainplot_role39.asl"": 34, ""role_mainplot_role40.asl"": 34, ""role_mainplot_role41.asl"": 34, ""role_mainplot_role42.asl"": 34, ""role_mainplot_role43.asl"": 34, ""role_mainplot_role44.asl"": 34, ""role_mainplot_role45.asl"": 34, ""role_mainplot_role46.asl"": 34, ""role_mainplot_role47.asl"": 34, ""role_mainplot_role48.asl"": 34, ""role_mainplot_role49.asl"": 34}",6.914965986394558,0.012756617999912123,0.0006797080004616873,0.4326362609863281,True,7,0
grid_phases_roles,26,Linux 7.2.3-arch1-2,x86_64,24,30.44,3.14.7,10,10,5,2,2,1,2,50,1,0,0,42,294,8084,53,2033,"{""playbook_playbook0.asl"": 26, ""playbook_playbook1.asl"": 26, ""director_mainplot.asl"": 281, ""role_mainplot_role0.asl"": 34, ""role_mainplot_role1.asl"": 34, ""role_mainplot_role2.asl"": 34, ""role_mainplot_role3.asl"": 34, ""role_mainplot_role4.asl"": 34, ""role_mainplot_role5.asl"": 34, ""role_mainplot_role6.asl"": 34, ""role_mainplot_role7.asl"": 34, ""role_mainplot_role8.asl"": 34, ""role_mainplot_role9.asl"": 34, ""role_mainplot_role10.asl"": 34, ""role_mainplot_role11.asl"": 34, ""role_mainplot_role12.asl"": 34, ""role_mainplot_role13.asl"": 34, ""role_mainplot_role14.asl"": 34, ""role_mainplot_role15.asl"": 34, ""role_mainplot_role16.asl"": 34, ""role_mainplot_role17.asl"": 34, ""role_mainplot_role18.asl"": 34, ""role_mainplot_role19.asl"": 34, ""role_mainplot_role20.asl"": 34, ""role_mainplot_role21.asl"": 34, ""role_mainplot_role22.asl"": 34, ""role_mainplot_role23.asl"": 34, ""role_mainplot_role24.asl"": 34, ""role_mainplot_role25.asl"": 34, ""role_mainplot_role26.asl"": 34, ""role_mainplot_role27.asl"": 34, ""role_mainplot_role28.asl"": 34, ""role_mainplot_role29.asl"": 34, ""role_mainplot_role30.asl"": 34, ""role_mainplot_role31.asl"": 34, ""role_mainplot_role32.asl"": 34, ""role_mainplot_role33.asl"": 34, ""role_mainplot_role34.asl"": 34, ""role_mainplot_role35.asl"": 34, ""role_mainplot_role36.asl"": 34, ""role_mainplot_role37.asl"": 34, ""role_mainplot_role38.asl"": 34, ""role_mainplot_role39.asl"": 34, ""role_mainplot_role40.asl"": 34, ""role_mainplot_role41.asl"": 34, ""role_mainplot_role42.asl"": 34, ""role_mainplot_role43.asl"": 34, ""role_mainplot_role44.asl"": 34, ""role_mainplot_role45.asl"": 34, ""role_mainplot_role46.asl"": 34, ""role_mainplot_role47.asl"": 34, ""role_mainplot_role48.asl"": 34, ""role_mainplot_role49.asl"": 34}",6.914965986394558,0.012666577000345569,0.0006694989988318412,0.4326057434082031,True,7,0
grid_phases_roles,27,Linux 7.2.3-arch1-2,x86_64,24,30.44,3.14.7,10,10,5,2,2,1,2,50,1,0,0,42,294,8084,53,2033,"{""playbook_playbook0.asl"": 26, ""playbook_playbook1.asl"": 26, ""director_mainplot.asl"": 281, ""role_mainplot_role0.asl"": 34, ""role_mainplot_role1.asl"": 34, ""role_mainplot_role2.asl"": 34, ""role_mainplot_role3.asl"": 34, ""role_mainplot_role4.asl"": 34, ""role_mainplot_role5.asl"": 34, ""role_mainplot_role6.asl"": 34, ""role_mainplot_role7.asl"": 34, ""role_mainplot_role8.asl"": 34, ""role_mainplot_role9.asl"": 34, ""role_mainplot_role10.asl"": 34, ""role_mainplot_role11.asl"": 34, ""role_mainplot_role12.asl"": 34, ""role_mainplot_role13.asl"": 34, ""role_mainplot_role14.asl"": 34, ""role_mainplot_role15.asl"": 34, ""role_mainplot_role16.asl"": 34, ""role_mainplot_role17.asl"": 34, ""role_mainplot_role18.asl"": 34, ""role_mainplot_role19.asl"": 34, ""role_mainplot_role20.asl"": 34, ""role_mainplot_role21.asl"": 34, ""role_mainplot_role22.asl"": 34, ""role_mainplot_role23.asl"": 34, ""role_mainplot_role24.asl"": 34, ""role_mainplot_role25.asl"": 34, ""role_mainplot_role26.asl"": 34, ""role_mainplot_role27.asl"": 34, ""role_mainplot_role28.asl"": 34, ""role_mainplot_role29.asl"": 34, ""role_mainplot_role30.asl"": 34, ""role_mainplot_role31.asl"": 34, ""role_mainplot_role32.asl"": 34, ""role_mainplot_role33.asl"": 34, ""role_mainplot_role34.asl"": 34, ""role_mainplot_role35.asl"": 34, ""role_mainplot_role36.asl"": 34, ""role_mainplot_role37.asl"": 34, ""role_mainplot_role38.asl"": 34, ""role_mainplot_role39.asl"": 34, ""role_mainplot_role40.asl"": 34, ""role_mainplot_role41.asl"": 34, ""role_mainplot_role42.asl"": 34, ""role_mainplot_role43.asl"": 34, ""role_mainplot_role44.asl"": 34, ""role_mainplot_role45.asl"": 34, ""role_mainplot_role46.asl"": 34, ""role_mainplot_role47.asl"": 34, ""role_mainplot_role48.asl"": 34, ""role_mainplot_role49.asl"": 34}",6.914965986394558,0.012806446999093168,0.0006667090001428733,0.4326057434082031,True,7,0
grid_phases_roles,28,Linux 7.2.3-arch1-2,x86_64,24,30.44,3.14.7,10,10,5,2,2,1,2,50,1,0,0,42,294,8084,53,2033,"{""playbook_playbook0.asl"": 26, ""playbook_playbook1.asl"": 26, ""director_mainplot.asl"": 281, ""role_mainplot_role0.asl"": 34, ""role_mainplot_role1.asl"": 34, ""role_mainplot_role2.asl"": 34, ""role_mainplot_role3.asl"": 34, ""role_mainplot_role4.asl"": 34, ""role_mainplot_role5.asl"": 34, ""role_mainplot_role6.asl"": 34, ""role_mainplot_role7.asl"": 34, ""role_mainplot_role8.asl"": 34, ""role_mainplot_role9.asl"": 34, ""role_mainplot_role10.asl"": 34, ""role_mainplot_role11.asl"": 34, ""role_mainplot_role12.asl"": 34, ""role_mainplot_role13.asl"": 34, ""role_mainplot_role14.asl"": 34, ""role_mainplot_role15.asl"": 34, ""role_mainplot_role16.asl"": 34, ""role_mainplot_role17.asl"": 34, ""role_mainplot_role18.asl"": 34, ""role_mainplot_role19.asl"": 34, ""role_mainplot_role20.asl"": 34, ""role_mainplot_role21.asl"": 34, ""role_mainplot_role22.asl"": 34, ""role_mainplot_role23.asl"": 34, ""role_mainplot_role24.asl"": 34, ""role_mainplot_role25.asl"": 34, ""role_mainplot_role26.asl"": 34, ""role_mainplot_role27.asl"": 34, ""role_mainplot_role28.asl"": 34, ""role_mainplot_role29.asl"": 34, ""role_mainplot_role30.asl"": 34, ""role_mainplot_role31.asl"": 34, ""role_mainplot_role32.asl"": 34, ""role_mainplot_role33.asl"": 34, ""role_mainplot_role34.asl"": 34, ""role_mainplot_role35.asl"": 34, ""role_mainplot_role36.asl"": 34, ""role_mainplot_role37.asl"": 34, ""role_mainplot_role38.asl"": 34, ""role_mainplot_role39.asl"": 34, ""role_mainplot_role40.asl"": 34, ""role_mainplot_role41.asl"": 34, ""role_mainplot_role42.asl"": 34, ""role_mainplot_role43.asl"": 34, ""role_mainplot_role44.asl"": 34, ""role_mainplot_role45.asl"": 34, ""role_mainplot_role46.asl"": 34, ""role_mainplot_role47.asl"": 34, ""role_mainplot_role48.asl"": 34, ""role_mainplot_role49.asl"": 34}",6.914965986394558,0.012673427998379339,0.000673088999974425,0.4326057434082031,True,7,0
grid_phases_roles,29,Linux 7.2.3-arch1-2,x86_64,24,30.44,3.14.7,10,10,5,2,2,1,2,50,1,0,0,42,294,8084,53,2033,"{""playbook_playbook0.asl"": 26, ""playbook_playbook1.asl"": 26, ""director_mainplot.asl"": 281, ""role_mainplot_role0.asl"": 34, ""role_mainplot_role1.asl"": 34, ""role_mainplot_role2.asl"": 34, ""role_mainplot_role3.asl"": 34, ""role_mainplot_role4.asl"": 34, ""role_mainplot_role5.asl"": 34, ""role_mainplot_role6.asl"": 34, ""role_mainplot_role7.asl"": 34, ""role_mainplot_role8.asl"": 34, ""role_mainplot_role9.asl"": 34, ""role_mainplot_role10.asl"": 34, ""role_mainplot_role11.asl"": 34, ""role_mainplot_role12.asl"": 34, ""role_mainplot_role13.asl"": 34, ""role_mainplot_role14.asl"": 34, ""role_mainplot_role15.asl"": 34, ""role_mainplot_role16.asl"": 34, ""role_mainplot_role17.asl"": 34, ""role_mainplot_role18.asl"": 34, ""role_mainplot_role19.asl"": 34, ""role_mainplot_role20.asl"": 34, ""role_mainplot_role21.asl"": 34, ""role_mainplot_role22.asl"": 34, ""role_mainplot_role23.asl"": 34, ""role_mainplot_role24.asl"": 34, ""role_mainplot_role25.asl"": 34, ""role_mainplot_role26.asl"": 34, ""role_mainplot_role27.asl"": 34, ""role_mainplot_role28.asl"": 34, ""role_mainplot_role29.asl"": 34, ""role_mainplot_role30.asl"": 34, ""role_mainplot_role31.asl"": 34, ""role_mainplot_role32.asl"": 34, ""role_mainplot_role33.asl"": 34, ""role_mainplot_role34.asl"": 34, ""role_mainplot_role35.asl"": 34, ""role_mainplot_role36.asl"": 34, ""role_mainplot_role37.asl"": 34, ""role_mainplot_role38.asl"": 34, ""role_mainplot_role39.asl"": 34, ""role_mainplot_role40.asl"": 34, ""role_mainplot_role41.asl"": 34, ""role_mainplot_role42.asl"": 34, ""role_mainplot_role43.asl"": 34, ""role_mainplot_role44.asl"": 34, ""role_mainplot_role45.asl"": 34, ""role_mainplot_role46.asl"": 34, ""role_mainplot_role47.asl"": 34, ""role_mainplot_role48.asl"": 34, ""role_mainplot_role49.asl"": 34}",6.914965986394558,0.012737737999486853,0.0006689980000373907,0.4326057434082031,True,7,0
grid_phases_roles,30,Linux 7.2.3-arch1-2,x86_64,24,30.44,3.14.7,10,10,5,2,2,1,2,100,1,0,0,42,494,14535,103,3883,"{""playbook_playbook0.asl"": 26, ""playbook_playbook1.asl"": 26, ""director_mainplot.asl"": 431, ""role_mainplot_role0.asl"": 34, ""role_mainplot_role1.asl"": 34, ""role_mainplot_role2.asl"": 34, ""role_mainplot_role3.asl"": 34, ""role_mainplot_role4.asl"": 34, ""role_mainplot_role5.asl"": 34, ""role_mainplot_role6.asl"": 34, ""role_mainplot_role7.asl"": 34, ""role_mainplot_role8.asl"": 34, ""role_mainplot_role9.asl"": 34, ""role_mainplot_role10.asl"": 34, ""role_mainplot_role11.asl"": 34, ""role_mainplot_role12.asl"": 34, ""role_mainplot_role13.asl"": 34, ""role_mainplot_role14.asl"": 34, ""role_mainplot_role15.asl"": 34, ""role_mainplot_role16.asl"": 34, ""role_mainplot_role17.asl"": 34, ""role_mainplot_role18.asl"": 34, ""role_mainplot_role19.asl"": 34, ""role_mainplot_role20.asl"": 34, ""role_mainplot_role21.asl"": 34, ""role_mainplot_role22.asl"": 34, ""role_mainplot_role23.asl"": 34, ""role_mainplot_role24.asl"": 34, ""role_mainplot_role25.asl"": 34, ""role_mainplot_role26.asl"": 34, ""role_mainplot_role27.asl"": 34, ""role_mainplot_role28.asl"": 34, ""role_mainplot_role29.asl"": 34, ""role_mainplot_role30.asl"": 34, ""role_mainplot_role31.asl"": 34, ""role_mainplot_role32.asl"": 34, ""role_mainplot_role33.asl"": 34, ""role_mainplot_role34.asl"": 34, ""role_mainplot_role35.asl"": 34, ""role_mainplot_role36.asl"": 34, ""role_mainplot_role37.asl"": 34, ""role_mainplot_role38.asl"": 34, ""role_mainplot_role39.asl"": 34, ""role_mainplot_role40.asl"": 34, ""role_mainplot_role41.asl"": 34, ""role_mainplot_role42.asl"": 34, ""role_mainplot_role43.asl"": 34, ""role_mainplot_role44.asl"": 34, ""role_mainplot_role45.asl"": 34, ""role_mainplot_role46.asl"": 34, ""role_mainplot_role47.asl"": 34, ""role_mainplot_role48.asl"": 34, ""role_mainplot_role49.asl"": 34, ""role_mainplot_role50.asl"": 34, ""role_mainplot_role51.asl"": 34, ""role_mainplot_role52.asl"": 34, ""role_mainplot_role53.asl"": 34, ""role_mainplot_role54.asl"": 34, ""role_mainplot_role55.asl"": 34, ""role_mainplot_role56.asl"": 34, ""role_mainplot_role57.asl"": 34, ""role_mainplot_role58.asl"": 34, ""role_mainplot_role59.asl"": 34, ""role_mainplot_role60.asl"": 34, ""role_mainplot_role61.asl"": 34, ""role_mainplot_role62.asl"": 34, ""role_mainplot_role63.asl"": 34, ""role_mainplot_role64.asl"": 34, ""role_mainplot_role65.asl"": 34, ""role_mainplot_role66.asl"": 34, ""role_mainplot_role67.asl"": 34, ""role_mainplot_role68.asl"": 34, ""role_mainplot_role69.asl"": 34, ""role_mainplot_role70.asl"": 34, ""role_mainplot_role71.asl"": 34, ""role_mainplot_role72.asl"": 34, ""role_mainplot_role73.asl"": 34, ""role_mainplot_role74.asl"": 34, ""role_mainplot_role75.asl"": 34, ""role_mainplot_role76.asl"": 34, ""role_mainplot_role77.asl"": 34, ""role_mainplot_role78.asl"": 34, ""role_mainplot_role79.asl"": 34, ""role_mainplot_role80.asl"": 34, ""role_mainplot_role81.asl"": 34, ""role_mainplot_role82.asl"": 34, ""role_mainplot_role83.asl"": 34, ""role_mainplot_role84.asl"": 34, ""role_mainplot_role85.asl"": 34, ""role_mainplot_role86.asl"": 34, ""role_mainplot_role87.asl"": 34, ""role_mainplot_role88.asl"": 34, ""role_mainplot_role89.asl"": 34, ""role_mainplot_role90.asl"": 34, ""role_mainplot_role91.asl"": 34, ""role_mainplot_role92.asl"": 34, ""role_mainplot_role93.asl"": 34, ""role_mainplot_role94.asl"": 34, ""role_mainplot_role95.asl"": 34, ""role_mainplot_role96.asl"": 34, ""role_mainplot_role97.asl"": 34, ""role_mainplot_role98.asl"": 34, ""role_mainplot_role99.asl"": 34}",7.8603238866396765,0.02257391999955871,0.0012868770008935826,0.7733011245727539,True,7,0
grid_phases_roles,31,Linux 7.2.3-arch1-2,x86_64,24,30.44,3.14.7,10,10,5,2,2,1,2,100,1,0,0,42,494,14535,103,3883,"{""playbook_playbook0.asl"": 26, ""playbook_playbook1.asl"": 26, ""director_mainplot.asl"": 431, ""role_mainplot_role0.asl"": 34, ""role_mainplot_role1.asl"": 34, ""role_mainplot_role2.asl"": 34, ""role_mainplot_role3.asl"": 34, ""role_mainplot_role4.asl"": 34, ""role_mainplot_role5.asl"": 34, ""role_mainplot_role6.asl"": 34, ""role_mainplot_role7.asl"": 34, ""role_mainplot_role8.asl"": 34, ""role_mainplot_role9.asl"": 34, ""role_mainplot_role10.asl"": 34, ""role_mainplot_role11.asl"": 34, ""role_mainplot_role12.asl"": 34, ""role_mainplot_role13.asl"": 34, ""role_mainplot_role14.asl"": 34, ""role_mainplot_role15.asl"": 34, ""role_mainplot_role16.asl"": 34, ""role_mainplot_role17.asl"": 34, ""role_mainplot_role18.asl"": 34, ""role_mainplot_role19.asl"": 34, ""role_mainplot_role20.asl"": 34, ""role_mainplot_role21.asl"": 34, ""role_mainplot_role22.asl"": 34, ""role_mainplot_role23.asl"": 34, ""role_mainplot_role24.asl"": 34, ""role_mainplot_role25.asl"": 34, ""role_mainplot_role26.asl"": 34, ""role_mainplot_role27.asl"": 34, ""role_mainplot_role28.asl"": 34, ""role_mainplot_role29.asl"": 34, ""role_mainplot_role30.asl"": 34, ""role_mainplot_role31.asl"": 34, ""role_mainplot_role32.asl"": 34, ""role_mainplot_role33.asl"": 34, ""role_mainplot_role34.asl"": 34, ""role_mainplot_role35.asl"": 34, ""role_mainplot_role36.asl"": 34, ""role_mainplot_role37.asl"": 34, ""role_mainplot_role38.asl"": 34, ""role_mainplot_role39.asl"": 34, ""role_mainplot_role40.asl"": 34, ""role_mainplot_role41.asl"": 34, ""role_mainplot_role42.asl"": 34, ""role_mainplot_role43.asl"": 34, ""role_mainplot_role44.asl"": 34, ""role_mainplot_role45.asl"": 34, ""role_mainplot_role46.asl"": 34, ""role_mainplot_role47.asl"": 34, ""role_mainplot_role48.asl"": 34, ""role_mainplot_role49.asl"": 34, ""role_mainplot_role50.asl"": 34, ""role_mainplot_role51.asl"": 34, ""role_mainplot_role52.asl"": 34, ""role_mainplot_role53.asl"": 34, ""role_mainplot_role54.asl"": 34, ""role_mainplot_role55.asl"": 34, ""role_mainplot_role56.asl"": 34, ""role_mainplot_role57.asl"": 34, ""role_mainplot_role58.asl"": 34, ""role_mainplot_role59.asl"": 34, ""role_mainplot_role60.asl"": 34, ""role_mainplot_role61.asl"": 34, ""role_mainplot_role62.asl"": 34, ""role_mainplot_role63.asl"": 34, ""role_mainplot_role64.asl"": 34, ""role_mainplot_role65.asl"": 34, ""role_mainplot_role66.asl"": 34, ""role_mainplot_role67.asl"": 34, ""role_mainplot_role68.asl"": 34, ""role_mainplot_role69.asl"": 34, ""role_mainplot_role70.asl"": 34, ""role_mainplot_role71.asl"": 34, ""role_mainplot_role72.asl"": 34, ""role_mainplot_role73.asl"": 34, ""role_mainplot_role74.asl"": 34, ""role_mainplot_role75.asl"": 34, ""role_mainplot_role76.asl"": 34, ""role_mainplot_role77.asl"": 34, ""role_mainplot_role78.asl"": 34, ""role_mainplot_role79.asl"": 34, ""role_mainplot_role80.asl"": 34, ""role_mainplot_role81.asl"": 34, ""role_mainplot_role82.asl"": 34, ""role_mainplot_role83.asl"": 34, ""role_mainplot_role84.asl"": 34, ""role_mainplot_role85.asl"": 34, ""role_mainplot_role86.asl"": 34, ""role_mainplot_role87.asl"": 34, ""role_mainplot_role88.asl"": 34, ""role_mainplot_role89.asl"": 34, ""role_mainplot_role90.asl"": 34, ""role_mainplot_role91.asl"": 34, ""role_mainplot_role92.asl"": 34, ""role_mainplot_role93.asl"": 34, ""role_mainplot_role94.asl"": 34, ""role_mainplot_role95.asl"": 34, ""role_mainplot_role96.asl"": 34, ""role_mainplot_role97.asl"": 34, ""role_mainplot_role98.asl"": 34, ""role_mainplot_role99.asl"": 34}",7.8603238866396765,0.02273629999945115,0.0012882880000688601,0.7733011245727539,True,7,0
grid_phases_roles,32,Linux 7.2.3-arch1-2,x86_64,24,30.44,3.14.7,10,10,5,2,2,1,2,100,1,0,0,42,494,14535,103,3883,"{""playbook_playbook0.asl"": 26, ""playbook_playbook1.asl"": 26, ""director_mainplot.asl"": 431, ""role_mainplot_role0.asl"": 34, ""role_mainplot_role1.asl"": 34, ""role_mainplot_role2.asl"": 34, ""role_mainplot_role3.asl"": 34, ""role_mainplot_role4.asl"": 34, ""role_mainplot_role5.asl"": 34, ""role_mainplot_role6.asl"": 34, ""role_mainplot_role7.asl"": 34, ""role_mainplot_role8.asl"": 34, ""role_mainplot_role9.asl"": 34, ""role_mainplot_role10.asl"": 34, ""role_mainplot_role11.asl"": 34, ""role_mainplot_role12.asl"": 34, ""role_mainplot_role13.asl"": 34, ""role_mainplot_role14.asl"": 34, ""role_mainplot_role15.asl"": 34, ""role_mainplot_role16.asl"": 34, ""role_mainplot_role17.asl"": 34, ""role_mainplot_role18.asl"": 34, ""role_mainplot_role19.asl"": 34, ""role_mainplot_role20.asl"": 34, ""role_mainplot_role21.asl"": 34, ""role_mainplot_role22.asl"": 34, ""role_mainplot_role23.asl"": 34, ""role_mainplot_role24.asl"": 34, ""role_mainplot_role25.asl"": 34, ""role_mainplot_role26.asl"": 34, ""role_mainplot_role27.asl"": 34, ""role_mainplot_role28.asl"": 34, ""role_mainplot_role29.asl"": 34, ""role_mainplot_role30.asl"": 34, ""role_mainplot_role31.asl"": 34, ""role_mainplot_role32.asl"": 34, ""role_mainplot_role33.asl"": 34, ""role_mainplot_role34.asl"": 34, ""role_mainplot_role35.asl"": 34, ""role_mainplot_role36.asl"": 34, ""role_mainplot_role37.asl"": 34, ""role_mainplot_role38.asl"": 34, ""role_mainplot_role39.asl"": 34, ""role_mainplot_role40.asl"": 34, ""role_mainplot_role41.asl"": 34, ""role_mainplot_role42.asl"": 34, ""role_mainplot_role43.asl"": 34, ""role_mainplot_role44.asl"": 34, ""role_mainplot_role45.asl"": 34, ""role_mainplot_role46.asl"": 34, ""role_mainplot_role47.asl"": 34, ""role_mainplot_role48.asl"": 34, ""role_mainplot_role49.asl"": 34, ""role_mainplot_role50.asl"": 34, ""role_mainplot_role51.asl"": 34, ""role_mainplot_role52.asl"": 34, ""role_mainplot_role53.asl"": 34, ""role_mainplot_role54.asl"": 34, ""role_mainplot_role55.asl"": 34, ""role_mainplot_role56.asl"": 34, ""role_mainplot_role57.asl"": 34, ""role_mainplot_role58.asl"": 34, ""role_mainplot_role59.asl"": 34, ""role_mainplot_role60.asl"": 34, ""role_mainplot_role61.asl"": 34, ""role_mainplot_role62.asl"": 34, ""role_mainplot_role63.asl"": 34, ""role_mainplot_role64.asl"": 34, ""role_mainplot_role65.asl"": 34, ""role_mainplot_role66.asl"": 34, ""role_mainplot_role67.asl"": 34, ""role_mainplot_role68.asl"": 34, ""role_mainplot_role69.asl"": 34, ""role_mainplot_role70.asl"": 34, ""role_mainplot_role71.asl"": 34, ""role_mainplot_role72.asl"": 34, ""role_mainplot_role73.asl"": 34, ""role_mainplot_role74.asl"": 34, ""role_mainplot_role75.asl"": 34, ""role_mainplot_role76.asl"": 34, ""role_mainplot_role77.asl"": 34, ""role_mainplot_role78.asl"": 34, ""role_mainplot_role79.asl"": 34, ""role_mainplot_role80.asl"": 34, ""role_mainplot_role81.asl"": 34, ""role_mainplot_role82.asl"": 34, ""role_mainplot_role83.asl"": 34, ""role_mainplot_role84.asl"": 34, ""role_mainplot_role85.asl"": 34, ""role_mainplot_role86.asl"": 34, ""role_mainplot_role87.asl"": 34, ""role_mainplot_role88.asl"": 34, ""role_mainplot_role89.asl"": 34, ""role_mainplot_role90.asl"": 34, ""role_mainplot_role91.asl"": 34, ""role_mainplot_role92.asl"": 34, ""role_mainplot_role93.asl"": 34, ""role_mainplot_role94.asl"": 34, ""role_mainplot_role95.asl"": 34, ""role_mainplot_role96.asl"": 34, ""role_mainplot_role97.asl"": 34, ""role_mainplot_role98.asl"": 34, ""role_mainplot_role99.asl"": 34}",7.8603238866396765,0.022494310998808942,0.0012835580000682967,0.7733011245727539,True,7,0
grid_phases_roles,33,Linux 7.2.3-arch1-2,x86_64,24,30.44,3.14.7,10,10,5,2,2,1,2,100,1,0,0,42,494,14535,103,3883,"{""playbook_playbook0.asl"": 26, ""playbook_playbook1.asl"": 26, ""director_mainplot.asl"": 431, ""role_mainplot_role0.asl"": 34, ""role_mainplot_role1.asl"": 34, ""role_mainplot_role2.asl"": 34, ""role_mainplot_role3.asl"": 34, ""role_mainplot_role4.asl"": 34, ""role_mainplot_role5.asl"": 34, ""role_mainplot_role6.asl"": 34, ""role_mainplot_role7.asl"": 34, ""role_mainplot_role8.asl"": 34, ""role_mainplot_role9.asl"": 34, ""role_mainplot_role10.asl"": 34, ""role_mainplot_role11.asl"": 34, ""role_mainplot_role12.asl"": 34, ""role_mainplot_role13.asl"": 34, ""role_mainplot_role14.asl"": 34, ""role_mainplot_role15.asl"": 34, ""role_mainplot_role16.asl"": 34, ""role_mainplot_role17.asl"": 34, ""role_mainplot_role18.asl"": 34, ""role_mainplot_role19.asl"": 34, ""role_mainplot_role20.asl"": 34, ""role_mainplot_role21.asl"": 34, ""role_mainplot_role22.asl"": 34, ""role_mainplot_role23.asl"": 34, ""role_mainplot_role24.asl"": 34, ""role_mainplot_role25.asl"": 34, ""role_mainplot_role26.asl"": 34, ""role_mainplot_role27.asl"": 34, ""role_mainplot_role28.asl"": 34, ""role_mainplot_role29.asl"": 34, ""role_mainplot_role30.asl"": 34, ""role_mainplot_role31.asl"": 34, ""role_mainplot_role32.asl"": 34, ""role_mainplot_role33.asl"": 34, ""role_mainplot_role34.asl"": 34, ""role_mainplot_role35.asl"": 34, ""role_mainplot_role36.asl"": 34, ""role_mainplot_role37.asl"": 34, ""role_mainplot_role38.asl"": 34, ""role_mainplot_role39.asl"": 34, ""role_mainplot_role40.asl"": 34, ""role_mainplot_role41.asl"": 34, ""role_mainplot_role42.asl"": 34, ""role_mainplot_role43.asl"": 34, ""role_mainplot_role44.asl"": 34, ""role_mainplot_role45.asl"": 34, ""role_mainplot_role46.asl"": 34, ""role_mainplot_role47.asl"": 34, ""role_mainplot_role48.asl"": 34, ""role_mainplot_role49.asl"": 34, ""role_mainplot_role50.asl"": 34, ""role_mainplot_role51.asl"": 34, ""role_mainplot_role52.asl"": 34, ""role_mainplot_role53.asl"": 34, ""role_mainplot_role54.asl"": 34, ""role_mainplot_role55.asl"": 34, ""role_mainplot_role56.asl"": 34, ""role_mainplot_role57.asl"": 34, ""role_mainplot_role58.asl"": 34, ""role_mainplot_role59.asl"": 34, ""role_mainplot_role60.asl"": 34, ""role_mainplot_role61.asl"": 34, ""role_mainplot_role62.asl"": 34, ""role_mainplot_role63.asl"": 34, ""role_mainplot_role64.asl"": 34, ""role_mainplot_role65.asl"": 34, ""role_mainplot_role66.asl"": 34, ""role_mainplot_role67.asl"": 34, ""role_mainplot_role68.asl"": 34, ""role_mainplot_role69.asl"": 34, ""role_mainplot_role70.asl"": 34, ""role_mainplot_role71.asl"": 34, ""role_mainplot_role72.asl"": 34, ""role_mainplot_role73.asl"": 34, ""role_mainplot_role74.asl"": 34, ""role_mainplot_role75.asl"": 34, ""role_mainplot_role76.asl"": 34, ""role_mainplot_role77.asl"": 34, ""role_mainplot_role78.asl"": 34, ""role_mainplot_role79.asl"": 34, ""role_mainplot_role80.asl"": 34, ""role_mainplot_role81.asl"": 34, ""role_mainplot_role82.asl"": 34, ""role_mainplot_role83.asl"": 34, ""role_mainplot_role84.asl"": 34, ""role_mainplot_role85.asl"": 34, ""role_mainplot_role86.asl"": 34, ""role_mainplot_role87.asl"": 34, ""role_mainplot_role88.asl"": 34, ""role_mainplot_role89.asl"": 34, ""role_mainplot_role90.asl"": 34, ""role_mainplot_role91.asl"": 34, ""role_mainplot_role92.asl"": 34, ""role_mainplot_role93.asl"": 34, ""role_mainplot_role94.asl"": 34, ""role_mainplot_role95.asl"": 34, ""role_mainplot_role96.asl"": 34, ""role_mainplot_role97.asl"": 34, ""role_mainplot_role98.asl"": 34, ""role_mainplot_role99.asl"": 34}",7.8603238866396765,0.02254782000090927,0.0013091380005789688,0.7733011245727539,True,7,0
grid_phases_roles,34,Linux 7.2.3-arch1-2,x86_64,24,30.44,3.14.7,10,10,5,2,2,1,2,100,1,0,0,42,494,14535,103,3883,"{""playbook_playbook0.asl"": 26, ""playbook_playbook1.asl"": 26, ""director_mainplot.asl"": 431, ""role_mainplot_role0.asl"": 34, ""role_mainplot_role1.asl"": 34, ""role_mainplot_role2.asl"": 34, ""role_mainplot_role3.asl"": 34, ""role_mainplot_role4.asl"": 34, ""role_mainplot_role5.asl"": 34, ""role_mainplot_role6.asl"": 34, ""role_mainplot_role7.asl"": 34, ""role_mainplot_role8.asl"": 34, ""role_mainplot_role9.asl"": 34, ""role_mainplot_role10.asl"": 34, ""role_mainplot_role11.asl"": 34, ""role_mainplot_role12.asl"": 34, ""role_mainplot_role13.asl"": 34, ""role_mainplot_role14.asl"": 34, ""role_mainplot_role15.asl"": 34, ""role_mainplot_role16.asl"": 34, ""role_mainplot_role17.asl"": 34, ""role_mainplot_role18.asl"": 34, ""role_mainplot_role19.asl"": 34, ""role_mainplot_role20.asl"": 34, ""role_mainplot_role21.asl"": 34, ""role_mainplot_role22.asl"": 34, ""role_mainplot_role23.asl"": 34, ""role_mainplot_role24.asl"": 34, ""role_mainplot_role25.asl"": 34, ""role_mainplot_role26.asl"": 34, ""role_mainplot_role27.asl"": 34, ""role_mainplot_role28.asl"": 34, ""role_mainplot_role29.asl"": 34, ""role_mainplot_role30.asl"": 34, ""role_mainplot_role31.asl"": 34, ""role_mainplot_role32.asl"": 34, ""role_mainplot_role33.asl"": 34, ""role_mainplot_role34.asl"": 34, ""role_mainplot_role35.asl"": 34, ""role_mainplot_role36.asl"": 34, ""role_mainplot_role37.asl"": 34, ""role_mainplot_role38.asl"": 34, ""role_mainplot_role39.asl"": 34, ""role_mainplot_role40.asl"": 34, ""role_mainplot_role41.asl"": 34, ""role_mainplot_role42.asl"": 34, ""role_mainplot_role43.asl"": 34, ""role_mainplot_role44.asl"": 34, ""role_mainplot_role45.asl"": 34, ""role_mainplot_role46.asl"": 34, ""role_mainplot_role47.asl"": 34, ""role_mainplot_role48.asl"": 34, ""role_mainplot_role49.asl"": 34, ""role_mainplot_role50.asl"": 34, ""role_mainplot_role51.asl"": 34, ""role_mainplot_role52.asl"": 34, ""role_mainplot_role53.asl"": 34, ""role_mainplot_role54.asl"": 34, ""role_mainplot_role55.asl"": 34, ""role_mainplot_role56.asl"": 34, ""role_mainplot_role57.asl"": 34, ""role_mainplot_role58.asl"": 34, ""role_mainplot_role59.asl"": 34, ""role_mainplot_role60.asl"": 34, ""role_mainplot_role61.asl"": 34, ""role_mainplot_role62.asl"": 34, ""role_mainplot_role63.asl"": 34, ""role_mainplot_role64.asl"": 34, ""role_mainplot_role65.asl"": 34, ""role_mainplot_role66.asl"": 34, ""role_mainplot_role67.asl"": 34, ""role_mainplot_role68.asl"": 34, ""role_mainplot_role69.asl"": 34, ""role_mainplot_role70.asl"": 34, ""role_mainplot_role71.asl"": 34, ""role_mainplot_role72.asl"": 34, ""role_mainplot_role73.asl"": 34, ""role_mainplot_role74.asl"": 34, ""role_mainplot_role75.asl"": 34, ""role_mainplot_role76.asl"": 34, ""role_mainplot_role77.asl"": 34, ""role_mainplot_role78.asl"": 34, ""role_mainplot_role79.asl"": 34, ""role_mainplot_role80.asl"": 34, ""role_mainplot_role81.asl"": 34, ""role_mainplot_role82.asl"": 34, ""role_mainplot_role83.asl"": 34, ""role_mainplot_role84.asl"": 34, ""role_mainplot_role85.asl"": 34, ""role_mainplot_role86.asl"": 34, ""role_mainplot_role87.asl"": 34, ""role_mainplot_role88.asl"": 34, ""role_mainplot_role89.asl"": 34, ""role_mainplot_role90.asl"": 34, ""role_mainplot_role91.asl"": 34, ""role_mainplot_role92.asl"": 34, ""role_mainplot_role93.asl"": 34, ""role_mainplot_role94.asl"": 34, ""role_mainplot_role95.asl"": 34, ""role_mainplot_role96.asl"": 34, ""role_mainplot_role97.asl"": 34, ""role_mainplot_role98.asl"": 34, ""role_mainplot_role99.asl"": 34}",7.8603238866396765,0.022521281000081217,0.001290047999646049,0.7733011245727539,True,7,0
grid_phases_roles,35,Linux 7.2.3-arch1-2,x86_64,24,30.44,3.14.7,10,10,5,2,2,1,2,200,1,0,0,42,894,27735,203,7583,"{""playbook_playbook0.asl"": 26, ""playbook_playbook1.asl"": 26, ""director_mainplot.asl"": 731, ""role_mainplot_role0.asl"": 34, ""role_mainplot_role1.asl"": 34, ""role_mainplot_role2.asl"": 34, ""role_mainplot_role3.asl"": 34, ""role_mainplot_role4.asl"": 34, ""role_mainplot_role5.asl"": 34, ""role_mainplot_role6.asl"": 34, ""role_mainplot_role7.asl"": 34, ""role_mainplot_role8.asl"": 34, ""role_mainplot_role9.asl"": 34, ""role_mainplot_role10.asl"": 34, ""role_mainplot_role11.asl"": 34, ""role_mainplot_role12.asl"": 34, ""role_mainplot_role13.asl"": 34, ""role_mainplot_role14.asl"": 34, ""role_mainplot_role15.asl"": 34, ""role_mainplot_role16.asl"": 34, ""role_mainplot_role17.asl"": 34, ""role_mainplot_role18.asl"": 34, ""role_mainplot_role19.asl"": 34, ""role_mainplot_role20.asl"": 34, ""role_mainplot_role21.asl"": 34, ""role_mainplot_role22.asl"": 34, ""role_mainplot_role23.asl"": 34, ""role_mainplot_role24.asl"": 34, ""role_mainplot_role25.asl"": 34, ""role_mainplot_role26.asl"": 34, ""role_mainplot_role27.asl"": 34, ""role_mainplot_role28.asl"": 34, ""role_mainplot_role29.asl"": 34, ""role_mainplot_role30.asl"": 34, ""role_mainplot_role31.asl"": 34, ""role_mainplot_role32.asl"": 34, ""role_mainplot_role33.asl"": 34, ""role_mainplot_role34.asl"": 34, ""role_mainplot_role35.asl"": 34, ""role_mainplot_role36.asl"": 34, ""role_mainplot_role37.asl"": 34, ""role_mainplot_role38.asl"": 34, ""role_mainplot_role39.asl"": 34, ""role_mainplot_role40.asl"": 34, ""role_mainplot_role41.asl"": 34, ""role_mainplot_role42.asl"": 34, ""role_mainplot_role43.asl"": 34, ""role_mainplot_role44.asl"": 34, ""role_mainplot_role45.asl"": 34, ""role_mainplot_role46.asl"": 34, ""role_mainplot_role47.asl"": 34, ""role_mainplot_role48.asl"": 34, ""role_mainplot_role49.asl"": 34, ""role_mainplot_role50.asl"": 34, ""role_mainplot_role51.asl"": 34, ""role_mainplot_role52.asl"": 34, ""role_mainplot_role53.asl"": 34, ""role_mainplot_role54.asl"": 34, ""role_mainplot_role55.asl"": 34, ""role_mainplot_role56.asl"": 34, ""role_mainplot_role57.asl"": 34, ""role_mainplot_role58.asl"": 34, ""role_mainplot_role59.asl"": 34, ""role_mainplot_role60.asl"": 34, ""role_mainplot_role61.asl"": 34, ""role_mainplot_role62.asl"": 34, ""role_mainplot_role63.asl"": 34, ""role_mainplot_role64.asl"": 34, ""role_mainplot_role65.asl"": 34, ""role_mainplot_role66.asl"": 34, ""role_mainplot_role67.asl"": 34, ""role_mainplot_role68.asl"": 34, ""role_mainplot_role69.asl"": 34, ""role_mainplot_role70.asl"": 34, ""role_mainplot_role71.asl"": 34, ""role_mainplot_role72.asl"": 34, ""role_mainplot_role73.asl"": 34, ""role_mainplot_role74.asl"": 34, ""role_mainplot_role75.asl"": 34, ""role_mainplot_role76.asl"": 34, ""role_mainplot_role77.asl"": 34, ""role_mainplot_role78.asl"": 34, ""role_mainplot_role79.asl"": 34, ""role_mainplot_role80.asl"": 34, ""role_mainplot_role81.asl"": 34, ""role_mainplot_role82.asl"": 34, ""role_mainplot_role83.asl"": 34, ""role_mainplot_role84.asl"": 34, ""role_mainplot_role85.asl"": 34, ""role_mainplot_role86.asl"": 34, ""role_mainplot_role87.asl"": 34, ""role_mainplot_role88.asl"": 34, ""role_mainplot_role89.asl"": 34, ""role_mainplot_role90.asl"": 34, ""role_mainplot_role91.asl"": 34, ""role_mainplot_role92.asl"": 34, ""role_mainplot_role93.asl"": 34, ""role_mainplot_role94.asl"": 34, ""role_mainplot_role95.asl"": 34, ""role_mainplot_role96.asl"": 34, ""role_mainplot_role97.asl"": 34, ""role_mainplot_role98.asl"": 34, ""role_mainplot_role99.asl"": 34, ""role_mainplot_role100.asl"": 34, ""role_mainplot_role101.asl"": 34, ""role_mainplot_role102.asl"": 34, ""role_mainplot_role103.asl"": 34, ""role_mainplot_role104.asl"": 34, ""role_mainplot_role105.asl"": 34, ""role_mainplot_role106.asl"": 34, ""role_mainplot_role107.asl"": 34, ""role_mainplot_role108.asl"": 34, ""role_mainplot_role109.asl"": 34, ""role_mainplot_role110.asl"": 34, ""role_mainplot_role111.asl"": 34, ""role_mainplot_role112.asl"": 34, ""role_mainplot_role113.asl"": 34, ""role_mainplot_role114.asl"": 34, ""role_mainplot_role115.asl"": 34, ""role_mainplot_role116.asl"": 34, ""role_mainplot_role117.asl"": 34, ""role_mainplot_role118.asl"": 34, ""role_mainplot_role119.asl"": 34, ""role_mainplot_role120.asl"": 34, ""role_mainplot_role121.asl"": 34, ""role_mainplot_role122.asl"": 34, ""role_mainplot_role123.asl"": 34, ""role_mainplot_role124.asl"": 34, ""role_mainplot_role125.asl"": 34, ""role_mainplot_role126.asl"": 34, ""role_mainplot_role127.asl"": 34, ""role_mainplot_role128.asl"": 34, ""role_mainplot_role129.asl"": 34, ""role_mainplot_role130.asl"": 34, ""role_mainplot_role131.asl"": 34, ""role_mainplot_role132.asl"": 34, ""role_mainplot_role133.asl"": 34, ""role_mainplot_role134.asl"": 34, ""role_mainplot_role135.asl"": 34, ""role_mainplot_role136.asl"": 34, ""role_mainplot_role137.asl"": 34, ""role_mainplot_role138.asl"": 34, ""role_mainplot_role139.asl"": 34, ""role_mainplot_role140.asl"": 34, ""role_mainplot_role141.asl"": 34, ""role_mainplot_role142.asl"": 34, ""role_mainplot_role143.asl"": 34, ""role_mainplot_role144.asl"": 34, ""role_mainplot_role145.asl"": 34, ""role_mainplot_role146.asl"": 34, ""role_mainplot_role147.asl"": 34, ""role_mainplot_role148.asl"": 34, ""role_mainplot_role149.asl"": 34, ""role_mainplot_role150.asl"": 34, ""role_mainplot_role151.asl"": 34, ""role_mainplot_role152.asl"": 34, ""role_mainplot_role153.asl"": 34, ""role_mainplot_role154.asl"": 34, ""role_mainplot_role155.asl"": 34, ""role_mainplot_role156.asl"": 34, ""role_mainplot_role157.asl"": 34, ""role_mainplot_role158.asl"": 34, ""role_mainplot_role159.asl"": 34, ""role_mainplot_role160.asl"": 34, ""role_mainplot_role161.asl"": 34, ""role_mainplot_role162.asl"": 34, ""role_mainplot_role163.asl"": 34, ""role_mainplot_role164.asl"": 34, ""role_mainplot_role165.asl"": 34, ""role_mainplot_role166.asl"": 34, ""role_mainplot_role167.asl"": 34, ""role_mainplot_role168.asl"": 34, ""role_mainplot_role169.asl"": 34, ""role_mainplot_role170.asl"": 34, ""role_mainplot_role171.asl"": 34, ""role_mainplot_role172.asl"": 34, ""role_mainplot_role173.asl"": 34, ""role_mainplot_role174.asl"": 34, ""role_mainplot_role175.asl"": 34, ""role_mainplot_role176.asl"": 34, ""role_mainplot_role177.asl"": 34, ""role_mainplot_role178.asl"": 34, ""role_mainplot_role179.asl"": 34, ""role_mainplot_role180.asl"": 34, ""role_mainplot_role181.asl"": 34, ""role_mainplot_role182.asl"": 34, ""role_mainplot_role183.asl"": 34, ""role_mainplot_role184.asl"": 34, ""role_mainplot_role185.asl"": 34, ""role_mainplot_role186.asl"": 34, ""role_mainplot_role187.asl"": 34, ""role_mainplot_role188.asl"": 34, ""role_mainplot_role189.asl"": 34, ""role_mainplot_role190.asl"": 34, ""role_mainplot_role191.asl"": 34, ""role_mainplot_role192.asl"": 34, ""role_mainplot_role193.asl"": 34, ""role_mainplot_role194.asl"": 34, ""role_mainplot_role195.asl"": 34, ""role_mainplot_role196.asl"": 34, ""role_mainplot_role197.asl"": 34, ""role_mainplot_role198.asl"": 34, ""role_mainplot_role199.asl"": 34}",8.482102908277405,0.042146306001086487,0.002517435999834561,1.456284523010254,True,7,0
grid_phases_roles,36,Linux 7.2.3-arch1-2,x86_64,24,30.44,3.14.7,10,10,5,2,2,1,2,200,1,0,0,42,894,27735,203,7583,"{""playbook_playbook0.asl"": 26, ""playbook_playbook1.asl"": 26, ""director_mainplot.asl"": 731, ""role_mainplot_role0.asl"": 34, ""role_mainplot_role1.asl"": 34, ""role_mainplot_role2.asl"": 34, ""role_mainplot_role3.asl"": 34, ""role_mainplot_role4.asl"": 34, ""role_mainplot_role5.asl"": 34, ""role_mainplot_role6.asl"": 34, ""role_mainplot_role7.asl"": 34, ""role_mainplot_role8.asl"": 34, ""role_mainplot_role9.asl"": 34, ""role_mainplot_role10.asl"": 34, ""role_mainplot_role11.asl"": 34, ""role_mainplot_role12.asl"": 34, ""role_mainplot_role13.asl"": 34, ""role_mainplot_role14.asl"": 34, ""role_mainplot_role15.asl"": 34, ""role_mainplot_role16.asl"": 34, ""role_mainplot_role17.asl"": 34, ""role_mainplot_role18.asl"": 34, ""role_mainplot_role19.asl"": 34, ""role_mainplot_role20.asl"": 34, ""role_mainplot_role21.asl"": 34, ""role_mainplot_role22.asl"": 34, ""role_mainplot_role23.asl"": 34, ""role_mainplot_role24.asl"": 34, ""role_mainplot_role25.asl"": 34, ""role_mainplot_role26.asl"": 34, ""role_mainplot_role27.asl"": 34, ""role_mainplot_role28.asl"": 34, ""role_mainplot_role29.asl"": 34, ""role_mainplot_role30.asl"": 34, ""role_mainplot_role31.asl"": 34, ""role_mainplot_role32.asl"": 34, ""role_mainplot_role33.asl"": 34, ""role_mainplot_role34.asl"": 34, ""role_mainplot_role35.asl"": 34, ""role_mainplot_role36.asl"": 34, ""role_mainplot_role37.asl"": 34, ""role_mainplot_role38.asl"": 34, ""role_mainplot_role39.asl"": 34, ""role_mainplot_role40.asl"": 34, ""role_mainplot_role41.asl"": 34, ""role_mainplot_role42.asl"": 34, ""role_mainplot_role43.asl"": 34, ""role_mainplot_role44.asl"": 34, ""role_mainplot_role45.asl"": 34, ""role_mainplot_role46.asl"": 34, ""role_mainplot_role47.asl"": 34, ""role_mainplot_role48.asl"": 34, ""role_mainplot_role49.asl"": 34, ""role_mainplot_role50.asl"": 34, ""role_mainplot_role51.asl"": 34, ""role_mainplot_role52.asl"": 34, ""role_mainplot_role53.asl"": 34, ""role_mainplot_role54.asl"": 34, ""role_mainplot_role55.asl"": 34, ""role_mainplot_role56.asl"": 34, ""role_mainplot_role57.asl"": 34, ""role_mainplot_role58.asl"": 34, ""role_mainplot_role59.asl"": 34, ""role_mainplot_role60.asl"": 34, ""role_mainplot_role61.asl"": 34, ""role_mainplot_role62.asl"": 34, ""role_mainplot_role63.asl"": 34, ""role_mainplot_role64.asl"": 34, ""role_mainplot_role65.asl"": 34, ""role_mainplot_role66.asl"": 34, ""role_mainplot_role67.asl"": 34, ""role_mainplot_role68.asl"": 34, ""role_mainplot_role69.asl"": 34, ""role_mainplot_role70.asl"": 34, ""role_mainplot_role71.asl"": 34, ""role_mainplot_role72.asl"": 34, ""role_mainplot_role73.asl"": 34, ""role_mainplot_role74.asl"": 34, ""role_mainplot_role75.asl"": 34, ""role_mainplot_role76.asl"": 34, ""role_mainplot_role77.asl"": 34, ""role_mainplot_role78.asl"": 34, ""role_mainplot_role79.asl"": 34, ""role_mainplot_role80.asl"": 34, ""role_mainplot_role81.asl"": 34, ""role_mainplot_role82.asl"": 34, ""role_mainplot_role83.asl"": 34, ""role_mainplot_role84.asl"": 34, ""role_mainplot_role85.asl"": 34, ""role_mainplot_role86.asl"": 34, ""role_mainplot_role87.asl"": 34, ""role_mainplot_role88.asl"": 34, ""role_mainplot_role89.asl"": 34, ""role_mainplot_role90.asl"": 34, ""role_mainplot_role91.asl"": 34, ""role_mainplot_role92.asl"": 34, ""role_mainplot_role93.asl"": 34, ""role_mainplot_role94.asl"": 34, ""role_mainplot_role95.asl"": 34, ""role_mainplot_role96.asl"": 34, ""role_mainplot_role97.asl"": 34, ""role_mainplot_role98.asl"": 34, ""role_mainplot_role99.asl"": 34, ""role_mainplot_role100.asl"": 34, ""role_mainplot_role101.asl"": 34, ""role_mainplot_role102.asl"": 34, ""role_mainplot_role103.asl"": 34, ""role_mainplot_role104.asl"": 34, ""role_mainplot_role105.asl"": 34, ""role_mainplot_role106.asl"": 34, ""role_mainplot_role107.asl"": 34, ""role_mainplot_role108.asl"": 34, ""role_mainplot_role109.asl"": 34, ""role_mainplot_role110.asl"": 34, ""role_mainplot_role111.asl"": 34, ""role_mainplot_role112.asl"": 34, ""role_mainplot_role113.asl"": 34, ""role_mainplot_role114.asl"": 34, ""role_mainplot_role115.asl"": 34, ""role_mainplot_role116.asl"": 34, ""role_mainplot_role117.asl"": 34, ""role_mainplot_role118.asl"": 34, ""role_mainplot_role119.asl"": 34, ""role_mainplot_role120.asl"": 34, ""role_mainplot_role121.asl"": 34, ""role_mainplot_role122.asl"": 34, ""role_mainplot_role123.asl"": 34, ""role_mainplot_role124.asl"": 34, ""role_mainplot_role125.asl"": 34, ""role_mainplot_role126.asl"": 34, ""role_mainplot_role127.asl"": 34, ""role_mainplot_role128.asl"": 34, ""role_mainplot_role129.asl"": 34, ""role_mainplot_role130.asl"": 34, ""role_mainplot_role131.asl"": 34, ""role_mainplot_role132.asl"": 34, ""role_mainplot_role133.asl"": 34, ""role_mainplot_role134.asl"": 34, ""role_mainplot_role135.asl"": 34, ""role_mainplot_role136.asl"": 34, ""role_mainplot_role137.asl"": 34, ""role_mainplot_role138.asl"": 34, ""role_mainplot_role139.asl"": 34, ""role_mainplot_role140.asl"": 34, ""role_mainplot_role141.asl"": 34, ""role_mainplot_role142.asl"": 34, ""role_mainplot_role143.asl"": 34, ""role_mainplot_role144.asl"": 34, ""role_mainplot_role145.asl"": 34, ""role_mainplot_role146.asl"": 34, ""role_mainplot_role147.asl"": 34, ""role_mainplot_role148.asl"": 34, ""role_mainplot_role149.asl"": 34, ""role_mainplot_role150.asl"": 34, ""role_mainplot_role151.asl"": 34, ""role_mainplot_role152.asl"": 34, ""role_mainplot_role153.asl"": 34, ""role_mainplot_role154.asl"": 34, ""role_mainplot_role155.asl"": 34, ""role_mainplot_role156.asl"": 34, ""role_mainplot_role157.asl"": 34, ""role_mainplot_role158.asl"": 34, ""role_mainplot_role159.asl"": 34, ""role_mainplot_role160.asl"": 34, ""role_mainplot_role161.asl"": 34, ""role_mainplot_role162.asl"": 34, ""role_mainplot_role163.asl"": 34, ""role_mainplot_role164.asl"": 34, ""role_mainplot_role165.asl"": 34, ""role_mainplot_role166.asl"": 34, ""role_mainplot_role167.asl"": 34, ""role_mainplot_role168.asl"": 34, ""role_mainplot_role169.asl"": 34, ""role_mainplot_role170.asl"": 34, ""role_mainplot_role171.asl"": 34, ""role_mainplot_role172.asl"": 34, ""role_mainplot_role173.asl"": 34, ""role_mainplot_role174.asl"": 34, ""role_mainplot_role175.asl"": 34, ""role_mainplot_role176.asl"": 34, ""role_mainplot_role177.asl"": 34, ""role_mainplot_role178.asl"": 34, ""role_mainplot_role179.asl"": 34, ""role_mainplot_role180.asl"": 34, ""role_mainplot_role181.asl"": 34, ""role_mainplot_role182.asl"": 34, ""role_mainplot_role183.asl"": 34, ""role_mainplot_role184.asl"": 34, ""role_mainplot_role185.asl"": 34, ""role_mainplot_role186.asl"": 34, ""role_mainplot_role187.asl"": 34, ""role_mainplot_role188.asl"": 34, ""role_mainplot_role189.asl"": 34, ""role_mainplot_role190.asl"": 34, ""role_mainplot_role191.asl"": 34, ""role_mainplot_role192.asl"": 34, ""role_mainplot_role193.asl"": 34, ""role_mainplot_role194.asl"": 34, ""role_mainplot_role195.asl"": 34, ""role_mainplot_role196.asl"": 34, ""role_mainplot_role197.asl"": 34, ""role_mainplot_role198.asl"": 34, ""role_mainplot_role199.asl"": 34}",8.482102908277405,0.047681046000434435,0.0025247350004065083,1.4570627212524414,True,7,0
grid_phases_roles,37,Linux 7.2.3-arch1-2,x86_64,24,30.44,3.14.7,10,10,5,2,2,1,2,200,1,0,0,42,894,27735,203,7583,"{""playbook_playbook0.asl"": 26, ""playbook_playbook1.asl"": 26, ""director_mainplot.asl"": 731, ""role_mainplot_role0.asl"": 34, ""role_mainplot_role1.asl"": 34, ""role_mainplot_role2.asl"": 34, ""role_mainplot_role3.asl"": 34, ""role_mainplot_role4.asl"": 34, ""role_mainplot_role5.asl"": 34, ""role_mainplot_role6.asl"": 34, ""role_mainplot_role7.asl"": 34, ""role_mainplot_role8.asl"": 34, ""role_mainplot_role9.asl"": 34, ""role_mainplot_role10.asl"": 34, ""role_mainplot_role11.asl"": 34, ""role_mainplot_role12.asl"": 34, ""role_mainplot_role13.asl"": 34, ""role_mainplot_role14.asl"": 34, ""role_mainplot_role15.asl"": 34, ""role_mainplot_role16.asl"": 34, ""role_mainplot_role17.asl"": 34, ""role_mainplot_role18.asl"": 34, ""role_mainplot_role19.asl"": 34, ""role_mainplot_role20.asl"": 34, ""role_mainplot_role21.asl"": 34, ""role_mainplot_role22.asl"": 34, ""role_mainplot_role23.asl"": 34, ""role_mainplot_role24.asl"": 34, ""role_mainplot_role25.asl"": 34, ""role_mainplot_role26.asl"": 34, ""role_mainplot_role27.asl"": 34, ""role_mainplot_role28.asl"": 34, ""role_mainplot_role29.asl"": 34, ""role_mainplot_role30.asl"": 34, ""role_mainplot_role31.asl"": 34, ""role_mainplot_role32.asl"": 34, ""role_mainplot_role33.asl"": 34, ""role_mainplot_role34.asl"": 34, ""role_mainplot_role35.asl"": 34, ""role_mainplot_role36.asl"": 34, ""role_mainplot_role37.asl"": 34, ""role_mainplot_role38.asl"": 34, ""role_mainplot_role39.asl"": 34, ""role_mainplot_role40.asl"": 34, ""role_mainplot_role41.asl"": 34, ""role_mainplot_role42.asl"": 34, ""role_mainplot_role43.asl"": 34, ""role_mainplot_role44.asl"": 34, ""role_mainplot_role45.asl"": 34, ""role_mainplot_role46.asl"": 34, ""role_mainplot_role47.asl"": 34, ""role_mainplot_role48.asl"": 34, ""role_mainplot_role49.asl"": 34, ""role_mainplot_role50.asl"": 34, ""role_mainplot_role51.asl"": 34, ""role_mainplot_role52.asl"": 34, ""role_mainplot_role53.asl"": 34, ""role_mainplot_role54.asl"": 34, ""role_mainplot_role55.asl"": 34, ""role_mainplot_role56.asl"": 34, ""role_mainplot_role57.asl"": 34, ""role_mainplot_role58.asl"": 34, ""role_mainplot_role59.asl"": 34, ""role_mainplot_role60.asl"": 34, ""role_mainplot_role61.asl"": 34, ""role_mainplot_role62.asl"": 34, ""role_mainplot_role63.asl"": 34, ""role_mainplot_role64.asl"": 34, ""role_mainplot_role65.asl"": 34, ""role_mainplot_role66.asl"": 34, ""role_mainplot_role67.asl"": 34, ""role_mainplot_role68.asl"": 34, ""role_mainplot_role69.asl"": 34, ""role_mainplot_role70.asl"": 34, ""role_mainplot_role71.asl"": 34, ""role_mainplot_role72.asl"": 34, ""role_mainplot_role73.asl"": 34, ""role_mainplot_role74.asl"": 34, ""role_mainplot_role75.asl"": 34, ""role_mainplot_role76.asl"": 34, ""role_mainplot_role77.asl"": 34, ""role_mainplot_role78.asl"": 34, ""role_mainplot_role79.asl"": 34, ""role_mainplot_role80.asl"": 34, ""role_mainplot_role81.asl"": 34, ""role_mainplot_role82.asl"": 34, ""role_mainplot_role83.asl"": 34, ""role_mainplot_role84.asl"": 34, ""role_mainplot_role85.asl"": 34, ""role_mainplot_role86.asl"": 34, ""role_mainplot_role87.asl"": 34, ""role_mainplot_role88.asl"": 34, ""role_mainplot_role89.asl"": 34, ""role_mainplot_role90.asl"": 34, ""role_mainplot_role91.asl"": 34, ""role_mainplot_role92.asl"": 34, ""role_mainplot_role93.asl"": 34, ""role_mainplot_role94.asl"": 34, ""role_mainplot_role95.asl"": 34, ""role_mainplot_role96.asl"": 34, ""role_mainplot_role97.asl"": 34, ""role_mainplot_role98.asl"": 34, ""role_mainplot_role99.asl"": 34, ""role_mainplot_role100.asl"": 34, ""role_mainplot_role101.asl"": 34, ""role_mainplot_role102.asl"": 34, ""role_mainplot_role103.asl"": 34, ""role_mainplot_role104.asl"": 34, ""role_mainplot_role105.asl"": 34, ""role_mainplot_role106.asl"": 34, ""role_mainplot_role107.asl"": 34, ""role_mainplot_role108.asl"": 34, ""role_mainplot_role109.asl"": 34, ""role_mainplot_role110.asl"": 34, ""role_mainplot_role111.asl"": 34, ""role_mainplot_role112.asl"": 34, ""role_mainplot_role113.asl"": 34, ""role_mainplot_role114.asl"": 34, ""role_mainplot_role115.asl"": 34, ""role_mainplot_role116.asl"": 34, ""role_mainplot_role117.asl"": 34, ""role_mainplot_role118.asl"": 34, ""role_mainplot_role119.asl"": 34, ""role_mainplot_role120.asl"": 34, ""role_mainplot_role121.asl"": 34, ""role_mainplot_role122.asl"": 34, ""role_mainplot_role123.asl"": 34, ""role_mainplot_role124.asl"": 34, ""role_mainplot_role125.asl"": 34, ""role_mainplot_role126.asl"": 34, ""role_mainplot_role127.asl"": 34, ""role_mainplot_role128.asl"": 34, ""role_mainplot_role129.asl"": 34, ""role_mainplot_role130.asl"": 34, ""role_mainplot_role131.asl"": 34, ""role_mainplot_role132.asl"": 34, ""role_mainplot_role133.asl"": 34, ""role_mainplot_role134.asl"": 34, ""role_mainplot_role135.asl"": 34, ""role_mainplot_role136.asl"": 34, ""role_mainplot_role137.asl"": 34, ""role_mainplot_role138.asl"": 34, ""role_mainplot_role139.asl"": 34, ""role_mainplot_role140.asl"": 34, ""role_mainplot_role141.asl"": 34, ""role_mainplot_role142.asl"": 34, ""role_mainplot_role143.asl"": 34, ""role_mainplot_role144.asl"": 34, ""role_mainplot_role145.asl"": 34, ""role_mainplot_role146.asl"": 34, ""role_mainplot_role147.asl"": 34, ""role_mainplot_role148.asl"": 34, ""role_mainplot_role149.asl"": 34, ""role_mainplot_role150.asl"": 34, ""role_mainplot_role151.asl"": 34, ""role_mainplot_role152.asl"": 34, ""role_mainplot_role153.asl"": 34, ""role_mainplot_role154.asl"": 34, ""role_mainplot_role155.asl"": 34, ""role_mainplot_role156.asl"": 34, ""role_mainplot_role157.asl"": 34, ""role_mainplot_role158.asl"": 34, ""role_mainplot_role159.asl"": 34, ""role_mainplot_role160.asl"": 34, ""role_mainplot_role161.asl"": 34, ""role_mainplot_role162.asl"": 34, ""role_mainplot_role163.asl"": 34, ""role_mainplot_role164.asl"": 34, ""role_mainplot_role165.asl"": 34, ""role_mainplot_role166.asl"": 34, ""role_mainplot_role167.asl"": 34, ""role_mainplot_role168.asl"": 34, ""role_mainplot_role169.asl"": 34, ""role_mainplot_role170.asl"": 34, ""role_mainplot_role171.asl"": 34, ""role_mainplot_role172.asl"": 34, ""role_mainplot_role173.asl"": 34, ""role_mainplot_role174.asl"": 34, ""role_mainplot_role175.asl"": 34, ""role_mainplot_role176.asl"": 34, ""role_mainplot_role177.asl"": 34, ""role_mainplot_role178.asl"": 34, ""role_mainplot_role179.asl"": 34, ""role_mainplot_role180.asl"": 34, ""role_mainplot_role181.asl"": 34, ""role_mainplot_role182.asl"": 34, ""role_mainplot_role183.asl"": 34, ""role_mainplot_role184.asl"": 34, ""role_mainplot_role185.asl"": 34, ""role_mainplot_role186.asl"": 34, ""role_mainplot_role187.asl"": 34, ""role_mainplot_role188.asl"": 34, ""role_mainplot_role189.asl"": 34, ""role_mainplot_role190.asl"": 34, ""role_mainplot_role191.asl"": 34, ""role_mainplot_role192.asl"": 34, ""role_mainplot_role193.asl"": 34, ""role_mainplot_role194.asl"": 34, ""role_mainplot_role195.asl"": 34, ""role_mainplot_role196.asl"": 34, ""role_mainplot_role197.asl"": 34, ""role_mainplot_role198.asl"": 34, ""role_mainplot_role199.asl"": 34}",8.482102908277405,0.04423158200006583,0.002537636000852217,1.4566278457641602,True,7,0
grid_phases_roles,38,Linux 7.2.3-arch1-2,x86_64,24,30.44,3.14.7,10,10,5,2,2,1,2,200,1,0,0,42,894,27735,203,7583,"{""playbook_playbook0.asl"": 26, ""playbook_playbook1.asl"": 26, ""director_mainplot.asl"": 731, ""role_mainplot_role0.asl"": 34, ""role_mainplot_role1.asl"": 34, ""role_mainplot_role2.asl"": 34, ""role_mainplot_role3.asl"": 34, ""role_mainplot_role4.asl"": 34, ""role_mainplot_role5.asl"": 34, ""role_mainplot_role6.asl"": 34, ""role_mainplot_role7.asl"": 34, ""role_mainplot_role8.asl"": 34, ""role_mainplot_role9.asl"": 34, ""role_mainplot_role10.asl"": 34, ""role_mainplot_role11.asl"": 34, ""role_mainplot_role12.asl"": 34, ""role_mainplot_role13.asl"": 34, ""role_mainplot_role14.asl"": 34, ""role_mainplot_role15.asl"": 34, ""role_mainplot_role16.asl"": 34, ""role_mainplot_role17.asl"": 34, ""role_mainplot_role18.asl"": 34, ""role_mainplot_role19.asl"": 34, ""role_mainplot_role20.asl"": 34, ""role_mainplot_role21.asl"": 34, ""role_mainplot_role22.asl"": 34, ""role_mainplot_role23.asl"": 34, ""role_mainplot_role24.asl"": 34, ""role_mainplot_role25.asl"": 34, ""role_mainplot_role26.asl"": 34, ""role_mainplot_role27.asl"": 34, ""role_mainplot_role28.asl"": 34, ""role_mainplot_role29.asl"": 34, ""role_mainplot_role30.asl"": 34, ""role_mainplot_role31.asl"": 34, ""role_mainplot_role32.asl"": 34, ""role_mainplot_role33.asl"": 34, ""role_mainplot_role34.asl"": 34, ""role_mainplot_role35.asl"": 34, ""role_mainplot_role36.asl"": 34, ""role_mainplot_role37.asl"": 34, ""role_mainplot_role38.asl"": 34, ""role_mainplot_role39.asl"": 34, ""role_mainplot_role40.asl"": 34, ""role_mainplot_role41.asl"": 34, ""role_mainplot_role42.asl"": 34, ""role_mainplot_role43.asl"": 34, ""role_mainplot_role44.asl"": 34, ""role_mainplot_role45.asl"": 34, ""role_mainplot_role46.asl"": 34, ""role_mainplot_role47.asl"": 34, ""role_mainplot_role48.asl"": 34, ""role_mainplot_role49.asl"": 34, ""role_mainplot_role50.asl"": 34, ""role_mainplot_role51.asl"": 34, ""role_mainplot_role52.asl"": 34, ""role_mainplot_role53.asl"": 34, ""role_mainplot_role54.asl"": 34, ""role_mainplot_role55.asl"": 34, ""role_mainplot_role56.asl"": 34, ""role_mainplot_role57.asl"": 34, ""role_mainplot_role58.asl"": 34, ""role_mainplot_role59.asl"": 34, ""role_mainplot_role60.asl"": 34, ""role_mainplot_role61.asl"": 34, ""role_mainplot_role62.asl"": 34, ""role_mainplot_role63.asl"": 34, ""role_mainplot_role64.asl"": 34, ""role_mainplot_role65.asl"": 34, ""role_mainplot_role66.asl"": 34, ""role_mainplot_role67.asl"": 34, ""role_mainplot_role68.asl"": 34, ""role_mainplot_role69.asl"": 34, ""role_mainplot_role70.asl"": 34, ""role_mainplot_role71.asl"": 34, ""role_mainplot_role72.asl"": 34, ""role_mainplot_role73.asl"": 34, ""role_mainplot_role74.asl"": 34, ""role_mainplot_role75.asl"": 34, ""role_mainplot_role76.asl"": 34, ""role_mainplot_role77.asl"": 34, ""role_mainplot_role78.asl"": 34, ""role_mainplot_role79.asl"": 34, ""role_mainplot_role80.asl"": 34, ""role_mainplot_role81.asl"": 34, ""role_mainplot_role82.asl"": 34, ""role_mainplot_role83.asl"": 34, ""role_mainplot_role84.asl"": 34, ""role_mainplot_role85.asl"": 34, ""role_mainplot_role86.asl"": 34, ""role_mainplot_role87.asl"": 34, ""role_mainplot_role88.asl"": 34, ""role_mainplot_role89.asl"": 34, ""role_mainplot_role90.asl"": 34, ""role_mainplot_role91.asl"": 34, ""role_mainplot_role92.asl"": 34, ""role_mainplot_role93.asl"": 34, ""role_mainplot_role94.asl"": 34, ""role_mainplot_role95.asl"": 34, ""role_mainplot_role96.asl"": 34, ""role_mainplot_role97.asl"": 34, ""role_mainplot_role98.asl"": 34, ""role_mainplot_role99.asl"": 34, ""role_mainplot_role100.asl"": 34, ""role_mainplot_role101.asl"": 34, ""role_mainplot_role102.asl"": 34, ""role_mainplot_role103.asl"": 34, ""role_mainplot_role104.asl"": 34, ""role_mainplot_role105.asl"": 34, ""role_mainplot_role106.asl"": 34, ""role_mainplot_role107.asl"": 34, ""role_mainplot_role108.asl"": 34, ""role_mainplot_role109.asl"": 34, ""role_mainplot_role110.asl"": 34, ""role_mainplot_role111.asl"": 34, ""role_mainplot_role112.asl"": 34, ""role_mainplot_role113.asl"": 34, ""role_mainplot_role114.asl"": 34, ""role_mainplot_role115.asl"": 34, ""role_mainplot_role116.asl"": 34, ""role_mainplot_role117.asl"": 34, ""role_mainplot_role118.asl"": 34, ""role_mainplot_role119.asl"": 34, ""role_mainplot_role120.asl"": 34, ""role_mainplot_role121.asl"": 34, ""role_mainplot_role122.asl"": 34, ""role_mainplot_role123.asl"": 34, ""role_mainplot_role124.asl"": 34, ""role_mainplot_role125.asl"": 34, ""role_mainplot_role126.asl"": 34, ""role_mainplot_role127.asl"": 34, ""role_mainplot_role128.asl"": 34, ""role_mainplot_role129.asl"": 34, ""role_mainplot_role130.asl"": 34, ""role_mainplot_role131.asl"": 34, ""role_mainplot_role132.asl"": 34, ""role_mainplot_role133.asl"": 34, ""role_mainplot_role134.asl"": 34, ""role_mainplot_role135.asl"": 34, ""role_mainplot_role136.asl"": 34, ""role_mainplot_role137.asl"": 34, ""role_mainplot_role138.asl"": 34, ""role_mainplot_role139.asl"": 34, ""role_mainplot_role140.asl"": 34, ""role_mainplot_role141.asl"": 34, ""role_mainplot_role142.asl"": 34, ""role_mainplot_role143.asl"": 34, ""role_mainplot_role144.asl"": 34, ""role_mainplot_role145.asl"": 34, ""role_mainplot_role146.asl"": 34, ""role_mainplot_role147.asl"": 34, ""role_mainplot_role148.asl"": 34, ""role_mainplot_role149.asl"": 34, ""role_mainplot_role150.asl"": 34, ""role_mainplot_role151.asl"": 34, ""role_mainplot_role152.asl"": 34, ""role_mainplot_role153.asl"": 34, ""role_mainplot_role154.asl"": 34, ""role_mainplot_role155.asl"": 34, ""role_mainplot_role156.asl"": 34, ""role_mainplot_role157.asl"": 34, ""role_mainplot_role158.asl"": 34, ""role_mainplot_role159.asl"": 34, ""role_mainplot_role160.asl"": 34, ""role_mainplot_role161.asl"": 34, ""role_mainplot_role162.asl"": 34, ""role_mainplot_role163.asl"": 34, ""role_mainplot_role164.asl"": 34, ""role_mainplot_role165.asl"": 34, ""role_mainplot_role166.asl"": 34, ""role_mainplot_role167.asl"": 34, ""role_mainplot_role168.asl"": 34, ""role_mainplot_role169.asl"": 34, ""role_mainplot_role170.asl"": 34, ""role_mainplot_role171.asl"": 34, ""role_mainplot_role172.asl"": 34, ""role_mainplot_role173.asl"": 34, ""role_mainplot_role174.asl"": 34, ""role_mainplot_role175.asl"": 34, ""role_mainplot_role176.asl"": 34, ""role_mainplot_role177.asl"": 34, ""role_mainplot_role178.asl"": 34, ""role_mainplot_role179.asl"": 34, ""role_mainplot_role180.asl"": 34, ""role_mainplot_role181.asl"": 34, ""role_mainplot_role182.asl"": 34, ""role_mainplot_role183.asl"": 34, ""role_mainplot_role184.asl"": 34, ""role_mainplot_role185.asl"": 34, ""role_mainplot_role186.asl"": 34, ""role_mainplot_role187.asl"": 34, ""role_mainplot_role188.asl"": 34, ""role_mainplot_role189.asl"": 34, ""role_mainplot_role190.asl"": 34, ""role_mainplot_role191.asl"": 34, ""role_mainplot_role192.asl"": 34, ""role_mainplot_role193.asl"": 34, ""role_mainplot_role194.asl"": 34, ""role_mainplot_role195.asl"": 34, ""role_mainplot_role196.asl"": 34, ""role_mainplot_role197.asl"": 34, ""role_mainplot_role198.asl"": 34, ""role_mainplot_role199.asl"": 34}",8.482102908277405,0.0421900450000976,0.002517775001251721,1.456284523010254,True,7,0
grid_phases_roles,39,Linux 7.2.3-arch1-2,x86_64,24,30.44,3.14.7,10,10,5,2,2,1,2,200,1,0,0,42,894,27735,203,7583,"{""playbook_playbook0.asl"": 26, ""playbook_playbook1.asl"": 26, ""director_mainplot.asl"": 731, ""role_mainplot_role0.asl"": 34, ""role_mainplot_role1.asl"": 34, ""role_mainplot_role2.asl"": 34, ""role_mainplot_role3.asl"": 34, ""role_mainplot_role4.asl"": 34, ""role_mainplot_role5.asl"": 34, ""role_mainplot_role6.asl"": 34, ""role_mainplot_role7.asl"": 34, ""role_mainplot_role8.asl"": 34, ""role_mainplot_role9.asl"": 34, ""role_mainplot_role10.asl"": 34, ""role_mainplot_role11.asl"": 34, ""role_mainplot_role12.asl"": 34, ""role_mainplot_role13.asl"": 34, ""role_mainplot_role14.asl"": 34, ""role_mainplot_role15.asl"": 34, ""role_mainplot_role16.asl"": 34, ""role_mainplot_role17.asl"": 34, ""role_mainplot_role18.asl"": 34, ""role_mainplot_role19.asl"": 34, ""role_mainplot_role20.asl"": 34, ""role_mainplot_role21.asl"": 34, ""role_mainplot_role22.asl"": 34, ""role_mainplot_role23.asl"": 34, ""role_mainplot_role24.asl"": 34, ""role_mainplot_role25.asl"": 34, ""role_mainplot_role26.asl"": 34, ""role_mainplot_role27.asl"": 34, ""role_mainplot_role28.asl"": 34, ""role_mainplot_role29.asl"": 34, ""role_mainplot_role30.asl"": 34, ""role_mainplot_role31.asl"": 34, ""role_mainplot_role32.asl"": 34, ""role_mainplot_role33.asl"": 34, ""role_mainplot_role34.asl"": 34, ""role_mainplot_role35.asl"": 34, ""role_mainplot_role36.asl"": 34, ""role_mainplot_role37.asl"": 34, ""role_mainplot_role38.asl"": 34, ""role_mainplot_role39.asl"": 34, ""role_mainplot_role40.asl"": 34, ""role_mainplot_role41.asl"": 34, ""role_mainplot_role42.asl"": 34, ""role_mainplot_role43.asl"": 34, ""role_mainplot_role44.asl"": 34, ""role_mainplot_role45.asl"": 34, ""role_mainplot_role46.asl"": 34, ""role_mainplot_role47.asl"": 34, ""role_mainplot_role48.asl"": 34, ""role_mainplot_role49.asl"": 34, ""role_mainplot_role50.asl"": 34, ""role_mainplot_role51.asl"": 34, ""role_mainplot_role52.asl"": 34, ""role_mainplot_role53.asl"": 34, ""role_mainplot_role54.asl"": 34, ""role_mainplot_role55.asl"": 34, ""role_mainplot_role56.asl"": 34, ""role_mainplot_role57.asl"": 34, ""role_mainplot_role58.asl"": 34, ""role_mainplot_role59.asl"": 34, ""role_mainplot_role60.asl"": 34, ""role_mainplot_role61.asl"": 34, ""role_mainplot_role62.asl"": 34, ""role_mainplot_role63.asl"": 34, ""role_mainplot_role64.asl"": 34, ""role_mainplot_role65.asl"": 34, ""role_mainplot_role66.asl"": 34, ""role_mainplot_role67.asl"": 34, ""role_mainplot_role68.asl"": 34, ""role_mainplot_role69.asl"": 34, ""role_mainplot_role70.asl"": 34, ""role_mainplot_role71.asl"": 34, ""role_mainplot_role72.asl"": 34, ""role_mainplot_role73.asl"": 34, ""role_mainplot_role74.asl"": 34, ""role_mainplot_role75.asl"": 34, ""role_mainplot_role76.asl"": 34, ""role_mainplot_role77.asl"": 34, ""role_mainplot_role78.asl"": 34, ""role_mainplot_role79.asl"": 34, ""role_mainplot_role80.asl"": 34, ""role_mainplot_role81.asl"": 34, ""role_mainplot_role82.asl"": 34, ""role_mainplot_role83.asl"": 34, ""role_mainplot_role84.asl"": 34, ""role_mainplot_role85.asl"": 34, ""role_mainplot_role86.asl"": 34, ""role_mainplot_role87.asl"": 34, ""role_mainplot_role88.asl"": 34, ""role_mainplot_role89.asl"": 34, ""role_mainplot_role90.asl"": 34, ""role_mainplot_role91.asl"": 34, ""role_mainplot_role92.asl"": 34, ""role_mainplot_role93.asl"": 34, ""role_mainplot_role94.asl"": 34, ""role_mainplot_role95.asl"": 34, ""role_mainplot_role96.asl"": 34, ""role_mainplot_role97.asl"": 34, ""role_mainplot_role98.asl"": 34, ""role_mainplot_role99.asl"": 34, ""role_mainplot_role100.asl"": 34, ""role_mainplot_role101.asl"": 34, ""role_mainplot_role102.asl"": 34, ""role_mainplot_role103.asl"": 34, ""role_mainplot_role104.asl"": 34, ""role_mainplot_role105.asl"": 34, ""role_mainplot_role106.asl"": 34, ""role_mainplot_role107.asl"": 34, ""role_mainplot_role108.asl"": 34, ""role_mainplot_role109.asl"": 34, ""role_mainplot_role110.asl"": 34, ""role_mainplot_role111.asl"": 34, ""role_mainplot_role112.asl"": 34, ""role_mainplot_role113.asl"": 34, ""role_mainplot_role114.asl"": 34, ""role_mainplot_role115.asl"": 34, ""role_mainplot_role116.asl"": 34, ""role_mainplot_role117.asl"": 34, ""role_mainplot_role118.asl"": 34, ""role_mainplot_role119.asl"": 34, ""role_mainplot_role120.asl"": 34, ""role_mainplot_role121.asl"": 34, ""role_mainplot_role122.asl"": 34, ""role_mainplot_role123.asl"": 34, ""role_mainplot_role124.asl"": 34, ""role_mainplot_role125.asl"": 34, ""role_mainplot_role126.asl"": 34, ""role_mainplot_role127.asl"": 34, ""role_mainplot_role128.asl"": 34, ""role_mainplot_role129.asl"": 34, ""role_mainplot_role130.asl"": 34, ""role_mainplot_role131.asl"": 34, ""role_mainplot_role132.asl"": 34, ""role_mainplot_role133.asl"": 34, ""role_mainplot_role134.asl"": 34, ""role_mainplot_role135.asl"": 34, ""role_mainplot_role136.asl"": 34, ""role_mainplot_role137.asl"": 34, ""role_mainplot_role138.asl"": 34, ""role_mainplot_role139.asl"": 34, ""role_mainplot_role140.asl"": 34, ""role_mainplot_role141.asl"": 34, ""role_mainplot_role142.asl"": 34, ""role_mainplot_role143.asl"": 34, ""role_mainplot_role144.asl"": 34, ""role_mainplot_role145.asl"": 34, ""role_mainplot_role146.asl"": 34, ""role_mainplot_role147.asl"": 34, ""role_mainplot_role148.asl"": 34, ""role_mainplot_role149.asl"": 34, ""role_mainplot_role150.asl"": 34, ""role_mainplot_role151.asl"": 34, ""role_mainplot_role152.asl"": 34, ""role_mainplot_role153.asl"": 34, ""role_mainplot_role154.asl"": 34, ""role_mainplot_role155.asl"": 34, ""role_mainplot_role156.asl"": 34, ""role_mainplot_role157.asl"": 34, ""role_mainplot_role158.asl"": 34, ""role_mainplot_role159.asl"": 34, ""role_mainplot_role160.asl"": 34, ""role_mainplot_role161.asl"": 34, ""role_mainplot_role162.asl"": 34, ""role_mainplot_role163.asl"": 34, ""role_mainplot_role164.asl"": 34, ""role_mainplot_role165.asl"": 34, ""role_mainplot_role166.asl"": 34, ""role_mainplot_role167.asl"": 34, ""role_mainplot_role168.asl"": 34, ""role_mainplot_role169.asl"": 34, ""role_mainplot_role170.asl"": 34, ""role_mainplot_role171.asl"": 34, ""role_mainplot_role172.asl"": 34, ""role_mainplot_role173.asl"": 34, ""role_mainplot_role174.asl"": 34, ""role_mainplot_role175.asl"": 34, ""role_mainplot_role176.asl"": 34, ""role_mainplot_role177.asl"": 34, ""role_mainplot_role178.asl"": 34, ""role_mainplot_role179.asl"": 34, ""role_mainplot_role180.asl"": 34, ""role_mainplot_role181.asl"": 34, ""role_mainplot_role182.asl"": 34, ""role_mainplot_role183.asl"": 34, ""role_mainplot_role184.asl"": 34, ""role_mainplot_role185.asl"": 34, ""role_mainplot_role186.asl"": 34, ""role_mainplot_role187.asl"": 34, ""role_mainplot_role188.asl"": 34, ""role_mainplot_role189.asl"": 34, ""role_mainplot_role190.asl"": 34, ""role_mainplot_role191.asl"": 34, ""role_mainplot_role192.asl"": 34, ""role_mainplot_role193.asl"": 34, ""role_mainplot_role194.asl"": 34, ""role_mainplot_role195.asl"": 34, ""role_mainplot_role196.asl"": 34, ""role_mainplot_role197.asl"": 34, ""role_mainplot_role198.asl"": 34, ""role_mainplot_role199.asl"": 34}",8.482102908277405,0.042035295999085065,0.0025157760010188213,1.456284523010254,True,7,0
grid_phases_roles,40,Linux 7.2.3-arch1-2,x86_64,24,30.44,3.14.7,10,10,5,2,2,1,2,1,2,0,0,42,110,2031,4,229,"{""playbook_playbook0.asl"": 26, ""playbook_playbook1.asl"": 26, ""director_mainplot.asl"": 143, ""role_mainplot_role0.asl"": 34}",2.081818181818182,0.0034390040000289446,8.146999971359037e-05,0.11655807495117188,True,10,0
grid_phases_roles,41,Linux 7.2.3-arch1-2,x86_64,24,30.44,3.14.7,10,10,5,2,2,1,2,1,2,0,0,42,110,2031,4,229,"{""playbook_playbook0.asl"": 26, ""playbook_playbook1.asl"": 26, ""director_mainplot.asl"": 143, ""role_mainplot_role0.asl"": 34}",2.081818181818182,0.003462253998804954,7.489000017812941e-05,0.11655807495117188,True,10,0
grid_phases_roles,42,Linux 7.2.3-arch1-2,x86_64,24,30.44,3.14.7,10,10,5,2,2,1,2,1,2,0,0,42,110,2031,4,229,"{""playbook_playbook0.asl"": 26, ""playbook_playbook1.asl"": 26, ""director_mainplot.asl"": 143, ""role_mainplot_role0.asl"": 34}",2.081818181818182,0.0035028140009671915,7.912000000942498e-05,0.11655807495117188,True,10,0
grid_phases_roles,43,Linux 7.2.3-arch1-2,x86_64,24,30.44,3.14.7,10,10,5,2,2,1,2,1,2,0,0,42,110,2031,4,229,"{""playbook_playbook0.asl"": 26, ""playbook_playbook1.asl"": 26, ""director_mainplot.asl"": 143, ""role_mainplot_role0.asl"": 34}",2.081818181818182,0.003505242999381153,7.820000064384658e-05,0.11655807495117188,True,10,0
grid_phases_roles,44,Linux 7.2.3-arch1-2,x86_64,24,30.44,3.14.7,10,10,5,2,2,1,2,1,2,0,0,42,110,2031,4,229,"{""playbook_playbook0.asl"": 26, ""playbook_playbook1.asl"": 26, ""director_mainplot.asl"": 143, ""role_mainplot_role0.asl"": 34}",2.081818181818182,0.0034290639996470418,8.35999999253545e-05,0.11655807495117188,True,10,0
grid_phases_roles,45,Linux 7.2.3-arch1-2,x86_64,24,30.44,3.14.7,10,10,5,2,2,1,2,2,2,0,0,42,117,2267,5,269,"{""playbook_playbook0.asl"": 26, ""playbook_playbook1.asl"": 26, ""director_mainplot.asl"": 149, ""role_mainplot_role0.asl"": 34, ""role_mainplot_role1.asl"": 34}",2.299145299145299,0.003809953001109534,9.097900147025939e-05,0.1289043426513672,True,9,0
grid_phases_roles,46,Linux 7.2.3-arch1-2,x86_64,24,30.44,3.14.7,10,10,5,2,2,1,2,2,2,0,0,42,117,2267,5,269,"{""playbook_playbook0.asl"": 26, ""playbook_playbook1.asl"": 26, ""director_mainplot.asl"": 149, ""role_mainplot_role0.asl"": 34, ""role_mainplot_role1.asl"": 34}",2.299145299145299,0.0037846039995201863,8.840899863571394e-05,0.1289348602294922,True,9,0
grid_phases_roles,47,Linux 7.2.3-arch1-2,x86_64,24,30.44,3.14.7,10,10,5,2,2,1,2,2,2,0,0,42,117,2267,5,269,"{""playbook_playbook0.asl"": 26, ""playbook_playbook1.asl"": 26, ""director_mainplot.asl"": 149, ""role_mainplot_role0.asl"": 34, ""role_mainplot_role1.asl"": 34}",2.299145299145299,0.003783923999435501,9.0559999080142e-05,0.1289348602294922,True,9,0
grid_phases_roles,48,Linux 7.2.3-arch1-2,x86_64,24,30.44,3.14.7,10,10,5,2,2,1,2,2,2,0,0,42,117,2267,5,269,"{""playbook_playbook0.asl"": 26, ""playbook_playbook1.asl"": 26, ""director_mainplot.asl"": 149, ""role_mainplot_role0.asl"": 34, ""role_mainplot_role1.asl"": 34}",2.299145299145299,0.0037899040016782237,8.754000009503216e-05,0.1289348602294922,True,9,0
grid_phases_roles,49,Linux 7.2.3-arch1-2,x86_64,24,30.44,3.14.7,10,10,5,2,2,1,2,2,2,0,0,42,117,2267,5,269,"{""playbook_playbook0.asl"": 26, ""playbook_playbook1.asl"": 26, ""director_mainplot.asl"": 149, ""role_mainplot_role0.asl"": 34, ""role_mainplot_role1.asl"": 34}",2.299145299145299,0.0037839029992028372,8.711000009498093e-05,0.1289348602294922,True,9,0
grid_phases_roles,50,Linux 7.2.3-arch1-2,x86_64,24,30.44,3.14.7,10,10,5,2,2,1,2,5,2,0,0,42,138,2975,8,389,"{""playbook_playbook0.asl"": 26, ""playbook_playbook1.asl"": 26, ""director_mainplot.asl"": 167, ""role_mainplot_role0.asl"": 34, ""role_mainplot_role1.asl"": 34, ""role_mainplot_role2.asl"": 34, ""role_mainplot_role3.asl"": 34, ""role_mainplot_role4.asl"": 34}",2.818840579710145,0.004824641000595875,0.00012631000026885886,0.16601943969726562,True,9,0
grid_phases_roles,51,Linux 7.2.3-arch1-2,x86_64,24,30.44,3.14.7,10,10,5,2,2,1,2,5,2,0,0,42,138,2975,8,389,"{""playbook_playbook0.asl"": 26, ""playbook_playbook1.asl"": 26, ""director_mainplot.asl"": 167, ""role_mainplot_role0.asl"": 34, ""role_mainplot_role1.asl"": 34, ""role_mainplot_role2.asl"": 34, ""role_mainplot_role3.asl"": 34, ""role_mainplot_role4.asl"": 34}",2.818840579710145,0.004810181999346241,0.00012521999997261446,0.16601943969726562,True,9,0
grid_phases_roles,52,Linux 7.2.3-arch1-2,x86_64,24,30.44,3.14.7,10,10,5,2,2,1,2,5,2,0,0,42,138,2975,8,389,"{""playbook_playbook0.asl"": 26, ""playbook_playbook1.asl"": 26, ""director_mainplot.asl"": 167, ""role_mainplot_role0.asl"": 34, ""role_mainplot_role1.asl"": 34, ""role_mainplot_role2.asl"": 34, ""role_mainplot_role3.asl"": 34, ""role_mainplot_role4.asl"": 34}",2.818840579710145,0.004816691000087303,0.00012850999883085024,0.16601943969726562,True,9,0
grid_phases_roles,53,Linux 7.2.3-arch1-2,x86_64,24,30.44,3.14.7,10,10,5,2,2,1,2,5,2,0,0,42,138,2975,8,389,"{""playbook_playbook0.asl"": 26, ""playbook_playbook1.asl"": 26, ""director_mainplot.asl"": 167, ""role_mainplot_role0.asl"": 34, ""role_mainplot_role1.asl"": 34, ""role_mainplot_role2.asl"": 34, ""role_mainplot_role3.asl"": 34, ""role_mainplot_role4.asl"": 34}",2.818840579710145,0.0048202819998550694,0.00012462000086088665,0.16601943969726562,True,9,0
grid_phases_roles,54,Linux 7.2.3-arch1-2,x86_64,24,30.44,3.14.7,10,10,5,2,2,1,2,5,2,0,0,42,138,2975,8,389,"{""playbook_playbook0.asl"": 26, ""playbook_playbook1.asl"": 26, ""director_mainplot.asl"": 167, ""role_mainplot_role0.asl"": 34, ""role_mainplot_role1.asl"": 34, ""role_mainplot_role2.asl"": 34, ""role_mainplot_role3.asl"": 34, ""role_mainplot_role4.asl"": 34}",2.818840579710145,0.0048021120001067175,0.00012439899910532404,0.16601943969726562,True,9,0
grid_phases_roles,55,Linux 7.2.3-arch1-2,x86_64,24,30.44,3.14.7,10,10,5,2,2,1,2,10,2,0,0,42,173,4156,13,589,"{""playbook_playbook0.asl"": 26, ""playbook_playbook1.asl"": 26, ""director_mainplot.asl"": 197, ""role_mainplot_role0.asl"": 34, ""role_mainplot_role1.asl"": 34, ""role_mainplot_role2.asl"": 34, ""role_mainplot_role3.asl"": 34, ""role_mainplot_role4.asl"": 34, ""role_mainplot_role5.asl"": 34, ""role_mainplot_role6.asl"": 34, ""role_mainplot_role7.asl"": 34, ""role_mainplot_role8.asl"": 34, ""role_mainplot_role9.asl"": 34}",3.4046242774566475,0.006566058998942026,0.0001822400008677505,0.22617244720458984,True,7,0
grid_phases_roles,56,Linux 7.2.3-arch1-2,x86_64,24,30.44,3.14.7,10,10,5,2,2,1,2,10,2,0,0,42,173,4156,13,589,"{""playbook_playbook0.asl"": 26, ""playbook_playbook1.asl"": 26, ""director_mainplot.asl"": 197, ""role_mainplot_role0.asl"": 34, ""role_mainplot_role1.asl"": 34, ""role_mainplot_role2.asl"": 34, ""role_mainplot_role3.asl"": 34, ""role_mainplot_role4.asl"": 34, ""role_mainplot_role5.asl"": 34, ""role_mainplot_role6.asl"": 34, ""role_mainplot_role7.asl"": 34, ""role_mainplot_role8.asl"": 34, ""role_mainplot_role9.asl"": 34}",3.4046242774566475,0.006532477998916875,0.00018449000162945595,0.22617244720458984,True,7,0
grid_phases_roles,57,Linux 7.2.3-arch1-2,x86_64,24,30.44,3.14.7,10,10,5,2,2,1,2,10,2,0,0,42,173,4156,13,589,"{""playbook_playbook0.asl"": 26, ""playbook_playbook1.asl"": 26, ""director_mainplot.asl"": 197, ""role_mainplot_role0.asl"": 34, ""role_mainplot_role1.asl"": 34, ""role_mainplot_role2.asl"": 34, ""role_mainplot_role3.asl"": 34, ""role_mainplot_role4.asl"": 34, ""role_mainplot_role5.asl"": 34, ""role_mainplot_role6.asl"": 34, ""role_mainplot_role7.asl"": 34, ""role_mainplot_role8.asl"": 34, ""role_mainplot_role9.asl"": 34}",3.4046242774566475,0.0065633480007818434,0.00018359000023338012,0.22617244720458984,True,7,0
grid_phases_roles,58,Linux 7.2.3-arch1-2,x86_64,24,30.44,3.14.7,10,10,5,2,2,1,2,10,2,0,0,42,173,4156,13,589,"{""playbook_playbook0.asl"": 26, ""playbook_playbook1.asl"": 26, ""director_mainplot.asl"": 197, ""role_mainplot_role0.asl"": 34, ""role_mainplot_role1.asl"": 34, ""role_mainplot_role2.asl"": 34, ""role_mainplot_role3.asl"": 34, ""role_mainplot_role4.asl"": 34, ""role_mainplot_role5.asl"": 34, ""role_mainplot_role6.asl"": 34, ""role_mainplot_role7.asl"": 34, ""role_mainplot_role8.asl"": 34, ""role_mainplot_role9.asl"": 34}",3.4046242774566475,0.006529837999551091,0.00018442900000081863,0.22617244720458984,True,7,0
grid_phases_roles,59,Linux 7.2.3-arch1-2,x86_64,24,30.44,3.14.7,10,10,5,2,2,1,2,10,2,0,0,42,173,4156,13,589,"{""playbook_playbook0.asl"": 26, ""playbook_playbook1.asl"": 26, ""director_mainplot.asl"": 197, ""role_mainplot_role0.asl"": 34, ""role_mainplot_role1.asl"": 34, ""role_mainplot_role2.asl"": 34, ""role_mainplot_role3.asl"": 34, ""role_mainplot_role4.asl"": 34, ""role_mainplot_role5.asl"": 34, ""role_mainplot_role6.asl"": 34, ""role_mainplot_role7.asl"": 34, ""role_mainplot_role8.asl"": 34, ""role_mainplot_role9.asl"": 34}",3.4046242774566475,0.0065094290002889466,0.00018855900088965427,0.22617244720458984,True,7,0
grid_phases_roles,60,Linux 7.2.3-arch1-2,x86_64,24,30.44,3.14.7,10,10,5,2,2,1,2,20,2,0,0,42,243,6566,23,989,"{""playbook_playbook0.asl"": 26, ""playbook_playbook1.asl"": 26, ""director_mainplot.asl"": 257, ""role_mainplot_role0.asl"": 34, ""role_mainplot_role1.asl"": 34, ""role_mainplot_role2.asl"": 34, ""role_mainplot_role3.asl"": 34, ""role_mainplot_role4.asl"": 34, ""role_mainplot_role5.asl"": 34, ""role_mainplot_role6.asl"": 34, ""role_mainplot_role7.asl"": 34, ""role_mainplot_role8.asl"": 34, ""role_mainplot_role9.asl"": 34, ""role_mainplot_role10.asl"": 34, ""role_mainplot_role11.asl"": 34, ""role_mainplot_role12.asl"": 34, ""role_mainplot_role13.asl"": 34, ""role_mainplot_role14.asl"": 34, ""role_mainplot_role15.asl"": 34, ""role_mainplot_role16.asl"": 34, ""role_mainplot_role17.asl"": 34, ""role_mainplot_role18.asl"": 34, ""role_mainplot_role19.asl"": 34}",4.0699588477366255,0.009996283000873518,0.00030698000045958906,0.3463926315307617,True,7,0
grid_phases_roles,61,Linux 7.2.3-arch1-2,x86_64,24,30.44,3.14.7,10,10,5,2,2,1,2,20,2,0,0,42,243,6566,23,989,"{""playbook_playbook0.asl"": 26, ""playbook_playbook1.asl"": 26, ""director_mainplot.asl"": 257, ""role_mainplot_role0.asl"": 34, ""role_mainplot_role1.asl"": 34, ""role_mainplot_role2.asl"": 34, ""role_mainplot_role3.asl"": 34, ""role_mainplot_role4.asl"": 34, ""role_mainplot_role5.asl"": 34, ""role_mainplot_role6.asl"": 34, ""role_mainplot_role7.asl"": 34, ""role_mainplot_role8.asl"": 34, ""role_mainplot_role9.asl"": 34, ""role_mainplot_role10.asl"": 34, ""role_mainplot_role11.asl"": 34, ""role_mainplot_role12.asl"": 34, ""role_mainplot_role13.asl"": 34, ""role_mainplot_role14.asl"": 34, ""role_mainplot_role15.asl"": 34, ""role_mainplot_role16.asl"": 34, ""role_mainplot_role17.asl"": 34, ""role_mainplot_role18.asl"": 34, ""role_mainplot_role19.asl"": 34}",4.0699588477366255,0.010069791998830624,0.00031201899946609046,0.3463926315307617,True,7,0
grid_phases_roles,62,Linux 7.2.3-arch1-2,x86_64,24,30.44,3.14.7,10,10,5,2,2,1,2,20,2,0,0,42,243,6566,23,989,"{""playbook_playbook0.asl"": 26, ""playbook_playbook1.asl"": 26, ""director_mainplot.asl"": 257, ""role_mainplot_role0.asl"": 34, ""role_mainplot_role1.asl"": 34, ""role_mainplot_role2.asl"": 34, ""role_mainplot_role3.asl"": 34, ""role_mainplot_role4.asl"": 34, ""role_mainplot_role5.asl"": 34, ""role_mainplot_role6.asl"": 34, ""role_mainplot_role7.asl"": 34, ""role_mainplot_role8.asl"": 34, ""role_mainplot_role9.asl"": 34, ""role_mainplot_role10.asl"": 34, ""role_mainplot_role11.asl"": 34, ""role_mainplot_role12.asl"": 34, ""role_mainplot_role13.asl"": 34, ""role_mainplot_role14.asl"": 34, ""role_mainplot_role15.asl"": 34, ""role_mainplot_role16.asl"": 34, ""role_mainplot_role17.asl"": 34, ""role_mainplot_role18.asl"": 34, ""role_mainplot_role19.asl"": 34}",4.0699588477366255,0.009997502000260283,0.00030420000075537246,0.3463926315307617,True,7,0
grid_phases_roles,63,Linux 7.2.3-arch1-2,x86_64,24,30.44,3.14.7,10,10,5,2,2,1,2,20,2,0,0,42,243,6566,23,989,"{""playbook_playbook0.asl"": 26, ""playbook_playbook1.asl"": 26, ""director_mainplot.asl"": 257, ""role_mainplot_role0.asl"": 34, ""role_mainplot_role1.asl"": 34, ""role_mainplot_role2.asl"": 34, ""role_mainplot_role3.asl"": 34, ""role_mainplot_role4.asl"": 34, ""role_mainplot_role5.asl"": 34, ""role_mainplot_role6.asl"": 34, ""role_mainplot_role7.asl"": 34, ""role_mainplot_role8.asl"": 34, ""role_mainplot_role9.asl"": 34, ""role_mainplot_role10.asl"": 34, ""role_mainplot_role11.asl"": 34, ""role_mainplot_role12.asl"": 34, ""role_mainplot_role13.asl"": 34, ""role_mainplot_role14.asl"": 34, ""role_mainplot_role15.asl"": 34, ""role_mainplot_role16.asl"": 34, ""role_mainplot_role17.asl"": 34, ""role_mainplot_role18.asl"": 34, ""role_mainplot_role19.asl"": 34}",4.0699588477366255,0.010010293000959791,0.000305800000205636,0.3463926315307617,True,7,0
grid_phases_roles,64,Linux 7.2.3-arch1-2,x86_64,24,30.44,3.14.7,10,10,5,2,2,1,2,20,2,0,0,42,243,6566,23,989,"{""playbook_playbook0.asl"": 26, ""playbook_playbook1.asl"": 26, ""director_mainplot.asl"": 257, ""role_mainplot_role0.asl"": 34, ""role_mainplot_role1.asl"": 34, ""role_mainplot_role2.asl"": 34, ""role_mainplot_role3.asl"": 34, ""role_mainplot_role4.asl"": 34, ""role_mainplot_role5.asl"": 34, ""role_mainplot_role6.asl"": 34, ""role_mainplot_role7.asl"": 34, ""role_mainplot_role8.asl"": 34, ""role_mainplot_role9.asl"": 34, ""role_mainplot_role10.asl"": 34, ""role_mainplot_role11.asl"": 34, ""role_mainplot_role12.asl"": 34, ""role_mainplot_role13.asl"": 34, ""role_mainplot_role14.asl"": 34, ""role_mainplot_role15.asl"": 34, ""role_mainplot_role16.asl"": 34, ""role_mainplot_role17.asl"": 34, ""role_mainplot_role18.asl"": 34, ""role_mainplot_role19.asl"": 34}",4.0699588477366255,0.010057622001113486,0.0003119890006928472,0.3463926315307617,True,7,0
grid_phases_roles,65,Linux 7.2.3-arch1-2,x86_64,24,30.44,3.14.7,10,10,5,2,2,1,2,50,2,0,0,42,453,13796,53,2189,"{""playbook_playbook0.asl"": 26, ""playbook_playbook1.asl"": 26, ""director_mainplot.asl"": 437, ""role_mainplot_role0.asl"": 34, ""role_mainplot_role1.asl"": 34, ""role_mainplot_role2.asl"": 34, ""role_mainplot_role3.asl"": 34, ""role_mainplot_role4.asl"": 34, ""role_mainplot_role5.asl"": 34, ""role_mainplot_role6.asl"": 34, ""role_mainplot_role7.asl"": 34, ""role_mainplot_role8.asl"": 34, ""role_mainplot_role9.asl"": 34, ""role_mainplot_role10.asl"": 34, ""role_mainplot_role11.asl"": 34, ""role_mainplot_role12.asl"": 34, ""role_mainplot_role13.asl"": 34, ""role_mainplot_role14.asl"": 34, ""role_mainplot_role15.asl"": 34, ""role_mainplot_role16.asl"": 34, ""role_mainplot_role17.asl"": 34, ""role_mainplot_role18.asl"": 34, ""role_mainplot_role19.asl"": 34, ""role_mainplot_role20.asl"": 34, ""role_mainplot_role21.asl"": 34, ""role_mainplot_role22.asl"": 34, ""role_mainplot_role23.asl"": 34, ""role_mainplot_role24.asl"": 34, ""role_mainplot_role25.asl"": 34, ""role_mainplot_role26.asl"": 34, ""role_mainplot_role27.asl"": 34, ""role_mainplot_role28.asl"": 34, ""role_mainplot_role29.asl"": 34, ""role_mainplot_role30.asl"": 34, ""role_mainplot_role31.asl"": 34, ""role_mainplot_role32.asl"": 34, ""role_mainplot_role33.asl"": 34, ""role_mainplot_role34.asl"": 34, ""role_mainplot_role35.asl"": 34, ""role_mainplot_role36.asl"": 34, ""role_mainplot_role37.asl"": 34, ""role_mainplot_role38.asl"": 34, ""role_mainplot_role39.asl"": 34, ""role_mainplot_role40.asl"": 34, ""role_mainplot_role41.asl"": 34, ""role_mainplot_role42.asl"": 34, ""role_mainplot_role43.asl"": 34, ""role_mainplot_role44.asl"": 34, ""role_mainplot_role45.asl"": 34, ""role_mainplot_role46.asl"": 34, ""role_mainplot_role47.asl"": 34, ""role_mainplot_role48.asl"": 34, ""role_mainplot_role49.asl"": 34}",4.8322295805739515,0.02047683399905509,0.00068461900082184,0.7126379013061523,True,7,0
grid_phases_roles,66,Linux 7.2.3-arch1-2,x86_64,24,30.44,3.14.7,10,10,5,2,2,1,2,50,2,0,0,42,453,13796,53,2189,"{""playbook_playbook0.asl"": 26, ""playbook_playbook1.asl"": 26, ""director_mainplot.asl"": 437, ""role_mainplot_role0.asl"": 34, ""role_mainplot_role1.asl"": 34, ""role_mainplot_role2.asl"": 34, ""role_mainplot_role3.asl"": 34, ""role_mainplot_role4.asl"": 34, ""role_mainplot_role5.asl"": 34, ""role_mainplot_role6.asl"": 34, ""role_mainplot_role7.asl"": 34, ""role_mainplot_role8.asl"": 34, ""role_mainplot_role9.asl"": 34, ""role_mainplot_role10.asl"": 34, ""role_mainplot_role11.asl"": 34, ""role_mainplot_role12.asl"": 34, ""role_mainplot_role13.asl"": 34, ""role_mainplot_role14.asl"": 34, ""role_mainplot_role15.asl"": 34, ""role_mainplot_role16.asl"": 34, ""role_mainplot_role17.asl"": 34, ""role_mainplot_role18.asl"": 34, ""role_mainplot_role19.asl"": 34, ""role_mainplot_role20.asl"": 34, ""role_mainplot_role21.asl"": 34, ""role_mainplot_role22.asl"": 34, ""role_mainplot_role23.asl"": 34, ""role_mainplot_role24.asl"": 34, ""role_mainplot_role25.asl"": 34, ""role_mainplot_role26.asl"": 34, ""role_mainplot_role27.asl"": 34, ""role_mainplot_role28.asl"": 34, ""role_mainplot_role29.asl"": 34, ""role_mainplot_role30.asl"": 34, ""role_mainplot_role31.asl"": 34, ""role_mainplot_role32.asl"": 34, ""role_mainplot_role33.asl"": 34, ""role_mainplot_role34.asl"": 34, ""role_mainplot_role35.asl"": 34, ""role_mainplot_role36.asl"": 34, ""role_mainplot_role37.asl"": 34, ""role_mainplot_role38.asl"": 34, ""role_mainplot_role39.asl"": 34, ""role_mainplot_role40.asl"": 34, ""role_mainplot_role41.asl"": 34, ""role_mainplot_role42.asl"": 34, ""role_mainplot_role43.asl"": 34, ""role_mainplot_role44.asl"": 34, ""role_mainplot_role45.asl"": 34, ""role_mainplot_role46.asl"": 34, ""role_mainplot_role47.asl"": 34, ""role_mainplot_role48.asl"": 34, ""role_mainplot_role49.asl"": 34}",4.8322295805739515,0.02043354399938835,0.0006803289998060791,0.7126073837280273,True,7,0
grid_phases_roles,67,Linux 7.2.3-arch1-2,x86_64,24,30.44,3.14.7,10,10,5,2,2,1,2,50,2,0,0,42,453,13796,53,2189,"{""playbook_playbook0.asl"": 26, ""playbook_playbook1.asl"": 26, ""director_mainplot.asl"": 437, ""role_mainplot_role0.asl"": 34, ""role_mainplot_role1.asl"": 34, ""role_mainplot_role2.asl"": 34, ""role_mainplot_role3.asl"": 34, ""role_mainplot_role4.asl"": 34, ""role_mainplot_role5.asl"": 34, ""role_mainplot_role6.asl"": 34, ""role_mainplot_role7.asl"": 34, ""role_mainplot_role8.asl"": 34, ""role_mainplot_role9.asl"": 34, ""role_mainplot_role10.asl"": 34, ""role_mainplot_role11.asl"": 34, ""role_mainplot_role12.asl"": 34, ""role_mainplot_role13.asl"": 34, ""role_mainplot_role14.asl"": 34, ""role_mainplot_role15.asl"": 34, ""role_mainplot_role16.asl"": 34, ""role_mainplot_role17.asl"": 34, ""role_mainplot_role18.asl"": 34, ""role_mainplot_role19.asl"": 34, ""role_mainplot_role20.asl"": 34, ""role_mainplot_role21.asl"": 34, ""role_mainplot_role22.asl"": 34, ""role_mainplot_role23.asl"": 34, ""role_mainplot_role24.asl"": 34, ""role_mainplot_role25.asl"": 34, ""role_mainplot_role26.asl"": 34, ""role_mainplot_role27.asl"": 34, ""role_mainplot_role28.asl"": 34, ""role_mainplot_role29.asl"": 34, ""role_mainplot_role30.asl"": 34, ""role_mainplot_role31.asl"": 34, ""role_mainplot_role32.asl"": 34, ""role_mainplot_role33.asl"": 34, ""role_mainplot_role34.asl"": 34, ""role_mainplot_role35.asl"": 34, ""role_mainplot_role36.asl"": 34, ""role_mainplot_role37.asl"": 34, ""role_mainplot_role38.asl"": 34, ""role_mainplot_role39.asl"": 34, ""role_mainplot_role40.asl"": 34, ""role_mainplot_role41.asl"": 34, ""role_mainplot_role42.asl"": 34, ""role_mainplot_role43.asl"": 34, ""role_mainplot_role44.asl"": 34, ""role_mainplot_role45.asl"": 34, ""role_mainplot_role46.asl"": 34, ""role_mainplot_role47.asl"": 34, ""role_mainplot_role48.asl"": 34, ""role_mainplot_role49.asl"": 34}",4.8322295805739515,0.02053193400024611,0.0006729489996359916,0.7126073837280273,True,7,0
grid_phases_roles,68,Linux 7.2.3-arch1-2,x86_64,24,30.44,3.14.7,10,10,5,2,2,1,2,50,2,0,0,42,453,13796,53,2189,"{""playbook_playbook0.asl"": 26, ""playbook_playbook1.asl"": 26, ""director_mainplot.asl"": 437, ""role_mainplot_role0.asl"": 34, ""role_mainplot_role1.asl"": 34, ""role_mainplot_role2.asl"": 34, ""role_mainplot_role3.asl"": 34, ""role_mainplot_role4.asl"": 34, ""role_mainplot_role5.asl"": 34, ""role_mainplot_role6.asl"": 34, ""role_mainplot_role7.asl"": 34, ""role_mainplot_role8.asl"": 34, ""role_mainplot_role9.asl"": 34, ""role_mainplot_role10.asl"": 34, ""role_mainplot_role11.asl"": 34, ""role_mainplot_role12.asl"": 34, ""role_mainplot_role13.asl"": 34, ""role_mainplot_role14.asl"": 34, ""role_mainplot_role15.asl"": 34, ""role_mainplot_role16.asl"": 34, ""role_mainplot_role17.asl"": 34, ""role_mainplot_role18.asl"": 34, ""role_mainplot_role19.asl"": 34, ""role_mainplot_role20.asl"": 34, ""role_mainplot_role21.asl"": 34, ""role_mainplot_role22.asl"": 34, ""role_mainplot_role23.asl"": 34, ""role_mainplot_role24.asl"": 34, ""role_mainplot_role25.asl"": 34, ""role_mainplot_role26.asl"": 34, ""role_mainplot_role27.asl"": 34, ""role_mainplot_role28.asl"": 34, ""role_mainplot_role29.asl"": 34, ""role_mainplot_role30.asl"": 34, ""role_mainplot_role31.asl"": 34, ""role_mainplot_role32.asl"": 34, ""role_mainplot_role33.asl"": 34, ""role_mainplot_role34.asl"": 34, ""role_mainplot_role35.asl"": 34, ""role_mainplot_role36.asl"": 34, ""role_mainplot_role37.asl"": 34, ""role_mainplot_role38.asl"": 34, ""role_mainplot_role39.asl"": 34, ""role_mainplot_role40.asl"": 34, ""role_mainplot_role41.asl"": 34, ""role_mainplot_role42.asl"": 34, ""role_mainplot_role43.asl"": 34, ""role_mainplot_role44.asl"": 34, ""role_mainplot_role45.asl"": 34, ""role_mainplot_role46.asl"": 34, ""role_mainplot_role47.asl"": 34, ""role_mainplot_role48.asl"": 34, ""role_mainplot_role49.asl"": 34}",4.8322295805739515,0.020603652999852784,0.0006871289988339413,0.7126073837280273,True,7,0
grid_phases_roles,69,Linux 7.2.3-arch1-2,x86_64,24,30.44,3.14.7,10,10,5,2,2,1,2,50,2,0,0,42,453,13796,53,2189,"{""playbook_playbook0.asl"": 26, ""playbook_playbook1.asl"": 26, ""director_mainplot.asl"": 437, ""role_mainplot_role0.asl"": 34, ""role_mainplot_role1.asl"": 34, ""role_mainplot_role2.asl"": 34, ""role_mainplot_role3.asl"": 34, ""role_mainplot_role4.asl"": 34, ""role_mainplot_role5.asl"": 34, ""role_mainplot_role6.asl"": 34, ""role_mainplot_role7.asl"": 34, ""role_mainplot_role8.asl"": 34, ""role_mainplot_role9.asl"": 34, ""role_mainplot_role10.asl"": 34, ""role_mainplot_role11.asl"": 34, ""role_mainplot_role12.asl"": 34, ""role_mainplot_role13.asl"": 34, ""role_mainplot_role14.asl"": 34, ""role_mainplot_role15.asl"": 34, ""role_mainplot_role16.asl"": 34, ""role_mainplot_role17.asl"": 34, ""role_mainplot_role18.asl"": 34, ""role_mainplot_role19.asl"": 34, ""role_mainplot_role20.asl"": 34, ""role_mainplot_role21.asl"": 34, ""role_mainplot_role22.asl"": 34, ""role_mainplot_role23.asl"": 34, ""role_mainplot_role24.asl"": 34, ""role_mainplot_role25.asl"": 34, ""role_mainplot_role26.asl"": 34, ""role_mainplot_role27.asl"": 34, ""role_mainplot_role28.asl"": 34, ""role_mainplot_role29.asl"": 34, ""role_mainplot_role30.asl"": 34, ""role_mainplot_role31.asl"": 34, ""role_mainplot_role32.asl"": 34, ""role_mainplot_role33.asl"": 34, ""role_mainplot_role34.asl"": 34, ""role_mainplot_role35.asl"": 34, ""role_mainplot_role36.asl"": 34, ""role_mainplot_role37.asl"": 34, ""role_mainplot_role38.asl"": 34, ""role_mainplot_role39.asl"": 34, ""role_mainplot_role40.asl"": 34, ""role_mainplot_role41.asl"": 34, ""role_mainplot_role42.asl"": 34, ""role_mainplot_role43.asl"": 34, ""role_mainplot_role44.asl"": 34, ""role_mainplot_role45.asl"": 34, ""role_mainplot_role46.asl"": 34, ""role_mainplot_role47.asl"": 34, ""role_mainplot_role48.asl"": 34, ""role_mainplot_role49.asl"": 34}",4.8322295805739515,0.02041989399913291,0.000672989001031965,0.7126073837280273,True,7,0
grid_phases_roles,70,Linux 7.2.3-arch1-2,x86_64,24,30.44,3.14.7,10,10,5,2,2,1,2,100,2,0,0,42,803,25847,103,4189,"{""playbook_playbook0.asl"": 26, ""playbook_playbook1.asl"": 26, ""director_mainplot.asl"": 737, ""role_mainplot_role0.asl"": 34, ""role_mainplot_role1.asl"": 34, ""role_mainplot_role2.asl"": 34, ""role_mainplot_role3.asl"": 34, ""role_mainplot_role4.asl"": 34, ""role_mainplot_role5.asl"": 34, ""role_mainplot_role6.asl"": 34, ""role_mainplot_role7.asl"": 34, ""role_mainplot_role8.asl"": 34, ""role_mainplot_role9.asl"": 34, ""role_mainplot_role10.asl"": 34, ""role_mainplot_role11.asl"": 34, ""role_mainplot_role12.asl"": 34, ""role_mainplot_role13.asl"": 34, ""role_mainplot_role14.asl"": 34, ""role_mainplot_role15.asl"": 34, ""role_mainplot_role16.asl"": 34, ""role_mainplot_role17.asl"": 34, ""role_mainplot_role18.asl"": 34, ""role_mainplot_role19.asl"": 34, ""role_mainplot_role20.asl"": 34, ""role_mainplot_role21.asl"": 34, ""role_mainplot_role22.asl"": 34, ""role_mainplot_role23.asl"": 34, ""role_mainplot_role24.asl"": 34, ""role_mainplot_role25.asl"": 34, ""role_mainplot_role26.asl"": 34, ""role_mainplot_role27.asl"": 34, ""role_mainplot_role28.asl"": 34, ""role_mainplot_role29.asl"": 34, ""role_mainplot_role30.asl"": 34, ""role_mainplot_role31.asl"": 34, ""role_mainplot_role32.asl"": 34, ""role_mainplot_role33.asl"": 34, ""role_mainplot_role34.asl"": 34, ""role_mainplot_role35.asl"": 34, ""role_mainplot_role36.asl"": 34, ""role_mainplot_role37.asl"": 34, ""role_mainplot_role38.asl"": 34, ""role_mainplot_role39.asl"": 34, ""role_mainplot_role40.asl"": 34, ""role_mainplot_role41.asl"": 34, ""role_mainplot_role42.asl"": 34, ""role_mainplot_role43.asl"": 34, ""role_mainplot_role44.asl"": 34, ""role_mainplot_role45.asl"": 34, ""role_mainplot_role46.asl"": 34, ""role_mainplot_role47.asl"": 34, ""role_mainplot_role48.asl"": 34, ""role_mainplot_role49.asl"": 34, ""role_mainplot_role50.asl"": 34, ""role_mainplot_role51.asl"": 34, ""role_mainplot_role52.asl"": 34, ""role_mainplot_role53.asl"": 34, ""role_mainplot_role54.asl"": 34, ""role_mainplot_role55.asl"": 34, ""role_mainplot_role56.asl"": 34, ""role_mainplot_role57.asl"": 34, ""role_mainplot_role58.asl"": 34, ""role_mainplot_role59.asl"": 34, ""role_mainplot_role60.asl"": 34, ""role_mainplot_role61.asl"": 34, ""role_mainplot_role62.asl"": 34, ""role_mainplot_role63.asl"": 34, ""role_mainplot_role64.asl"": 34, ""role_mainplot_role65.asl"": 34, ""role_mainplot_role66.asl"": 34, ""role_mainplot_role67.asl"": 34, ""role_mainplot_role68.asl"": 34, ""role_mainplot_role69.asl"": 34, ""role_mainplot_role70.asl"": 34, ""role_mainplot_role71.asl"": 34, ""role_mainplot_role72.asl"": 34, ""role_mainplot_role73.asl"": 34, ""role_mainplot_role74.asl"": 34, ""role_mainplot_role75.asl"": 34, ""role_mainplot_role76.asl"": 34, ""role_mainplot_role77.asl"": 34, ""role_mainplot_role78.asl"": 34, ""role_mainplot_role79.asl"": 34, ""role_mainplot_role80.asl"": 34, ""role_mainplot_role81.asl"": 34, ""role_mainplot_role82.asl"": 34, ""role_mainplot_role83.asl"": 34, ""role_mainplot_role84.asl"": 34, ""role_mainplot_role85.asl"": 34, ""role_mainplot_role86.asl"": 34, ""role_mainplot_role87.asl"": 34, ""role_mainplot_role88.asl"": 34, ""role_mainplot_role89.asl"": 34, ""role_mainplot_role90.asl"": 34, ""role_mainplot_role91.asl"": 34, ""role_mainplot_role92.asl"": 34, ""role_mainplot_role93.asl"": 34, ""role_mainplot_role94.asl"": 34, ""role_mainplot_role95.asl"": 34, ""role_mainplot_role96.asl"": 34, ""role_mainplot_role97.asl"": 34, ""role_mainplot_role98.asl"": 34, ""role_mainplot_role99.asl"": 34}",5.216687422166874,0.037797393999426276,0.0013062180005363189,1.3244514465332031,True,7,0
grid_phases_roles,71,Linux 7.2.3-arch1-2,x86_64,24,30.44,3.14.7,10,10,5,2,2,1,2,100,2,0,0,42,803,25847,103,4189,"{""playbook_playbook0.asl"": 26, ""playbook_playbook1.asl"": 26, ""director_mainplot.asl"": 737, ""role_mainplot_role0.asl"": 34, ""role_mainplot_role1.asl"": 34, ""role_mainplot_role2.asl"": 34, ""role_mainplot_role3.asl"": 34, ""role_mainplot_role4.asl"": 34, ""role_mainplot_role5.asl"": 34, ""role_mainplot_role6.asl"": 34, ""role_mainplot_role7.asl"": 34, ""role_mainplot_role8.asl"": 34, ""role_mainplot_role9.asl"": 34, ""role_mainplot_role10.asl"": 34, ""role_mainplot_role11.asl"": 34, ""role_mainplot_role12.asl"": 34, ""role_mainplot_role13.asl"": 34, ""role_mainplot_role14.asl"": 34, ""role_mainplot_role15.asl"": 34, ""role_mainplot_role16.asl"": 34, ""role_mainplot_role17.asl"": 34, ""role_mainplot_role18.asl"": 34, ""role_mainplot_role19.asl"": 34, ""role_mainplot_role20.asl"": 34, ""role_mainplot_role21.asl"": 34, ""role_mainplot_role22.asl"": 34, ""role_mainplot_role23.asl"": 34, ""role_mainplot_role24.asl"": 34, ""role_mainplot_role25.asl"": 34, ""role_mainplot_role26.asl"": 34, ""role_mainplot_role27.asl"": 34, ""role_mainplot_role28.asl"": 34, ""role_mainplot_role29.asl"": 34, ""role_mainplot_role30.asl"": 34, ""role_mainplot_role31.asl"": 34, ""role_mainplot_role32.asl"": 34, ""role_mainplot_role33.asl"": 34, ""role_mainplot_role34.asl"": 34, ""role_mainplot_role35.asl"": 34, ""role_mainplot_role36.asl"": 34, ""role_mainplot_role37.asl"": 34, ""role_mainplot_role38.asl"": 34, ""role_mainplot_role39.asl"": 34, ""role_mainplot_role40.asl"": 34, ""role_mainplot_role41.asl"": 34, ""role_mainplot_role42.asl"": 34, ""role_mainplot_role43.asl"": 34, ""role_mainplot_role44.asl"": 34, ""role_mainplot_role45.asl"": 34, ""role_mainplot_role46.asl"": 34, ""role_mainplot_role47.asl"": 34, ""role_mainplot_role48.asl"": 34, ""role_mainplot_role49.asl"": 34, ""role_mainplot_role50.asl"": 34, ""role_mainplot_role51.asl"": 34, ""role_mainplot_role52.asl"": 34, ""role_mainplot_role53.asl"": 34, ""role_mainplot_role54.asl"": 34, ""role_mainplot_role55.asl"": 34, ""role_mainplot_role56.asl"": 34, ""role_mainplot_role57.asl"": 34, ""role_mainplot_role58.asl"": 34, ""role_mainplot_role59.asl"": 34, ""role_mainplot_role60.asl"": 34, ""role_mainplot_role61.asl"": 34, ""role_mainplot_role62.asl"": 34, ""role_mainplot_role63.asl"": 34, ""role_mainplot_role64.asl"": 34, ""role_mainplot_role65.asl"": 34, ""role_mainplot_role66.asl"": 34, ""role_mainplot_role67.asl"": 34, ""role_mainplot_role68.asl"": 34, ""role_mainplot_role69.asl"": 34, ""role_mainplot_role70.asl"": 34, ""role_mainplot_role71.asl"": 34, ""role_mainplot_role72.asl"": 34, ""role_mainplot_role73.asl"": 34, ""role_mainplot_role74.asl"": 34, ""role_mainplot_role75.asl"": 34, ""role_mainplot_role76.asl"": 34, ""role_mainplot_role77.asl"": 34, ""role_mainplot_role78.asl"": 34, ""role_mainplot_role79.asl"": 34, ""role_mainplot_role80.asl"": 34, ""role_mainplot_role81.asl"": 34, ""role_mainplot_role82.asl"": 34, ""role_mainplot_role83.asl"": 34, ""role_mainplot_role84.asl"": 34, ""role_mainplot_role85.asl"": 34, ""role_mainplot_role86.asl"": 34, ""role_mainplot_role87.asl"": 34, ""role_mainplot_role88.asl"": 34, ""role_mainplot_role89.asl"": 34, ""role_mainplot_role90.asl"": 34, ""role_mainplot_role91.asl"": 34, ""role_mainplot_role92.asl"": 34, ""role_mainplot_role93.asl"": 34, ""role_mainplot_role94.asl"": 34, ""role_mainplot_role95.asl"": 34, ""role_mainplot_role96.asl"": 34, ""role_mainplot_role97.asl"": 34, ""role_mainplot_role98.asl"": 34, ""role_mainplot_role99.asl"": 34}",5.216687422166874,0.03779344400027185,0.0013058580007054843,1.3244514465332031,True,7,0
grid_phases_roles,72,Linux 7.2.3-arch1-2,x86_64,24,30.44,3.14.7,10,10,5,2,2,1,2,100,2,0,0,42,803,25847,103,4189,"{""playbook_playbook0.asl"": 26, ""playbook_playbook1.asl"": 26, ""director_mainplot.asl"": 737, ""role_mainplot_role0.asl"": 34, ""role_mainplot_role1.asl"": 34, ""role_mainplot_role2.asl"": 34, ""role_mainplot_role3.asl"": 34, ""role_mainplot_role4.asl"": 34, ""role_mainplot_role5.asl"": 34, ""role_mainplot_role6.asl"": 34, ""role_mainplot_role7.asl"": 34, ""role_mainplot_role8.asl"": 34, ""role_mainplot_role9.asl"": 34, ""role_mainplot_role10.asl"": 34, ""role_mainplot_role11.asl"": 34, ""role_mainplot_role12.asl"": 34, ""role_mainplot_role13.asl"": 34, ""role_mainplot_role14.asl"": 34, ""role_mainplot_role15.asl"": 34, ""role_mainplot_role16.asl"": 34, ""role_mainplot_role17.asl"": 34, ""role_mainplot_role18.asl"": 34, ""role_mainplot_role19.asl"": 34, ""role_mainplot_role20.asl"": 34, ""role_mainplot_role21.asl"": 34, ""role_mainplot_role22.asl"": 34, ""role_mainplot_role23.asl"": 34, ""role_mainplot_role24.asl"": 34, ""role_mainplot_role25.asl"": 34, ""role_mainplot_role26.asl"": 34, ""role_mainplot_role27.asl"": 34, ""role_mainplot_role28.asl"": 34, ""role_mainplot_role29.asl"": 34, ""role_mainplot_role30.asl"": 34, ""role_mainplot_role31.asl"": 34, ""role_mainplot_role32.asl"": 34, ""role_mainplot_role33.asl"": 34, ""role_mainplot_role34.asl"": 34, ""role_mainplot_role35.asl"": 34, ""role_mainplot_role36.asl"": 34, ""role_mainplot_role37.asl"": 34, ""role_mainplot_role38.asl"": 34, ""role_mainplot_role39.asl"": 34, ""role_mainplot_role40.asl"": 34, ""role_mainplot_role41.asl"": 34, ""role_mainplot_role42.asl"": 34, ""role_mainplot_role43.asl"": 34, ""role_mainplot_role44.asl"": 34, ""role_mainplot_role45.asl"": 34, ""role_mainplot_role46.asl"": 34, ""role_mainplot_role47.asl"": 34, ""role_mainplot_role48.asl"": 34, ""role_mainplot_role49.asl"": 34, ""role_mainplot_role50.asl"": 34, ""role_mainplot_role51.asl"": 34, ""role_mainplot_role52.asl"": 34, ""role_mainplot_role53.asl"": 34, ""role_mainplot_role54.asl"": 34, ""role_mainplot_role55.asl"": 34, ""role_mainplot_role56.asl"": 34, ""role_mainplot_role57.asl"": 34, ""role_mainplot_role58.asl"": 34, ""role_mainplot_role59.asl"": 34, ""role_mainplot_role60.asl"": 34, ""role_mainplot_role61.asl"": 34, ""role_mainplot_role62.asl"": 34, ""role_mainplot_role63.asl"": 34, ""role_mainplot_role64.asl"": 34, ""role_mainplot_role65.asl"": 34, ""role_mainplot_role66.asl"": 34, ""role_mainplot_role67.asl"": 34, ""role_mainplot_role68.asl"": 34, ""role_mainplot_role69.asl"": 34, ""role_mainplot_role70.asl"": 34, ""role_mainplot_role71.asl"": 34, ""role_mainplot_role72.asl"": 34, ""role_mainplot_role73.asl"": 34, ""role_mainplot_role74.asl"": 34, ""role_mainplot_role75.asl"": 34, ""role_mainplot_role76.asl"": 34, ""role_mainplot_role77.asl"": 34, ""role_mainplot_role78.asl"": 34, ""role_mainplot_role79.asl"": 34, ""role_mainplot_role80.asl"": 34, ""role_mainplot_role81.asl"": 34, ""role_mainplot_role82.asl"": 34, ""role_mainplot_role83.asl"": 34, ""role_mainplot_role84.asl"": 34, ""role_mainplot_role85.asl"": 34, ""role_mainplot_role86.asl"": 34, ""role_mainplot_role87.asl"": 34, ""role_mainplot_role88.asl"": 34, ""role_mainplot_role89.asl"": 34, ""role_mainplot_role90.asl"": 34, ""role_mainplot_role91.asl"": 34, ""role_mainplot_role92.asl"": 34, ""role_mainplot_role93.asl"": 34, ""role_mainplot_role94.asl"": 34, ""role_mainplot_role95.asl"": 34, ""role_mainplot_role96.asl"": 34, ""role_mainplot_role97.asl"": 34, ""role_mainplot_role98.asl"": 34, ""role_mainplot_role99.asl"": 34}",5.216687422166874,0.03776394400119898,0.00131498799964902,1.3244514465332031,True,7,0
grid_phases_roles,73,Linux 7.2.3-arch1-2,x86_64,24,30.44,3.14.7,10,10,5,2,2,1,2,100,2,0,0,42,803,25847,103,4189,"{""playbook_playbook0.asl"": 26, ""playbook_playbook1.asl"": 26, ""director_mainplot.asl"": 737, ""role_mainplot_role0.asl"": 34, ""role_mainplot_role1.asl"": 34, ""role_mainplot_role2.asl"": 34, ""role_mainplot_role3.asl"": 34, ""role_mainplot_role4.asl"": 34, ""role_mainplot_role5.asl"": 34, ""role_mainplot_role6.asl"": 34, ""role_mainplot_role7.asl"": 34, ""role_mainplot_role8.asl"": 34, ""role_mainplot_role9.asl"": 34, ""role_mainplot_role10.asl"": 34, ""role_mainplot_role11.asl"": 34, ""role_mainplot_role12.asl"": 34, ""role_mainplot_role13.asl"": 34, ""role_mainplot_role14.asl"": 34, ""role_mainplot_role15.asl"": 34, ""role_mainplot_role16.asl"": 34, ""role_mainplot_role17.asl"": 34, ""role_mainplot_role18.asl"": 34, ""role_mainplot_role19.asl"": 34, ""role_mainplot_role20.asl"": 34, ""role_mainplot_role21.asl"": 34, ""role_mainplot_role22.asl"": 34, ""role_mainplot_role23.asl"": 34, ""role_mainplot_role24.asl"": 34, ""role_mainplot_role25.asl"": 34, ""role_mainplot_role26.asl"": 34, ""role_mainplot_role27.asl"": 34, ""role_mainplot_role28.asl"": 34, ""role_mainplot_role29.asl"": 34, ""role_mainplot_role30.asl"": 34, ""role_mainplot_role31.asl"": 34, ""role_mainplot_role32.asl"": 34, ""role_mainplot_role33.asl"": 34, ""role_mainplot_role34.asl"": 34, ""role_mainplot_role35.asl"": 34, ""role_mainplot_role36.asl"": 34, ""role_mainplot_role37.asl"": 34, ""role_mainplot_role38.asl"": 34, ""role_mainplot_role39.asl"": 34, ""role_mainplot_role40.asl"": 34, ""role_mainplot_role41.asl"": 34, ""role_mainplot_role42.asl"": 34, ""role_mainplot_role43.asl"": 34, ""role_mainplot_role44.asl"": 34, ""role_mainplot_role45.asl"": 34, ""role_mainplot_role46.asl"": 34, ""role_mainplot_role47.asl"": 34, ""role_mainplot_role48.asl"": 34, ""role_mainplot_role49.asl"": 34, ""role_mainplot_role50.asl"": 34, ""role_mainplot_role51.asl"": 34, ""role_mainplot_role52.asl"": 34, ""role_mainplot_role53.asl"": 34, ""role_mainplot_role54.asl"": 34, ""role_mainplot_role55.asl"": 34, ""role_mainplot_role56.asl"": 34, ""role_mainplot_role57.asl"": 34, ""role_mainplot_role58.asl"": 34, ""role_mainplot_role59.asl"": 34, ""role_mainplot_role60.asl"": 34, ""role_mainplot_role61.asl"": 34, ""role_mainplot_role62.asl"": 34, ""role_mainplot_role63.asl"": 34, ""role_mainplot_role64.asl"": 34, ""role_mainplot_role65.asl"": 34, ""role_mainplot_role66.asl"": 34, ""role_mainplot_role67.asl"": 34, ""role_mainplot_role68.asl"": 34, ""role_mainplot_role69.asl"": 34, ""role_mainplot_role70.asl"": 34, ""role_mainplot_role71.asl"": 34, ""role_mainplot_role72.asl"": 34, ""role_mainplot_role73.asl"": 34, ""role_mainplot_role74.asl"": 34, ""role_mainplot_role75.asl"": 34, ""role_mainplot_role76.asl"": 34, ""role_mainplot_role77.asl"": 34, ""role_mainplot_role78.asl"": 34, ""role_mainplot_role79.asl"": 34, ""role_mainplot_role80.asl"": 34, ""role_mainplot_role81.asl"": 34, ""role_mainplot_role82.asl"": 34, ""role_mainplot_role83.asl"": 34, ""role_mainplot_role84.asl"": 34, ""role_mainplot_role85.asl"": 34, ""role_mainplot_role86.asl"": 34, ""role_mainplot_role87.asl"": 34, ""role_mainplot_role88.asl"": 34, ""role_mainplot_role89.asl"": 34, ""role_mainplot_role90.asl"": 34, ""role_mainplot_role91.asl"": 34, ""role_mainplot_role92.asl"": 34, ""role_mainplot_role93.asl"": 34, ""role_mainplot_role94.asl"": 34, ""role_mainplot_role95.asl"": 34, ""role_mainplot_role96.asl"": 34, ""role_mainplot_role97.asl"": 34, ""role_mainplot_role98.asl"": 34, ""role_mainplot_role99.asl"": 34}",5.216687422166874,0.037947093000184395,0.0013188680004532216,1.3244514465332031,True,7,0
grid_phases_roles,74,Linux 7.2.3-arch1-2,x86_64,24,30.44,3.14.7,10,10,5,2,2,1,2,100,2,0,0,42,803,25847,103,4189,"{""playbook_playbook0.asl"": 26, ""playbook_playbook1.asl"": 26, ""director_mainplot.asl"": 737, ""role_mainplot_role0.asl"": 34, ""role_mainplot_role1.asl"": 34, ""role_mainplot_role2.asl"": 34, ""role_mainplot_role3.asl"": 34, ""role_mainplot_role4.asl"": 34, ""role_mainplot_role5.asl"": 34, ""role_mainplot_role6.asl"": 34, ""role_mainplot_role7.asl"": 34, ""role_mainplot_role8.asl"": 34, ""role_mainplot_role9.asl"": 34, ""role_mainplot_role10.asl"": 34, ""role_mainplot_role11.asl"": 34, ""role_mainplot_role12.asl"": 34, ""role_mainplot_role13.asl"": 34, ""role_mainplot_role14.asl"": 34, ""role_mainplot_role15.asl"": 34, ""role_mainplot_role16.asl"": 34, ""role_mainplot_role17.asl"": 34, ""role_mainplot_role18.asl"": 34, ""role_mainplot_role19.asl"": 34, ""role_mainplot_role20.asl"": 34, ""role_mainplot_role21.asl"": 34, ""role_mainplot_role22.asl"": 34, ""role_mainplot_role23.asl"": 34, ""role_mainplot_role24.asl"": 34, ""role_mainplot_role25.asl"": 34, ""role_mainplot_role26.asl"": 34, ""role_mainplot_role27.asl"": 34, ""role_mainplot_role28.asl"": 34, ""role_mainplot_role29.asl"": 34, ""role_mainplot_role30.asl"": 34, ""role_mainplot_role31.asl"": 34, ""role_mainplot_role32.asl"": 34, ""role_mainplot_role33.asl"": 34, ""role_mainplot_role34.asl"": 34, ""role_mainplot_role35.asl"": 34, ""role_mainplot_role36.asl"": 34, ""role_mainplot_role37.asl"": 34, ""role_mainplot_role38.asl"": 34, ""role_mainplot_role39.asl"": 34, ""role_mainplot_role40.asl"": 34, ""role_mainplot_role41.asl"": 34, ""role_mainplot_role42.asl"": 34, ""role_mainplot_role43.asl"": 34, ""role_mainplot_role44.asl"": 34, ""role_mainplot_role45.asl"": 34, ""role_mainplot_role46.asl"": 34, ""role_mainplot_role47.asl"": 34, ""role_mainplot_role48.asl"": 34, ""role_mainplot_role49.asl"": 34, ""role_mainplot_role50.asl"": 34, ""role_mainplot_role51.asl"": 34, ""role_mainplot_role52.asl"": 34, ""role_mainplot_role53.asl"": 34, ""role_mainplot_role54.asl"": 34, ""role_mainplot_role55.asl"": 34, ""role_mainplot_role56.asl"": 34, ""role_mainplot_role57.asl"": 34, ""role_mainplot_role58.asl"": 34, ""role_mainplot_role59.asl"": 34, ""role_mainplot_role60.asl"": 34, ""role_mainplot_role61.asl"": 34, ""role_mainplot_role62.asl"": 34, ""role_mainplot_role63.asl"": 34, ""role_mainplot_role64.asl"": 34, ""role_mainplot_role65.asl"": 34, ""role_mainplot_role66.asl"": 34, ""role_mainplot_role67.asl"": 34, ""role_mainplot_role68.asl"": 34, ""role_mainplot_role69.asl"": 34, ""role_mainplot_role70.asl"": 34, ""role_mainplot_role71.asl"": 34, ""role_mainplot_role72.asl"": 34, ""role_mainplot_role73.asl"": 34, ""role_mainplot_role74.asl"": 34, ""role_mainplot_role75.asl"": 34, ""role_mainplot_role76.asl"": 34, ""role_mainplot_role77.asl"": 34, ""role_mainplot_role78.asl"": 34, ""role_mainplot_role79.asl"": 34, ""role_mainplot_role80.asl"": 34, ""role_mainplot_role81.asl"": 34, ""role_mainplot_role82.asl"": 34, ""role_mainplot_role83.asl"": 34, ""role_mainplot_role84.asl"": 34, ""role_mainplot_role85.asl"": 34, ""role_mainplot_role86.asl"": 34, ""role_mainplot_role87.asl"": 34, ""role_mainplot_role88.asl"": 34, ""role_mainplot_role89.asl"": 34, ""role_mainplot_role90.asl"": 34, ""role_mainplot_role91.asl"": 34, ""role_mainplot_role92.asl"": 34, ""role_mainplot_role93.asl"": 34, ""role_mainplot_role94.asl"": 34, ""role_mainplot_role95.asl"": 34, ""role_mainplot_role96.asl"": 34, ""role_mainplot_role97.asl"": 34, ""role_mainplot_role98.asl"": 34, ""role_mainplot_role99.asl"": 34}",5.216687422166874,0.03771975299969199,0.0013008979985897895,1.3244514465332031,True,7,0
grid_phases_roles,75,Linux 7.2.3-arch1-2,x86_64,24,30.44,3.14.7,10,10,5,2,2,1,2,200,2,0,0,42,1503,50447,203,8189,"{""playbook_playbook0.asl"": 26, ""playbook_playbook1.asl"": 26, ""director_mainplot.asl"": 1337, ""role_mainplot_role0.asl"": 34, ""role_mainplot_role1.asl"": 34, ""role_mainplot_role2.asl"": 34, ""role_mainplot_role3.asl"": 34, ""role_mainplot_role4.asl"": 34, ""role_mainplot_role5.asl"": 34, ""role_mainplot_role6.asl"": 34, ""role_mainplot_role7.asl"": 34, ""role_mainplot_role8.asl"": 34, ""role_mainplot_role9.asl"": 34, ""role_mainplot_role10.asl"": 34, ""role_mainplot_role11.asl"": 34, ""role_mainplot_role12.asl"": 34, ""role_mainplot_role13.asl"": 34, ""role_mainplot_role14.asl"": 34, ""role_mainplot_role15.asl"": 34, ""role_mainplot_role16.asl"": 34, ""role_mainplot_role17.asl"": 34, ""role_mainplot_role18.asl"": 34, ""role_mainplot_role19.asl"": 34, ""role_mainplot_role20.asl"": 34, ""role_mainplot_role21.asl"": 34, ""role_mainplot_role22.asl"": 34, ""role_mainplot_role23.asl"": 34, ""role_mainplot_role24.asl"": 34, ""role_mainplot_role25.asl"": 34, ""role_mainplot_role26.asl"": 34, ""role_mainplot_role27.asl"": 34, ""role_mainplot_role28.asl"": 34, ""role_mainplot_role29.asl"": 34, ""role_mainplot_role30.asl"": 34, ""role_mainplot_role31.asl"": 34, ""role_mainplot_role32.asl"": 34, ""role_mainplot_role33.asl"": 34, ""role_mainplot_role34.asl"": 34, ""role_mainplot_role35.asl"": 34, ""role_mainplot_role36.asl"": 34, ""role_mainplot_role37.asl"": 34, ""role_mainplot_role38.asl"": 34, ""role_mainplot_role39.asl"": 34, ""role_mainplot_role40.asl"": 34, ""role_mainplot_role41.asl"": 34, ""role_mainplot_role42.asl"": 34, ""role_mainplot_role43.asl"": 34, ""role_mainplot_role44.asl"": 34, ""role_mainplot_role45.asl"": 34, ""role_mainplot_role46.asl"": 34, ""role_mainplot_role47.asl"": 34, ""role_mainplot_role48.asl"": 34, ""role_mainplot_role49.asl"": 34, ""role_mainplot_role50.asl"": 34, ""role_mainplot_role51.asl"": 34, ""role_mainplot_role52.asl"": 34, ""role_mainplot_role53.asl"": 34, ""role_mainplot_role54.asl"": 34, ""role_mainplot_role55.asl"": 34, ""role_mainplot_role56.asl"": 34, ""role_mainplot_role57.asl"": 34, ""role_mainplot_role58.asl"": 34, ""role_mainplot_role59.asl"": 34, ""role_mainplot_role60.asl"": 34, ""role_mainplot_role61.asl"": 34, ""role_mainplot_role62.asl"": 34, ""role_mainplot_role63.asl"": 34, ""role_mainplot_role64.asl"": 34, ""role_mainplot_role65.asl"": 34, ""role_mainplot_role66.asl"": 34, ""role_mainplot_role67.asl"": 34, ""role_mainplot_role68.asl"": 34, ""role_mainplot_role69.asl"": 34, ""role_mainplot_role70.asl"": 34, ""role_mainplot_role71.asl"": 34, ""role_mainplot_role72.asl"": 34, ""role_mainplot_role73.asl"": 34, ""role_mainplot_role74.asl"": 34, ""role_mainplot_role75.asl"": 34, ""role_mainplot_role76.asl"": 34, ""role_mainplot_role77.asl"": 34, ""role_mainplot_role78.asl"": 34, ""role_mainplot_role79.asl"": 34, ""role_mainplot_role80.asl"": 34, ""role_mainplot_role81.asl"": 34, ""role_mainplot_role82.asl"": 34, ""role_mainplot_role83.asl"": 34, ""role_mainplot_role84.asl"": 34, ""role_mainplot_role85.asl"": 34, ""role_mainplot_role86.asl"": 34, ""role_mainplot_role87.asl"": 34, ""role_mainplot_role88.asl"": 34, ""role_mainplot_role89.asl"": 34, ""role_mainplot_role90.asl"": 34, ""role_mainplot_role91.asl"": 34, ""role_mainplot_role92.asl"": 34, ""role_mainplot_role93.asl"": 34, ""role_mainplot_role94.asl"": 34, ""role_mainplot_role95.asl"": 34, ""role_mainplot_role96.asl"": 34, ""role_mainplot_role97.asl"": 34, ""role_mainplot_role98.asl"": 34, ""role_mainplot_role99.asl"": 34, ""role_mainplot_role100.asl"": 34, ""role_mainplot_role101.asl"": 34, ""role_mainplot_role102.asl"": 34, ""role_mainplot_role103.asl"": 34, ""role_mainplot_role104.asl"": 34, ""role_mainplot_role105.asl"": 34, ""role_mainplot_role106.asl"": 34, ""role_mainplot_role107.asl"": 34, ""role_mainplot_role108.asl"": 34, ""role_mainplot_role109.asl"": 34, ""role_mainplot_role110.asl"": 34, ""role_mainplot_role111.asl"": 34, ""role_mainplot_role112.asl"": 34, ""role_mainplot_role113.asl"": 34, ""role_mainplot_role114.asl"": 34, ""role_mainplot_role115.asl"": 34, ""role_mainplot_role116.asl"": 34, ""role_mainplot_role117.asl"": 34, ""role_mainplot_role118.asl"": 34, ""role_mainplot_role119.asl"": 34, ""role_mainplot_role120.asl"": 34, ""role_mainplot_role121.asl"": 34, ""role_mainplot_role122.asl"": 34, ""role_mainplot_role123.asl"": 34, ""role_mainplot_role124.asl"": 34, ""role_mainplot_role125.asl"": 34, ""role_mainplot_role126.asl"": 34, ""role_mainplot_role127.asl"": 34, ""role_mainplot_role128.asl"": 34, ""role_mainplot_role129.asl"": 34, ""role_mainplot_role130.asl"": 34, ""role_mainplot_role131.asl"": 34, ""role_mainplot_role132.asl"": 34, ""role_mainplot_role133.asl"": 34, ""role_mainplot_role134.asl"": 34, ""role_mainplot_role135.asl"": 34, ""role_mainplot_role136.asl"": 34, ""role_mainplot_role137.asl"": 34, ""role_mainplot_role138.asl"": 34, ""role_mainplot_role139.asl"": 34, ""role_mainplot_role140.asl"": 34, ""role_mainplot_role141.asl"": 34, ""role_mainplot_role142.asl"": 34, ""role_mainplot_role143.asl"": 34, ""role_mainplot_role144.asl"": 34, ""role_mainplot_role145.asl"": 34, ""role_mainplot_role146.asl"": 34, ""role_mainplot_role147.asl"": 34, ""role_mainplot_role148.asl"": 34, ""role_mainplot_role149.asl"": 34, ""role_mainplot_role150.asl"": 34, ""role_mainplot_role151.asl"": 34, ""role_mainplot_role152.asl"": 34, ""role_mainplot_role153.asl"": 34, ""role_mainplot_role154.asl"": 34, ""role_mainplot_role155.asl"": 34, ""role_mainplot_role156.asl"": 34, ""role_mainplot_role157.asl"": 34, ""role_mainplot_role158.asl"": 34, ""role_mainplot_role159.asl"": 34, ""role_mainplot_role160.asl"": 34, ""role_mainplot_role161.asl"": 34, ""role_mainplot_role162.asl"": 34, ""role_mainplot_role163.asl"": 34, ""role_mainplot_role164.asl"": 34, ""role_mainplot_role165.asl"": 34, ""role_mainplot_role166.asl"": 34, ""role_mainplot_role167.asl"": 34, ""role_mainplot_role168.asl"": 34, ""role_mainplot_role169.asl"": 34, ""role_mainplot_role170.asl"": 34, ""role_mainplot_role171.asl"": 34, ""role_mainplot_role172.asl"": 34, ""role_mainplot_role173.asl"": 34, ""role_mainplot_role174.asl"": 34, ""role_mainplot_role175.asl"": 34, ""role_mainplot_role176.asl"": 34, ""role_mainplot_role177.asl"": 34, ""role_mainplot_role178.asl"": 34, ""role_mainplot_role179.asl"": 34, ""role_mainplot_role180.asl"": 34, ""role_mainplot_role181.asl"": 34, ""role_mainplot_role182.asl"": 34, ""role_mainplot_role183.asl"": 34, ""role_mainplot_role184.asl"": 34, ""role_mainplot_role185.asl"": 34, ""role_mainplot_role186.asl"": 34, ""role_mainplot_role187.asl"": 34, ""role_mainplot_role188.asl"": 34, ""role_mainplot_role189.asl"": 34, ""role_mainplot_role190.asl"": 34, ""role_mainplot_role191.asl"": 34, ""role_mainplot_role192.asl"": 34, ""role_mainplot_role193.asl"": 34, ""role_mainplot_role194.asl"": 34, ""role_mainplot_role195.asl"": 34, ""role_mainplot_role196.asl"": 34, ""role_mainplot_role197.asl"": 34, ""role_mainplot_role198.asl"": 34, ""role_mainplot_role199.asl"": 34}",5.448436460412508,0.07237774299937882,0.0025407159992028028,2.549610137939453,True,7,0
grid_phases_roles,76,Linux 7.2.3-arch1-2,x86_64,24,30.44,3.14.7,10,10,5,2,2,1,2,200,2,0,0,42,1503,50447,203,8189,"{""playbook_playbook0.asl"": 26, ""playbook_playbook1.asl"": 26, ""director_mainplot.asl"": 1337, ""role_mainplot_role0.asl"": 34, ""role_mainplot_role1.asl"": 34, ""role_mainplot_role2.asl"": 34, ""role_mainplot_role3.asl"": 34, ""role_mainplot_role4.asl"": 34, ""role_mainplot_role5.asl"": 34, ""role_mainplot_role6.asl"": 34, ""role_mainplot_role7.asl"": 34, ""role_mainplot_role8.asl"": 34, ""role_mainplot_role9.asl"": 34, ""role_mainplot_role10.asl"": 34, ""role_mainplot_role11.asl"": 34, ""role_mainplot_role12.asl"": 34, ""role_mainplot_role13.asl"": 34, ""role_mainplot_role14.asl"": 34, ""role_mainplot_role15.asl"": 34, ""role_mainplot_role16.asl"": 34, ""role_mainplot_role17.asl"": 34, ""role_mainplot_role18.asl"": 34, ""role_mainplot_role19.asl"": 34, ""role_mainplot_role20.asl"": 34, ""role_mainplot_role21.asl"": 34, ""role_mainplot_role22.asl"": 34, ""role_mainplot_role23.asl"": 34, ""role_mainplot_role24.asl"": 34, ""role_mainplot_role25.asl"": 34, ""role_mainplot_role26.asl"": 34, ""role_mainplot_role27.asl"": 34, ""role_mainplot_role28.asl"": 34, ""role_mainplot_role29.asl"": 34, ""role_mainplot_role30.asl"": 34, ""role_mainplot_role31.asl"": 34, ""role_mainplot_role32.asl"": 34, ""role_mainplot_role33.asl"": 34, ""role_mainplot_role34.asl"": 34, ""role_mainplot_role35.asl"": 34, ""role_mainplot_role36.asl"": 34, ""role_mainplot_role37.asl"": 34, ""role_mainplot_role38.asl"": 34, ""role_mainplot_role39.asl"": 34, ""role_mainplot_role40.asl"": 34, ""role_mainplot_role41.asl"": 34, ""role_mainplot_role42.asl"": 34, ""role_mainplot_role43.asl"": 34, ""role_mainplot_role44.asl"": 34, ""role_mainplot_role45.asl"": 34, ""role_mainplot_role46.asl"": 34, ""role_mainplot_role47.asl"": 34, ""role_mainplot_role48.asl"": 34, ""role_mainplot_role49.asl"": 34, ""role_mainplot_role50.asl"": 34, ""role_mainplot_role51.asl"": 34, ""role_mainplot_role52.asl"": 34, ""role_mainplot_role53.asl"": 34, ""role_mainplot_role54.asl"": 34, ""role_mainplot_role55.asl"": 34, ""role_mainplot_role56.asl"": 34, ""role_mainplot_role57.asl"": 34, ""role_mainplot_role58.asl"": 34, ""role_mainplot_role59.asl"": 34, ""role_mainplot_role60.asl"": 34, ""role_mainplot_role61.asl"": 34, ""role_mainplot_role62.asl"": 34, ""role_mainplot_role63.asl"": 34, ""role_mainplot_role64.asl"": 34, ""role_mainplot_role65.asl"": 34, ""role_mainplot_role66.asl"": 34, ""role_mainplot_role67.asl"": 34, ""role_mainplot_role68.asl"": 34, ""role_mainplot_role69.asl"": 34, ""role_mainplot_role70.asl"": 34, ""role_mainplot_role71.asl"": 34, ""role_mainplot_role72.asl"": 34, ""role_mainplot_role73.asl"": 34, ""role_mainplot_role74.asl"": 34, ""role_mainplot_role75.asl"": 34, ""role_mainplot_role76.asl"": 34, ""role_mainplot_role77.asl"": 34, ""role_mainplot_role78.asl"": 34, ""role_mainplot_role79.asl"": 34, ""role_mainplot_role80.asl"": 34, ""role_mainplot_role81.asl"": 34, ""role_mainplot_role82.asl"": 34, ""role_mainplot_role83.asl"": 34, ""role_mainplot_role84.asl"": 34, ""role_mainplot_role85.asl"": 34, ""role_mainplot_role86.asl"": 34, ""role_mainplot_role87.asl"": 34, ""role_mainplot_role88.asl"": 34, ""role_mainplot_role89.asl"": 34, ""role_mainplot_role90.asl"": 34, ""role_mainplot_role91.asl"": 34, ""role_mainplot_role92.asl"": 34, ""role_mainplot_role93.asl"": 34, ""role_mainplot_role94.asl"": 34, ""role_mainplot_role95.asl"": 34, ""role_mainplot_role96.asl"": 34, ""role_mainplot_role97.asl"": 34, ""role_mainplot_role98.asl"": 34, ""role_mainplot_role99.asl"": 34, ""role_mainplot_role100.asl"": 34, ""role_mainplot_role101.asl"": 34, ""role_mainplot_role102.asl"": 34, ""role_mainplot_role103.asl"": 34, ""role_mainplot_role104.asl"": 34, ""role_mainplot_role105.asl"": 34, ""role_mainplot_role106.asl"": 34, ""role_mainplot_role107.asl"": 34, ""role_mainplot_role108.asl"": 34, ""role_mainplot_role109.asl"": 34, ""role_mainplot_role110.asl"": 34, ""role_mainplot_role111.asl"": 34, ""role_mainplot_role112.asl"": 34, ""role_mainplot_role113.asl"": 34, ""role_mainplot_role114.asl"": 34, ""role_mainplot_role115.asl"": 34, ""role_mainplot_role116.asl"": 34, ""role_mainplot_role117.asl"": 34, ""role_mainplot_role118.asl"": 34, ""role_mainplot_role119.asl"": 34, ""role_mainplot_role120.asl"": 34, ""role_mainplot_role121.asl"": 34, ""role_mainplot_role122.asl"": 34, ""role_mainplot_role123.asl"": 34, ""role_mainplot_role124.asl"": 34, ""role_mainplot_role125.asl"": 34, ""role_mainplot_role126.asl"": 34, ""role_mainplot_role127.asl"": 34, ""role_mainplot_role128.asl"": 34, ""role_mainplot_role129.asl"": 34, ""role_mainplot_role130.asl"": 34, ""role_mainplot_role131.asl"": 34, ""role_mainplot_role132.asl"": 34, ""role_mainplot_role133.asl"": 34, ""role_mainplot_role134.asl"": 34, ""role_mainplot_role135.asl"": 34, ""role_mainplot_role136.asl"": 34, ""role_mainplot_role137.asl"": 34, ""role_mainplot_role138.asl"": 34, ""role_mainplot_role139.asl"": 34, ""role_mainplot_role140.asl"": 34, ""role_mainplot_role141.asl"": 34, ""role_mainplot_role142.asl"": 34, ""role_mainplot_role143.asl"": 34, ""role_mainplot_role144.asl"": 34, ""role_mainplot_role145.asl"": 34, ""role_mainplot_role146.asl"": 34, ""role_mainplot_role147.asl"": 34, ""role_mainplot_role148.asl"": 34, ""role_mainplot_role149.asl"": 34, ""role_mainplot_role150.asl"": 34, ""role_mainplot_role151.asl"": 34, ""role_mainplot_role152.asl"": 34, ""role_mainplot_role153.asl"": 34, ""role_mainplot_role154.asl"": 34, ""role_mainplot_role155.asl"": 34, ""role_mainplot_role156.asl"": 34, ""role_mainplot_role157.asl"": 34, ""role_mainplot_role158.asl"": 34, ""role_mainplot_role159.asl"": 34, ""role_mainplot_role160.asl"": 34, ""role_mainplot_role161.asl"": 34, ""role_mainplot_role162.asl"": 34, ""role_mainplot_role163.asl"": 34, ""role_mainplot_role164.asl"": 34, ""role_mainplot_role165.asl"": 34, ""role_mainplot_role166.asl"": 34, ""role_mainplot_role167.asl"": 34, ""role_mainplot_role168.asl"": 34, ""role_mainplot_role169.asl"": 34, ""role_mainplot_role170.asl"": 34, ""role_mainplot_role171.asl"": 34, ""role_mainplot_role172.asl"": 34, ""role_mainplot_role173.asl"": 34, ""role_mainplot_role174.asl"": 34, ""role_mainplot_role175.asl"": 34, ""role_mainplot_role176.asl"": 34, ""role_mainplot_role177.asl"": 34, ""role_mainplot_role178.asl"": 34, ""role_mainplot_role179.asl"": 34, ""role_mainplot_role180.asl"": 34, ""role_mainplot_role181.asl"": 34, ""role_mainplot_role182.asl"": 34, ""role_mainplot_role183.asl"": 34, ""role_mainplot_role184.asl"": 34, ""role_mainplot_role185.asl"": 34, ""role_mainplot_role186.asl"": 34, ""role_mainplot_role187.asl"": 34, ""role_mainplot_role188.asl"": 34, ""role_mainplot_role189.asl"": 34, ""role_mainplot_role190.asl"": 34, ""role_mainplot_role191.asl"": 34, ""role_mainplot_role192.asl"": 34, ""role_mainplot_role193.asl"": 34, ""role_mainplot_role194.asl"": 34, ""role_mainplot_role195.asl"": 34, ""role_mainplot_role196.asl"": 34, ""role_mainplot_role197.asl"": 34, ""role_mainplot_role198.asl"": 34, ""role_mainplot_role199.asl"": 34}",5.448436460412508,0.07191230300122697,0.002556515000833315,2.549610137939453,True,7,0
grid_phases_roles,77,Linux 7.2.3-arch1-2,x86_64,24,30.44,3.14.7,10,10,5,2,2,1,2,200,2,0,0,42,1503,50447,203,8189,"{""playbook_playbook0.asl"": 26, ""playbook_playbook1.asl"": 26, ""director_mainplot.asl"": 1337, ""role_mainplot_role0.asl"": 34, ""role_mainplot_role1.asl"": 34, ""role_mainplot_role2.asl"": 34, ""role_mainplot_role3.asl"": 34, ""role_mainplot_role4.asl"": 34, ""role_mainplot_role5.asl"": 34, ""role_mainplot_role6.asl"": 34, ""role_mainplot_role7.asl"": 34, ""role_mainplot_role8.asl"": 34, ""role_mainplot_role9.asl"": 34, ""role_mainplot_role10.asl"": 34, ""role_mainplot_role11.asl"": 34, ""role_mainplot_role12.asl"": 34, ""role_mainplot_role13.asl"": 34, ""role_mainplot_role14.asl"": 34, ""role_mainplot_role15.asl"": 34, ""role_mainplot_role16.asl"": 34, ""role_mainplot_role17.asl"": 34, ""role_mainplot_role18.asl"": 34, ""role_mainplot_role19.asl"": 34, ""role_mainplot_role20.asl"": 34, ""role_mainplot_role21.asl"": 34, ""role_mainplot_role22.asl"": 34, ""role_mainplot_role23.asl"": 34, ""role_mainplot_role24.asl"": 34, ""role_mainplot_role25.asl"": 34, ""role_mainplot_role26.asl"": 34, ""role_mainplot_role27.asl"": 34, ""role_mainplot_role28.asl"": 34, ""role_mainplot_role29.asl"": 34, ""role_mainplot_role30.asl"": 34, ""role_mainplot_role31.asl"": 34, ""role_mainplot_role32.asl"": 34, ""role_mainplot_role33.asl"": 34, ""role_mainplot_role34.asl"": 34, ""role_mainplot_role35.asl"": 34, ""role_mainplot_role36.asl"": 34, ""role_mainplot_role37.asl"": 34, ""role_mainplot_role38.asl"": 34, ""role_mainplot_role39.asl"": 34, ""role_mainplot_role40.asl"": 34, ""role_mainplot_role41.asl"": 34, ""role_mainplot_role42.asl"": 34, ""role_mainplot_role43.asl"": 34, ""role_mainplot_role44.asl"": 34, ""role_mainplot_role45.asl"": 34, ""role_mainplot_role46.asl"": 34, ""role_mainplot_role47.asl"": 34, ""role_mainplot_role48.asl"": 34, ""role_mainplot_role49.asl"": 34, ""role_mainplot_role50.asl"": 34, ""role_mainplot_role51.asl"": 34, ""role_mainplot_role52.asl"": 34, ""role_mainplot_role53.asl"": 34, ""role_mainplot_role54.asl"": 34, ""role_mainplot_role55.asl"": 34, ""role_mainplot_role56.asl"": 34, ""role_mainplot_role57.asl"": 34, ""role_mainplot_role58.asl"": 34, ""role_mainplot_role59.asl"": 34, ""role_mainplot_role60.asl"": 34, ""role_mainplot_role61.asl"": 34, ""role_mainplot_role62.asl"": 34, ""role_mainplot_role63.asl"": 34, ""role_mainplot_role64.asl"": 34, ""role_mainplot_role65.asl"": 34, ""role_mainplot_role66.asl"": 34, ""role_mainplot_role67.asl"": 34, ""role_mainplot_role68.asl"": 34, ""role_mainplot_role69.asl"": 34, ""role_mainplot_role70.asl"": 34, ""role_mainplot_role71.asl"": 34, ""role_mainplot_role72.asl"": 34, ""role_mainplot_role73.asl"": 34, ""role_mainplot_role74.asl"": 34, ""role_mainplot_role75.asl"": 34, ""role_mainplot_role76.asl"": 34, ""role_mainplot_role77.asl"": 34, ""role_mainplot_role78.asl"": 34, ""role_mainplot_role79.asl"": 34, ""role_mainplot_role80.asl"": 34, ""role_mainplot_role81.asl"": 34, ""role_mainplot_role82.asl"": 34, ""role_mainplot_role83.asl"": 34, ""role_mainplot_role84.asl"": 34, ""role_mainplot_role85.asl"": 34, ""role_mainplot_role86.asl"": 34, ""role_mainplot_role87.asl"": 34, ""role_mainplot_role88.asl"": 34, ""role_mainplot_role89.asl"": 34, ""role_mainplot_role90.asl"": 34, ""role_mainplot_role91.asl"": 34, ""role_mainplot_role92.asl"": 34, ""role_mainplot_role93.asl"": 34, ""role_mainplot_role94.asl"": 34, ""role_mainplot_role95.asl"": 34, ""role_mainplot_role96.asl"": 34, ""role_mainplot_role97.asl"": 34, ""role_mainplot_role98.asl"": 34, ""role_mainplot_role99.asl"": 34, ""role_mainplot_role100.asl"": 34, ""role_mainplot_role101.asl"": 34, ""role_mainplot_role102.asl"": 34, ""role_mainplot_role103.asl"": 34, ""role_mainplot_role104.asl"": 34, ""role_mainplot_role105.asl"": 34, ""role_mainplot_role106.asl"": 34, ""role_mainplot_role107.asl"": 34, ""role_mainplot_role108.asl"": 34, ""role_mainplot_role109.asl"": 34, ""role_mainplot_role110.asl"": 34, ""role_mainplot_role111.asl"": 34, ""role_mainplot_role112.asl"": 34, ""role_mainplot_role113.asl"": 34, ""role_mainplot_role114.asl"": 34, ""role_mainplot_role115.asl"": 34, ""role_mainplot_role116.asl"": 34, ""role_mainplot_role117.asl"": 34, ""role_mainplot_role118.asl"": 34, ""role_mainplot_role119.asl"": 34, ""role_mainplot_role120.asl"": 34, ""role_mainplot_role121.asl"": 34, ""role_mainplot_role122.asl"": 34, ""role_mainplot_role123.asl"": 34, ""role_mainplot_role124.asl"": 34, ""role_mainplot_role125.asl"": 34, ""role_mainplot_role126.asl"": 34, ""role_mainplot_role127.asl"": 34, ""role_mainplot_role128.asl"": 34, ""role_mainplot_role129.asl"": 34, ""role_mainplot_role130.asl"": 34, ""role_mainplot_role131.asl"": 34, ""role_mainplot_role132.asl"": 34, ""role_mainplot_role133.asl"": 34, ""role_mainplot_role134.asl"": 34, ""role_mainplot_role135.asl"": 34, ""role_mainplot_role136.asl"": 34, ""role_mainplot_role137.asl"": 34, ""role_mainplot_role138.asl"": 34, ""role_mainplot_role139.asl"": 34, ""role_mainplot_role140.asl"": 34, ""role_mainplot_role141.asl"": 34, ""role_mainplot_role142.asl"": 34, ""role_mainplot_role143.asl"": 34, ""role_mainplot_role144.asl"": 34, ""role_mainplot_role145.asl"": 34, ""role_mainplot_role146.asl"": 34, ""role_mainplot_role147.asl"": 34, ""role_mainplot_role148.asl"": 34, ""role_mainplot_role149.asl"": 34, ""role_mainplot_role150.asl"": 34, ""role_mainplot_role151.asl"": 34, ""role_mainplot_role152.asl"": 34, ""role_mainplot_role153.asl"": 34, ""role_mainplot_role154.asl"": 34, ""role_mainplot_role155.asl"": 34, ""role_mainplot_role156.asl"": 34, ""role_mainplot_role157.asl"": 34, ""role_mainplot_role158.asl"": 34, ""role_mainplot_role159.asl"": 34, ""role_mainplot_role160.asl"": 34, ""role_mainplot_role161.asl"": 34, ""role_mainplot_role162.asl"": 34, ""role_mainplot_role163.asl"": 34, ""role_mainplot_role164.asl"": 34, ""role_mainplot_role165.asl"": 34, ""role_mainplot_role166.asl"": 34, ""role_mainplot_role167.asl"": 34, ""role_mainplot_role168.asl"": 34, ""role_mainplot_role169.asl"": 34, ""role_mainplot_role170.asl"": 34, ""role_mainplot_role171.asl"": 34, ""role_mainplot_role172.asl"": 34, ""role_mainplot_role173.asl"": 34, ""role_mainplot_role174.asl"": 34, ""role_mainplot_role175.asl"": 34, ""role_mainplot_role176.asl"": 34, ""role_mainplot_role177.asl"": 34, ""role_mainplot_role178.asl"": 34, ""role_mainplot_role179.asl"": 34, ""role_mainplot_role180.asl"": 34, ""role_mainplot_role181.asl"": 34, ""role_mainplot_role182.asl"": 34, ""role_mainplot_role183.asl"": 34, ""role_mainplot_role184.asl"": 34, ""role_mainplot_role185.asl"": 34, ""role_mainplot_role186.asl"": 34, ""role_mainplot_role187.asl"": 34, ""role_mainplot_role188.asl"": 34, ""role_mainplot_role189.asl"": 34, ""role_mainplot_role190.asl"": 34, ""role_mainplot_role191.asl"": 34, ""role_mainplot_role192.asl"": 34, ""role_mainplot_role193.asl"": 34, ""role_mainplot_role194.asl"": 34, ""role_mainplot_role195.asl"": 34, ""role_mainplot_role196.asl"": 34, ""role_mainplot_role197.asl"": 34, ""role_mainplot_role198.asl"": 34, ""role_mainplot_role199.asl"": 34}",5.448436460412508,0.07215177299985953,0.0025236059991584625,2.549610137939453,True,7,0
grid_phases_roles,78,Linux 7.2.3-arch1-2,x86_64,24,30.44,3.14.7,10,10,5,2,2,1,2,200,2,0,0,42,1503,50447,203,8189,"{""playbook_playbook0.asl"": 26, ""playbook_playbook1.asl"": 26, ""director_mainplot.asl"": 1337, ""role_mainplot_role0.asl"": 34, ""role_mainplot_role1.asl"": 34, ""role_mainplot_role2.asl"": 34, ""role_mainplot_role3.asl"": 34, ""role_mainplot_role4.asl"": 34, ""role_mainplot_role5.asl"": 34, ""role_mainplot_role6.asl"": 34, ""role_mainplot_role7.asl"": 34, ""role_mainplot_role8.asl"": 34, ""role_mainplot_role9.asl"": 34, ""role_mainplot_role10.asl"": 34, ""role_mainplot_role11.asl"": 34, ""role_mainplot_role12.asl"": 34, ""role_mainplot_role13.asl"": 34, ""role_mainplot_role14.asl"": 34, ""role_mainplot_role15.asl"": 34, ""role_mainplot_role16.asl"": 34, ""role_mainplot_role17.asl"": 34, ""role_mainplot_role18.asl"": 34, ""role_mainplot_role19.asl"": 34, ""role_mainplot_role20.asl"": 34, ""role_mainplot_role21.asl"": 34, ""role_mainplot_role22.asl"": 34, ""role_mainplot_role23.asl"": 34, ""role_mainplot_role24.asl"": 34, ""role_mainplot_role25.asl"": 34, ""role_mainplot_role26.asl"": 34, ""role_mainplot_role27.asl"": 34, ""role_mainplot_role28.asl"": 34, ""role_mainplot_role29.asl"": 34, ""role_mainplot_role30.asl"": 34, ""role_mainplot_role31.asl"": 34, ""role_mainplot_role32.asl"": 34, ""role_mainplot_role33.asl"": 34, ""role_mainplot_role34.asl"": 34, ""role_mainplot_role35.asl"": 34, ""role_mainplot_role36.asl"": 34, ""role_mainplot_role37.asl"": 34, ""role_mainplot_role38.asl"": 34, ""role_mainplot_role39.asl"": 34, ""role_mainplot_role40.asl"": 34, ""role_mainplot_role41.asl"": 34, ""role_mainplot_role42.asl"": 34, ""role_mainplot_role43.asl"": 34, ""role_mainplot_role44.asl"": 34, ""role_mainplot_role45.asl"": 34, ""role_mainplot_role46.asl"": 34, ""role_mainplot_role47.asl"": 34, ""role_mainplot_role48.asl"": 34, ""role_mainplot_role49.asl"": 34, ""role_mainplot_role50.asl"": 34, ""role_mainplot_role51.asl"": 34, ""role_mainplot_role52.asl"": 34, ""role_mainplot_role53.asl"": 34, ""role_mainplot_role54.asl"": 34, ""role_mainplot_role55.asl"": 34, ""role_mainplot_role56.asl"": 34, ""role_mainplot_role57.asl"": 34, ""role_mainplot_role58.asl"": 34, ""role_mainplot_role59.asl"": 34, ""role_mainplot_role60.asl"": 34, ""role_mainplot_role61.asl"": 34, ""role_mainplot_role62.asl"": 34, ""role_mainplot_role63.asl"": 34, ""role_mainplot_role64.asl"": 34, ""role_mainplot_role65.asl"": 34, ""role_mainplot_role66.asl"": 34, ""role_mainplot_role67.asl"": 34, ""role_mainplot_role68.asl"": 34, ""role_mainplot_role69.asl"": 34, ""role_mainplot_role70.asl"": 34, ""role_mainplot_role71.asl"": 34, ""role_mainplot_role72.asl"": 34, ""role_mainplot_role73.asl"": 34, ""role_mainplot_role74.asl"": 34, ""role_mainplot_role75.asl"": 34, ""role_mainplot_role76.asl"": 34, ""role_mainplot_role77.asl"": 34, ""role_mainplot_role78.asl"": 34, ""role_mainplot_role79.asl"": 34, ""role_mainplot_role80.asl"": 34, ""role_mainplot_role81.asl"": 34, ""role_mainplot_role82.asl"": 34, ""role_mainplot_role83.asl"": 34, ""role_mainplot_role84.asl"": 34, ""role_mainplot_role85.asl"": 34, ""role_mainplot_role86.asl"": 34, ""role_mainplot_role87.asl"": 34, ""role_mainplot_role88.asl"": 34, ""role_mainplot_role89.asl"": 34, ""role_mainplot_role90.asl"": 34, ""role_mainplot_role91.asl"": 34, ""role_mainplot_role92.asl"": 34, ""role_mainplot_role93.asl"": 34, ""role_mainplot_role94.asl"": 34, ""role_mainplot_role95.asl"": 34, ""role_mainplot_role96.asl"": 34, ""role_mainplot_role97.asl"": 34, ""role_mainplot_role98.asl"": 34, ""role_mainplot_role99.asl"": 34, ""role_mainplot_role100.asl"": 34, ""role_mainplot_role101.asl"": 34, ""role_mainplot_role102.asl"": 34, ""role_mainplot_role103.asl"": 34, ""role_mainplot_role104.asl"": 34, ""role_mainplot_role105.asl"": 34, ""role_mainplot_role106.asl"": 34, ""role_mainplot_role107.asl"": 34, ""role_mainplot_role108.asl"": 34, ""role_mainplot_role109.asl"": 34, ""role_mainplot_role110.asl"": 34, ""role_mainplot_role111.asl"": 34, ""role_mainplot_role112.asl"": 34, ""role_mainplot_role113.asl"": 34, ""role_mainplot_role114.asl"": 34, ""role_mainplot_role115.asl"": 34, ""role_mainplot_role116.asl"": 34, ""role_mainplot_role117.asl"": 34, ""role_mainplot_role118.asl"": 34, ""role_mainplot_role119.asl"": 34, ""role_mainplot_role120.asl"": 34, ""role_mainplot_role121.asl"": 34, ""role_mainplot_role122.asl"": 34, ""role_mainplot_role123.asl"": 34, ""role_mainplot_role124.asl"": 34, ""role_mainplot_role125.asl"": 34, ""role_mainplot_role126.asl"": 34, ""role_mainplot_role127.asl"": 34, ""role_mainplot_role128.asl"": 34, ""role_mainplot_role129.asl"": 34, ""role_mainplot_role130.asl"": 34, ""role_mainplot_role131.asl"": 34, ""role_mainplot_role132.asl"": 34, ""role_mainplot_role133.asl"": 34, ""role_mainplot_role134.asl"": 34, ""role_mainplot_role135.asl"": 34, ""role_mainplot_role136.asl"": 34, ""role_mainplot_role137.asl"": 34, ""role_mainplot_role138.asl"": 34, ""role_mainplot_role139.asl"": 34, ""role_mainplot_role140.asl"": 34, ""role_mainplot_role141.asl"": 34, ""role_mainplot_role142.asl"": 34, ""role_mainplot_role143.asl"": 34, ""role_mainplot_role144.asl"": 34, ""role_mainplot_role145.asl"": 34, ""role_mainplot_role146.asl"": 34, ""role_mainplot_role147.asl"": 34, ""role_mainplot_role148.asl"": 34, ""role_mainplot_role149.asl"": 34, ""role_mainplot_role150.asl"": 34, ""role_mainplot_role151.asl"": 34, ""role_mainplot_role152.asl"": 34, ""role_mainplot_role153.asl"": 34, ""role_mainplot_role154.asl"": 34, ""role_mainplot_role155.asl"": 34, ""role_mainplot_role156.asl"": 34, ""role_mainplot_role157.asl"": 34, ""role_mainplot_role158.asl"": 34, ""role_mainplot_role159.asl"": 34, ""role_mainplot_role160.asl"": 34, ""role_mainplot_role161.asl"": 34, ""role_mainplot_role162.asl"": 34, ""role_mainplot_role163.asl"": 34, ""role_mainplot_role164.asl"": 34, ""role_mainplot_role165.asl"": 34, ""role_mainplot_role166.asl"": 34, ""role_mainplot_role167.asl"": 34, ""role_mainplot_role168.asl"": 34, ""role_mainplot_role169.asl"": 34, ""role_mainplot_role170.asl"": 34, ""role_mainplot_role171.asl"": 34, ""role_mainplot_role172.asl"": 34, ""role_mainplot_role173.asl"": 34, ""role_mainplot_role174.asl"": 34, ""role_mainplot_role175.asl"": 34, ""role_mainplot_role176.asl"": 34, ""role_mainplot_role177.asl"": 34, ""role_mainplot_role178.asl"": 34, ""role_mainplot_role179.asl"": 34, ""role_mainplot_role180.asl"": 34, ""role_mainplot_role181.asl"": 34, ""role_mainplot_role182.asl"": 34, ""role_mainplot_role183.asl"": 34, ""role_mainplot_role184.asl"": 34, ""role_mainplot_role185.asl"": 34, ""role_mainplot_role186.asl"": 34, ""role_mainplot_role187.asl"": 34, ""role_mainplot_role188.asl"": 34, ""role_mainplot_role189.asl"": 34, ""role_mainplot_role190.asl"": 34, ""role_mainplot_role191.asl"": 34, ""role_mainplot_role192.asl"": 34, ""role_mainplot_role193.asl"": 34, ""role_mainplot_role194.asl"": 34, ""role_mainplot_role195.asl"": 34, ""role_mainplot_role196.asl"": 34, ""role_mainplot_role197.asl"": 34, ""role_mainplot_role198.asl"": 34, ""role_mainplot_role199.asl"": 34}",5.448436460412508,0.07225297299919475,0.0025459159987804014,2.549610137939453,True,7,0
grid_phases_roles,79,Linux 7.2.3-arch1-2,x86_64,24,30.44,3.14.7,10,10,5,2,2,1,2,200,2,0,0,42,1503,50447,203,8189,"{""playbook_playbook0.asl"": 26, ""playbook_playbook1.asl"": 26, ""director_mainplot.asl"": 1337, ""role_mainplot_role0.asl"": 34, ""role_mainplot_role1.asl"": 34, ""role_mainplot_role2.asl"": 34, ""role_mainplot_role3.asl"": 34, ""role_mainplot_role4.asl"": 34, ""role_mainplot_role5.asl"": 34, ""role_mainplot_role6.asl"": 34, ""role_mainplot_role7.asl"": 34, ""role_mainplot_role8.asl"": 34, ""role_mainplot_role9.asl"": 34, ""role_mainplot_role10.asl"": 34, ""role_mainplot_role11.asl"": 34, ""role_mainplot_role12.asl"": 34, ""role_mainplot_role13.asl"": 34, ""role_mainplot_role14.asl"": 34, ""role_mainplot_role15.asl"": 34, ""role_mainplot_role16.asl"": 34, ""role_mainplot_role17.asl"": 34, ""role_mainplot_role18.asl"": 34, ""role_mainplot_role19.asl"": 34, ""role_mainplot_role20.asl"": 34, ""role_mainplot_role21.asl"": 34, ""role_mainplot_role22.asl"": 34, ""role_mainplot_role23.asl"": 34, ""role_mainplot_role24.asl"": 34, ""role_mainplot_role25.asl"": 34, ""role_mainplot_role26.asl"": 34, ""role_mainplot_role27.asl"": 34, ""role_mainplot_role28.asl"": 34, ""role_mainplot_role29.asl"": 34, ""role_mainplot_role30.asl"": 34, ""role_mainplot_role31.asl"": 34, ""role_mainplot_role32.asl"": 34, ""role_mainplot_role33.asl"": 34, ""role_mainplot_role34.asl"": 34, ""role_mainplot_role35.asl"": 34, ""role_mainplot_role36.asl"": 34, ""role_mainplot_role37.asl"": 34, ""role_mainplot_role38.asl"": 34, ""role_mainplot_role39.asl"": 34, ""role_mainplot_role40.asl"": 34, ""role_mainplot_role41.asl"": 34, ""role_mainplot_role42.asl"": 34, ""role_mainplot_role43.asl"": 34, ""role_mainplot_role44.asl"": 34, ""role_mainplot_role45.asl"": 34, ""role_mainplot_role46.asl"": 34, ""role_mainplot_role47.asl"": 34, ""role_mainplot_role48.asl"": 34, ""role_mainplot_role49.asl"": 34, ""role_mainplot_role50.asl"": 34, ""role_mainplot_role51.asl"": 34, ""role_mainplot_role52.asl"": 34, ""role_mainplot_role53.asl"": 34, ""role_mainplot_role54.asl"": 34, ""role_mainplot_role55.asl"": 34, ""role_mainplot_role56.asl"": 34, ""role_mainplot_role57.asl"": 34, ""role_mainplot_role58.asl"": 34, ""role_mainplot_role59.asl"": 34, ""role_mainplot_role60.asl"": 34, ""role_mainplot_role61.asl"": 34, ""role_mainplot_role62.asl"": 34, ""role_mainplot_role63.asl"": 34, ""role_mainplot_role64.asl"": 34, ""role_mainplot_role65.asl"": 34, ""role_mainplot_role66.asl"": 34, ""role_mainplot_role67.asl"": 34, ""role_mainplot_role68.asl"": 34, ""role_mainplot_role69.asl"": 34, ""role_mainplot_role70.asl"": 34, ""role_mainplot_role71.asl"": 34, ""role_mainplot_role72.asl"": 34, ""role_mainplot_role73.asl"": 34, ""role_mainplot_role74.asl"": 34, ""role_mainplot_role75.asl"": 34, ""role_mainplot_role76.asl"": 34, ""role_mainplot_role77.asl"": 34, ""role_mainplot_role78.asl"": 34, ""role_mainplot_role79.asl"": 34, ""role_mainplot_role80.asl"": 34, ""role_mainplot_role81.asl"": 34, ""role_mainplot_role82.asl"": 34, ""role_mainplot_role83.asl"": 34, ""role_mainplot_role84.asl"": 34, ""role_mainplot_role85.asl"": 34, ""role_mainplot_role86.asl"": 34, ""role_mainplot_role87.asl"": 34, ""role_mainplot_role88.asl"": 34, ""role_mainplot_role89.asl"": 34, ""role_mainplot_role90.asl"": 34, ""role_mainplot_role91.asl"": 34, ""role_mainplot_role92.asl"": 34, ""role_mainplot_role93.asl"": 34, ""role_mainplot_role94.asl"": 34, ""role_mainplot_role95.asl"": 34, ""role_mainplot_role96.asl"": 34, ""role_mainplot_role97.asl"": 34, ""role_mainplot_role98.asl"": 34, ""role_mainplot_role99.asl"": 34, ""role_mainplot_role100.asl"": 34, ""role_mainplot_role101.asl"": 34, ""role_mainplot_role102.asl"": 34, ""role_mainplot_role103.asl"": 34, ""role_mainplot_role104.asl"": 34, ""role_mainplot_role105.asl"": 34, ""role_mainplot_role106.asl"": 34, ""role_mainplot_role107.asl"": 34, ""role_mainplot_role108.asl"": 34, ""role_mainplot_role109.asl"": 34, ""role_mainplot_role110.asl"": 34, ""role_mainplot_role111.asl"": 34, ""role_mainplot_role112.asl"": 34, ""role_mainplot_role113.asl"": 34, ""role_mainplot_role114.asl"": 34, ""role_mainplot_role115.asl"": 34, ""role_mainplot_role116.asl"": 34, ""role_mainplot_role117.asl"": 34, ""role_mainplot_role118.asl"": 34, ""role_mainplot_role119.asl"": 34, ""role_mainplot_role120.asl"": 34, ""role_mainplot_role121.asl"": 34, ""role_mainplot_role122.asl"": 34, ""role_mainplot_role123.asl"": 34, ""role_mainplot_role124.asl"": 34, ""role_mainplot_role125.asl"": 34, ""role_mainplot_role126.asl"": 34, ""role_mainplot_role127.asl"": 34, ""role_mainplot_role128.asl"": 34, ""role_mainplot_role129.asl"": 34, ""role_mainplot_role130.asl"": 34, ""role_mainplot_role131.asl"": 34, ""role_mainplot_role132.asl"": 34, ""role_mainplot_role133.asl"": 34, ""role_mainplot_role134.asl"": 34, ""role_mainplot_role135.asl"": 34, ""role_mainplot_role136.asl"": 34, ""role_mainplot_role137.asl"": 34, ""role_mainplot_role138.asl"": 34, ""role_mainplot_role139.asl"": 34, ""role_mainplot_role140.asl"": 34, ""role_mainplot_role141.asl"": 34, ""role_mainplot_role142.asl"": 34, ""role_mainplot_role143.asl"": 34, ""role_mainplot_role144.asl"": 34, ""role_mainplot_role145.asl"": 34, ""role_mainplot_role146.asl"": 34, ""role_mainplot_role147.asl"": 34, ""role_mainplot_role148.asl"": 34, ""role_mainplot_role149.asl"": 34, ""role_mainplot_role150.asl"": 34, ""role_mainplot_role151.asl"": 34, ""role_mainplot_role152.asl"": 34, ""role_mainplot_role153.asl"": 34, ""role_mainplot_role154.asl"": 34, ""role_mainplot_role155.asl"": 34, ""role_mainplot_role156.asl"": 34, ""role_mainplot_role157.asl"": 34, ""role_mainplot_role158.asl"": 34, ""role_mainplot_role159.asl"": 34, ""role_mainplot_role160.asl"": 34, ""role_mainplot_role161.asl"": 34, ""role_mainplot_role162.asl"": 34, ""role_mainplot_role163.asl"": 34, ""role_mainplot_role164.asl"": 34, ""role_mainplot_role165.asl"": 34, ""role_mainplot_role166.asl"": 34, ""role_mainplot_role167.asl"": 34, ""role_mainplot_role168.asl"": 34, ""role_mainplot_role169.asl"": 34, ""role_mainplot_role170.asl"": 34, ""role_mainplot_role171.asl"": 34, ""role_mainplot_role172.asl"": 34, ""role_mainplot_role173.asl"": 34, ""role_mainplot_role174.asl"": 34, ""role_mainplot_role175.asl"": 34, ""role_mainplot_role176.asl"": 34, ""role_mainplot_role177.asl"": 34, ""role_mainplot_role178.asl"": 34, ""role_mainplot_role179.asl"": 34, ""role_mainplot_role180.asl"": 34, ""role_mainplot_role181.asl"": 34, ""role_mainplot_role182.asl"": 34, ""role_mainplot_role183.asl"": 34, ""role_mainplot_role184.asl"": 34, ""role_mainplot_role185.asl"": 34, ""role_mainplot_role186.asl"": 34, ""role_mainplot_role187.asl"": 34, ""role_mainplot_role188.asl"": 34, ""role_mainplot_role189.asl"": 34, ""role_mainplot_role190.asl"": 34, ""role_mainplot_role191.asl"": 34, ""role_mainplot_role192.asl"": 34, ""role_mainplot_role193.asl"": 34, ""role_mainplot_role194.asl"": 34, ""role_mainplot_role195.asl"": 34, ""role_mainplot_role196.asl"": 34, ""role_mainplot_role197.asl"": 34, ""role_mainplot_role198.asl"": 34, ""role_mainplot_role199.asl"": 34}",5.448436460412508,0.07186207400081912,0.0025126250002358574,2.549610137939453,True,7,0
grid_phases_roles,80,Linux 7.2.3-arch1-2,x86_64,24,30.44,3.14.7,10,10,5,2,2,1,2,1,5,0,0,42,146,2757,4,256,"{""playbook_playbook0.asl"": 26, ""playbook_playbook1.asl"": 26, ""director_mainplot.asl"": 170, ""role_mainplot_role0.asl"": 34}",1.7534246575342465,0.004652741999962018,7.664999975531828e-05,0.16062641143798828,True,8,0
grid_phases_roles,81,Linux 7.2.3-arch1-2,x86_64,24,30.44,3.14.7,10,10,5,2,2,1,2,1,5,0,0,42,146,2757,4,256,"{""playbook_playbook0.asl"": 26, ""playbook_playbook1.asl"": 26, ""director_mainplot.asl"": 170, ""role_mainplot_role0.asl"": 34}",1.7534246575342465,0.004642492000130005,7.73899992054794e-05,0.16062641143798828,True,8,0
grid_phases_roles,82,Linux 7.2.3-arch1-2,x86_64,24,30.44,3.14.7,10,10,5,2,2,1,2,1,5,0,0,42,146,2757,4,256,"{""playbook_playbook0.asl"": 26, ""playbook_playbook1.asl"": 26, ""director_mainplot.asl"": 170, ""role_mainplot_role0.asl"": 34}",1.7534246575342465,0.004648321000786382,7.546000051661395e-05,0.16062641143798828,True,8,0
grid_phases_roles,83,Linux 7.2.3-arch1-2,x86_64,24,30.44,3.14.7,10,10,5,2,2,1,2,1,5,0,0,42,146,2757,4,256,"{""playbook_playbook0.asl"": 26, ""playbook_playbook1.asl"": 26, ""director_mainplot.asl"": 170, ""role_mainplot_role0.asl"": 34}",1.7534246575342465,0.004723762000139686,7.867000022088178e-05,0.16062641143798828,True,8,0
grid_phases_roles,84,Linux 7.2.3-arch1-2,x86_64,24,30.44,3.14.7,10,10,5,2,2,1,2,1,5,0,0,42,146,2757,4,256,"{""playbook_playbook0.asl"": 26, ""playbook_playbook1.asl"": 26, ""director_mainplot.asl"": 170, ""role_mainplot_role0.asl"": 34}",1.7534246575342465,0.004666861999794492,7.637999988219235e-05,0.16062641143798828,True,8,0
grid_phases_roles,85,Linux 7.2.3-arch1-2,x86_64,24,30.44,3.14.7,10,10,5,2,2,1,2,2,5,0,0,42,162,3323,5,305,"{""playbook_playbook0.asl"": 26, ""playbook_playbook1.asl"": 26, ""director_mainplot.asl"": 185, ""role_mainplot_role0.asl"": 34, ""role_mainplot_role1.asl"": 34}",1.882716049382716,0.005453399999169051,0.00010640999971656129,0.1894826889038086,True,7,0
grid_phases_roles,86,Linux 7.2.3-arch1-2,x86_64,24,30.44,3.14.7,10,10,5,2,2,1,2,2,5,0,0,42,162,3323,5,305,"{""playbook_playbook0.asl"": 26, ""playbook_playbook1.asl"": 26, ""director_mainplot.asl"": 185, ""role_mainplot_role0.asl"": 34, ""role_mainplot_role1.asl"": 34}",1.882716049382716,0.005421339999884367,8.813000022200868e-05,0.1895132064819336,True,7,0
grid_phases_roles,87,Linux 7.2.3-arch1-2,x86_64,24,30.44,3.14.7,10,10,5,2,2,1,2,2,5,0,0,42,162,3323,5,305,"{""playbook_playbook0.asl"": 26, ""playbook_playbook1.asl"": 26, ""director_mainplot.asl"": 185, ""role_mainplot_role0.asl"": 34, ""role_mainplot_role1.asl"": 34}",1.882716049382716,0.005427869999039103,8.789999992586672e-05,0.1895132064819336,True,7,0
grid_phases_roles,88,Linux 7.2.3-arch1-2,x86_64,24,30.44,3.14.7,10,10,5,2,2,1,2,2,5,0,0,42,162,3323,5,305,"{""playbook_playbook0.asl"": 26, ""playbook_playbook1.asl"": 26, ""director_mainplot.asl"": 185, ""role_mainplot_role0.asl"": 34, ""role_mainplot_role1.asl"": 34}",1.882716049382716,0.0054270399996312335,9.884000064630527e-05,0.1895132064819336,True,7,0
grid_phases_roles,89,Linux 7.2.3-arch1-2,x86_64,24,30.44,3.14.7,10,10,5,2,2,1,2,2,5,0,0,42,162,3323,5,305,"{""playbook_playbook0.asl"": 26, ""playbook_playbook1.asl"": 26, ""director_mainplot.asl"": 185, ""role_mainplot_role0.asl"": 34, ""role_mainplot_role1.asl"": 34}",1.882716049382716,0.005430650000562309,8.843999967211857e-05,0.1895132064819336,True,7,0
grid_phases_roles,90,Linux 7.2.3-arch1-2,x86_64,24,30.44,3.14.7,10,10,5,2,2,1,2,5,5,0,0,42,210,5021,8,452,"{""playbook_playbook0.asl"": 26, ""playbook_playbook1.asl"": 26, ""director_mainplot.asl"": 230, ""role_mainplot_role0.asl"": 34, ""role_mainplot_role1.asl"": 34, ""role_mainplot_role2.asl"": 34, ""role_mainplot_role3.asl"": 34, ""role_mainplot_role4.asl"": 34}",2.1523809523809523,0.007822806999683962,0.0001280189990211511,0.2734956741333008,True,7,0
grid_phases_roles,91,Linux 7.2.3-arch1-2,x86_64,24,30.44,3.14.7,10,10,5,2,2,1,2,5,5,0,0,42,210,5021,8,452,"{""playbook_playbook0.asl"": 26, ""playbook_playbook1.asl"": 26, ""director_mainplot.asl"": 230, ""role_mainplot_role0.asl"": 34, ""role_mainplot_role1.asl"": 34, ""role_mainplot_role2.asl"": 34, ""role_mainplot_role3.asl"": 34, ""role_mainplot_role4.asl"": 34}",2.1523809523809523,0.007849196999814012,0.0001462700001866324,0.2734956741333008,True,7,0
grid_phases_roles,92,Linux 7.2.3-arch1-2,x86_64,24,30.44,3.14.7,10,10,5,2,2,1,2,5,5,0,0,42,210,5021,8,452,"{""playbook_playbook0.asl"": 26, ""playbook_playbook1.asl"": 26, ""director_mainplot.asl"": 230, ""role_mainplot_role0.asl"": 34, ""role_mainplot_role1.asl"": 34, ""role_mainplot_role2.asl"": 34, ""role_mainplot_role3.asl"": 34, ""role_mainplot_role4.asl"": 34}",2.1523809523809523,0.007816326000465779,0.00013319000026967842,0.2734956741333008,True,7,0
grid_phases_roles,93,Linux 7.2.3-arch1-2,x86_64,24,30.44,3.14.7,10,10,5,2,2,1,2,5,5,0,0,42,210,5021,8,452,"{""playbook_playbook0.asl"": 26, ""playbook_playbook1.asl"": 26, ""director_mainplot.asl"": 230, ""role_mainplot_role0.asl"": 34, ""role_mainplot_role1.asl"": 34, ""role_mainplot_role2.asl"": 34, ""role_mainplot_role3.asl"": 34, ""role_mainplot_role4.asl"": 34}",2.1523809523809523,0.007863225999244605,0.0001281990007555578,0.2734956741333008,True,7,0
grid_phases_roles,94,Linux 7.2.3-arch1-2,x86_64,24,30.44,3.14.7,10,10,5,2,2,1,2,5,5,0,0,42,210,5021,8,452,"{""playbook_playbook0.asl"": 26, ""playbook_playbook1.asl"": 26, ""director_mainplot.asl"": 230, ""role_mainplot_role0.asl"": 34, ""role_mainplot_role1.asl"": 34, ""role_mainplot_role2.asl"": 34, ""role_mainplot_role3.asl"": 34, ""role_mainplot_role4.asl"": 34}",2.1523809523809523,0.00782154599983187,0.00012628999866137747,0.2734956741333008,True,7,0
grid_phases_roles,95,Linux 7.2.3-arch1-2,x86_64,24,30.44,3.14.7,10,10,5,2,2,1,2,10,5,0,0,42,290,7852,13,697,"{""playbook_playbook0.asl"": 26, ""playbook_playbook1.asl"": 26, ""director_mainplot.asl"": 305, ""role_mainplot_role0.asl"": 34, ""role_mainplot_role1.asl"": 34, ""role_mainplot_role2.asl"": 34, ""role_mainplot_role3.asl"": 34, ""role_mainplot_role4.asl"": 34, ""role_mainplot_role5.asl"": 34, ""role_mainplot_role6.asl"": 34, ""role_mainplot_role7.asl"": 34, ""role_mainplot_role8.asl"": 34, ""role_mainplot_role9.asl"": 34}",2.4034482758620688,0.011955889000091702,0.00018796900076267775,0.4141998291015625,True,5,0
grid_phases_roles,96,Linux 7.2.3-arch1-2,x86_64,24,30.44,3.14.7,10,10,5,2,2,1,2,10,5,0,0,42,290,7852,13,697,"{""playbook_playbook0.asl"": 26, ""playbook_playbook1.asl"": 26, ""director_mainplot.asl"": 305, ""role_mainplot_role0.asl"": 34, ""role_mainplot_role1.asl"": 34, ""role_mainplot_role2.asl"": 34, ""role_mainplot_role3.asl"": 34, ""role_mainplot_role4.asl"": 34, ""role_mainplot_role5.asl"": 34, ""role_mainplot_role6.asl"": 34, ""role_mainplot_role7.asl"": 34, ""role_mainplot_role8.asl"": 34, ""role_mainplot_role9.asl"": 34}",2.4034482758620688,0.011947809000048437,0.00019368900029803626,0.4141693115234375,True,5,0
grid_phases_roles,97,Linux 7.2.3-arch1-2,x86_64,24,30.44,3.14.7,10,10,5,2,2,1,2,10,5,0,0,42,290,7852,13,697,"{""playbook_playbook0.asl"": 26, ""playbook_playbook1.asl"": 26, ""director_mainplot.asl"": 305, ""role_mainplot_role0.asl"": 34, ""role_mainplot_role1.asl"": 34, ""role_mainplot_role2.asl"": 34, ""role_mainplot_role3.asl"": 34, ""role_mainplot_role4.asl"": 34, ""role_mainplot_role5.asl"": 34, ""role_mainplot_role6.asl"": 34, ""role_mainplot_role7.asl"": 34, ""role_mainplot_role8.asl"": 34, ""role_mainplot_role9.asl"": 34}",2.4034482758620688,0.011926788998607663,0.000186569999641506,0.4141693115234375,True,5,0
grid_phases_roles,98,Linux 7.2.3-arch1-2,x86_64,24,30.44,3.14.7,10,10,5,2,2,1,2,10,5,0,0,42,290,7852,13,697,"{""playbook_playbook0.asl"": 26, ""playbook_playbook1.asl"": 26, ""director_mainplot.asl"": 305, ""role_mainplot_role0.asl"": 34, ""role_mainplot_role1.asl"": 34, ""role_mainplot_role2.asl"": 34, ""role_mainplot_role3.asl"": 34, ""role_mainplot_role4.asl"": 34, ""role_mainplot_role5.asl"": 34, ""role_mainplot_role6.asl"": 34, ""role_mainplot_role7.asl"": 34, ""role_mainplot_role8.asl"": 34, ""role_mainplot_role9.asl"": 34}",2.4034482758620688,0.011869058998854598,0.00018674899911275133,0.4141693115234375,True,5,0
grid_phases_roles,99,Linux 7.2.3-arch1-2,x86_64,24,30.44,3.14.7,10,10,5,2,2,1,2,10,5,0,0,42,290,7852,13,697,"{""playbook_playbook0.asl"": 26, ""playbook_playbook1.asl"": 26, ""director_mainplot.asl"": 305, ""role_mainplot_role0.asl"": 34, ""role_mainplot_role1.asl"": 34, ""role_mainplot_role2.asl"": 34, ""role_mainplot_role3.asl"": 34, ""role_mainplot_role4.asl"": 34, ""role_mainplot_role5.asl"": 34, ""role_mainplot_role6.asl"": 34, ""role_mainplot_role7.asl"": 34, ""role_mainplot_role8.asl"": 34, ""role_mainplot_role9.asl"": 34}",2.4034482758620688,0.011954118999710772,0.0001945790008903714,0.4141693115234375,True,5,0
grid_phases_roles,100,Linux 7.2.3-arch1-2,x86_64,24,30.44,3.14.7,10,10,5,2,2,1,2,20,5,0,0,42,450,13622,23,1187,"{""playbook_playbook0.asl"": 26, ""playbook_playbook1.asl"": 26, ""director_mainplot.asl"": 455, ""role_mainplot_role0.asl"": 34, ""role_mainplot_role1.asl"": 34, ""role_mainplot_role2.asl"": 34, ""role_mainplot_role3.asl"": 34, ""role_mainplot_role4.asl"": 34, ""role_mainplot_role5.asl"": 34, ""role_mainplot_role6.asl"": 34, ""role_mainplot_role7.asl"": 34, ""role_mainplot_role8.asl"": 34, ""role_mainplot_role9.asl"": 34, ""role_mainplot_role10.asl"": 34, ""role_mainplot_role11.asl"": 34, ""role_mainplot_role12.asl"": 34, ""role_mainplot_role13.asl"": 34, ""role_mainplot_role14.asl"": 34, ""role_mainplot_role15.asl"": 34, ""role_mainplot_role16.asl"": 34, ""role_mainplot_role17.asl"": 34, ""role_mainplot_role18.asl"": 34, ""role_mainplot_role19.asl"": 34}",2.637777777777778,0.019894524999472196,0.00031249899984686635,0.6984825134277344,True,5,0
grid_phases_roles,101,Linux 7.2.3-arch1-2,x86_64,24,30.44,3.14.7,10,10,5,2,2,1,2,20,5,0,0,42,450,13622,23,1187,"{""playbook_playbook0.asl"": 26, ""playbook_playbook1.asl"": 26, ""director_mainplot.asl"": 455, ""role_mainplot_role0.asl"": 34, ""role_mainplot_role1.asl"": 34, ""role_mainplot_role2.asl"": 34, ""role_mainplot_role3.asl"": 34, ""role_mainplot_role4.asl"": 34, ""role_mainplot_role5.asl"": 34, ""role_mainplot_role6.asl"": 34, ""role_mainplot_role7.asl"": 34, ""role_mainplot_role8.asl"": 34, ""role_mainplot_role9.asl"": 34, ""role_mainplot_role10.asl"": 34, ""role_mainplot_role11.asl"": 34, ""role_mainplot_role12.asl"": 34, ""role_mainplot_role13.asl"": 34, ""role_mainplot_role14.asl"": 34, ""role_mainplot_role15.asl"": 34, ""role_mainplot_role16.asl"": 34, ""role_mainplot_role17.asl"": 34, ""role_mainplot_role18.asl"": 34, ""role_mainplot_role19.asl"": 34}",2.637777777777778,0.019902785001249867,0.0003193689990439452,0.6984825134277344,True,5,0
grid_phases_roles,102,Linux 7.2.3-arch1-2,x86_64,24,30.44,3.14.7,10,10,5,2,2,1,2,20,5,0,0,42,450,13622,23,1187,"{""playbook_playbook0.asl"": 26, ""playbook_playbook1.asl"": 26, ""director_mainplot.asl"": 455, ""role_mainplot_role0.asl"": 34, ""role_mainplot_role1.asl"": 34, ""role_mainplot_role2.asl"": 34, ""role_mainplot_role3.asl"": 34, ""role_mainplot_role4.asl"": 34, ""role_mainplot_role5.asl"": 34, ""role_mainplot_role6.asl"": 34, ""role_mainplot_role7.asl"": 34, ""role_mainplot_role8.asl"": 34, ""role_mainplot_role9.asl"": 34, ""role_mainplot_role10.asl"": 34, ""role_mainplot_role11.asl"": 34, ""role_mainplot_role12.asl"": 34, ""role_mainplot_role13.asl"": 34, ""role_mainplot_role14.asl"": 34, ""role_mainplot_role15.asl"": 34, ""role_mainplot_role16.asl"": 34, ""role_mainplot_role17.asl"": 34, ""role_mainplot_role18.asl"": 34, ""role_mainplot_role19.asl"": 34}",2.637777777777778,0.019959105000452837,0.00031127000147535,0.6984825134277344,True,5,0
grid_phases_roles,103,Linux 7.2.3-arch1-2,x86_64,24,30.44,3.14.7,10,10,5,2,2,1,2,20,5,0,0,42,450,13622,23,1187,"{""playbook_playbook0.asl"": 26, ""playbook_playbook1.asl"": 26, ""director_mainplot.asl"": 455, ""role_mainplot_role0.asl"": 34, ""role_mainplot_role1.asl"": 34, ""role_mainplot_role2.asl"": 34, ""role_mainplot_role3.asl"": 34, ""role_mainplot_role4.asl"": 34, ""role_mainplot_role5.asl"": 34, ""role_mainplot_role6.asl"": 34, ""role_mainplot_role7.asl"": 34, ""role_mainplot_role8.asl"": 34, ""role_mainplot_role9.asl"": 34, ""role_mainplot_role10.asl"": 34, ""role_mainplot_role11.asl"": 34, ""role_mainplot_role12.asl"": 34, ""role_mainplot_role13.asl"": 34, ""role_mainplot_role14.asl"": 34, ""role_mainplot_role15.asl"": 34, ""role_mainplot_role16.asl"": 34, ""role_mainplot_role17.asl"": 34, ""role_mainplot_role18.asl"": 34, ""role_mainplot_role19.asl"": 34}",2.637777777777778,0.019910364999304875,0.000317449999784003,0.6984825134277344,True,5,0
grid_phases_roles,104,Linux 7.2.3-arch1-2,x86_64,24,30.44,3.14.7,10,10,5,2,2,1,2,20,5,0,0,42,450,13622,23,1187,"{""playbook_playbook0.asl"": 26, ""playbook_playbook1.asl"": 26, ""director_mainplot.asl"": 455, ""role_mainplot_role0.asl"": 34, ""role_mainplot_role1.asl"": 34, ""role_mainplot_role2.asl"": 34, ""role_mainplot_role3.asl"": 34, ""role_mainplot_role4.asl"": 34, ""role_mainplot_role5.asl"": 34, ""role_mainplot_role6.asl"": 34, ""role_mainplot_role7.asl"": 34, ""role_mainplot_role8.asl"": 34, ""role_mainplot_role9.asl"": 34, ""role_mainplot_role10.asl"": 34, ""role_mainplot_role11.asl"": 34, ""role_mainplot_role12.asl"": 34, ""role_mainplot_role13.asl"": 34, ""role_mainplot_role14.asl"": 34, ""role_mainplot_role15.asl"": 34, ""role_mainplot_role16.asl"": 34, ""role_mainplot_role17.asl"": 34, ""role_mainplot_role18.asl"": 34, ""role_mainplot_role19.asl"": 34}",2.637777777777778,0.019935535001422977,0.0003107900010945741,0.6984825134277344,True,5,0
grid_phases_roles,105,Linux 7.2.3-arch1-2,x86_64,24,30.44,3.14.7,10,10,5,2,2,1,2,50,5,0,0,42,930,30932,53,2657,"{""playbook_playbook0.asl"": 26, ""playbook_playbook1.asl"": 26, ""director_mainplot.asl"": 905, ""role_mainplot_role0.asl"": 34, ""role_mainplot_role1.asl"": 34, ""role_mainplot_role2.asl"": 34, ""role_mainplot_role3.asl"": 34, ""role_mainplot_role4.asl"": 34, ""role_mainplot_role5.asl"": 34, ""role_mainplot_role6.asl"": 34, ""role_mainplot_role7.asl"": 34, ""role_mainplot_role8.asl"": 34, ""role_mainplot_role9.asl"": 34, ""role_mainplot_role10.asl"": 34, ""role_mainplot_role11.asl"": 34, ""role_mainplot_role12.asl"": 34, ""role_mainplot_role13.asl"": 34, ""role_mainplot_role14.asl"": 34, ""role_mainplot_role15.asl"": 34, ""role_mainplot_role16.asl"": 34, ""role_mainplot_role17.asl"": 34, ""role_mainplot_role18.asl"": 34, ""role_mainplot_role19.asl"": 34, ""role_mainplot_role20.asl"": 34, ""role_mainplot_role21.asl"": 34, ""role_mainplot_role22.asl"": 34, ""role_mainplot_role23.asl"": 34, ""role_mainplot_role24.asl"": 34, ""role_mainplot_role25.asl"": 34, ""role_mainplot_role26.asl"": 34, ""role_mainplot_role27.asl"": 34, ""role_mainplot_role28.asl"": 34, ""role_mainplot_role29.asl"": 34, ""role_mainplot_role30.asl"": 34, ""role_mainplot_role31.asl"": 34, ""role_mainplot_role32.asl"": 34, ""role_mainplot_role33.asl"": 34, ""role_mainplot_role34.asl"": 34, ""role_mainplot_role35.asl"": 34, ""role_mainplot_role36.asl"": 34, ""role_mainplot_role37.asl"": 34, ""role_mainplot_role38.asl"": 34, ""role_mainplot_role39.asl"": 34, ""role_mainplot_role40.asl"": 34, ""role_mainplot_role41.asl"": 34, ""role_mainplot_role42.asl"": 34, ""role_mainplot_role43.asl"": 34, ""role_mainplot_role44.asl"": 34, ""role_mainplot_role45.asl"": 34, ""role_mainplot_role46.asl"": 34, ""role_mainplot_role47.asl"": 34, ""role_mainplot_role48.asl"": 34, ""role_mainplot_role49.asl"": 34}",2.856989247311828,0.04426314200100023,0.0007030680008028867,1.553192138671875,True,5,0
grid_phases_roles,106,Linux 7.2.3-arch1-2,x86_64,24,30.44,3.14.7,10,10,5,2,2,1,2,50,5,0,0,42,930,30932,53,2657,"{""playbook_playbook0.asl"": 26, ""playbook_playbook1.asl"": 26, ""director_mainplot.asl"": 905, ""role_mainplot_role0.asl"": 34, ""role_mainplot_role1.asl"": 34, ""role_mainplot_role2.asl"": 34, ""role_mainplot_role3.asl"": 34, ""role_mainplot_role4.asl"": 34, ""role_mainplot_role5.asl"": 34, ""role_mainplot_role6.asl"": 34, ""role_mainplot_role7.asl"": 34, ""role_mainplot_role8.asl"": 34, ""role_mainplot_role9.asl"": 34, ""role_mainplot_role10.asl"": 34, ""role_mainplot_role11.asl"": 34, ""role_mainplot_role12.asl"": 34, ""role_mainplot_role13.asl"": 34, ""role_mainplot_role14.asl"": 34, ""role_mainplot_role15.asl"": 34, ""role_mainplot_role16.asl"": 34, ""role_mainplot_role17.asl"": 34, ""role_mainplot_role18.asl"": 34, ""role_mainplot_role19.asl"": 34, ""role_mainplot_role20.asl"": 34, ""role_mainplot_role21.asl"": 34, ""role_mainplot_role22.asl"": 34, ""role_mainplot_role23.asl"": 34, ""role_mainplot_role24.asl"": 34, ""role_mainplot_role25.asl"": 34, ""role_mainplot_role26.asl"": 34, ""role_mainplot_role27.asl"": 34, ""role_mainplot_role28.asl"": 34, ""role_mainplot_role29.asl"": 34, ""role_mainplot_role30.asl"": 34, ""role_mainplot_role31.asl"": 34, ""role_mainplot_role32.asl"": 34, ""role_mainplot_role33.asl"": 34, ""role_mainplot_role34.asl"": 34, ""role_mainplot_role35.asl"": 34, ""role_mainplot_role36.asl"": 34, ""role_mainplot_role37.asl"": 34, ""role_mainplot_role38.asl"": 34, ""role_mainplot_role39.asl"": 34, ""role_mainplot_role40.asl"": 34, ""role_mainplot_role41.asl"": 34, ""role_mainplot_role42.asl"": 34, ""role_mainplot_role43.asl"": 34, ""role_mainplot_role44.asl"": 34, ""role_mainplot_role45.asl"": 34, ""role_mainplot_role46.asl"": 34, ""role_mainplot_role47.asl"": 34, ""role_mainplot_role48.asl"": 34, ""role_mainplot_role49.asl"": 34}",2.856989247311828,0.043731682999350596,0.0006935090004844824,1.553192138671875,True,5,0
grid_phases_roles,107,Linux 7.2.3-arch1-2,x86_64,24,30.44,3.14.7,10,10,5,2,2,1,2,50,5,0,0,42,930,30932,53,2657,"{""playbook_playbook0.asl"": 26, ""playbook_playbook1.asl"": 26, ""director_mainplot.asl"": 905, ""role_mainplot_role0.asl"": 34, ""role_mainplot_role1.asl"": 34, ""role_mainplot_role2.asl"": 34, ""role_mainplot_role3.asl"": 34, ""role_mainplot_role4.asl"": 34, ""role_mainplot_role5.asl"": 34, ""role_mainplot_role6.asl"": 34, ""role_mainplot_role7.asl"": 34, ""role_mainplot_role8.asl"": 34, ""role_mainplot_role9.asl"": 34, ""role_mainplot_role10.asl"": 34, ""role_mainplot_role11.asl"": 34, ""role_mainplot_role12.asl"": 34, ""role_mainplot_role13.asl"": 34, ""role_mainplot_role14.asl"": 34, ""role_mainplot_role15.asl"": 34, ""role_mainplot_role16.asl"": 34, ""role_mainplot_role17.asl"": 34, ""role_mainplot_role18.asl"": 34, ""role_mainplot_role19.asl"": 34, ""role_mainplot_role20.asl"": 34, ""role_mainplot_role21.asl"": 34, ""role_mainplot_role22.asl"": 34, ""role_mainplot_role23.asl"": 34, ""role_mainplot_role24.asl"": 34, ""role_mainplot_role25.asl"": 34, ""role_mainplot_role26.asl"": 34, ""role_mainplot_role27.asl"": 34, ""role_mainplot_role28.asl"": 34, ""role_mainplot_role29.asl"": 34, ""role_mainplot_role30.asl"": 34, ""role_mainplot_role31.asl"": 34, ""role_mainplot_role32.asl"": 34, ""role_mainplot_role33.asl"": 34, ""role_mainplot_role34.asl"": 34, ""role_mainplot_role35.asl"": 34, ""role_mainplot_role36.asl"": 34, ""role_mainplot_role37.asl"": 34, ""role_mainplot_role38.asl"": 34, ""role_mainplot_role39.asl"": 34, ""role_mainplot_role40.asl"": 34, ""role_mainplot_role41.asl"": 34, ""role_mainplot_role42.asl"": 34, ""role_mainplot_role43.asl"": 34, ""role_mainplot_role44.asl"": 34, ""role_mainplot_role45.asl"": 34, ""role_mainplot_role46.asl"": 34, ""role_mainplot_role47.asl"": 34, ""role_mainplot_role48.asl"": 34, ""role_mainplot_role49.asl"": 34}",2.856989247311828,0.043737212999985786,0.0006850589998066425,1.553192138671875,True,5,0
grid_phases_roles,108,Linux 7.2.3-arch1-2,x86_64,24,30.44,3.14.7,10,10,5,2,2,1,2,50,5,0,0,42,930,30932,53,2657,"{""playbook_playbook0.asl"": 26, ""playbook_playbook1.asl"": 26, ""director_mainplot.asl"": 905, ""role_mainplot_role0.asl"": 34, ""role_mainplot_role1.asl"": 34, ""role_mainplot_role2.asl"": 34, ""role_mainplot_role3.asl"": 34, ""role_mainplot_role4.asl"": 34, ""role_mainplot_role5.asl"": 34, ""role_mainplot_role6.asl"": 34, ""role_mainplot_role7.asl"": 34, ""role_mainplot_role8.asl"": 34, ""role_mainplot_role9.asl"": 34, ""role_mainplot_role10.asl"": 34, ""role_mainplot_role11.asl"": 34, ""role_mainplot_role12.asl"": 34, ""role_mainplot_role13.asl"": 34, ""role_mainplot_role14.asl"": 34, ""role_mainplot_role15.asl"": 34, ""role_mainplot_role16.asl"": 34, ""role_mainplot_role17.asl"": 34, ""role_mainplot_role18.asl"": 34, ""role_mainplot_role19.asl"": 34, ""role_mainplot_role20.asl"": 34, ""role_mainplot_role21.asl"": 34, ""role_mainplot_role22.asl"": 34, ""role_mainplot_role23.asl"": 34, ""role_mainplot_role24.asl"": 34, ""role_mainplot_role25.asl"": 34, ""role_mainplot_role26.asl"": 34, ""role_mainplot_role27.asl"": 34, ""role_mainplot_role28.asl"": 34, ""role_mainplot_role29.asl"": 34, ""role_mainplot_role30.asl"": 34, ""role_mainplot_role31.asl"": 34, ""role_mainplot_role32.asl"": 34, ""role_mainplot_role33.asl"": 34, ""role_mainplot_role34.asl"": 34, ""role_mainplot_role35.asl"": 34, ""role_mainplot_role36.asl"": 34, ""role_mainplot_role37.asl"": 34, ""role_mainplot_role38.asl"": 34, ""role_mainplot_role39.asl"": 34, ""role_mainplot_role40.asl"": 34, ""role_mainplot_role41.asl"": 34, ""role_mainplot_role42.asl"": 34, ""role_mainplot_role43.asl"": 34, ""role_mainplot_role44.asl"": 34, ""role_mainplot_role45.asl"": 34, ""role_mainplot_role46.asl"": 34, ""role_mainplot_role47.asl"": 34, ""role_mainplot_role48.asl"": 34, ""role_mainplot_role49.asl"": 34}",2.856989247311828,0.04382340200027102,0.0006910889987921109,1.553192138671875,True,5,0
grid_phases_roles,109,Linux 7.2.3-arch1-2,x86_64,24,30.44,3.14.7,10,10,5,2,2,1,2,50,5,0,0,42,930,30932,53,2657,"{""playbook_playbook0.asl"": 26, ""playbook_playbook1.asl"": 26, ""director_mainplot.asl"": 905, ""role_mainplot_role0.asl"": 34, ""role_mainplot_role1.asl"": 34, ""role_mainplot_role2.asl"": 34, ""role_mainplot_role3.asl"": 34, ""role_mainplot_role4.asl"": 34, ""role_mainplot_role5.asl"": 34, ""role_mainplot_role6.asl"": 34, ""role_mainplot_role7.asl"": 34, ""role_mainplot_role8.asl"": 34, ""role_mainplot_role9.asl"": 34, ""role_mainplot_role10.asl"": 34, ""role_mainplot_role11.asl"": 34, ""role_mainplot_role12.asl"": 34, ""role_mainplot_role13.asl"": 34, ""role_mainplot_role14.asl"": 34, ""role_mainplot_role15.asl"": 34, ""role_mainplot_role16.asl"": 34, ""role_mainplot_role17.asl"": 34, ""role_mainplot_role18.asl"": 34, ""role_mainplot_role19.asl"": 34, ""role_mainplot_role20.asl"": 34, ""role_mainplot_role21.asl"": 34, ""role_mainplot_role22.asl"": 34, ""role_mainplot_role23.asl"": 34, ""role_mainplot_role24.asl"": 34, ""role_mainplot_role25.asl"": 34, ""role_mainplot_role26.asl"": 34, ""role_mainplot_role27.asl"": 34, ""role_mainplot_role28.asl"": 34, ""role_mainplot_role29.asl"": 34, ""role_mainplot_role30.asl"": 34, ""role_mainplot_role31.asl"": 34, ""role_mainplot_role32.asl"": 34, ""role_mainplot_role33.asl"": 34, ""role_mainplot_role34.asl"": 34, ""role_mainplot_role35.asl"": 34, ""role_mainplot_role36.asl"": 34, ""role_mainplot_role37.asl"": 34, ""role_mainplot_role38.asl"": 34, ""role_mainplot_role39.asl"": 34, ""role_mainplot_role40.asl"": 34, ""role_mainplot_role41.asl"": 34, ""role_mainplot_role42.asl"": 34, ""role_mainplot_role43.asl"": 34, ""role_mainplot_role44.asl"": 34, ""role_mainplot_role45.asl"": 34, ""role_mainplot_role46.asl"": 34, ""role_mainplot_role47.asl"": 34, ""role_mainplot_role48.asl"": 34, ""role_mainplot_role49.asl"": 34}",2.856989247311828,0.04412941199916531,0.0006895490005263127,1.553192138671875,True,5,0
grid_phases_roles,110,Linux 7.2.3-arch1-2,x86_64,24,30.44,3.14.7,10,10,5,2,2,1,2,100,5,0,0,42,1730,59783,103,5107,"{""playbook_playbook0.asl"": 26, ""playbook_playbook1.asl"": 26, ""director_mainplot.asl"": 1655, ""role_mainplot_role0.asl"": 34, ""role_mainplot_role1.asl"": 34, ""role_mainplot_role2.asl"": 34, ""role_mainplot_role3.asl"": 34, ""role_mainplot_role4.asl"": 34, ""role_mainplot_role5.asl"": 34, ""role_mainplot_role6.asl"": 34, ""role_mainplot_role7.asl"": 34, ""role_mainplot_role8.asl"": 34, ""role_mainplot_role9.asl"": 34, ""role_mainplot_role10.asl"": 34, ""role_mainplot_role11.asl"": 34, ""role_mainplot_role12.asl"": 34, ""role_mainplot_role13.asl"": 34, ""role_mainplot_role14.asl"": 34, ""role_mainplot_role15.asl"": 34, ""role_mainplot_role16.asl"": 34, ""role_mainplot_role17.asl"": 34, ""role_mainplot_role18.asl"": 34, ""role_mainplot_role19.asl"": 34, ""role_mainplot_role20.asl"": 34, ""role_mainplot_role21.asl"": 34, ""role_mainplot_role22.asl"": 34, ""role_mainplot_role23.asl"": 34, ""role_mainplot_role24.asl"": 34, ""role_mainplot_role25.asl"": 34, ""role_mainplot_role26.asl"": 34, ""role_mainplot_role27.asl"": 34, ""role_mainplot_role28.asl"": 34, ""role_mainplot_role29.asl"": 34, ""role_mainplot_role30.asl"": 34, ""role_mainplot_role31.asl"": 34, ""role_mainplot_role32.asl"": 34, ""role_mainplot_role33.asl"": 34, ""role_mainplot_role34.asl"": 34, ""role_mainplot_role35.asl"": 34, ""role_mainplot_role36.asl"": 34, ""role_mainplot_role37.asl"": 34, ""role_mainplot_role38.asl"": 34, ""role_mainplot_role39.asl"": 34, ""role_mainplot_role40.asl"": 34, ""role_mainplot_role41.asl"": 34, ""role_mainplot_role42.asl"": 34, ""role_mainplot_role43.asl"": 34, ""role_mainplot_role44.asl"": 34, ""role_mainplot_role45.asl"": 34, ""role_mainplot_role46.asl"": 34, ""role_mainplot_role47.asl"": 34, ""role_mainplot_role48.asl"": 34, ""role_mainplot_role49.asl"": 34, ""role_mainplot_role50.asl"": 34, ""role_mainplot_role51.asl"": 34, ""role_mainplot_role52.asl"": 34, ""role_mainplot_role53.asl"": 34, ""role_mainplot_role54.asl"": 34, ""role_mainplot_role55.asl"": 34, ""role_mainplot_role56.asl"": 34, ""role_mainplot_role57.asl"": 34, ""role_mainplot_role58.asl"": 34, ""role_mainplot_role59.asl"": 34, ""role_mainplot_role60.asl"": 34, ""role_mainplot_role61.asl"": 34, ""role_mainplot_role62.asl"": 34, ""role_mainplot_role63.asl"": 34, ""role_mainplot_role64.asl"": 34, ""role_mainplot_role65.asl"": 34, ""role_mainplot_role66.asl"": 34, ""role_mainplot_role67.asl"": 34, ""role_mainplot_role68.asl"": 34, ""role_mainplot_role69.asl"": 34, ""role_mainplot_role70.asl"": 34, ""role_mainplot_role71.asl"": 34, ""role_mainplot_role72.asl"": 34, ""role_mainplot_role73.asl"": 34, ""role_mainplot_role74.asl"": 34, ""role_mainplot_role75.asl"": 34, ""role_mainplot_role76.asl"": 34, ""role_mainplot_role77.asl"": 34, ""role_mainplot_role78.asl"": 34, ""role_mainplot_role79.asl"": 34, ""role_mainplot_role80.asl"": 34, ""role_mainplot_role81.asl"": 34, ""role_mainplot_role82.asl"": 34, ""role_mainplot_role83.asl"": 34, ""role_mainplot_role84.asl"": 34, ""role_mainplot_role85.asl"": 34, ""role_mainplot_role86.asl"": 34, ""role_mainplot_role87.asl"": 34, ""role_mainplot_role88.asl"": 34, ""role_mainplot_role89.asl"": 34, ""role_mainplot_role90.asl"": 34, ""role_mainplot_role91.asl"": 34, ""role_mainplot_role92.asl"": 34, ""role_mainplot_role93.asl"": 34, ""role_mainplot_role94.asl"": 34, ""role_mainplot_role95.asl"": 34, ""role_mainplot_role96.asl"": 34, ""role_mainplot_role97.asl"": 34, ""role_mainplot_role98.asl"": 34, ""role_mainplot_role99.asl"": 34}",2.9520231213872834,0.08394965200022853,0.0013268479997350369,2.977139472961426,True,5,0
grid_phases_roles,111,Linux 7.2.3-arch1-2,x86_64,24,30.44,3.14.7,10,10,5,2,2,1,2,100,5,0,0,42,1730,59783,103,5107,"{""playbook_playbook0.asl"": 26, ""playbook_playbook1.asl"": 26, ""director_mainplot.asl"": 1655, ""role_mainplot_role0.asl"": 34, ""role_mainplot_role1.asl"": 34, ""role_mainplot_role2.asl"": 34, ""role_mainplot_role3.asl"": 34, ""role_mainplot_role4.asl"": 34, ""role_mainplot_role5.asl"": 34, ""role_mainplot_role6.asl"": 34, ""role_mainplot_role7.asl"": 34, ""role_mainplot_role8.asl"": 34, ""role_mainplot_role9.asl"": 34, ""role_mainplot_role10.asl"": 34, ""role_mainplot_role11.asl"": 34, ""role_mainplot_role12.asl"": 34, ""role_mainplot_role13.asl"": 34, ""role_mainplot_role14.asl"": 34, ""role_mainplot_role15.asl"": 34, ""role_mainplot_role16.asl"": 34, ""role_mainplot_role17.asl"": 34, ""role_mainplot_role18.asl"": 34, ""role_mainplot_role19.asl"": 34, ""role_mainplot_role20.asl"": 34, ""role_mainplot_role21.asl"": 34, ""role_mainplot_role22.asl"": 34, ""role_mainplot_role23.asl"": 34, ""role_mainplot_role24.asl"": 34, ""role_mainplot_role25.asl"": 34, ""role_mainplot_role26.asl"": 34, ""role_mainplot_role27.asl"": 34, ""role_mainplot_role28.asl"": 34, ""role_mainplot_role29.asl"": 34, ""role_mainplot_role30.asl"": 34, ""role_mainplot_role31.asl"": 34, ""role_mainplot_role32.asl"": 34, ""role_mainplot_role33.asl"": 34, ""role_mainplot_role34.asl"": 34, ""role_mainplot_role35.asl"": 34, ""role_mainplot_role36.asl"": 34, ""role_mainplot_role37.asl"": 34, ""role_mainplot_role38.asl"": 34, ""role_mainplot_role39.asl"": 34, ""role_mainplot_role40.asl"": 34, ""role_mainplot_role41.asl"": 34, ""role_mainplot_role42.asl"": 34, ""role_mainplot_role43.asl"": 34, ""role_mainplot_role44.asl"": 34, ""role_mainplot_role45.asl"": 34, ""role_mainplot_role46.asl"": 34, ""role_mainplot_role47.asl"": 34, ""role_mainplot_role48.asl"": 34, ""role_mainplot_role49.asl"": 34, ""role_mainplot_role50.asl"": 34, ""role_mainplot_role51.asl"": 34, ""role_mainplot_role52.asl"": 34, ""role_mainplot_role53.asl"": 34, ""role_mainplot_role54.asl"": 34, ""role_mainplot_role55.asl"": 34, ""role_mainplot_role56.asl"": 34, ""role_mainplot_role57.asl"": 34, ""role_mainplot_role58.asl"": 34, ""role_mainplot_role59.asl"": 34, ""role_mainplot_role60.asl"": 34, ""role_mainplot_role61.asl"": 34, ""role_mainplot_role62.asl"": 34, ""role_mainplot_role63.asl"": 34, ""role_mainplot_role64.asl"": 34, ""role_mainplot_role65.asl"": 34, ""role_mainplot_role66.asl"": 34, ""role_mainplot_role67.asl"": 34, ""role_mainplot_role68.asl"": 34, ""role_mainplot_role69.asl"": 34, ""role_mainplot_role70.asl"": 34, ""role_mainplot_role71.asl"": 34, ""role_mainplot_role72.asl"": 34, ""role_mainplot_role73.asl"": 34, ""role_mainplot_role74.asl"": 34, ""role_mainplot_role75.asl"": 34, ""role_mainplot_role76.asl"": 34, ""role_mainplot_role77.asl"": 34, ""role_mainplot_role78.asl"": 34, ""role_mainplot_role79.asl"": 34, ""role_mainplot_role80.asl"": 34, ""role_mainplot_role81.asl"": 34, ""role_mainplot_role82.asl"": 34, ""role_mainplot_role83.asl"": 34, ""role_mainplot_role84.asl"": 34, ""role_mainplot_role85.asl"": 34, ""role_mainplot_role86.asl"": 34, ""role_mainplot_role87.asl"": 34, ""role_mainplot_role88.asl"": 34, ""role_mainplot_role89.asl"": 34, ""role_mainplot_role90.asl"": 34, ""role_mainplot_role91.asl"": 34, ""role_mainplot_role92.asl"": 34, ""role_mainplot_role93.asl"": 34, ""role_mainplot_role94.asl"": 34, ""role_mainplot_role95.asl"": 34, ""role_mainplot_role96.asl"": 34, ""role_mainplot_role97.asl"": 34, ""role_mainplot_role98.asl"": 34, ""role_mainplot_role99.asl"": 34}",2.9520231213872834,0.08338317299967457,0.0013181980011722771,2.977139472961426,True,5,0
grid_phases_roles,112,Linux 7.2.3-arch1-2,x86_64,24,30.44,3.14.7,10,10,5,2,2,1,2,100,5,0,0,42,1730,59783,103,5107,"{""playbook_playbook0.asl"": 26, ""playbook_playbook1.asl"": 26, ""director_mainplot.asl"": 1655, ""role_mainplot_role0.asl"": 34, ""role_mainplot_role1.asl"": 34, ""role_mainplot_role2.asl"": 34, ""role_mainplot_role3.asl"": 34, ""role_mainplot_role4.asl"": 34, ""role_mainplot_role5.asl"": 34, ""role_mainplot_role6.asl"": 34, ""role_mainplot_role7.asl"": 34, ""role_mainplot_role8.asl"": 34, ""role_mainplot_role9.asl"": 34, ""role_mainplot_role10.asl"": 34, ""role_mainplot_role11.asl"": 34, ""role_mainplot_role12.asl"": 34, ""role_mainplot_role13.asl"": 34, ""role_mainplot_role14.asl"": 34, ""role_mainplot_role15.asl"": 34, ""role_mainplot_role16.asl"": 34, ""role_mainplot_role17.asl"": 34, ""role_mainplot_role18.asl"": 34, ""role_mainplot_role19.asl"": 34, ""role_mainplot_role20.asl"": 34, ""role_mainplot_role21.asl"": 34, ""role_mainplot_role22.asl"": 34, ""role_mainplot_role23.asl"": 34, ""role_mainplot_role24.asl"": 34, ""role_mainplot_role25.asl"": 34, ""role_mainplot_role26.asl"": 34, ""role_mainplot_role27.asl"": 34, ""role_mainplot_role28.asl"": 34, ""role_mainplot_role29.asl"": 34, ""role_mainplot_role30.asl"": 34, ""role_mainplot_role31.asl"": 34, ""role_mainplot_role32.asl"": 34, ""role_mainplot_role33.asl"": 34, ""role_mainplot_role34.asl"": 34, ""role_mainplot_role35.asl"": 34, ""role_mainplot_role36.asl"": 34, ""role_mainplot_role37.asl"": 34, ""role_mainplot_role38.asl"": 34, ""role_mainplot_role39.asl"": 34, ""role_mainplot_role40.asl"": 34, ""role_mainplot_role41.asl"": 34, ""role_mainplot_role42.asl"": 34, ""role_mainplot_role43.asl"": 34, ""role_mainplot_role44.asl"": 34, ""role_mainplot_role45.asl"": 34, ""role_mainplot_role46.asl"": 34, ""role_mainplot_role47.asl"": 34, ""role_mainplot_role48.asl"": 34, ""role_mainplot_role49.asl"": 34, ""role_mainplot_role50.asl"": 34, ""role_mainplot_role51.asl"": 34, ""role_mainplot_role52.asl"": 34, ""role_mainplot_role53.asl"": 34, ""role_mainplot_role54.asl"": 34, ""role_mainplot_role55.asl"": 34, ""role_mainplot_role56.asl"": 34, ""role_mainplot_role57.asl"": 34, ""role_mainplot_role58.asl"": 34, ""role_mainplot_role59.asl"": 34, ""role_mainplot_role60.asl"": 34, ""role_mainplot_role61.asl"": 34, ""role_mainplot_role62.asl"": 34, ""role_mainplot_role63.asl"": 34, ""role_mainplot_role64.asl"": 34, ""role_mainplot_role65.asl"": 34, ""role_mainplot_role66.asl"": 34, ""role_mainplot_role67.asl"": 34, ""role_mainplot_role68.asl"": 34, ""role_mainplot_role69.asl"": 34, ""role_mainplot_role70.asl"": 34, ""role_mainplot_role71.asl"": 34, ""role_mainplot_role72.asl"": 34, ""role_mainplot_role73.asl"": 34, ""role_mainplot_role74.asl"": 34, ""role_mainplot_role75.asl"": 34, ""role_mainplot_role76.asl"": 34, ""role_mainplot_role77.asl"": 34, ""role_mainplot_role78.asl"": 34, ""role_mainplot_role79.asl"": 34, ""role_mainplot_role80.asl"": 34, ""role_mainplot_role81.asl"": 34, ""role_mainplot_role82.asl"": 34, ""role_mainplot_role83.asl"": 34, ""role_mainplot_role84.asl"": 34, ""role_mainplot_role85.asl"": 34, ""role_mainplot_role86.asl"": 34, ""role_mainplot_role87.asl"": 34, ""role_mainplot_role88.asl"": 34, ""role_mainplot_role89.asl"": 34, ""role_mainplot_role90.asl"": 34, ""role_mainplot_role91.asl"": 34, ""role_mainplot_role92.asl"": 34, ""role_mainplot_role93.asl"": 34, ""role_mainplot_role94.asl"": 34, ""role_mainplot_role95.asl"": 34, ""role_mainplot_role96.asl"": 34, ""role_mainplot_role97.asl"": 34, ""role_mainplot_role98.asl"": 34, ""role_mainplot_role99.asl"": 34}",2.9520231213872834,0.08646463799959747,0.0013100279993523145,2.977139472961426,True,5,0
grid_phases_roles,113,Linux 7.2.3-arch1-2,x86_64,24,30.44,3.14.7,10,10,5,2,2,1,2,100,5,0,0,42,1730,59783,103,5107,"{""playbook_playbook0.asl"": 26, ""playbook_playbook1.asl"": 26, ""director_mainplot.asl"": 1655, ""role_mainplot_role0.asl"": 34, ""role_mainplot_role1.asl"": 34, ""role_mainplot_role2.asl"": 34, ""role_mainplot_role3.asl"": 34, ""role_mainplot_role4.asl"": 34, ""role_mainplot_role5.asl"": 34, ""role_mainplot_role6.asl"": 34, ""role_mainplot_role7.asl"": 34, ""role_mainplot_role8.asl"": 34, ""role_mainplot_role9.asl"": 34, ""role_mainplot_role10.asl"": 34, ""role_mainplot_role11.asl"": 34, ""role_mainplot_role12.asl"": 34, ""role_mainplot_role13.asl"": 34, ""role_mainplot_role14.asl"": 34, ""role_mainplot_role15.asl"": 34, ""role_mainplot_role16.asl"": 34, ""role_mainplot_role17.asl"": 34, ""role_mainplot_role18.asl"": 34, ""role_mainplot_role19.asl"": 34, ""role_mainplot_role20.asl"": 34, ""role_mainplot_role21.asl"": 34, ""role_mainplot_role22.asl"": 34, ""role_mainplot_role23.asl"": 34, ""role_mainplot_role24.asl"": 34, ""role_mainplot_role25.asl"": 34, ""role_mainplot_role26.asl"": 34, ""role_mainplot_role27.asl"": 34, ""role_mainplot_role28.asl"": 34, ""role_mainplot_role29.asl"": 34, ""role_mainplot_role30.asl"": 34, ""role_mainplot_role31.asl"": 34, ""role_mainplot_role32.asl"": 34, ""role_mainplot_role33.asl"": 34, ""role_mainplot_role34.asl"": 34, ""role_mainplot_role35.asl"": 34, ""role_mainplot_role36.asl"": 34, ""role_mainplot_role37.asl"": 34, ""role_mainplot_role38.asl"": 34, ""role_mainplot_role39.asl"": 34, ""role_mainplot_role40.asl"": 34, ""role_mainplot_role41.asl"": 34, ""role_mainplot_role42.asl"": 34, ""role_mainplot_role43.asl"": 34, ""role_mainplot_role44.asl"": 34, ""role_mainplot_role45.asl"": 34, ""role_mainplot_role46.asl"": 34, ""role_mainplot_role47.asl"": 34, ""role_mainplot_role48.asl"": 34, ""role_mainplot_role49.asl"": 34, ""role_mainplot_role50.asl"": 34, ""role_mainplot_role51.asl"": 34, ""role_mainplot_role52.asl"": 34, ""role_mainplot_role53.asl"": 34, ""role_mainplot_role54.asl"": 34, ""role_mainplot_role55.asl"": 34, ""role_mainplot_role56.asl"": 34, ""role_mainplot_role57.asl"": 34, ""role_mainplot_role58.asl"": 34, ""role_mainplot_role59.asl"": 34, ""role_mainplot_role60.asl"": 34, ""role_mainplot_role61.asl"": 34, ""role_mainplot_role62.asl"": 34, ""role_mainplot_role63.asl"": 34, ""role_mainplot_role64.asl"": 34, ""role_mainplot_role65.asl"": 34, ""role_mainplot_role66.asl"": 34, ""role_mainplot_role67.asl"": 34, ""role_mainplot_role68.asl"": 34, ""role_mainplot_role69.asl"": 34, ""role_mainplot_role70.asl"": 34, ""role_mainplot_role71.asl"": 34, ""role_mainplot_role72.asl"": 34, ""role_mainplot_role73.asl"": 34, ""role_mainplot_role74.asl"": 34, ""role_mainplot_role75.asl"": 34, ""role_mainplot_role76.asl"": 34, ""role_mainplot_role77.asl"": 34, ""role_mainplot_role78.asl"": 34, ""role_mainplot_role79.asl"": 34, ""role_mainplot_role80.asl"": 34, ""role_mainplot_role81.asl"": 34, ""role_mainplot_role82.asl"": 34, ""role_mainplot_role83.asl"": 34, ""role_mainplot_role84.asl"": 34, ""role_mainplot_role85.asl"": 34, ""role_mainplot_role86.asl"": 34, ""role_mainplot_role87.asl"": 34, ""role_mainplot_role88.asl"": 34, ""role_mainplot_role89.asl"": 34, ""role_mainplot_role90.asl"": 34, ""role_mainplot_role91.asl"": 34, ""role_mainplot_role92.asl"": 34, ""role_mainplot_role93.asl"": 34, ""role_mainplot_role94.asl"": 34, ""role_mainplot_role95.asl"": 34, ""role_mainplot_role96.asl"": 34, ""role_mainplot_role97.asl"": 34, ""role_mainplot_role98.asl"": 34, ""role_mainplot_role99.asl"": 34}",2.9520231213872834,0.0832696230008878,0.0013145869997970294,2.977139472961426,True,5,0
grid_phases_roles,114,Linux 7.2.3-arch1-2,x86_64,24,30.44,3.14.7,10,10,5,2,2,1,2,100,5,0,0,42,1730,59783,103,5107,"{""playbook_playbook0.asl"": 26, ""playbook_playbook1.asl"": 26, ""director_mainplot.asl"": 1655, ""role_mainplot_role0.asl"": 34, ""role_mainplot_role1.asl"": 34, ""role_mainplot_role2.asl"": 34, ""role_mainplot_role3.asl"": 34, ""role_mainplot_role4.asl"": 34, ""role_mainplot_role5.asl"": 34, ""role_mainplot_role6.asl"": 34, ""role_mainplot_role7.asl"": 34, ""role_mainplot_role8.asl"": 34, ""role_mainplot_role9.asl"": 34, ""role_mainplot_role10.asl"": 34, ""role_mainplot_role11.asl"": 34, ""role_mainplot_role12.asl"": 34, ""role_mainplot_role13.asl"": 34, ""role_mainplot_role14.asl"": 34, ""role_mainplot_role15.asl"": 34, ""role_mainplot_role16.asl"": 34, ""role_mainplot_role17.asl"": 34, ""role_mainplot_role18.asl"": 34, ""role_mainplot_role19.asl"": 34, ""role_mainplot_role20.asl"": 34, ""role_mainplot_role21.asl"": 34, ""role_mainplot_role22.asl"": 34, ""role_mainplot_role23.asl"": 34, ""role_mainplot_role24.asl"": 34, ""role_mainplot_role25.asl"": 34, ""role_mainplot_role26.asl"": 34, ""role_mainplot_role27.asl"": 34, ""role_mainplot_role28.asl"": 34, ""role_mainplot_role29.asl"": 34, ""role_mainplot_role30.asl"": 34, ""role_mainplot_role31.asl"": 34, ""role_mainplot_role32.asl"": 34, ""role_mainplot_role33.asl"": 34, ""role_mainplot_role34.asl"": 34, ""role_mainplot_role35.asl"": 34, ""role_mainplot_role36.asl"": 34, ""role_mainplot_role37.asl"": 34, ""role_mainplot_role38.asl"": 34, ""role_mainplot_role39.asl"": 34, ""role_mainplot_role40.asl"": 34, ""role_mainplot_role41.asl"": 34, ""role_mainplot_role42.asl"": 34, ""role_mainplot_role43.asl"": 34, ""role_mainplot_role44.asl"": 34, ""role_mainplot_role45.asl"": 34, ""role_mainplot_role46.asl"": 34, ""role_mainplot_role47.asl"": 34, ""role_mainplot_role48.asl"": 34, ""role_mainplot_role49.asl"": 34, ""role_mainplot_role50.asl"": 34, ""role_mainplot_role51.asl"": 34, ""role_mainplot_role52.asl"": 34, ""role_mainplot_role53.asl"": 34, ""role_mainplot_role54.asl"": 34, ""role_mainplot_role55.asl"": 34, ""role_mainplot_role56.asl"": 34, ""role_mainplot_role57.asl"": 34, ""role_mainplot_role58.asl"": 34, ""role_mainplot_role59.asl"": 34, ""role_mainplot_role60.asl"": 34, ""role_mainplot_role61.asl"": 34, ""role_mainplot_role62.asl"": 34, ""role_mainplot_role63.asl"": 34, ""role_mainplot_role64.asl"": 34, ""role_mainplot_role65.asl"": 34, ""role_mainplot_role66.asl"": 34, ""role_mainplot_role67.asl"": 34, ""role_mainplot_role68.asl"": 34, ""role_mainplot_role69.asl"": 34, ""role_mainplot_role70.asl"": 34, ""role_mainplot_role71.asl"": 34, ""role_mainplot_role72.asl"": 34, ""role_mainplot_role73.asl"": 34, ""role_mainplot_role74.asl"": 34, ""role_mainplot_role75.asl"": 34, ""role_mainplot_role76.asl"": 34, ""role_mainplot_role77.asl"": 34, ""role_mainplot_role78.asl"": 34, ""role_mainplot_role79.asl"": 34, ""role_mainplot_role80.asl"": 34, ""role_mainplot_role81.asl"": 34, ""role_mainplot_role82.asl"": 34, ""role_mainplot_role83.asl"": 34, ""role_mainplot_role84.asl"": 34, ""role_mainplot_role85.asl"": 34, ""role_mainplot_role86.asl"": 34, ""role_mainplot_role87.asl"": 34, ""role_mainplot_role88.asl"": 34, ""role_mainplot_role89.asl"": 34, ""role_mainplot_role90.asl"": 34, ""role_mainplot_role91.asl"": 34, ""role_mainplot_role92.asl"": 34, ""role_mainplot_role93.asl"": 34, ""role_mainplot_role94.asl"": 34, ""role_mainplot_role95.asl"": 34, ""role_mainplot_role96.asl"": 34, ""role_mainplot_role97.asl"": 34, ""role_mainplot_role98.asl"": 34, ""role_mainplot_role99.asl"": 34}",2.9520231213872834,0.08584503899874107,0.0013810979999107076,2.977139472961426,True,5,0
grid_phases_roles,115,Linux 7.2.3-arch1-2,x86_64,24,30.44,3.14.7,10,10,5,2,2,1,2,200,5,0,0,42,3330,118583,203,10007,"{""playbook_playbook0.asl"": 26, ""playbook_playbook1.asl"": 26, ""director_mainplot.asl"": 3155, ""role_mainplot_role0.asl"": 34, ""role_mainplot_role1.asl"": 34, ""role_mainplot_role2.asl"": 34, ""role_mainplot_role3.asl"": 34, ""role_mainplot_role4.asl"": 34, ""role_mainplot_role5.asl"": 34, ""role_mainplot_role6.asl"": 34, ""role_mainplot_role7.asl"": 34, ""role_mainplot_role8.asl"": 34, ""role_mainplot_role9.asl"": 34, ""role_mainplot_role10.asl"": 34, ""role_mainplot_role11.asl"": 34, ""role_mainplot_role12.asl"": 34, ""role_mainplot_role13.asl"": 34, ""role_mainplot_role14.asl"": 34, ""role_mainplot_role15.asl"": 34, ""role_mainplot_role16.asl"": 34, ""role_mainplot_role17.asl"": 34, ""role_mainplot_role18.asl"": 34, ""role_mainplot_role19.asl"": 34, ""role_mainplot_role20.asl"": 34, ""role_mainplot_role21.asl"": 34, ""role_mainplot_role22.asl"": 34, ""role_mainplot_role23.asl"": 34, ""role_mainplot_role24.asl"": 34, ""role_mainplot_role25.asl"": 34, ""role_mainplot_role26.asl"": 34, ""role_mainplot_role27.asl"": 34, ""role_mainplot_role28.asl"": 34, ""role_mainplot_role29.asl"": 34, ""role_mainplot_role30.asl"": 34, ""role_mainplot_role31.asl"": 34, ""role_mainplot_role32.asl"": 34, ""role_mainplot_role33.asl"": 34, ""role_mainplot_role34.asl"": 34, ""role_mainplot_role35.asl"": 34, ""role_mainplot_role36.asl"": 34, ""role_mainplot_role37.asl"": 34, ""role_mainplot_role38.asl"": 34, ""role_mainplot_role39.asl"": 34, ""role_mainplot_role40.asl"": 34, ""role_mainplot_role41.asl"": 34, ""role_mainplot_role42.asl"": 34, ""role_mainplot_role43.asl"": 34, ""role_mainplot_role44.asl"": 34, ""role_mainplot_role45.asl"": 34, ""role_mainplot_role46.asl"": 34, ""role_mainplot_role47.asl"": 34, ""role_mainplot_role48.asl"": 34, ""role_mainplot_role49.asl"": 34, ""role_mainplot_role50.asl"": 34, ""role_mainplot_role51.asl"": 34, ""role_mainplot_role52.asl"": 34, ""role_mainplot_role53.asl"": 34, ""role_mainplot_role54.asl"": 34, ""role_mainplot_role55.asl"": 34, ""role_mainplot_role56.asl"": 34, ""role_mainplot_role57.asl"": 34, ""role_mainplot_role58.asl"": 34, ""role_mainplot_role59.asl"": 34, ""role_mainplot_role60.asl"": 34, ""role_mainplot_role61.asl"": 34, ""role_mainplot_role62.asl"": 34, ""role_mainplot_role63.asl"": 34, ""role_mainplot_role64.asl"": 34, ""role_mainplot_role65.asl"": 34, ""role_mainplot_role66.asl"": 34, ""role_mainplot_role67.asl"": 34, ""role_mainplot_role68.asl"": 34, ""role_mainplot_role69.asl"": 34, ""role_mainplot_role70.asl"": 34, ""role_mainplot_role71.asl"": 34, ""role_mainplot_role72.asl"": 34, ""role_mainplot_role73.asl"": 34, ""role_mainplot_role74.asl"": 34, ""role_mainplot_role75.asl"": 34, ""role_mainplot_role76.asl"": 34, ""role_mainplot_role77.asl"": 34, ""role_mainplot_role78.asl"": 34, ""role_mainplot_role79.asl"": 34, ""role_mainplot_role80.asl"": 34, ""role_mainplot_role81.asl"": 34, ""role_mainplot_role82.asl"": 34, ""role_mainplot_role83.asl"": 34, ""role_mainplot_role84.asl"": 34, ""role_mainplot_role85.asl"": 34, ""role_mainplot_role86.asl"": 34, ""role_mainplot_role87.asl"": 34, ""role_mainplot_role88.asl"": 34, ""role_mainplot_role89.asl"": 34, ""role_mainplot_role90.asl"": 34, ""role_mainplot_role91.asl"": 34, ""role_mainplot_role92.asl"": 34, ""role_mainplot_role93.asl"": 34, ""role_mainplot_role94.asl"": 34, ""role_mainplot_role95.asl"": 34, ""role_mainplot_role96.asl"": 34, ""role_mainplot_role97.asl"": 34, ""role_mainplot_role98.asl"": 34, ""role_mainplot_role99.asl"": 34, ""role_mainplot_role100.asl"": 34, ""role_mainplot_role101.asl"": 34, ""role_mainplot_role102.asl"": 34, ""role_mainplot_role103.asl"": 34, ""role_mainplot_role104.asl"": 34, ""role_mainplot_role105.asl"": 34, ""role_mainplot_role106.asl"": 34, ""role_mainplot_role107.asl"": 34, ""role_mainplot_role108.asl"": 34, ""role_mainplot_role109.asl"": 34, ""role_mainplot_role110.asl"": 34, ""role_mainplot_role111.asl"": 34, ""role_mainplot_role112.asl"": 34, ""role_mainplot_role113.asl"": 34, ""role_mainplot_role114.asl"": 34, ""role_mainplot_role115.asl"": 34, ""role_mainplot_role116.asl"": 34, ""role_mainplot_role117.asl"": 34, ""role_mainplot_role118.asl"": 34, ""role_mainplot_role119.asl"": 34, ""role_mainplot_role120.asl"": 34, ""role_mainplot_role121.asl"": 34, ""role_mainplot_role122.asl"": 34, ""role_mainplot_role123.asl"": 34, ""role_mainplot_role124.asl"": 34, ""role_mainplot_role125.asl"": 34, ""role_mainplot_role126.asl"": 34, ""role_mainplot_role127.asl"": 34, ""role_mainplot_role128.asl"": 34, ""role_mainplot_role129.asl"": 34, ""role_mainplot_role130.asl"": 34, ""role_mainplot_role131.asl"": 34, ""role_mainplot_role132.asl"": 34, ""role_mainplot_role133.asl"": 34, ""role_mainplot_role134.asl"": 34, ""role_mainplot_role135.asl"": 34, ""role_mainplot_role136.asl"": 34, ""role_mainplot_role137.asl"": 34, ""role_mainplot_role138.asl"": 34, ""role_mainplot_role139.asl"": 34, ""role_mainplot_role140.asl"": 34, ""role_mainplot_role141.asl"": 34, ""role_mainplot_role142.asl"": 34, ""role_mainplot_role143.asl"": 34, ""role_mainplot_role144.asl"": 34, ""role_mainplot_role145.asl"": 34, ""role_mainplot_role146.asl"": 34, ""role_mainplot_role147.asl"": 34, ""role_mainplot_role148.asl"": 34, ""role_mainplot_role149.asl"": 34, ""role_mainplot_role150.asl"": 34, ""role_mainplot_role151.asl"": 34, ""role_mainplot_role152.asl"": 34, ""role_mainplot_role153.asl"": 34, ""role_mainplot_role154.asl"": 34, ""role_mainplot_role155.asl"": 34, ""role_mainplot_role156.asl"": 34, ""role_mainplot_role157.asl"": 34, ""role_mainplot_role158.asl"": 34, ""role_mainplot_role159.asl"": 34, ""role_mainplot_role160.asl"": 34, ""role_mainplot_role161.asl"": 34, ""role_mainplot_role162.asl"": 34, ""role_mainplot_role163.asl"": 34, ""role_mainplot_role164.asl"": 34, ""role_mainplot_role165.asl"": 34, ""role_mainplot_role166.asl"": 34, ""role_mainplot_role167.asl"": 34, ""role_mainplot_role168.asl"": 34, ""role_mainplot_role169.asl"": 34, ""role_mainplot_role170.asl"": 34, ""role_mainplot_role171.asl"": 34, ""role_mainplot_role172.asl"": 34, ""role_mainplot_role173.asl"": 34, ""role_mainplot_role174.asl"": 34, ""role_mainplot_role175.asl"": 34, ""role_mainplot_role176.asl"": 34, ""role_mainplot_role177.asl"": 34, ""role_mainplot_role178.asl"": 34, ""role_mainplot_role179.asl"": 34, ""role_mainplot_role180.asl"": 34, ""role_mainplot_role181.asl"": 34, ""role_mainplot_role182.asl"": 34, ""role_mainplot_role183.asl"": 34, ""role_mainplot_role184.asl"": 34, ""role_mainplot_role185.asl"": 34, ""role_mainplot_role186.asl"": 34, ""role_mainplot_role187.asl"": 34, ""role_mainplot_role188.asl"": 34, ""role_mainplot_role189.asl"": 34, ""role_mainplot_role190.asl"": 34, ""role_mainplot_role191.asl"": 34, ""role_mainplot_role192.asl"": 34, ""role_mainplot_role193.asl"": 34, ""role_mainplot_role194.asl"": 34, ""role_mainplot_role195.asl"": 34, ""role_mainplot_role196.asl"": 34, ""role_mainplot_role197.asl"": 34, ""role_mainplot_role198.asl"": 34, ""role_mainplot_role199.asl"": 34}",3.005105105105105,0.18638094100060698,0.002684615999896778,5.833218574523926,True,5,0
grid_phases_roles,116,Linux 7.2.3-arch1-2,x86_64,24,30.44,3.14.7,10,10,5,2,2,1,2,200,5,0,0,42,3330,118583,203,10007,"{""playbook_playbook0.asl"": 26, ""playbook_playbook1.asl"": 26, ""director_mainplot.asl"": 3155, ""role_mainplot_role0.asl"": 34, ""role_mainplot_role1.asl"": 34, ""role_mainplot_role2.asl"": 34, ""role_mainplot_role3.asl"": 34, ""role_mainplot_role4.asl"": 34, ""role_mainplot_role5.asl"": 34, ""role_mainplot_role6.asl"": 34, ""role_mainplot_role7.asl"": 34, ""role_mainplot_role8.asl"": 34, ""role_mainplot_role9.asl"": 34, ""role_mainplot_role10.asl"": 34, ""role_mainplot_role11.asl"": 34, ""role_mainplot_role12.asl"": 34, ""role_mainplot_role13.asl"": 34, ""role_mainplot_role14.asl"": 34, ""role_mainplot_role15.asl"": 34, ""role_mainplot_role16.asl"": 34, ""role_mainplot_role17.asl"": 34, ""role_mainplot_role18.asl"": 34, ""role_mainplot_role19.asl"": 34, ""role_mainplot_role20.asl"": 34, ""role_mainplot_role21.asl"": 34, ""role_mainplot_role22.asl"": 34, ""role_mainplot_role23.asl"": 34, ""role_mainplot_role24.asl"": 34, ""role_mainplot_role25.asl"": 34, ""role_mainplot_role26.asl"": 34, ""role_mainplot_role27.asl"": 34, ""role_mainplot_role28.asl"": 34, ""role_mainplot_role29.asl"": 34, ""role_mainplot_role30.asl"": 34, ""role_mainplot_role31.asl"": 34, ""role_mainplot_role32.asl"": 34, ""role_mainplot_role33.asl"": 34, ""role_mainplot_role34.asl"": 34, ""role_mainplot_role35.asl"": 34, ""role_mainplot_role36.asl"": 34, ""role_mainplot_role37.asl"": 34, ""role_mainplot_role38.asl"": 34, ""role_mainplot_role39.asl"": 34, ""role_mainplot_role40.asl"": 34, ""role_mainplot_role41.asl"": 34, ""role_mainplot_role42.asl"": 34, ""role_mainplot_role43.asl"": 34, ""role_mainplot_role44.asl"": 34, ""role_mainplot_role45.asl"": 34, ""role_mainplot_role46.asl"": 34, ""role_mainplot_role47.asl"": 34, ""role_mainplot_role48.asl"": 34, ""role_mainplot_role49.asl"": 34, ""role_mainplot_role50.asl"": 34, ""role_mainplot_role51.asl"": 34, ""role_mainplot_role52.asl"": 34, ""role_mainplot_role53.asl"": 34, ""role_mainplot_role54.asl"": 34, ""role_mainplot_role55.asl"": 34, ""role_mainplot_role56.asl"": 34, ""role_mainplot_role57.asl"": 34, ""role_mainplot_role58.asl"": 34, ""role_mainplot_role59.asl"": 34, ""role_mainplot_role60.asl"": 34, ""role_mainplot_role61.asl"": 34, ""role_mainplot_role62.asl"": 34, ""role_mainplot_role63.asl"": 34, ""role_mainplot_role64.asl"": 34, ""role_mainplot_role65.asl"": 34, ""role_mainplot_role66.asl"": 34, ""role_mainplot_role67.asl"": 34, ""role_mainplot_role68.asl"": 34, ""role_mainplot_role69.asl"": 34, ""role_mainplot_role70.asl"": 34, ""role_mainplot_role71.asl"": 34, ""role_mainplot_role72.asl"": 34, ""role_mainplot_role73.asl"": 34, ""role_mainplot_role74.asl"": 34, ""role_mainplot_role75.asl"": 34, ""role_mainplot_role76.asl"": 34, ""role_mainplot_role77.asl"": 34, ""role_mainplot_role78.asl"": 34, ""role_mainplot_role79.asl"": 34, ""role_mainplot_role80.asl"": 34, ""role_mainplot_role81.asl"": 34, ""role_mainplot_role82.asl"": 34, ""role_mainplot_role83.asl"": 34, ""role_mainplot_role84.asl"": 34, ""role_mainplot_role85.asl"": 34, ""role_mainplot_role86.asl"": 34, ""role_mainplot_role87.asl"": 34, ""role_mainplot_role88.asl"": 34, ""role_mainplot_role89.asl"": 34, ""role_mainplot_role90.asl"": 34, ""role_mainplot_role91.asl"": 34, ""role_mainplot_role92.asl"": 34, ""role_mainplot_role93.asl"": 34, ""role_mainplot_role94.asl"": 34, ""role_mainplot_role95.asl"": 34, ""role_mainplot_role96.asl"": 34, ""role_mainplot_role97.asl"": 34, ""role_mainplot_role98.asl"": 34, ""role_mainplot_role99.asl"": 34, ""role_mainplot_role100.asl"": 34, ""role_mainplot_role101.asl"": 34, ""role_mainplot_role102.asl"": 34, ""role_mainplot_role103.asl"": 34, ""role_mainplot_role104.asl"": 34, ""role_mainplot_role105.asl"": 34, ""role_mainplot_role106.asl"": 34, ""role_mainplot_role107.asl"": 34, ""role_mainplot_role108.asl"": 34, ""role_mainplot_role109.asl"": 34, ""role_mainplot_role110.asl"": 34, ""role_mainplot_role111.asl"": 34, ""role_mainplot_role112.asl"": 34, ""role_mainplot_role113.asl"": 34, ""role_mainplot_role114.asl"": 34, ""role_mainplot_role115.asl"": 34, ""role_mainplot_role116.asl"": 34, ""role_mainplot_role117.asl"": 34, ""role_mainplot_role118.asl"": 34, ""role_mainplot_role119.asl"": 34, ""role_mainplot_role120.asl"": 34, ""role_mainplot_role121.asl"": 34, ""role_mainplot_role122.asl"": 34, ""role_mainplot_role123.asl"": 34, ""role_mainplot_role124.asl"": 34, ""role_mainplot_role125.asl"": 34, ""role_mainplot_role126.asl"": 34, ""role_mainplot_role127.asl"": 34, ""role_mainplot_role128.asl"": 34, ""role_mainplot_role129.asl"": 34, ""role_mainplot_role130.asl"": 34, ""role_mainplot_role131.asl"": 34, ""role_mainplot_role132.asl"": 34, ""role_mainplot_role133.asl"": 34, ""role_mainplot_role134.asl"": 34, ""role_mainplot_role135.asl"": 34, ""role_mainplot_role136.asl"": 34, ""role_mainplot_role137.asl"": 34, ""role_mainplot_role138.asl"": 34, ""role_mainplot_role139.asl"": 34, ""role_mainplot_role140.asl"": 34, ""role_mainplot_role141.asl"": 34, ""role_mainplot_role142.asl"": 34, ""role_mainplot_role143.asl"": 34, ""role_mainplot_role144.asl"": 34, ""role_mainplot_role145.asl"": 34, ""role_mainplot_role146.asl"": 34, ""role_mainplot_role147.asl"": 34, ""role_mainplot_role148.asl"": 34, ""role_mainplot_role149.asl"": 34, ""role_mainplot_role150.asl"": 34, ""role_mainplot_role151.asl"": 34, ""role_mainplot_role152.asl"": 34, ""role_mainplot_role153.asl"": 34, ""role_mainplot_role154.asl"": 34, ""role_mainplot_role155.asl"": 34, ""role_mainplot_role156.asl"": 34, ""role_mainplot_role157.asl"": 34, ""role_mainplot_role158.asl"": 34, ""role_mainplot_role159.asl"": 34, ""role_mainplot_role160.asl"": 34, ""role_mainplot_role161.asl"": 34, ""role_mainplot_role162.asl"": 34, ""role_mainplot_role163.asl"": 34, ""role_mainplot_role164.asl"": 34, ""role_mainplot_role165.asl"": 34, ""role_mainplot_role166.asl"": 34, ""role_mainplot_role167.asl"": 34, ""role_mainplot_role168.asl"": 34, ""role_mainplot_role169.asl"": 34, ""role_mainplot_role170.asl"": 34, ""role_mainplot_role171.asl"": 34, ""role_mainplot_role172.asl"": 34, ""role_mainplot_role173.asl"": 34, ""role_mainplot_role174.asl"": 34, ""role_mainplot_role175.asl"": 34, ""role_mainplot_role176.asl"": 34, ""role_mainplot_role177.asl"": 34, ""role_mainplot_role178.asl"": 34, ""role_mainplot_role179.asl"": 34, ""role_mainplot_role180.asl"": 34, ""role_mainplot_role181.asl"": 34, ""role_mainplot_role182.asl"": 34, ""role_mainplot_role183.asl"": 34, ""role_mainplot_role184.asl"": 34, ""role_mainplot_role185.asl"": 34, ""role_mainplot_role186.asl"": 34, ""role_mainplot_role187.asl"": 34, ""role_mainplot_role188.asl"": 34, ""role_mainplot_role189.asl"": 34, ""role_mainplot_role190.asl"": 34, ""role_mainplot_role191.asl"": 34, ""role_mainplot_role192.asl"": 34, ""role_mainplot_role193.asl"": 34, ""role_mainplot_role194.asl"": 34, ""role_mainplot_role195.asl"": 34, ""role_mainplot_role196.asl"": 34, ""role_mainplot_role197.asl"": 34, ""role_mainplot_role198.asl"": 34, ""role_mainplot_role199.asl"": 34}",3.005105105105105,0.16271780300121463,0.0026137650002056034,5.831357002258301,True,5,0
grid_phases_roles,117,Linux 7.2.3-arch1-2,x86_64,24,30.44,3.14.7,10,10,5,2,2,1,2,200,5,0,0,42,3330,118583,203,10007,"{""playbook_playbook0.asl"": 26, ""playbook_playbook1.asl"": 26, ""director_mainplot.asl"": 3155, ""role_mainplot_role0.asl"": 34, ""role_mainplot_role1.asl"": 34, ""role_mainplot_role2.asl"": 34, ""role_mainplot_role3.asl"": 34, ""role_mainplot_role4.asl"": 34, ""role_mainplot_role5.asl"": 34, ""role_mainplot_role6.asl"": 34, ""role_mainplot_role7.asl"": 34, ""role_mainplot_role8.asl"": 34, ""role_mainplot_role9.asl"": 34, ""role_mainplot_role10.asl"": 34, ""role_mainplot_role11.asl"": 34, ""role_mainplot_role12.asl"": 34, ""role_mainplot_role13.asl"": 34, ""role_mainplot_role14.asl"": 34, ""role_mainplot_role15.asl"": 34, ""role_mainplot_role16.asl"": 34, ""role_mainplot_role17.asl"": 34, ""role_mainplot_role18.asl"": 34, ""role_mainplot_role19.asl"": 34, ""role_mainplot_role20.asl"": 34, ""role_mainplot_role21.asl"": 34, ""role_mainplot_role22.asl"": 34, ""role_mainplot_role23.asl"": 34, ""role_mainplot_role24.asl"": 34, ""role_mainplot_role25.asl"": 34, ""role_mainplot_role26.asl"": 34, ""role_mainplot_role27.asl"": 34, ""role_mainplot_role28.asl"": 34, ""role_mainplot_role29.asl"": 34, ""role_mainplot_role30.asl"": 34, ""role_mainplot_role31.asl"": 34, ""role_mainplot_role32.asl"": 34, ""role_mainplot_role33.asl"": 34, ""role_mainplot_role34.asl"": 34, ""role_mainplot_role35.asl"": 34, ""role_mainplot_role36.asl"": 34, ""role_mainplot_role37.asl"": 34, ""role_mainplot_role38.asl"": 34, ""role_mainplot_role39.asl"": 34, ""role_mainplot_role40.asl"": 34, ""role_mainplot_role41.asl"": 34, ""role_mainplot_role42.asl"": 34, ""role_mainplot_role43.asl"": 34, ""role_mainplot_role44.asl"": 34, ""role_mainplot_role45.asl"": 34, ""role_mainplot_role46.asl"": 34, ""role_mainplot_role47.asl"": 34, ""role_mainplot_role48.asl"": 34, ""role_mainplot_role49.asl"": 34, ""role_mainplot_role50.asl"": 34, ""role_mainplot_role51.asl"": 34, ""role_mainplot_role52.asl"": 34, ""role_mainplot_role53.asl"": 34, ""role_mainplot_role54.asl"": 34, ""role_mainplot_role55.asl"": 34, ""role_mainplot_role56.asl"": 34, ""role_mainplot_role57.asl"": 34, ""role_mainplot_role58.asl"": 34, ""role_mainplot_role59.asl"": 34, ""role_mainplot_role60.asl"": 34, ""role_mainplot_role61.asl"": 34, ""role_mainplot_role62.asl"": 34, ""role_mainplot_role63.asl"": 34, ""role_mainplot_role64.asl"": 34, ""role_mainplot_role65.asl"": 34, ""role_mainplot_role66.asl"": 34, ""role_mainplot_role67.asl"": 34, ""role_mainplot_role68.asl"": 34, ""role_mainplot_role69.asl"": 34, ""role_mainplot_role70.asl"": 34, ""role_mainplot_role71.asl"": 34, ""role_mainplot_role72.asl"": 34, ""role_mainplot_role73.asl"": 34, ""role_mainplot_role74.asl"": 34, ""role_mainplot_role75.asl"": 34, ""role_mainplot_role76.asl"": 34, ""role_mainplot_role77.asl"": 34, ""role_mainplot_role78.asl"": 34, ""role_mainplot_role79.asl"": 34, ""role_mainplot_role80.asl"": 34, ""role_mainplot_role81.asl"": 34, ""role_mainplot_role82.asl"": 34, ""role_mainplot_role83.asl"": 34, ""role_mainplot_role84.asl"": 34, ""role_mainplot_role85.asl"": 34, ""role_mainplot_role86.asl"": 34, ""role_mainplot_role87.asl"": 34, ""role_mainplot_role88.asl"": 34, ""role_mainplot_role89.asl"": 34, ""role_mainplot_role90.asl"": 34, ""role_mainplot_role91.asl"": 34, ""role_mainplot_role92.asl"": 34, ""role_mainplot_role93.asl"": 34, ""role_mainplot_role94.asl"": 34, ""role_mainplot_role95.asl"": 34, ""role_mainplot_role96.asl"": 34, ""role_mainplot_role97.asl"": 34, ""role_mainplot_role98.asl"": 34, ""role_mainplot_role99.asl"": 34, ""role_mainplot_role100.asl"": 34, ""role_mainplot_role101.asl"": 34, ""role_mainplot_role102.asl"": 34, ""role_mainplot_role103.asl"": 34, ""role_mainplot_role104.asl"": 34, ""role_mainplot_role105.asl"": 34, ""role_mainplot_role106.asl"": 34, ""role_mainplot_role107.asl"": 34, ""role_mainplot_role108.asl"": 34, ""role_mainplot_role109.asl"": 34, ""role_mainplot_role110.asl"": 34, ""role_mainplot_role111.asl"": 34, ""role_mainplot_role112.asl"": 34, ""role_mainplot_role113.asl"": 34, ""role_mainplot_role114.asl"": 34, ""role_mainplot_role115.asl"": 34, ""role_mainplot_role116.asl"": 34, ""role_mainplot_role117.asl"": 34, ""role_mainplot_role118.asl"": 34, ""role_mainplot_role119.asl"": 34, ""role_mainplot_role120.asl"": 34, ""role_mainplot_role121.asl"": 34, ""role_mainplot_role122.asl"": 34, ""role_mainplot_role123.asl"": 34, ""role_mainplot_role124.asl"": 34, ""role_mainplot_role125.asl"": 34, ""role_mainplot_role126.asl"": 34, ""role_mainplot_role127.asl"": 34, ""role_mainplot_role128.asl"": 34, ""role_mainplot_role129.asl"": 34, ""role_mainplot_role130.asl"": 34, ""role_mainplot_role131.asl"": 34, ""role_mainplot_role132.asl"": 34, ""role_mainplot_role133.asl"": 34, ""role_mainplot_role134.asl"": 34, ""role_mainplot_role135.asl"": 34, ""role_mainplot_role136.asl"": 34, ""role_mainplot_role137.asl"": 34, ""role_mainplot_role138.asl"": 34, ""role_mainplot_role139.asl"": 34, ""role_mainplot_role140.asl"": 34, ""role_mainplot_role141.asl"": 34, ""role_mainplot_role142.asl"": 34, ""role_mainplot_role143.asl"": 34, ""role_mainplot_role144.asl"": 34, ""role_mainplot_role145.asl"": 34, ""role_mainplot_role146.asl"": 34, ""role_mainplot_role147.asl"": 34, ""role_mainplot_role148.asl"": 34, ""role_mainplot_role149.asl"": 34, ""role_mainplot_role150.asl"": 34, ""role_mainplot_role151.asl"": 34, ""role_mainplot_role152.asl"": 34, ""role_mainplot_role153.asl"": 34, ""role_mainplot_role154.asl"": 34, ""role_mainplot_role155.asl"": 34, ""role_mainplot_role156.asl"": 34, ""role_mainplot_role157.asl"": 34, ""role_mainplot_role158.asl"": 34, ""role_mainplot_role159.asl"": 34, ""role_mainplot_role160.asl"": 34, ""role_mainplot_role161.asl"": 34, ""role_mainplot_role162.asl"": 34, ""role_mainplot_role163.asl"": 34, ""role_mainplot_role164.asl"": 34, ""role_mainplot_role165.asl"": 34, ""role_mainplot_role166.asl"": 34, ""role_mainplot_role167.asl"": 34, ""role_mainplot_role168.asl"": 34, ""role_mainplot_role169.asl"": 34, ""role_mainplot_role170.asl"": 34, ""role_mainplot_role171.asl"": 34, ""role_mainplot_role172.asl"": 34, ""role_mainplot_role173.asl"": 34, ""role_mainplot_role174.asl"": 34, ""role_mainplot_role175.asl"": 34, ""role_mainplot_role176.asl"": 34, ""role_mainplot_role177.asl"": 34, ""role_mainplot_role178.asl"": 34, ""role_mainplot_role179.asl"": 34, ""role_mainplot_role180.asl"": 34, ""role_mainplot_role181.asl"": 34, ""role_mainplot_role182.asl"": 34, ""role_mainplot_role183.asl"": 34, ""role_mainplot_role184.asl"": 34, ""role_mainplot_role185.asl"": 34, ""role_mainplot_role186.asl"": 34, ""role_mainplot_role187.asl"": 34, ""role_mainplot_role188.asl"": 34, ""role_mainplot_role189.asl"": 34, ""role_mainplot_role190.asl"": 34, ""role_mainplot_role191.asl"": 34, ""role_mainplot_role192.asl"": 34, ""role_mainplot_role193.asl"": 34, ""role_mainplot_role194.asl"": 34, ""role_mainplot_role195.asl"": 34, ""role_mainplot_role196.asl"": 34, ""role_mainplot_role197.asl"": 34, ""role_mainplot_role198.asl"": 34, ""role_mainplot_role199.asl"": 34}",3.005105105105105,0.1698970699999336,0.0026623550002113916,5.831357002258301,True,5,0
grid_phases_roles,118,Linux 7.2.3-arch1-2,x86_64,24,30.44,3.14.7,10,10,5,2,2,1,2,200,5,0,0,42,3330,118583,203,10007,"{""playbook_playbook0.asl"": 26, ""playbook_playbook1.asl"": 26, ""director_mainplot.asl"": 3155, ""role_mainplot_role0.asl"": 34, ""role_mainplot_role1.asl"": 34, ""role_mainplot_role2.asl"": 34, ""role_mainplot_role3.asl"": 34, ""role_mainplot_role4.asl"": 34, ""role_mainplot_role5.asl"": 34, ""role_mainplot_role6.asl"": 34, ""role_mainplot_role7.asl"": 34, ""role_mainplot_role8.asl"": 34, ""role_mainplot_role9.asl"": 34, ""role_mainplot_role10.asl"": 34, ""role_mainplot_role11.asl"": 34, ""role_mainplot_role12.asl"": 34, ""role_mainplot_role13.asl"": 34, ""role_mainplot_role14.asl"": 34, ""role_mainplot_role15.asl"": 34, ""role_mainplot_role16.asl"": 34, ""role_mainplot_role17.asl"": 34, ""role_mainplot_role18.asl"": 34, ""role_mainplot_role19.asl"": 34, ""role_mainplot_role20.asl"": 34, ""role_mainplot_role21.asl"": 34, ""role_mainplot_role22.asl"": 34, ""role_mainplot_role23.asl"": 34, ""role_mainplot_role24.asl"": 34, ""role_mainplot_role25.asl"": 34, ""role_mainplot_role26.asl"": 34, ""role_mainplot_role27.asl"": 34, ""role_mainplot_role28.asl"": 34, ""role_mainplot_role29.asl"": 34, ""role_mainplot_role30.asl"": 34, ""role_mainplot_role31.asl"": 34, ""role_mainplot_role32.asl"": 34, ""role_mainplot_role33.asl"": 34, ""role_mainplot_role34.asl"": 34, ""role_mainplot_role35.asl"": 34, ""role_mainplot_role36.asl"": 34, ""role_mainplot_role37.asl"": 34, ""role_mainplot_role38.asl"": 34, ""role_mainplot_role39.asl"": 34, ""role_mainplot_role40.asl"": 34, ""role_mainplot_role41.asl"": 34, ""role_mainplot_role42.asl"": 34, ""role_mainplot_role43.asl"": 34, ""role_mainplot_role44.asl"": 34, ""role_mainplot_role45.asl"": 34, ""role_mainplot_role46.asl"": 34, ""role_mainplot_role47.asl"": 34, ""role_mainplot_role48.asl"": 34, ""role_mainplot_role49.asl"": 34, ""role_mainplot_role50.asl"": 34, ""role_mainplot_role51.asl"": 34, ""role_mainplot_role52.asl"": 34, ""role_mainplot_role53.asl"": 34, ""role_mainplot_role54.asl"": 34, ""role_mainplot_role55.asl"": 34, ""role_mainplot_role56.asl"": 34, ""role_mainplot_role57.asl"": 34, ""role_mainplot_role58.asl"": 34, ""role_mainplot_role59.asl"": 34, ""role_mainplot_role60.asl"": 34, ""role_mainplot_role61.asl"": 34, ""role_mainplot_role62.asl"": 34, ""role_mainplot_role63.asl"": 34, ""role_mainplot_role64.asl"": 34, ""role_mainplot_role65.asl"": 34, ""role_mainplot_role66.asl"": 34, ""role_mainplot_role67.asl"": 34, ""role_mainplot_role68.asl"": 34, ""role_mainplot_role69.asl"": 34, ""role_mainplot_role70.asl"": 34, ""role_mainplot_role71.asl"": 34, ""role_mainplot_role72.asl"": 34, ""role_mainplot_role73.asl"": 34, ""role_mainplot_role74.asl"": 34, ""role_mainplot_role75.asl"": 34, ""role_mainplot_role76.asl"": 34, ""role_mainplot_role77.asl"": 34, ""role_mainplot_role78.asl"": 34, ""role_mainplot_role79.asl"": 34, ""role_mainplot_role80.asl"": 34, ""role_mainplot_role81.asl"": 34, ""role_mainplot_role82.asl"": 34, ""role_mainplot_role83.asl"": 34, ""role_mainplot_role84.asl"": 34, ""role_mainplot_role85.asl"": 34, ""role_mainplot_role86.asl"": 34, ""role_mainplot_role87.asl"": 34, ""role_mainplot_role88.asl"": 34, ""role_mainplot_role89.asl"": 34, ""role_mainplot_role90.asl"": 34, ""role_mainplot_role91.asl"": 34, ""role_mainplot_role92.asl"": 34, ""role_mainplot_role93.asl"": 34, ""role_mainplot_role94.asl"": 34, ""role_mainplot_role95.asl"": 34, ""role_mainplot_role96.asl"": 34, ""role_mainplot_role97.asl"": 34, ""role_mainplot_role98.asl"": 34, ""role_mainplot_role99.asl"": 34, ""role_mainplot_role100.asl"": 34, ""role_mainplot_role101.asl"": 34, ""role_mainplot_role102.asl"": 34, ""role_mainplot_role103.asl"": 34, ""role_mainplot_role104.asl"": 34, ""role_mainplot_role105.asl"": 34, ""role_mainplot_role106.asl"": 34, ""role_mainplot_role107.asl"": 34, ""role_mainplot_role108.asl"": 34, ""role_mainplot_role109.asl"": 34, ""role_mainplot_role110.asl"": 34, ""role_mainplot_role111.asl"": 34, ""role_mainplot_role112.asl"": 34, ""role_mainplot_role113.asl"": 34, ""role_mainplot_role114.asl"": 34, ""role_mainplot_role115.asl"": 34, ""role_mainplot_role116.asl"": 34, ""role_mainplot_role117.asl"": 34, ""role_mainplot_role118.asl"": 34, ""role_mainplot_role119.asl"": 34, ""role_mainplot_role120.asl"": 34, ""role_mainplot_role121.asl"": 34, ""role_mainplot_role122.asl"": 34, ""role_mainplot_role123.asl"": 34, ""role_mainplot_role124.asl"": 34, ""role_mainplot_role125.asl"": 34, ""role_mainplot_role126.asl"": 34, ""role_mainplot_role127.asl"": 34, ""role_mainplot_role128.asl"": 34, ""role_mainplot_role129.asl"": 34, ""role_mainplot_role130.asl"": 34, ""role_mainplot_role131.asl"": 34, ""role_mainplot_role132.asl"": 34, ""role_mainplot_role133.asl"": 34, ""role_mainplot_role134.asl"": 34, ""role_mainplot_role135.asl"": 34, ""role_mainplot_role136.asl"": 34, ""role_mainplot_role137.asl"": 34, ""role_mainplot_role138.asl"": 34, ""role_mainplot_role139.asl"": 34, ""role_mainplot_role140.asl"": 34, ""role_mainplot_role141.asl"": 34, ""role_mainplot_role142.asl"": 34, ""role_mainplot_role143.asl"": 34, ""role_mainplot_role144.asl"": 34, ""role_mainplot_role145.asl"": 34, ""role_mainplot_role146.asl"": 34, ""role_mainplot_role147.asl"": 34, ""role_mainplot_role148.asl"": 34, ""role_mainplot_role149.asl"": 34, ""role_mainplot_role150.asl"": 34, ""role_mainplot_role151.asl"": 34, ""role_mainplot_role152.asl"": 34, ""role_mainplot_role153.asl"": 34, ""role_mainplot_role154.asl"": 34, ""role_mainplot_role155.asl"": 34, ""role_mainplot_role156.asl"": 34, ""role_mainplot_role157.asl"": 34, ""role_mainplot_role158.asl"": 34, ""role_mainplot_role159.asl"": 34, ""role_mainplot_role160.asl"": 34, ""role_mainplot_role161.asl"": 34, ""role_mainplot_role162.asl"": 34, ""role_mainplot_role163.asl"": 34, ""role_mainplot_role164.asl"": 34, ""role_mainplot_role165.asl"": 34, ""role_mainplot_role166.asl"": 34, ""role_mainplot_role167.asl"": 34, ""role_mainplot_role168.asl"": 34, ""role_mainplot_role169.asl"": 34, ""role_mainplot_role170.asl"": 34, ""role_mainplot_role171.asl"": 34, ""role_mainplot_role172.asl"": 34, ""role_mainplot_role173.asl"": 34, ""role_mainplot_role174.asl"": 34, ""role_mainplot_role175.asl"": 34, ""role_mainplot_role176.asl"": 34, ""role_mainplot_role177.asl"": 34, ""role_mainplot_role178.asl"": 34, ""role_mainplot_role179.asl"": 34, ""role_mainplot_role180.asl"": 34, ""role_mainplot_role181.asl"": 34, ""role_mainplot_role182.asl"": 34, ""role_mainplot_role183.asl"": 34, ""role_mainplot_role184.asl"": 34, ""role_mainplot_role185.asl"": 34, ""role_mainplot_role186.asl"": 34, ""role_mainplot_role187.asl"": 34, ""role_mainplot_role188.asl"": 34, ""role_mainplot_role189.asl"": 34, ""role_mainplot_role190.asl"": 34, ""role_mainplot_role191.asl"": 34, ""role_mainplot_role192.asl"": 34, ""role_mainplot_role193.asl"": 34, ""role_mainplot_role194.asl"": 34, ""role_mainplot_role195.asl"": 34, ""role_mainplot_role196.asl"": 34, ""role_mainplot_role197.asl"": 34, ""role_mainplot_role198.asl"": 34, ""role_mainplot_role199.asl"": 34}",3.005105105105105,0.1698980510009278,0.0026261450002493802,5.831357002258301,True,5,0
grid_phases_roles,119,Linux 7.2.3-arch1-2,x86_64,24,30.44,3.14.7,10,10,5,2,2,1,2,200,5,0,0,42,3330,118583,203,10007,"{""playbook_playbook0.asl"": 26, ""playbook_playbook1.asl"": 26, ""director_mainplot.asl"": 3155, ""role_mainplot_role0.asl"": 34, ""role_mainplot_role1.asl"": 34, ""role_mainplot_role2.asl"": 34, ""role_mainplot_role3.asl"": 34, ""role_mainplot_role4.asl"": 34, ""role_mainplot_role5.asl"": 34, ""role_mainplot_role6.asl"": 34, ""role_mainplot_role7.asl"": 34, ""role_mainplot_role8.asl"": 34, ""role_mainplot_role9.asl"": 34, ""role_mainplot_role10.asl"": 34, ""role_mainplot_role11.asl"": 34, ""role_mainplot_role12.asl"": 34, ""role_mainplot_role13.asl"": 34, ""role_mainplot_role14.asl"": 34, ""role_mainplot_role15.asl"": 34, ""role_mainplot_role16.asl"": 34, ""role_mainplot_role17.asl"": 34, ""role_mainplot_role18.asl"": 34, ""role_mainplot_role19.asl"": 34, ""role_mainplot_role20.asl"": 34, ""role_mainplot_role21.asl"": 34, ""role_mainplot_role22.asl"": 34, ""role_mainplot_role23.asl"": 34, ""role_mainplot_role24.asl"": 34, ""role_mainplot_role25.asl"": 34, ""role_mainplot_role26.asl"": 34, ""role_mainplot_role27.asl"": 34, ""role_mainplot_role28.asl"": 34, ""role_mainplot_role29.asl"": 34, ""role_mainplot_role30.asl"": 34, ""role_mainplot_role31.asl"": 34, ""role_mainplot_role32.asl"": 34, ""role_mainplot_role33.asl"": 34, ""role_mainplot_role34.asl"": 34, ""role_mainplot_role35.asl"": 34, ""role_mainplot_role36.asl"": 34, ""role_mainplot_role37.asl"": 34, ""role_mainplot_role38.asl"": 34, ""role_mainplot_role39.asl"": 34, ""role_mainplot_role40.asl"": 34, ""role_mainplot_role41.asl"": 34, ""role_mainplot_role42.asl"": 34, ""role_mainplot_role43.asl"": 34, ""role_mainplot_role44.asl"": 34, ""role_mainplot_role45.asl"": 34, ""role_mainplot_role46.asl"": 34, ""role_mainplot_role47.asl"": 34, ""role_mainplot_role48.asl"": 34, ""role_mainplot_role49.asl"": 34, ""role_mainplot_role50.asl"": 34, ""role_mainplot_role51.asl"": 34, ""role_mainplot_role52.asl"": 34, ""role_mainplot_role53.asl"": 34, ""role_mainplot_role54.asl"": 34, ""role_mainplot_role55.asl"": 34, ""role_mainplot_role56.asl"": 34, ""role_mainplot_role57.asl"": 34, ""role_mainplot_role58.asl"": 34, ""role_mainplot_role59.asl"": 34, ""role_mainplot_role60.asl"": 34, ""role_mainplot_role61.asl"": 34, ""role_mainplot_role62.asl"": 34, ""role_mainplot_role63.asl"": 34, ""role_mainplot_role64.asl"": 34, ""role_mainplot_role65.asl"": 34, ""role_mainplot_role66.asl"": 34, ""role_mainplot_role67.asl"": 34, ""role_mainplot_role68.asl"": 34, ""role_mainplot_role69.asl"": 34, ""role_mainplot_role70.asl"": 34, ""role_mainplot_role71.asl"": 34, ""role_mainplot_role72.asl"": 34, ""role_mainplot_role73.asl"": 34, ""role_mainplot_role74.asl"": 34, ""role_mainplot_role75.asl"": 34, ""role_mainplot_role76.asl"": 34, ""role_mainplot_role77.asl"": 34, ""role_mainplot_role78.asl"": 34, ""role_mainplot_role79.asl"": 34, ""role_mainplot_role80.asl"": 34, ""role_mainplot_role81.asl"": 34, ""role_mainplot_role82.asl"": 34, ""role_mainplot_role83.asl"": 34, ""role_mainplot_role84.asl"": 34, ""role_mainplot_role85.asl"": 34, ""role_mainplot_role86.asl"": 34, ""role_mainplot_role87.asl"": 34, ""role_mainplot_role88.asl"": 34, ""role_mainplot_role89.asl"": 34, ""role_mainplot_role90.asl"": 34, ""role_mainplot_role91.asl"": 34, ""role_mainplot_role92.asl"": 34, ""role_mainplot_role93.asl"": 34, ""role_mainplot_role94.asl"": 34, ""role_mainplot_role95.asl"": 34, ""role_mainplot_role96.asl"": 34, ""role_mainplot_role97.asl"": 34, ""role_mainplot_role98.asl"": 34, ""role_mainplot_role99.asl"": 34, ""role_mainplot_role100.asl"": 34, ""role_mainplot_role101.asl"": 34, ""role_mainplot_role102.asl"": 34, ""role_mainplot_role103.asl"": 34, ""role_mainplot_role104.asl"": 34, ""role_mainplot_role105.asl"": 34, ""role_mainplot_role106.asl"": 34, ""role_mainplot_role107.asl"": 34, ""role_mainplot_role108.asl"": 34, ""role_mainplot_role109.asl"": 34, ""role_mainplot_role110.asl"": 34, ""role_mainplot_role111.asl"": 34, ""role_mainplot_role112.asl"": 34, ""role_mainplot_role113.asl"": 34, ""role_mainplot_role114.asl"": 34, ""role_mainplot_role115.asl"": 34, ""role_mainplot_role116.asl"": 34, ""role_mainplot_role117.asl"": 34, ""role_mainplot_role118.asl"": 34, ""role_mainplot_role119.asl"": 34, ""role_mainplot_role120.asl"": 34, ""role_mainplot_role121.asl"": 34, ""role_mainplot_role122.asl"": 34, ""role_mainplot_role123.asl"": 34, ""role_mainplot_role124.asl"": 34, ""role_mainplot_role125.asl"": 34, ""role_mainplot_role126.asl"": 34, ""role_mainplot_role127.asl"": 34, ""role_mainplot_role128.asl"": 34, ""role_mainplot_role129.asl"": 34, ""role_mainplot_role130.asl"": 34, ""role_mainplot_role131.asl"": 34, ""role_mainplot_role132.asl"": 34, ""role_mainplot_role133.asl"": 34, ""role_mainplot_role134.asl"": 34, ""role_mainplot_role135.asl"": 34, ""role_mainplot_role136.asl"": 34, ""role_mainplot_role137.asl"": 34, ""role_mainplot_role138.asl"": 34, ""role_mainplot_role139.asl"": 34, ""role_mainplot_role140.asl"": 34, ""role_mainplot_role141.asl"": 34, ""role_mainplot_role142.asl"": 34, ""role_mainplot_role143.asl"": 34, ""role_mainplot_role144.asl"": 34, ""role_mainplot_role145.asl"": 34, ""role_mainplot_role146.asl"": 34, ""role_mainplot_role147.asl"": 34, ""role_mainplot_role148.asl"": 34, ""role_mainplot_role149.asl"": 34, ""role_mainplot_role150.asl"": 34, ""role_mainplot_role151.asl"": 34, ""role_mainplot_role152.asl"": 34, ""role_mainplot_role153.asl"": 34, ""role_mainplot_role154.asl"": 34, ""role_mainplot_role155.asl"": 34, ""role_mainplot_role156.asl"": 34, ""role_mainplot_role157.asl"": 34, ""role_mainplot_role158.asl"": 34, ""role_mainplot_role159.asl"": 34, ""role_mainplot_role160.asl"": 34, ""role_mainplot_role161.asl"": 34, ""role_mainplot_role162.asl"": 34, ""role_mainplot_role163.asl"": 34, ""role_mainplot_role164.asl"": 34, ""role_mainplot_role165.asl"": 34, ""role_mainplot_role166.asl"": 34, ""role_mainplot_role167.asl"": 34, ""role_mainplot_role168.asl"": 34, ""role_mainplot_role169.asl"": 34, ""role_mainplot_role170.asl"": 34, ""role_mainplot_role171.asl"": 34, ""role_mainplot_role172.asl"": 34, ""role_mainplot_role173.asl"": 34, ""role_mainplot_role174.asl"": 34, ""role_mainplot_role175.asl"": 34, ""role_mainplot_role176.asl"": 34, ""role_mainplot_role177.asl"": 34, ""role_mainplot_role178.asl"": 34, ""role_mainplot_role179.asl"": 34, ""role_mainplot_role180.asl"": 34, ""role_mainplot_role181.asl"": 34, ""role_mainplot_role182.asl"": 34, ""role_mainplot_role183.asl"": 34, ""role_mainplot_role184.asl"": 34, ""role_mainplot_role185.asl"": 34, ""role_mainplot_role186.asl"": 34, ""role_mainplot_role187.asl"": 34, ""role_mainplot_role188.asl"": 34, ""role_mainplot_role189.asl"": 34, ""role_mainplot_role190.asl"": 34, ""role_mainplot_role191.asl"": 34, ""role_mainplot_role192.asl"": 34, ""role_mainplot_role193.asl"": 34, ""role_mainplot_role194.asl"": 34, ""role_mainplot_role195.asl"": 34, ""role_mainplot_role196.asl"": 34, ""role_mainplot_role197.asl"": 34, ""role_mainplot_role198.asl"": 34, ""role_mainplot_role199.asl"": 34}",3.005105105105105,0.1687544020005589,0.0026440460005687783,5.831357002258301,True,5,0
grid_phases_roles,120,Linux 7.2.3-arch1-2,x86_64,24,30.44,3.14.7,10,10,5,2,2,1,2,1,10,0,0,42,206,3968,4,301,"{""playbook_playbook0.asl"": 26, ""playbook_playbook1.asl"": 26, ""director_mainplot.asl"": 215, ""role_mainplot_role0.asl"": 34}",1.4611650485436893,0.006801728000937146,8.048900053836405e-05,0.23379993438720703,True,4,0
grid_phases_roles,121,Linux 7.2.3-arch1-2,x86_64,24,30.44,3.14.7,10,10,5,2,2,1,2,1,10,0,0,42,206,3968,4,301,"{""playbook_playbook0.asl"": 26, ""playbook_playbook1.asl"": 26, ""director_mainplot.asl"": 215, ""role_mainplot_role0.asl"": 34}",1.4611650485436893,0.006709068000418483,7.750000077066943e-05,0.23383045196533203,True,4,0
grid_phases_roles,122,Linux 7.2.3-arch1-2,x86_64,24,30.44,3.14.7,10,10,5,2,2,1,2,1,10,0,0,42,206,3968,4,301,"{""playbook_playbook0.asl"": 26, ""playbook_playbook1.asl"": 26, ""director_mainplot.asl"": 215, ""role_mainplot_role0.asl"": 34}",1.4611650485436893,0.00660753800002567,7.6620000982075e-05,0.23383045196533203,True,4,0
grid_phases_roles,123,Linux 7.2.3-arch1-2,x86_64,24,30.44,3.14.7,10,10,5,2,2,1,2,1,10,0,0,42,206,3968,4,301,"{""playbook_playbook0.asl"": 26, ""playbook_playbook1.asl"": 26, ""director_mainplot.asl"": 215, ""role_mainplot_role0.asl"": 34}",1.4611650485436893,0.006691058000797057,7.561999882454984e-05,0.23383045196533203,True,4,0
grid_phases_roles,124,Linux 7.2.3-arch1-2,x86_64,24,30.44,3.14.7,10,10,5,2,2,1,2,1,10,0,0,42,206,3968,4,301,"{""playbook_playbook0.asl"": 26, ""playbook_playbook1.asl"": 26, ""director_mainplot.asl"": 215, ""role_mainplot_role0.asl"": 34}",1.4611650485436893,0.006664188000286231,7.650000043213367e-05,0.23383045196533203,True,4,0
grid_phases_roles,125,Linux 7.2.3-arch1-2,x86_64,24,30.44,3.14.7,10,10,5,2,2,1,2,2,10,0,0,42,237,5084,5,365,"{""playbook_playbook0.asl"": 26, ""playbook_playbook1.asl"": 26, ""director_mainplot.asl"": 245, ""role_mainplot_role0.asl"": 34, ""role_mainplot_role1.asl"": 34}",1.540084388185654,0.008169755001290468,8.999000056064688e-05,0.2886190414428711,True,3,0
grid_phases_roles,126,Linux 7.2.3-arch1-2,x86_64,24,30.44,3.14.7,10,10,5,2,2,1,2,2,10,0,0,42,237,5084,5,365,"{""playbook_playbook0.asl"": 26, ""playbook_playbook1.asl"": 26, ""director_mainplot.asl"": 245, ""role_mainplot_role0.asl"": 34, ""role_mainplot_role1.asl"": 34}",1.540084388185654,0.00818499499837344,9.110999963013455e-05,0.2886190414428711,True,3,0
grid_phases_roles,127,Linux 7.2.3-arch1-2,x86_64,24,30.44,3.14.7,10,10,5,2,2,1,2,2,10,0,0,42,237,5084,5,365,"{""playbook_playbook0.asl"": 26, ""playbook_playbook1.asl"": 26, ""director_mainplot.asl"": 245, ""role_mainplot_role0.asl"": 34, ""role_mainplot_role1.asl"": 34}",1.540084388185654,0.008191594999516383,9.021000005304813e-05,0.2886190414428711,True,3,0
grid_phases_roles,128,Linux 7.2.3-arch1-2,x86_64,24,30.44,3.14.7,10,10,5,2,2,1,2,2,10,0,0,42,237,5084,5,365,"{""playbook_playbook0.asl"": 26, ""playbook_playbook1.asl"": 26, ""director_mainplot.asl"": 245, ""role_mainplot_role0.asl"": 34, ""role_mainplot_role1.asl"": 34}",1.540084388185654,0.008203876001061872,9.074999979929999e-05,0.2886190414428711,True,3,0
grid_phases_roles,129,Linux 7.2.3-arch1-2,x86_64,24,30.44,3.14.7,10,10,5,2,2,1,2,2,10,0,0,42,237,5084,5,365,"{""playbook_playbook0.asl"": 26, ""playbook_playbook1.asl"": 26, ""director_mainplot.asl"": 245, ""role_mainplot_role0.asl"": 34, ""role_mainplot_role1.asl"": 34}",1.540084388185654,0.008179305999874487,9.038999996846542e-05,0.2886190414428711,True,3,0
grid_phases_roles,130,Linux 7.2.3-arch1-2,x86_64,24,30.44,3.14.7,10,10,5,2,2,1,2,5,10,0,0,42,330,8432,8,557,"{""playbook_playbook0.asl"": 26, ""playbook_playbook1.asl"": 26, ""director_mainplot.asl"": 335, ""role_mainplot_role0.asl"": 34, ""role_mainplot_role1.asl"": 34, ""role_mainplot_role2.asl"": 34, ""role_mainplot_role3.asl"": 34, ""role_mainplot_role4.asl"": 34}",1.687878787878788,0.013179637000575894,0.00013442900126392487,0.4541292190551758,True,3,0
grid_phases_roles,131,Linux 7.2.3-arch1-2,x86_64,24,30.44,3.14.7,10,10,5,2,2,1,2,5,10,0,0,42,330,8432,8,557,"{""playbook_playbook0.asl"": 26, ""playbook_playbook1.asl"": 26, ""director_mainplot.asl"": 335, ""role_mainplot_role0.asl"": 34, ""role_mainplot_role1.asl"": 34, ""role_mainplot_role2.asl"": 34, ""role_mainplot_role3.asl"": 34, ""role_mainplot_role4.asl"": 34}",1.687878787878788,0.012994366999919293,0.000128400000903639,0.4540987014770508,True,3,0
grid_phases_roles,132,Linux 7.2.3-arch1-2,x86_64,24,30.44,3.14.7,10,10,5,2,2,1,2,5,10,0,0,42,330,8432,8,557,"{""playbook_playbook0.asl"": 26, ""playbook_playbook1.asl"": 26, ""director_mainplot.asl"": 335, ""role_mainplot_role0.asl"": 34, ""role_mainplot_role1.asl"": 34, ""role_mainplot_role2.asl"": 34, ""role_mainplot_role3.asl"": 34, ""role_mainplot_role4.asl"": 34}",1.687878787878788,0.012966087000677362,0.00012970999887329526,0.4540987014770508,True,3,0
grid_phases_roles,133,Linux 7.2.3-arch1-2,x86_64,24,30.44,3.14.7,10,10,5,2,2,1,2,5,10,0,0,42,330,8432,8,557,"{""playbook_playbook0.asl"": 26, ""playbook_playbook1.asl"": 26, ""director_mainplot.asl"": 335, ""role_mainplot_role0.asl"": 34, ""role_mainplot_role1.asl"": 34, ""role_mainplot_role2.asl"": 34, ""role_mainplot_role3.asl"": 34, ""role_mainplot_role4.asl"": 34}",1.687878787878788,0.012951377000717912,0.00012788000094587915,0.4540987014770508,True,3,0
grid_phases_roles,134,Linux 7.2.3-arch1-2,x86_64,24,30.44,3.14.7,10,10,5,2,2,1,2,5,10,0,0,42,330,8432,8,557,"{""playbook_playbook0.asl"": 26, ""playbook_playbook1.asl"": 26, ""director_mainplot.asl"": 335, ""role_mainplot_role0.asl"": 34, ""role_mainplot_role1.asl"": 34, ""role_mainplot_role2.asl"": 34, ""role_mainplot_role3.asl"": 34, ""role_mainplot_role4.asl"": 34}",1.687878787878788,0.012968627001100685,0.0001288699986616848,0.4540987014770508,True,3,0
grid_phases_roles,135,Linux 7.2.3-arch1-2,x86_64,24,30.44,3.14.7,10,10,5,2,2,1,2,10,10,0,0,42,485,14013,13,877,"{""playbook_playbook0.asl"": 26, ""playbook_playbook1.asl"": 26, ""director_mainplot.asl"": 485, ""role_mainplot_role0.asl"": 34, ""role_mainplot_role1.asl"": 34, ""role_mainplot_role2.asl"": 34, ""role_mainplot_role3.asl"": 34, ""role_mainplot_role4.asl"": 34, ""role_mainplot_role5.asl"": 34, ""role_mainplot_role6.asl"": 34, ""role_mainplot_role7.asl"": 34, ""role_mainplot_role8.asl"": 34, ""role_mainplot_role9.asl"": 34}",1.8082474226804124,0.02075475399942661,0.00019179899936716538,0.731414794921875,True,1,0
grid_phases_roles,136,Linux 7.2.3-arch1-2,x86_64,24,30.44,3.14.7,10,10,5,2,2,1,2,10,10,0,0,42,485,14013,13,877,"{""playbook_playbook0.asl"": 26, ""playbook_playbook1.asl"": 26, ""director_mainplot.asl"": 485, ""role_mainplot_role0.asl"": 34, ""role_mainplot_role1.asl"": 34, ""role_mainplot_role2.asl"": 34, ""role_mainplot_role3.asl"": 34, ""role_mainplot_role4.asl"": 34, ""role_mainplot_role5.asl"": 34, ""role_mainplot_role6.asl"": 34, ""role_mainplot_role7.asl"": 34, ""role_mainplot_role8.asl"": 34, ""role_mainplot_role9.asl"": 34}",1.8082474226804124,0.020662824001192348,0.00019132899979013018,0.731414794921875,True,1,0
grid_phases_roles,137,Linux 7.2.3-arch1-2,x86_64,24,30.44,3.14.7,10,10,5,2,2,1,2,10,10,0,0,42,485,14013,13,877,"{""playbook_playbook0.asl"": 26, ""playbook_playbook1.asl"": 26, ""director_mainplot.asl"": 485, ""role_mainplot_role0.asl"": 34, ""role_mainplot_role1.asl"": 34, ""role_mainplot_role2.asl"": 34, ""role_mainplot_role3.asl"": 34, ""role_mainplot_role4.asl"": 34, ""role_mainplot_role5.asl"": 34, ""role_mainplot_role6.asl"": 34, ""role_mainplot_role7.asl"": 34, ""role_mainplot_role8.asl"": 34, ""role_mainplot_role9.asl"": 34}",1.8082474226804124,0.02076008299991372,0.0001875100006145658,0.731414794921875,True,1,0
grid_phases_roles,138,Linux 7.2.3-arch1-2,x86_64,24,30.44,3.14.7,10,10,5,2,2,1,2,10,10,0,0,42,485,14013,13,877,"{""playbook_playbook0.asl"": 26, ""playbook_playbook1.asl"": 26, ""director_mainplot.asl"": 485, ""role_mainplot_role0.asl"": 34, ""role_mainplot_role1.asl"": 34, ""role_mainplot_role2.asl"": 34, ""role_mainplot_role3.asl"": 34, ""role_mainplot_role4.asl"": 34, ""role_mainplot_role5.asl"": 34, ""role_mainplot_role6.asl"": 34, ""role_mainplot_role7.asl"": 34, ""role_mainplot_role8.asl"": 34, ""role_mainplot_role9.asl"": 34}",1.8082474226804124,0.020691102999990107,0.0001906890011014184,0.731414794921875,True,1,0
grid_phases_roles,139,Linux 7.2.3-arch1-2,x86_64,24,30.44,3.14.7,10,10,5,2,2,1,2,10,10,0,0,42,485,14013,13,877,"{""playbook_playbook0.asl"": 26, ""playbook_playbook1.asl"": 26, ""director_mainplot.asl"": 485, ""role_mainplot_role0.asl"": 34, ""role_mainplot_role1.asl"": 34, ""role_mainplot_role2.asl"": 34, ""role_mainplot_role3.asl"": 34, ""role_mainplot_role4.asl"": 34, ""role_mainplot_role5.asl"": 34, ""role_mainplot_role6.asl"": 34, ""role_mainplot_role7.asl"": 34, ""role_mainplot_role8.asl"": 34, ""role_mainplot_role9.asl"": 34}",1.8082474226804124,0.020712663999802317,0.00020032900101796258,0.731414794921875,True,1,0
grid_phases_roles,140,Linux 7.2.3-arch1-2,x86_64,24,30.44,3.14.7,10,10,5,2,2,1,2,20,10,0,0,42,795,25383,23,1517,"{""playbook_playbook0.asl"": 26, ""playbook_playbook1.asl"": 26, ""director_mainplot.asl"": 785, ""role_mainplot_role0.asl"": 34, ""role_mainplot_role1.asl"": 34, ""role_mainplot_role2.asl"": 34, ""role_mainplot_role3.asl"": 34, ""role_mainplot_role4.asl"": 34, ""role_mainplot_role5.asl"": 34, ""role_mainplot_role6.asl"": 34, ""role_mainplot_role7.asl"": 34, ""role_mainplot_role8.asl"": 34, ""role_mainplot_role9.asl"": 34, ""role_mainplot_role10.asl"": 34, ""role_mainplot_role11.asl"": 34, ""role_mainplot_role12.asl"": 34, ""role_mainplot_role13.asl"": 34, ""role_mainplot_role14.asl"": 34, ""role_mainplot_role15.asl"": 34, ""role_mainplot_role16.asl"": 34, ""role_mainplot_role17.asl"": 34, ""role_mainplot_role18.asl"": 34, ""role_mainplot_role19.asl"": 34}",1.9081761006289308,0.03634266600056435,0.00033350000012433156,1.2866325378417969,True,1,0
grid_phases_roles,141,Linux 7.2.3-arch1-2,x86_64,24,30.44,3.14.7,10,10,5,2,2,1,2,20,10,0,0,42,795,25383,23,1517,"{""playbook_playbook0.asl"": 26, ""playbook_playbook1.asl"": 26, ""director_mainplot.asl"": 785, ""role_mainplot_role0.asl"": 34, ""role_mainplot_role1.asl"": 34, ""role_mainplot_role2.asl"": 34, ""role_mainplot_role3.asl"": 34, ""role_mainplot_role4.asl"": 34, ""role_mainplot_role5.asl"": 34, ""role_mainplot_role6.asl"": 34, ""role_mainplot_role7.asl"": 34, ""role_mainplot_role8.asl"": 34, ""role_mainplot_role9.asl"": 34, ""role_mainplot_role10.asl"": 34, ""role_mainplot_role11.asl"": 34, ""role_mainplot_role12.asl"": 34, ""role_mainplot_role13.asl"": 34, ""role_mainplot_role14.asl"": 34, ""role_mainplot_role15.asl"": 34, ""role_mainplot_role16.asl"": 34, ""role_mainplot_role17.asl"": 34, ""role_mainplot_role18.asl"": 34, ""role_mainplot_role19.asl"": 34}",1.9081761006289308,0.03622260600059235,0.0003362500010553049,1.2866325378417969,True,1,0
grid_phases_roles,142,Linux 7.2.3-arch1-2,x86_64,24,30.44,3.14.7,10,10,5,2,2,1,2,20,10,0,0,42,795,25383,23,1517,"{""playbook_playbook0.asl"": 26, ""playbook_playbook1.asl"": 26, ""director_mainplot.asl"": 785, ""role_mainplot_role0.asl"": 34, ""role_mainplot_role1.asl"": 34, ""role_mainplot_role2.asl"": 34, ""role_mainplot_role3.asl"": 34, ""role_mainplot_role4.asl"": 34, ""role_mainplot_role5.asl"": 34, ""role_mainplot_role6.asl"": 34, ""role_mainplot_role7.asl"": 34, ""role_mainplot_role8.asl"": 34, ""role_mainplot_role9.asl"": 34, ""role_mainplot_role10.asl"": 34, ""role_mainplot_role11.asl"": 34, ""role_mainplot_role12.asl"": 34, ""role_mainplot_role13.asl"": 34, ""role_mainplot_role14.asl"": 34, ""role_mainplot_role15.asl"": 34, ""role_mainplot_role16.asl"": 34, ""role_mainplot_role17.asl"": 34, ""role_mainplot_role18.asl"": 34, ""role_mainplot_role19.asl"": 34}",1.9081761006289308,0.036337915998956305,0.000323859998388798,1.2866325378417969,True,1,0
grid_phases_roles,143,Linux 7.2.3-arch1-2,x86_64,24,30.44,3.14.7,10,10,5,2,2,1,2,20,10,0,0,42,795,25383,23,1517,"{""playbook_playbook0.asl"": 26, ""playbook_playbook1.asl"": 26, ""director_mainplot.asl"": 785, ""role_mainplot_role0.asl"": 34, ""role_mainplot_role1.asl"": 34, ""role_mainplot_role2.asl"": 34, ""role_mainplot_role3.asl"": 34, ""role_mainplot_role4.asl"": 34, ""role_mainplot_role5.asl"": 34, ""role_mainplot_role6.asl"": 34, ""role_mainplot_role7.asl"": 34, ""role_mainplot_role8.asl"": 34, ""role_mainplot_role9.asl"": 34, ""role_mainplot_role10.asl"": 34, ""role_mainplot_role11.asl"": 34, ""role_mainplot_role12.asl"": 34, ""role_mainplot_role13.asl"": 34, ""role_mainplot_role14.asl"": 34, ""role_mainplot_role15.asl"": 34, ""role_mainplot_role16.asl"": 34, ""role_mainplot_role17.asl"": 34, ""role_mainplot_role18.asl"": 34, ""role_mainplot_role19.asl"": 34}",1.9081761006289308,0.03632970599937835,0.0003392489998077508,1.2866325378417969,True,1,0
grid_phases_roles,144,Linux 7.2.3-arch1-2,x86_64,24,30.44,3.14.7,10,10,5,2,2,1,2,20,10,0,0,42,795,25383,23,1517,"{""playbook_playbook0.asl"": 26, ""playbook_playbook1.asl"": 26, ""director_mainplot.asl"": 785, ""role_mainplot_role0.asl"": 34, ""role_mainplot_role1.asl"": 34, ""role_mainplot_role2.asl"": 34, ""role_mainplot_role3.asl"": 34, ""role_mainplot_role4.asl"": 34, ""role_mainplot_role5.asl"": 34, ""role_mainplot_role6.asl"": 34, ""role_mainplot_role7.asl"": 34, ""role_mainplot_role8.asl"": 34, ""role_mainplot_role9.asl"": 34, ""role_mainplot_role10.asl"": 34, ""role_mainplot_role11.asl"": 34, ""role_mainplot_role12.asl"": 34, ""role_mainplot_role13.asl"": 34, ""role_mainplot_role14.asl"": 34, ""role_mainplot_role15.asl"": 34, ""role_mainplot_role16.asl"": 34, ""role_mainplot_role17.asl"": 34, ""role_mainplot_role18.asl"": 34, ""role_mainplot_role19.asl"": 34}",1.9081761006289308,0.036218475999703514,0.0003257490006944863,1.2866325378417969,True,1,0
grid_phases_roles,145,Linux 7.2.3-arch1-2,x86_64,24,30.44,3.14.7,10,10,5,2,2,1,2,50,10,0,0,42,1725,59493,53,3437,"{""playbook_playbook0.asl"": 26, ""playbook_playbook1.asl"": 26, ""director_mainplot.asl"": 1685, ""role_mainplot_role0.asl"": 34, ""role_mainplot_role1.asl"": 34, ""role_mainplot_role2.asl"": 34, ""role_mainplot_role3.asl"": 34, ""role_mainplot_role4.asl"": 34, ""role_mainplot_role5.asl"": 34, ""role_mainplot_role6.asl"": 34, ""role_mainplot_role7.asl"": 34, ""role_mainplot_role8.asl"": 34, ""role_mainplot_role9.asl"": 34, ""role_mainplot_role10.asl"": 34, ""role_mainplot_role11.asl"": 34, ""role_mainplot_role12.asl"": 34, ""role_mainplot_role13.asl"": 34, ""role_mainplot_role14.asl"": 34, ""role_mainplot_role15.asl"": 34, ""role_mainplot_role16.asl"": 34, ""role_mainplot_role17.asl"": 34, ""role_mainplot_role18.asl"": 34, ""role_mainplot_role19.asl"": 34, ""role_mainplot_role20.asl"": 34, ""role_mainplot_role21.asl"": 34, ""role_mainplot_role22.asl"": 34, ""role_mainplot_role23.asl"": 34, ""role_mainplot_role24.asl"": 34, ""role_mainplot_role25.asl"": 34, ""role_mainplot_role26.asl"": 34, ""role_mainplot_role27.asl"": 34, ""role_mainplot_role28.asl"": 34, ""role_mainplot_role29.asl"": 34, ""role_mainplot_role30.asl"": 34, ""role_mainplot_role31.asl"": 34, ""role_mainplot_role32.asl"": 34, ""role_mainplot_role33.asl"": 34, ""role_mainplot_role34.asl"": 34, ""role_mainplot_role35.asl"": 34, ""role_mainplot_role36.asl"": 34, ""role_mainplot_role37.asl"": 34, ""role_mainplot_role38.asl"": 34, ""role_mainplot_role39.asl"": 34, ""role_mainplot_role40.asl"": 34, ""role_mainplot_role41.asl"": 34, ""role_mainplot_role42.asl"": 34, ""role_mainplot_role43.asl"": 34, ""role_mainplot_role44.asl"": 34, ""role_mainplot_role45.asl"": 34, ""role_mainplot_role46.asl"": 34, ""role_mainplot_role47.asl"": 34, ""role_mainplot_role48.asl"": 34, ""role_mainplot_role49.asl"": 34}",1.992463768115942,0.0831639139996696,0.0007319090000237338,2.9538116455078125,True,1,0
grid_phases_roles,146,Linux 7.2.3-arch1-2,x86_64,24,30.44,3.14.7,10,10,5,2,2,1,2,50,10,0,0,42,1725,59493,53,3437,"{""playbook_playbook0.asl"": 26, ""playbook_playbook1.asl"": 26, ""director_mainplot.asl"": 1685, ""role_mainplot_role0.asl"": 34, ""role_mainplot_role1.asl"": 34, ""role_mainplot_role2.asl"": 34, ""role_mainplot_role3.asl"": 34, ""role_mainplot_role4.asl"": 34, ""role_mainplot_role5.asl"": 34, ""role_mainplot_role6.asl"": 34, ""role_mainplot_role7.asl"": 34, ""role_mainplot_role8.asl"": 34, ""role_mainplot_role9.asl"": 34, ""role_mainplot_role10.asl"": 34, ""role_mainplot_role11.asl"": 34, ""role_mainplot_role12.asl"": 34, ""role_mainplot_role13.asl"": 34, ""role_mainplot_role14.asl"": 34, ""role_mainplot_role15.asl"": 34, ""role_mainplot_role16.asl"": 34, ""role_mainplot_role17.asl"": 34, ""role_mainplot_role18.asl"": 34, ""role_mainplot_role19.asl"": 34, ""role_mainplot_role20.asl"": 34, ""role_mainplot_role21.asl"": 34, ""role_mainplot_role22.asl"": 34, ""role_mainplot_role23.asl"": 34, ""role_mainplot_role24.asl"": 34, ""role_mainplot_role25.asl"": 34, ""role_mainplot_role26.asl"": 34, ""role_mainplot_role27.asl"": 34, ""role_mainplot_role28.asl"": 34, ""role_mainplot_role29.asl"": 34, ""role_mainplot_role30.asl"": 34, ""role_mainplot_role31.asl"": 34, ""role_mainplot_role32.asl"": 34, ""role_mainplot_role33.asl"": 34, ""role_mainplot_role34.asl"": 34, ""role_mainplot_role35.asl"": 34, ""role_mainplot_role36.asl"": 34, ""role_mainplot_role37.asl"": 34, ""role_mainplot_role38.asl"": 34, ""role_mainplot_role39.asl"": 34, ""role_mainplot_role40.asl"": 34, ""role_mainplot_role41.asl"": 34, ""role_mainplot_role42.asl"": 34, ""role_mainplot_role43.asl"": 34, ""role_mainplot_role44.asl"": 34, ""role_mainplot_role45.asl"": 34, ""role_mainplot_role46.asl"": 34, ""role_mainplot_role47.asl"": 34, ""role_mainplot_role48.asl"": 34, ""role_mainplot_role49.asl"": 34}",1.992463768115942,0.0824723850000737,0.0007140790003177244,2.9538116455078125,True,1,0
grid_phases_roles,147,Linux 7.2.3-arch1-2,x86_64,24,30.44,3.14.7,10,10,5,2,2,1,2,50,10,0,0,42,1725,59493,53,3437,"{""playbook_playbook0.asl"": 26, ""playbook_playbook1.asl"": 26, ""director_mainplot.asl"": 1685, ""role_mainplot_role0.asl"": 34, ""role_mainplot_role1.asl"": 34, ""role_mainplot_role2.asl"": 34, ""role_mainplot_role3.asl"": 34, ""role_mainplot_role4.asl"": 34, ""role_mainplot_role5.asl"": 34, ""role_mainplot_role6.asl"": 34, ""role_mainplot_role7.asl"": 34, ""role_mainplot_role8.asl"": 34, ""role_mainplot_role9.asl"": 34, ""role_mainplot_role10.asl"": 34, ""role_mainplot_role11.asl"": 34, ""role_mainplot_role12.asl"": 34, ""role_mainplot_role13.asl"": 34, ""role_mainplot_role14.asl"": 34, ""role_mainplot_role15.asl"": 34, ""role_mainplot_role16.asl"": 34, ""role_mainplot_role17.asl"": 34, ""role_mainplot_role18.asl"": 34, ""role_mainplot_role19.asl"": 34, ""role_mainplot_role20.asl"": 34, ""role_mainplot_role21.asl"": 34, ""role_mainplot_role22.asl"": 34, ""role_mainplot_role23.asl"": 34, ""role_mainplot_role24.asl"": 34, ""role_mainplot_role25.asl"": 34, ""role_mainplot_role26.asl"": 34, ""role_mainplot_role27.asl"": 34, ""role_mainplot_role28.asl"": 34, ""role_mainplot_role29.asl"": 34, ""role_mainplot_role30.asl"": 34, ""role_mainplot_role31.asl"": 34, ""role_mainplot_role32.asl"": 34, ""role_mainplot_role33.asl"": 34, ""role_mainplot_role34.asl"": 34, ""role_mainplot_role35.asl"": 34, ""role_mainplot_role36.asl"": 34, ""role_mainplot_role37.asl"": 34, ""role_mainplot_role38.asl"": 34, ""role_mainplot_role39.asl"": 34, ""role_mainplot_role40.asl"": 34, ""role_mainplot_role41.asl"": 34, ""role_mainplot_role42.asl"": 34, ""role_mainplot_role43.asl"": 34, ""role_mainplot_role44.asl"": 34, ""role_mainplot_role45.asl"": 34, ""role_mainplot_role46.asl"": 34, ""role_mainplot_role47.asl"": 34, ""role_mainplot_role48.asl"": 34, ""role_mainplot_role49.asl"": 34}",1.992463768115942,0.08435464200010756,0.0007043790010357043,2.9538116455078125,True,1,0
grid_phases_roles,148,Linux 7.2.3-arch1-2,x86_64,24,30.44,3.14.7,10,10,5,2,2,1,2,50,10,0,0,42,1725,59493,53,3437,"{""playbook_playbook0.asl"": 26, ""playbook_playbook1.asl"": 26, ""director_mainplot.asl"": 1685, ""role_mainplot_role0.asl"": 34, ""role_mainplot_role1.asl"": 34, ""role_mainplot_role2.asl"": 34, ""role_mainplot_role3.asl"": 34, ""role_mainplot_role4.asl"": 34, ""role_mainplot_role5.asl"": 34, ""role_mainplot_role6.asl"": 34, ""role_mainplot_role7.asl"": 34, ""role_mainplot_role8.asl"": 34, ""role_mainplot_role9.asl"": 34, ""role_mainplot_role10.asl"": 34, ""role_mainplot_role11.asl"": 34, ""role_mainplot_role12.asl"": 34, ""role_mainplot_role13.asl"": 34, ""role_mainplot_role14.asl"": 34, ""role_mainplot_role15.asl"": 34, ""role_mainplot_role16.asl"": 34, ""role_mainplot_role17.asl"": 34, ""role_mainplot_role18.asl"": 34, ""role_mainplot_role19.asl"": 34, ""role_mainplot_role20.asl"": 34, ""role_mainplot_role21.asl"": 34, ""role_mainplot_role22.asl"": 34, ""role_mainplot_role23.asl"": 34, ""role_mainplot_role24.asl"": 34, ""role_mainplot_role25.asl"": 34, ""role_mainplot_role26.asl"": 34, ""role_mainplot_role27.asl"": 34, ""role_mainplot_role28.asl"": 34, ""role_mainplot_role29.asl"": 34, ""role_mainplot_role30.asl"": 34, ""role_mainplot_role31.asl"": 34, ""role_mainplot_role32.asl"": 34, ""role_mainplot_role33.asl"": 34, ""role_mainplot_role34.asl"": 34, ""role_mainplot_role35.asl"": 34, ""role_mainplot_role36.asl"": 34, ""role_mainplot_role37.asl"": 34, ""role_mainplot_role38.asl"": 34, ""role_mainplot_role39.asl"": 34, ""role_mainplot_role40.asl"": 34, ""role_mainplot_role41.asl"": 34, ""role_mainplot_role42.asl"": 34, ""role_mainplot_role43.asl"": 34, ""role_mainplot_role44.asl"": 34, ""role_mainplot_role45.asl"": 34, ""role_mainplot_role46.asl"": 34, ""role_mainplot_role47.asl"": 34, ""role_mainplot_role48.asl"": 34, ""role_mainplot_role49.asl"": 34}",1.992463768115942,0.08238576499934425,0.0007060989992169198,2.9538116455078125,True,1,0
grid_phases_roles,149,Linux 7.2.3-arch1-2,x86_64,24,30.44,3.14.7,10,10,5,2,2,1,2,50,10,0,0,42,1725,59493,53,3437,"{""playbook_playbook0.asl"": 26, ""playbook_playbook1.asl"": 26, ""director_mainplot.asl"": 1685, ""role_mainplot_role0.asl"": 34, ""role_mainplot_role1.asl"": 34, ""role_mainplot_role2.asl"": 34, ""role_mainplot_role3.asl"": 34, ""role_mainplot_role4.asl"": 34, ""role_mainplot_role5.asl"": 34, ""role_mainplot_role6.asl"": 34, ""role_mainplot_role7.asl"": 34, ""role_mainplot_role8.asl"": 34, ""role_mainplot_role9.asl"": 34, ""role_mainplot_role10.asl"": 34, ""role_mainplot_role11.asl"": 34, ""role_mainplot_role12.asl"": 34, ""role_mainplot_role13.asl"": 34, ""role_mainplot_role14.asl"": 34, ""role_mainplot_role15.asl"": 34, ""role_mainplot_role16.asl"": 34, ""role_mainplot_role17.asl"": 34, ""role_mainplot_role18.asl"": 34, ""role_mainplot_role19.asl"": 34, ""role_mainplot_role20.asl"": 34, ""role_mainplot_role21.asl"": 34, ""role_mainplot_role22.asl"": 34, ""role_mainplot_role23.asl"": 34, ""role_mainplot_role24.asl"": 34, ""role_mainplot_role25.asl"": 34, ""role_mainplot_role26.asl"": 34, ""role_mainplot_role27.asl"": 34, ""role_mainplot_role28.asl"": 34, ""role_mainplot_role29.asl"": 34, ""role_mainplot_role30.asl"": 34, ""role_mainplot_role31.asl"": 34, ""role_mainplot_role32.asl"": 34, ""role_mainplot_role33.asl"": 34, ""role_mainplot_role34.asl"": 34, ""role_mainplot_role35.asl"": 34, ""role_mainplot_role36.asl"": 34, ""role_mainplot_role37.asl"": 34, ""role_mainplot_role38.asl"": 34, ""role_mainplot_role39.asl"": 34, ""role_mainplot_role40.asl"": 34, ""role_mainplot_role41.asl"": 34, ""role_mainplot_role42.asl"": 34, ""role_mainplot_role43.asl"": 34, ""role_mainplot_role44.asl"": 34, ""role_mainplot_role45.asl"": 34, ""role_mainplot_role46.asl"": 34, ""role_mainplot_role47.asl"": 34, ""role_mainplot_role48.asl"": 34, ""role_mainplot_role49.asl"": 34}",1.992463768115942,0.08251391399971908,0.0006930780000402592,2.9538116455078125,True,1,0
grid_phases_roles,150,Linux 7.2.3-arch1-2,x86_64,24,30.44,3.14.7,10,10,5,2,2,1,2,100,10,0,0,42,3275,116344,103,6637,"{""playbook_playbook0.asl"": 26, ""playbook_playbook1.asl"": 26, ""director_mainplot.asl"": 3185, ""role_mainplot_role0.asl"": 34, ""role_mainplot_role1.asl"": 34, ""role_mainplot_role2.asl"": 34, ""role_mainplot_role3.asl"": 34, ""role_mainplot_role4.asl"": 34, ""role_mainplot_role5.asl"": 34, ""role_mainplot_role6.asl"": 34, ""role_mainplot_role7.asl"": 34, ""role_mainplot_role8.asl"": 34, ""role_mainplot_role9.asl"": 34, ""role_mainplot_role10.asl"": 34, ""role_mainplot_role11.asl"": 34, ""role_mainplot_role12.asl"": 34, ""role_mainplot_role13.asl"": 34, ""role_mainplot_role14.asl"": 34, ""role_mainplot_role15.asl"": 34, ""role_mainplot_role16.asl"": 34, ""role_mainplot_role17.asl"": 34, ""role_mainplot_role18.asl"": 34, ""role_mainplot_role19.asl"": 34, ""role_mainplot_role20.asl"": 34, ""role_mainplot_role21.asl"": 34, ""role_mainplot_role22.asl"": 34, ""role_mainplot_role23.asl"": 34, ""role_mainplot_role24.asl"": 34, ""role_mainplot_role25.asl"": 34, ""role_mainplot_role26.asl"": 34, ""role_mainplot_role27.asl"": 34, ""role_mainplot_role28.asl"": 34, ""role_mainplot_role29.asl"": 34, ""role_mainplot_role30.asl"": 34, ""role_mainplot_role31.asl"": 34, ""role_mainplot_role32.asl"": 34, ""role_mainplot_role33.asl"": 34, ""role_mainplot_role34.asl"": 34, ""role_mainplot_role35.asl"": 34, ""role_mainplot_role36.asl"": 34, ""role_mainplot_role37.asl"": 34, ""role_mainplot_role38.asl"": 34, ""role_mainplot_role39.asl"": 34, ""role_mainplot_role40.asl"": 34, ""role_mainplot_role41.asl"": 34, ""role_mainplot_role42.asl"": 34, ""role_mainplot_role43.asl"": 34, ""role_mainplot_role44.asl"": 34, ""role_mainplot_role45.asl"": 34, ""role_mainplot_role46.asl"": 34, ""role_mainplot_role47.asl"": 34, ""role_mainplot_role48.asl"": 34, ""role_mainplot_role49.asl"": 34, ""role_mainplot_role50.asl"": 34, ""role_mainplot_role51.asl"": 34, ""role_mainplot_role52.asl"": 34, ""role_mainplot_role53.asl"": 34, ""role_mainplot_role54.asl"": 34, ""role_mainplot_role55.asl"": 34, ""role_mainplot_role56.asl"": 34, ""role_mainplot_role57.asl"": 34, ""role_mainplot_role58.asl"": 34, ""role_mainplot_role59.asl"": 34, ""role_mainplot_role60.asl"": 34, ""role_mainplot_role61.asl"": 34, ""role_mainplot_role62.asl"": 34, ""role_mainplot_role63.asl"": 34, ""role_mainplot_role64.asl"": 34, ""role_mainplot_role65.asl"": 34, ""role_mainplot_role66.asl"": 34, ""role_mainplot_role67.asl"": 34, ""role_mainplot_role68.asl"": 34, ""role_mainplot_role69.asl"": 34, ""role_mainplot_role70.asl"": 34, ""role_mainplot_role71.asl"": 34, ""role_mainplot_role72.asl"": 34, ""role_mainplot_role73.asl"": 34, ""role_mainplot_role74.asl"": 34, ""role_mainplot_role75.asl"": 34, ""role_mainplot_role76.asl"": 34, ""role_mainplot_role77.asl"": 34, ""role_mainplot_role78.asl"": 34, ""role_mainplot_role79.asl"": 34, ""role_mainplot_role80.asl"": 34, ""role_mainplot_role81.asl"": 34, ""role_mainplot_role82.asl"": 34, ""role_mainplot_role83.asl"": 34, ""role_mainplot_role84.asl"": 34, ""role_mainplot_role85.asl"": 34, ""role_mainplot_role86.asl"": 34, ""role_mainplot_role87.asl"": 34, ""role_mainplot_role88.asl"": 34, ""role_mainplot_role89.asl"": 34, ""role_mainplot_role90.asl"": 34, ""role_mainplot_role91.asl"": 34, ""role_mainplot_role92.asl"": 34, ""role_mainplot_role93.asl"": 34, ""role_mainplot_role94.asl"": 34, ""role_mainplot_role95.asl"": 34, ""role_mainplot_role96.asl"": 34, ""role_mainplot_role97.asl"": 34, ""role_mainplot_role98.asl"": 34, ""role_mainplot_role99.asl"": 34}",2.026564885496183,0.17841292500088457,0.0014265379995777039,5.7360734939575195,True,1,0
grid_phases_roles,151,Linux 7.2.3-arch1-2,x86_64,24,30.44,3.14.7,10,10,5,2,2,1,2,100,10,0,0,42,3275,116344,103,6637,"{""playbook_playbook0.asl"": 26, ""playbook_playbook1.asl"": 26, ""director_mainplot.asl"": 3185, ""role_mainplot_role0.asl"": 34, ""role_mainplot_role1.asl"": 34, ""role_mainplot_role2.asl"": 34, ""role_mainplot_role3.asl"": 34, ""role_mainplot_role4.asl"": 34, ""role_mainplot_role5.asl"": 34, ""role_mainplot_role6.asl"": 34, ""role_mainplot_role7.asl"": 34, ""role_mainplot_role8.asl"": 34, ""role_mainplot_role9.asl"": 34, ""role_mainplot_role10.asl"": 34, ""role_mainplot_role11.asl"": 34, ""role_mainplot_role12.asl"": 34, ""role_mainplot_role13.asl"": 34, ""role_mainplot_role14.asl"": 34, ""role_mainplot_role15.asl"": 34, ""role_mainplot_role16.asl"": 34, ""role_mainplot_role17.asl"": 34, ""role_mainplot_role18.asl"": 34, ""role_mainplot_role19.asl"": 34, ""role_mainplot_role20.asl"": 34, ""role_mainplot_role21.asl"": 34, ""role_mainplot_role22.asl"": 34, ""role_mainplot_role23.asl"": 34, ""role_mainplot_role24.asl"": 34, ""role_mainplot_role25.asl"": 34, ""role_mainplot_role26.asl"": 34, ""role_mainplot_role27.asl"": 34, ""role_mainplot_role28.asl"": 34, ""role_mainplot_role29.asl"": 34, ""role_mainplot_role30.asl"": 34, ""role_mainplot_role31.asl"": 34, ""role_mainplot_role32.asl"": 34, ""role_mainplot_role33.asl"": 34, ""role_mainplot_role34.asl"": 34, ""role_mainplot_role35.asl"": 34, ""role_mainplot_role36.asl"": 34, ""role_mainplot_role37.asl"": 34, ""role_mainplot_role38.asl"": 34, ""role_mainplot_role39.asl"": 34, ""role_mainplot_role40.asl"": 34, ""role_mainplot_role41.asl"": 34, ""role_mainplot_role42.asl"": 34, ""role_mainplot_role43.asl"": 34, ""role_mainplot_role44.asl"": 34, ""role_mainplot_role45.asl"": 34, ""role_mainplot_role46.asl"": 34, ""role_mainplot_role47.asl"": 34, ""role_mainplot_role48.asl"": 34, ""role_mainplot_role49.asl"": 34, ""role_mainplot_role50.asl"": 34, ""role_mainplot_role51.asl"": 34, ""role_mainplot_role52.asl"": 34, ""role_mainplot_role53.asl"": 34, ""role_mainplot_role54.asl"": 34, ""role_mainplot_role55.asl"": 34, ""role_mainplot_role56.asl"": 34, ""role_mainplot_role57.asl"": 34, ""role_mainplot_role58.asl"": 34, ""role_mainplot_role59.asl"": 34, ""role_mainplot_role60.asl"": 34, ""role_mainplot_role61.asl"": 34, ""role_mainplot_role62.asl"": 34, ""role_mainplot_role63.asl"": 34, ""role_mainplot_role64.asl"": 34, ""role_mainplot_role65.asl"": 34, ""role_mainplot_role66.asl"": 34, ""role_mainplot_role67.asl"": 34, ""role_mainplot_role68.asl"": 34, ""role_mainplot_role69.asl"": 34, ""role_mainplot_role70.asl"": 34, ""role_mainplot_role71.asl"": 34, ""role_mainplot_role72.asl"": 34, ""role_mainplot_role73.asl"": 34, ""role_mainplot_role74.asl"": 34, ""role_mainplot_role75.asl"": 34, ""role_mainplot_role76.asl"": 34, ""role_mainplot_role77.asl"": 34, ""role_mainplot_role78.asl"": 34, ""role_mainplot_role79.asl"": 34, ""role_mainplot_role80.asl"": 34, ""role_mainplot_role81.asl"": 34, ""role_mainplot_role82.asl"": 34, ""role_mainplot_role83.asl"": 34, ""role_mainplot_role84.asl"": 34, ""role_mainplot_role85.asl"": 34, ""role_mainplot_role86.asl"": 34, ""role_mainplot_role87.asl"": 34, ""role_mainplot_role88.asl"": 34, ""role_mainplot_role89.asl"": 34, ""role_mainplot_role90.asl"": 34, ""role_mainplot_role91.asl"": 34, ""role_mainplot_role92.asl"": 34, ""role_mainplot_role93.asl"": 34, ""role_mainplot_role94.asl"": 34, ""role_mainplot_role95.asl"": 34, ""role_mainplot_role96.asl"": 34, ""role_mainplot_role97.asl"": 34, ""role_mainplot_role98.asl"": 34, ""role_mainplot_role99.asl"": 34}",2.026564885496183,0.16133972500028904,0.0013921680001658387,5.734387397766113,True,1,0
grid_phases_roles,152,Linux 7.2.3-arch1-2,x86_64,24,30.44,3.14.7,10,10,5,2,2,1,2,100,10,0,0,42,3275,116344,103,6637,"{""playbook_playbook0.asl"": 26, ""playbook_playbook1.asl"": 26, ""director_mainplot.asl"": 3185, ""role_mainplot_role0.asl"": 34, ""role_mainplot_role1.asl"": 34, ""role_mainplot_role2.asl"": 34, ""role_mainplot_role3.asl"": 34, ""role_mainplot_role4.asl"": 34, ""role_mainplot_role5.asl"": 34, ""role_mainplot_role6.asl"": 34, ""role_mainplot_role7.asl"": 34, ""role_mainplot_role8.asl"": 34, ""role_mainplot_role9.asl"": 34, ""role_mainplot_role10.asl"": 34, ""role_mainplot_role11.asl"": 34, ""role_mainplot_role12.asl"": 34, ""role_mainplot_role13.asl"": 34, ""role_mainplot_role14.asl"": 34, ""role_mainplot_role15.asl"": 34, ""role_mainplot_role16.asl"": 34, ""role_mainplot_role17.asl"": 34, ""role_mainplot_role18.asl"": 34, ""role_mainplot_role19.asl"": 34, ""role_mainplot_role20.asl"": 34, ""role_mainplot_role21.asl"": 34, ""role_mainplot_role22.asl"": 34, ""role_mainplot_role23.asl"": 34, ""role_mainplot_role24.asl"": 34, ""role_mainplot_role25.asl"": 34, ""role_mainplot_role26.asl"": 34, ""role_mainplot_role27.asl"": 34, ""role_mainplot_role28.asl"": 34, ""role_mainplot_role29.asl"": 34, ""role_mainplot_role30.asl"": 34, ""role_mainplot_role31.asl"": 34, ""role_mainplot_role32.asl"": 34, ""role_mainplot_role33.asl"": 34, ""role_mainplot_role34.asl"": 34, ""role_mainplot_role35.asl"": 34, ""role_mainplot_role36.asl"": 34, ""role_mainplot_role37.asl"": 34, ""role_mainplot_role38.asl"": 34, ""role_mainplot_role39.asl"": 34, ""role_mainplot_role40.asl"": 34, ""role_mainplot_role41.asl"": 34, ""role_mainplot_role42.asl"": 34, ""role_mainplot_role43.asl"": 34, ""role_mainplot_role44.asl"": 34, ""role_mainplot_role45.asl"": 34, ""role_mainplot_role46.asl"": 34, ""role_mainplot_role47.asl"": 34, ""role_mainplot_role48.asl"": 34, ""role_mainplot_role49.asl"": 34, ""role_mainplot_role50.asl"": 34, ""role_mainplot_role51.asl"": 34, ""role_mainplot_role52.asl"": 34, ""role_mainplot_role53.asl"": 34, ""role_mainplot_role54.asl"": 34, ""role_mainplot_role55.asl"": 34, ""role_mainplot_role56.asl"": 34, ""role_mainplot_role57.asl"": 34, ""role_mainplot_role58.asl"": 34, ""role_mainplot_role59.asl"": 34, ""role_mainplot_role60.asl"": 34, ""role_mainplot_role61.asl"": 34, ""role_mainplot_role62.asl"": 34, ""role_mainplot_role63.asl"": 34, ""role_mainplot_role64.asl"": 34, ""role_mainplot_role65.asl"": 34, ""role_mainplot_role66.asl"": 34, ""role_mainplot_role67.asl"": 34, ""role_mainplot_role68.asl"": 34, ""role_mainplot_role69.asl"": 34, ""role_mainplot_role70.asl"": 34, ""role_mainplot_role71.asl"": 34, ""role_mainplot_role72.asl"": 34, ""role_mainplot_role73.asl"": 34, ""role_mainplot_role74.asl"": 34, ""role_mainplot_role75.asl"": 34, ""role_mainplot_role76.asl"": 34, ""role_mainplot_role77.asl"": 34, ""role_mainplot_role78.asl"": 34, ""role_mainplot_role79.asl"": 34, ""role_mainplot_role80.asl"": 34, ""role_mainplot_role81.asl"": 34, ""role_mainplot_role82.asl"": 34, ""role_mainplot_role83.asl"": 34, ""role_mainplot_role84.asl"": 34, ""role_mainplot_role85.asl"": 34, ""role_mainplot_role86.asl"": 34, ""role_mainplot_role87.asl"": 34, ""role_mainplot_role88.asl"": 34, ""role_mainplot_role89.asl"": 34, ""role_mainplot_role90.asl"": 34, ""role_mainplot_role91.asl"": 34, ""role_mainplot_role92.asl"": 34, ""role_mainplot_role93.asl"": 34, ""role_mainplot_role94.asl"": 34, ""role_mainplot_role95.asl"": 34, ""role_mainplot_role96.asl"": 34, ""role_mainplot_role97.asl"": 34, ""role_mainplot_role98.asl"": 34, ""role_mainplot_role99.asl"": 34}",2.026564885496183,0.1641632800001389,0.0013919280008849455,5.734387397766113,True,1,0
grid_phases_roles,153,Linux 7.2.3-arch1-2,x86_64,24,30.44,3.14.7,10,10,5,2,2,1,2,100,10,0,0,42,3275,116344,103,6637,"{""playbook_playbook0.asl"": 26, ""playbook_playbook1.asl"": 26, ""director_mainplot.asl"": 3185, ""role_mainplot_role0.asl"": 34, ""role_mainplot_role1.asl"": 34, ""role_mainplot_role2.asl"": 34, ""role_mainplot_role3.asl"": 34, ""role_mainplot_role4.asl"": 34, ""role_mainplot_role5.asl"": 34, ""role_mainplot_role6.asl"": 34, ""role_mainplot_role7.asl"": 34, ""role_mainplot_role8.asl"": 34, ""role_mainplot_role9.asl"": 34, ""role_mainplot_role10.asl"": 34, ""role_mainplot_role11.asl"": 34, ""role_mainplot_role12.asl"": 34, ""role_mainplot_role13.asl"": 34, ""role_mainplot_role14.asl"": 34, ""role_mainplot_role15.asl"": 34, ""role_mainplot_role16.asl"": 34, ""role_mainplot_role17.asl"": 34, ""role_mainplot_role18.asl"": 34, ""role_mainplot_role19.asl"": 34, ""role_mainplot_role20.asl"": 34, ""role_mainplot_role21.asl"": 34, ""role_mainplot_role22.asl"": 34, ""role_mainplot_role23.asl"": 34, ""role_mainplot_role24.asl"": 34, ""role_mainplot_role25.asl"": 34, ""role_mainplot_role26.asl"": 34, ""role_mainplot_role27.asl"": 34, ""role_mainplot_role28.asl"": 34, ""role_mainplot_role29.asl"": 34, ""role_mainplot_role30.asl"": 34, ""role_mainplot_role31.asl"": 34, ""role_mainplot_role32.asl"": 34, ""role_mainplot_role33.asl"": 34, ""role_mainplot_role34.asl"": 34, ""role_mainplot_role35.asl"": 34, ""role_mainplot_role36.asl"": 34, ""role_mainplot_role37.asl"": 34, ""role_mainplot_role38.asl"": 34, ""role_mainplot_role39.asl"": 34, ""role_mainplot_role40.asl"": 34, ""role_mainplot_role41.asl"": 34, ""role_mainplot_role42.asl"": 34, ""role_mainplot_role43.asl"": 34, ""role_mainplot_role44.asl"": 34, ""role_mainplot_role45.asl"": 34, ""role_mainplot_role46.asl"": 34, ""role_mainplot_role47.asl"": 34, ""role_mainplot_role48.asl"": 34, ""role_mainplot_role49.asl"": 34, ""role_mainplot_role50.asl"": 34, ""role_mainplot_role51.asl"": 34, ""role_mainplot_role52.asl"": 34, ""role_mainplot_role53.asl"": 34, ""role_mainplot_role54.asl"": 34, ""role_mainplot_role55.asl"": 34, ""role_mainplot_role56.asl"": 34, ""role_mainplot_role57.asl"": 34, ""role_mainplot_role58.asl"": 34, ""role_mainplot_role59.asl"": 34, ""role_mainplot_role60.asl"": 34, ""role_mainplot_role61.asl"": 34, ""role_mainplot_role62.asl"": 34, ""role_mainplot_role63.asl"": 34, ""role_mainplot_role64.asl"": 34, ""role_mainplot_role65.asl"": 34, ""role_mainplot_role66.asl"": 34, ""role_mainplot_role67.asl"": 34, ""role_mainplot_role68.asl"": 34, ""role_mainplot_role69.asl"": 34, ""role_mainplot_role70.asl"": 34, ""role_mainplot_role71.asl"": 34, ""role_mainplot_role72.asl"": 34, ""role_mainplot_role73.asl"": 34, ""role_mainplot_role74.asl"": 34, ""role_mainplot_role75.asl"": 34, ""role_mainplot_role76.asl"": 34, ""role_mainplot_role77.asl"": 34, ""role_mainplot_role78.asl"": 34, ""role_mainplot_role79.asl"": 34, ""role_mainplot_role80.asl"": 34, ""role_mainplot_role81.asl"": 34, ""role_mainplot_role82.asl"": 34, ""role_mainplot_role83.asl"": 34, ""role_mainplot_role84.asl"": 34, ""role_mainplot_role85.asl"": 34, ""role_mainplot_role86.asl"": 34, ""role_mainplot_role87.asl"": 34, ""role_mainplot_role88.asl"": 34, ""role_mainplot_role89.asl"": 34, ""role_mainplot_role90.asl"": 34, ""role_mainplot_role91.asl"": 34, ""role_mainplot_role92.asl"": 34, ""role_mainplot_role93.asl"": 34, ""role_mainplot_role94.asl"": 34, ""role_mainplot_role95.asl"": 34, ""role_mainplot_role96.asl"": 34, ""role_mainplot_role97.asl"": 34, ""role_mainplot_role98.asl"": 34, ""role_mainplot_role99.asl"": 34}",2.026564885496183,0.1608281070002704,0.0013714070009882562,5.734387397766113,True,1,0
grid_phases_roles,154,Linux 7.2.3-arch1-2,x86_64,24,30.44,3.14.7,10,10,5,2,2,1,2,100,10,0,0,42,3275,116344,103,6637,"{""playbook_playbook0.asl"": 26, ""playbook_playbook1.asl"": 26, ""director_mainplot.asl"": 3185, ""role_mainplot_role0.asl"": 34, ""role_mainplot_role1.asl"": 34, ""role_mainplot_role2.asl"": 34, ""role_mainplot_role3.asl"": 34, ""role_mainplot_role4.asl"": 34, ""role_mainplot_role5.asl"": 34, ""role_mainplot_role6.asl"": 34, ""role_mainplot_role7.asl"": 34, ""role_mainplot_role8.asl"": 34, ""role_mainplot_role9.asl"": 34, ""role_mainplot_role10.asl"": 34, ""role_mainplot_role11.asl"": 34, ""role_mainplot_role12.asl"": 34, ""role_mainplot_role13.asl"": 34, ""role_mainplot_role14.asl"": 34, ""role_mainplot_role15.asl"": 34, ""role_mainplot_role16.asl"": 34, ""role_mainplot_role17.asl"": 34, ""role_mainplot_role18.asl"": 34, ""role_mainplot_role19.asl"": 34, ""role_mainplot_role20.asl"": 34, ""role_mainplot_role21.asl"": 34, ""role_mainplot_role22.asl"": 34, ""role_mainplot_role23.asl"": 34, ""role_mainplot_role24.asl"": 34, ""role_mainplot_role25.asl"": 34, ""role_mainplot_role26.asl"": 34, ""role_mainplot_role27.asl"": 34, ""role_mainplot_role28.asl"": 34, ""role_mainplot_role29.asl"": 34, ""role_mainplot_role30.asl"": 34, ""role_mainplot_role31.asl"": 34, ""role_mainplot_role32.asl"": 34, ""role_mainplot_role33.asl"": 34, ""role_mainplot_role34.asl"": 34, ""role_mainplot_role35.asl"": 34, ""role_mainplot_role36.asl"": 34, ""role_mainplot_role37.asl"": 34, ""role_mainplot_role38.asl"": 34, ""role_mainplot_role39.asl"": 34, ""role_mainplot_role40.asl"": 34, ""role_mainplot_role41.asl"": 34, ""role_mainplot_role42.asl"": 34, ""role_mainplot_role43.asl"": 34, ""role_mainplot_role44.asl"": 34, ""role_mainplot_role45.asl"": 34, ""role_mainplot_role46.asl"": 34, ""role_mainplot_role47.asl"": 34, ""role_mainplot_role48.asl"": 34, ""role_mainplot_role49.asl"": 34, ""role_mainplot_role50.asl"": 34, ""role_mainplot_role51.asl"": 34, ""role_mainplot_role52.asl"": 34, ""role_mainplot_role53.asl"": 34, ""role_mainplot_role54.asl"": 34, ""role_mainplot_role55.asl"": 34, ""role_mainplot_role56.asl"": 34, ""role_mainplot_role57.asl"": 34, ""role_mainplot_role58.asl"": 34, ""role_mainplot_role59.asl"": 34, ""role_mainplot_role60.asl"": 34, ""role_mainplot_role61.asl"": 34, ""role_mainplot_role62.asl"": 34, ""role_mainplot_role63.asl"": 34, ""role_mainplot_role64.asl"": 34, ""role_mainplot_role65.asl"": 34, ""role_mainplot_role66.asl"": 34, ""role_mainplot_role67.asl"": 34, ""role_mainplot_role68.asl"": 34, ""role_mainplot_role69.asl"": 34, ""role_mainplot_role70.asl"": 34, ""role_mainplot_role71.asl"": 34, ""role_mainplot_role72.asl"": 34, ""role_mainplot_role73.asl"": 34, ""role_mainplot_role74.asl"": 34, ""role_mainplot_role75.asl"": 34, ""role_mainplot_role76.asl"": 34, ""role_mainplot_role77.asl"": 34, ""role_mainplot_role78.asl"": 34, ""role_mainplot_role79.asl"": 34, ""role_mainplot_role80.asl"": 34, ""role_mainplot_role81.asl"": 34, ""role_mainplot_role82.asl"": 34, ""role_mainplot_role83.asl"": 34, ""role_mainplot_role84.asl"": 34, ""role_mainplot_role85.asl"": 34, ""role_mainplot_role86.asl"": 34, ""role_mainplot_role87.asl"": 34, ""role_mainplot_role88.asl"": 34, ""role_mainplot_role89.asl"": 34, ""role_mainplot_role90.asl"": 34, ""role_mainplot_role91.asl"": 34, ""role_mainplot_role92.asl"": 34, ""role_mainplot_role93.asl"": 34, ""role_mainplot_role94.asl"": 34, ""role_mainplot_role95.asl"": 34, ""role_mainplot_role96.asl"": 34, ""role_mainplot_role97.asl"": 34, ""role_mainplot_role98.asl"": 34, ""role_mainplot_role99.asl"": 34}",2.026564885496183,0.16027903800022614,0.0013654769991262583,5.734387397766113,True,1,0
grid_phases_roles,155,Linux 7.2.3-arch1-2,x86_64,24,30.44,3.14.7,10,10,5,2,2,1,2,200,10,0,0,42,6375,232144,203,13037,"{""playbook_playbook0.asl"": 26, ""playbook_playbook1.asl"": 26, ""director_mainplot.asl"": 6185, ""role_mainplot_role0.asl"": 34, ""role_mainplot_role1.asl"": 34, ""role_mainplot_role2.asl"": 34, ""role_mainplot_role3.asl"": 34, ""role_mainplot_role4.asl"": 34, ""role_mainplot_role5.asl"": 34, ""role_mainplot_role6.asl"": 34, ""role_mainplot_role7.asl"": 34, ""role_mainplot_role8.asl"": 34, ""role_mainplot_role9.asl"": 34, ""role_mainplot_role10.asl"": 34, ""role_mainplot_role11.asl"": 34, ""role_mainplot_role12.asl"": 34, ""role_mainplot_role13.asl"": 34, ""role_mainplot_role14.asl"": 34, ""role_mainplot_role15.asl"": 34, ""role_mainplot_role16.asl"": 34, ""role_mainplot_role17.asl"": 34, ""role_mainplot_role18.asl"": 34, ""role_mainplot_role19.asl"": 34, ""role_mainplot_role20.asl"": 34, ""role_mainplot_role21.asl"": 34, ""role_mainplot_role22.asl"": 34, ""role_mainplot_role23.asl"": 34, ""role_mainplot_role24.asl"": 34, ""role_mainplot_role25.asl"": 34, ""role_mainplot_role26.asl"": 34, ""role_mainplot_role27.asl"": 34, ""role_mainplot_role28.asl"": 34, ""role_mainplot_role29.asl"": 34, ""role_mainplot_role30.asl"": 34, ""role_mainplot_role31.asl"": 34, ""role_mainplot_role32.asl"": 34, ""role_mainplot_role33.asl"": 34, ""role_mainplot_role34.asl"": 34, ""role_mainplot_role35.asl"": 34, ""role_mainplot_role36.asl"": 34, ""role_mainplot_role37.asl"": 34, ""role_mainplot_role38.asl"": 34, ""role_mainplot_role39.asl"": 34, ""role_mainplot_role40.asl"": 34, ""role_mainplot_role41.asl"": 34, ""role_mainplot_role42.asl"": 34, ""role_mainplot_role43.asl"": 34, ""role_mainplot_role44.asl"": 34, ""role_mainplot_role45.asl"": 34, ""role_mainplot_role46.asl"": 34, ""role_mainplot_role47.asl"": 34, ""role_mainplot_role48.asl"": 34, ""role_mainplot_role49.asl"": 34, ""role_mainplot_role50.asl"": 34, ""role_mainplot_role51.asl"": 34, ""role_mainplot_role52.asl"": 34, ""role_mainplot_role53.asl"": 34, ""role_mainplot_role54.asl"": 34, ""role_mainplot_role55.asl"": 34, ""role_mainplot_role56.asl"": 34, ""role_mainplot_role57.asl"": 34, ""role_mainplot_role58.asl"": 34, ""role_mainplot_role59.asl"": 34, ""role_mainplot_role60.asl"": 34, ""role_mainplot_role61.asl"": 34, ""role_mainplot_role62.asl"": 34, ""role_mainplot_role63.asl"": 34, ""role_mainplot_role64.asl"": 34, ""role_mainplot_role65.asl"": 34, ""role_mainplot_role66.asl"": 34, ""role_mainplot_role67.asl"": 34, ""role_mainplot_role68.asl"": 34, ""role_mainplot_role69.asl"": 34, ""role_mainplot_role70.asl"": 34, ""role_mainplot_role71.asl"": 34, ""role_mainplot_role72.asl"": 34, ""role_mainplot_role73.asl"": 34, ""role_mainplot_role74.asl"": 34, ""role_mainplot_role75.asl"": 34, ""role_mainplot_role76.asl"": 34, ""role_mainplot_role77.asl"": 34, ""role_mainplot_role78.asl"": 34, ""role_mainplot_role79.asl"": 34, ""role_mainplot_role80.asl"": 34, ""role_mainplot_role81.asl"": 34, ""role_mainplot_role82.asl"": 34, ""role_mainplot_role83.asl"": 34, ""role_mainplot_role84.asl"": 34, ""role_mainplot_role85.asl"": 34, ""role_mainplot_role86.asl"": 34, ""role_mainplot_role87.asl"": 34, ""role_mainplot_role88.asl"": 34, ""role_mainplot_role89.asl"": 34, ""role_mainplot_role90.asl"": 34, ""role_mainplot_role91.asl"": 34, ""role_mainplot_role92.asl"": 34, ""role_mainplot_role93.asl"": 34, ""role_mainplot_role94.asl"": 34, ""role_mainplot_role95.asl"": 34, ""role_mainplot_role96.asl"": 34, ""role_mainplot_role97.asl"": 34, ""role_mainplot_role98.asl"": 34, ""role_mainplot_role99.asl"": 34, ""role_mainplot_role100.asl"": 34, ""role_mainplot_role101.asl"": 34, ""role_mainplot_role102.asl"": 34, ""role_mainplot_role103.asl"": 34, ""role_mainplot_role104.asl"": 34, ""role_mainplot_role105.asl"": 34, ""role_mainplot_role106.asl"": 34, ""role_mainplot_role107.asl"": 34, ""role_mainplot_role108.asl"": 34, ""role_mainplot_role109.asl"": 34, ""role_mainplot_role110.asl"": 34, ""role_mainplot_role111.asl"": 34, ""role_mainplot_role112.asl"": 34, ""role_mainplot_role113.asl"": 34, ""role_mainplot_role114.asl"": 34, ""role_mainplot_role115.asl"": 34, ""role_mainplot_role116.asl"": 34, ""role_mainplot_role117.asl"": 34, ""role_mainplot_role118.asl"": 34, ""role_mainplot_role119.asl"": 34, ""role_mainplot_role120.asl"": 34, ""role_mainplot_role121.asl"": 34, ""role_mainplot_role122.asl"": 34, ""role_mainplot_role123.asl"": 34, ""role_mainplot_role124.asl"": 34, ""role_mainplot_role125.asl"": 34, ""role_mainplot_role126.asl"": 34, ""role_mainplot_role127.asl"": 34, ""role_mainplot_role128.asl"": 34, ""role_mainplot_role129.asl"": 34, ""role_mainplot_role130.asl"": 34, ""role_mainplot_role131.asl"": 34, ""role_mainplot_role132.asl"": 34, ""role_mainplot_role133.asl"": 34, ""role_mainplot_role134.asl"": 34, ""role_mainplot_role135.asl"": 34, ""role_mainplot_role136.asl"": 34, ""role_mainplot_role137.asl"": 34, ""role_mainplot_role138.asl"": 34, ""role_mainplot_role139.asl"": 34, ""role_mainplot_role140.asl"": 34, ""role_mainplot_role141.asl"": 34, ""role_mainplot_role142.asl"": 34, ""role_mainplot_role143.asl"": 34, ""role_mainplot_role144.asl"": 34, ""role_mainplot_role145.asl"": 34, ""role_mainplot_role146.asl"": 34, ""role_mainplot_role147.asl"": 34, ""role_mainplot_role148.asl"": 34, ""role_mainplot_role149.asl"": 34, ""role_mainplot_role150.asl"": 34, ""role_mainplot_role151.asl"": 34, ""role_mainplot_role152.asl"": 34, ""role_mainplot_role153.asl"": 34, ""role_mainplot_role154.asl"": 34, ""role_mainplot_role155.asl"": 34, ""role_mainplot_role156.asl"": 34, ""role_mainplot_role157.asl"": 34, ""role_mainplot_role158.asl"": 34, ""role_mainplot_role159.asl"": 34, ""role_mainplot_role160.asl"": 34, ""role_mainplot_role161.asl"": 34, ""role_mainplot_role162.asl"": 34, ""role_mainplot_role163.asl"": 34, ""role_mainplot_role164.asl"": 34, ""role_mainplot_role165.asl"": 34, ""role_mainplot_role166.asl"": 34, ""role_mainplot_role167.asl"": 34, ""role_mainplot_role168.asl"": 34, ""role_mainplot_role169.asl"": 34, ""role_mainplot_role170.asl"": 34, ""role_mainplot_role171.asl"": 34, ""role_mainplot_role172.asl"": 34, ""role_mainplot_role173.asl"": 34, ""role_mainplot_role174.asl"": 34, ""role_mainplot_role175.asl"": 34, ""role_mainplot_role176.asl"": 34, ""role_mainplot_role177.asl"": 34, ""role_mainplot_role178.asl"": 34, ""role_mainplot_role179.asl"": 34, ""role_mainplot_role180.asl"": 34, ""role_mainplot_role181.asl"": 34, ""role_mainplot_role182.asl"": 34, ""role_mainplot_role183.asl"": 34, ""role_mainplot_role184.asl"": 34, ""role_mainplot_role185.asl"": 34, ""role_mainplot_role186.asl"": 34, ""role_mainplot_role187.asl"": 34, ""role_mainplot_role188.asl"": 34, ""role_mainplot_role189.asl"": 34, ""role_mainplot_role190.asl"": 34, ""role_mainplot_role191.asl"": 34, ""role_mainplot_role192.asl"": 34, ""role_mainplot_role193.asl"": 34, ""role_mainplot_role194.asl"": 34, ""role_mainplot_role195.asl"": 34, ""role_mainplot_role196.asl"": 34, ""role_mainplot_role197.asl"": 34, ""role_mainplot_role198.asl"": 34, ""role_mainplot_role199.asl"": 34}",2.045019607843137,0.320530384000449,0.0026879550005105557,11.297314643859863,True,1,0
grid_phases_roles,156,Linux 7.2.3-arch1-2,x86_64,24,30.44,3.14.7,10,10,5,2,2,1,2,200,10,0,0,42,6375,232144,203,13037,"{""playbook_playbook0.asl"": 26, ""playbook_playbook1.asl"": 26, ""director_mainplot.asl"": 6185, ""role_mainplot_role0.asl"": 34, ""role_mainplot_role1.asl"": 34, ""role_mainplot_role2.asl"": 34, ""role_mainplot_role3.asl"": 34, ""role_mainplot_role4.asl"": 34, ""role_mainplot_role5.asl"": 34, ""role_mainplot_role6.asl"": 34, ""role_mainplot_role7.asl"": 34, ""role_mainplot_role8.asl"": 34, ""role_mainplot_role9.asl"": 34, ""role_mainplot_role10.asl"": 34, ""role_mainplot_role11.asl"": 34, ""role_mainplot_role12.asl"": 34, ""role_mainplot_role13.asl"": 34, ""role_mainplot_role14.asl"": 34, ""role_mainplot_role15.asl"": 34, ""role_mainplot_role16.asl"": 34, ""role_mainplot_role17.asl"": 34, ""role_mainplot_role18.asl"": 34, ""role_mainplot_role19.asl"": 34, ""role_mainplot_role20.asl"": 34, ""role_mainplot_role21.asl"": 34, ""role_mainplot_role22.asl"": 34, ""role_mainplot_role23.asl"": 34, ""role_mainplot_role24.asl"": 34, ""role_mainplot_role25.asl"": 34, ""role_mainplot_role26.asl"": 34, ""role_mainplot_role27.asl"": 34, ""role_mainplot_role28.asl"": 34, ""role_mainplot_role29.asl"": 34, ""role_mainplot_role30.asl"": 34, ""role_mainplot_role31.asl"": 34, ""role_mainplot_role32.asl"": 34, ""role_mainplot_role33.asl"": 34, ""role_mainplot_role34.asl"": 34, ""role_mainplot_role35.asl"": 34, ""role_mainplot_role36.asl"": 34, ""role_mainplot_role37.asl"": 34, ""role_mainplot_role38.asl"": 34, ""role_mainplot_role39.asl"": 34, ""role_mainplot_role40.asl"": 34, ""role_mainplot_role41.asl"": 34, ""role_mainplot_role42.asl"": 34, ""role_mainplot_role43.asl"": 34, ""role_mainplot_role44.asl"": 34, ""role_mainplot_role45.asl"": 34, ""role_mainplot_role46.asl"": 34, ""role_mainplot_role47.asl"": 34, ""role_mainplot_role48.asl"": 34, ""role_mainplot_role49.asl"": 34, ""role_mainplot_role50.asl"": 34, ""role_mainplot_role51.asl"": 34, ""role_mainplot_role52.asl"": 34, ""role_mainplot_role53.asl"": 34, ""role_mainplot_role54.asl"": 34, ""role_mainplot_role55.asl"": 34, ""role_mainplot_role56.asl"": 34, ""role_mainplot_role57.asl"": 34, ""role_mainplot_role58.asl"": 34, ""role_mainplot_role59.asl"": 34, ""role_mainplot_role60.asl"": 34, ""role_mainplot_role61.asl"": 34, ""role_mainplot_role62.asl"": 34, ""role_mainplot_role63.asl"": 34, ""role_mainplot_role64.asl"": 34, ""role_mainplot_role65.asl"": 34, ""role_mainplot_role66.asl"": 34, ""role_mainplot_role67.asl"": 34, ""role_mainplot_role68.asl"": 34, ""role_mainplot_role69.asl"": 34, ""role_mainplot_role70.asl"": 34, ""role_mainplot_role71.asl"": 34, ""role_mainplot_role72.asl"": 34, ""role_mainplot_role73.asl"": 34, ""role_mainplot_role74.asl"": 34, ""role_mainplot_role75.asl"": 34, ""role_mainplot_role76.asl"": 34, ""role_mainplot_role77.asl"": 34, ""role_mainplot_role78.asl"": 34, ""role_mainplot_role79.asl"": 34, ""role_mainplot_role80.asl"": 34, ""role_mainplot_role81.asl"": 34, ""role_mainplot_role82.asl"": 34, ""role_mainplot_role83.asl"": 34, ""role_mainplot_role84.asl"": 34, ""role_mainplot_role85.asl"": 34, ""role_mainplot_role86.asl"": 34, ""role_mainplot_role87.asl"": 34, ""role_mainplot_role88.asl"": 34, ""role_mainplot_role89.asl"": 34, ""role_mainplot_role90.asl"": 34, ""role_mainplot_role91.asl"": 34, ""role_mainplot_role92.asl"": 34, ""role_mainplot_role93.asl"": 34, ""role_mainplot_role94.asl"": 34, ""role_mainplot_role95.asl"": 34, ""role_mainplot_role96.asl"": 34, ""role_mainplot_role97.asl"": 34, ""role_mainplot_role98.asl"": 34, ""role_mainplot_role99.asl"": 34, ""role_mainplot_role100.asl"": 34, ""role_mainplot_role101.asl"": 34, ""role_mainplot_role102.asl"": 34, ""role_mainplot_role103.asl"": 34, ""role_mainplot_role104.asl"": 34, ""role_mainplot_role105.asl"": 34, ""role_mainplot_role106.asl"": 34, ""role_mainplot_role107.asl"": 34, ""role_mainplot_role108.asl"": 34, ""role_mainplot_role109.asl"": 34, ""role_mainplot_role110.asl"": 34, ""role_mainplot_role111.asl"": 34, ""role_mainplot_role112.asl"": 34, ""role_mainplot_role113.asl"": 34, ""role_mainplot_role114.asl"": 34, ""role_mainplot_role115.asl"": 34, ""role_mainplot_role116.asl"": 34, ""role_mainplot_role117.asl"": 34, ""role_mainplot_role118.asl"": 34, ""role_mainplot_role119.asl"": 34, ""role_mainplot_role120.asl"": 34, ""role_mainplot_role121.asl"": 34, ""role_mainplot_role122.asl"": 34, ""role_mainplot_role123.asl"": 34, ""role_mainplot_role124.asl"": 34, ""role_mainplot_role125.asl"": 34, ""role_mainplot_role126.asl"": 34, ""role_mainplot_role127.asl"": 34, ""role_mainplot_role128.asl"": 34, ""role_mainplot_role129.asl"": 34, ""role_mainplot_role130.asl"": 34, ""role_mainplot_role131.asl"": 34, ""role_mainplot_role132.asl"": 34, ""role_mainplot_role133.asl"": 34, ""role_mainplot_role134.asl"": 34, ""role_mainplot_role135.asl"": 34, ""role_mainplot_role136.asl"": 34, ""role_mainplot_role137.asl"": 34, ""role_mainplot_role138.asl"": 34, ""role_mainplot_role139.asl"": 34, ""role_mainplot_role140.asl"": 34, ""role_mainplot_role141.asl"": 34, ""role_mainplot_role142.asl"": 34, ""role_mainplot_role143.asl"": 34, ""role_mainplot_role144.asl"": 34, ""role_mainplot_role145.asl"": 34, ""role_mainplot_role146.asl"": 34, ""role_mainplot_role147.asl"": 34, ""role_mainplot_role148.asl"": 34, ""role_mainplot_role149.asl"": 34, ""role_mainplot_role150.asl"": 34, ""role_mainplot_role151.asl"": 34, ""role_mainplot_role152.asl"": 34, ""role_mainplot_role153.asl"": 34, ""role_mainplot_role154.asl"": 34, ""role_mainplot_role155.asl"": 34, ""role_mainplot_role156.asl"": 34, ""role_mainplot_role157.asl"": 34, ""role_mainplot_role158.asl"": 34, ""role_mainplot_role159.asl"": 34, ""role_mainplot_role160.asl"": 34, ""role_mainplot_role161.asl"": 34, ""role_mainplot_role162.asl"": 34, ""role_mainplot_role163.asl"": 34, ""role_mainplot_role164.asl"": 34, ""role_mainplot_role165.asl"": 34, ""role_mainplot_role166.asl"": 34, ""role_mainplot_role167.asl"": 34, ""role_mainplot_role168.asl"": 34, ""role_mainplot_role169.asl"": 34, ""role_mainplot_role170.asl"": 34, ""role_mainplot_role171.asl"": 34, ""role_mainplot_role172.asl"": 34, ""role_mainplot_role173.asl"": 34, ""role_mainplot_role174.asl"": 34, ""role_mainplot_role175.asl"": 34, ""role_mainplot_role176.asl"": 34, ""role_mainplot_role177.asl"": 34, ""role_mainplot_role178.asl"": 34, ""role_mainplot_role179.asl"": 34, ""role_mainplot_role180.asl"": 34, ""role_mainplot_role181.asl"": 34, ""role_mainplot_role182.asl"": 34, ""role_mainplot_role183.asl"": 34, ""role_mainplot_role184.asl"": 34, ""role_mainplot_role185.asl"": 34, ""role_mainplot_role186.asl"": 34, ""role_mainplot_role187.asl"": 34, ""role_mainplot_role188.asl"": 34, ""role_mainplot_role189.asl"": 34, ""role_mainplot_role190.asl"": 34, ""role_mainplot_role191.asl"": 34, ""role_mainplot_role192.asl"": 34, ""role_mainplot_role193.asl"": 34, ""role_mainplot_role194.asl"": 34, ""role_mainplot_role195.asl"": 34, ""role_mainplot_role196.asl"": 34, ""role_mainplot_role197.asl"": 34, ""role_mainplot_role198.asl"": 34, ""role_mainplot_role199.asl"": 34}",2.045019607843137,0.32204343199919094,0.002704255000935518,11.297314643859863,True,1,0
grid_phases_roles,157,Linux 7.2.3-arch1-2,x86_64,24,30.44,3.14.7,10,10,5,2,2,1,2,200,10,0,0,42,6375,232144,203,13037,"{""playbook_playbook0.asl"": 26, ""playbook_playbook1.asl"": 26, ""director_mainplot.asl"": 6185, ""role_mainplot_role0.asl"": 34, ""role_mainplot_role1.asl"": 34, ""role_mainplot_role2.asl"": 34, ""role_mainplot_role3.asl"": 34, ""role_mainplot_role4.asl"": 34, ""role_mainplot_role5.asl"": 34, ""role_mainplot_role6.asl"": 34, ""role_mainplot_role7.asl"": 34, ""role_mainplot_role8.asl"": 34, ""role_mainplot_role9.asl"": 34, ""role_mainplot_role10.asl"": 34, ""role_mainplot_role11.asl"": 34, ""role_mainplot_role12.asl"": 34, ""role_mainplot_role13.asl"": 34, ""role_mainplot_role14.asl"": 34, ""role_mainplot_role15.asl"": 34, ""role_mainplot_role16.asl"": 34, ""role_mainplot_role17.asl"": 34, ""role_mainplot_role18.asl"": 34, ""role_mainplot_role19.asl"": 34, ""role_mainplot_role20.asl"": 34, ""role_mainplot_role21.asl"": 34, ""role_mainplot_role22.asl"": 34, ""role_mainplot_role23.asl"": 34, ""role_mainplot_role24.asl"": 34, ""role_mainplot_role25.asl"": 34, ""role_mainplot_role26.asl"": 34, ""role_mainplot_role27.asl"": 34, ""role_mainplot_role28.asl"": 34, ""role_mainplot_role29.asl"": 34, ""role_mainplot_role30.asl"": 34, ""role_mainplot_role31.asl"": 34, ""role_mainplot_role32.asl"": 34, ""role_mainplot_role33.asl"": 34, ""role_mainplot_role34.asl"": 34, ""role_mainplot_role35.asl"": 34, ""role_mainplot_role36.asl"": 34, ""role_mainplot_role37.asl"": 34, ""role_mainplot_role38.asl"": 34, ""role_mainplot_role39.asl"": 34, ""role_mainplot_role40.asl"": 34, ""role_mainplot_role41.asl"": 34, ""role_mainplot_role42.asl"": 34, ""role_mainplot_role43.asl"": 34, ""role_mainplot_role44.asl"": 34, ""role_mainplot_role45.asl"": 34, ""role_mainplot_role46.asl"": 34, ""role_mainplot_role47.asl"": 34, ""role_mainplot_role48.asl"": 34, ""role_mainplot_role49.asl"": 34, ""role_mainplot_role50.asl"": 34, ""role_mainplot_role51.asl"": 34, ""role_mainplot_role52.asl"": 34, ""role_mainplot_role53.asl"": 34, ""role_mainplot_role54.asl"": 34, ""role_mainplot_role55.asl"": 34, ""role_mainplot_role56.asl"": 34, ""role_mainplot_role57.asl"": 34, ""role_mainplot_role58.asl"": 34, ""role_mainplot_role59.asl"": 34, ""role_mainplot_role60.asl"": 34, ""role_mainplot_role61.asl"": 34, ""role_mainplot_role62.asl"": 34, ""role_mainplot_role63.asl"": 34, ""role_mainplot_role64.asl"": 34, ""role_mainplot_role65.asl"": 34, ""role_mainplot_role66.asl"": 34, ""role_mainplot_role67.asl"": 34, ""role_mainplot_role68.asl"": 34, ""role_mainplot_role69.asl"": 34, ""role_mainplot_role70.asl"": 34, ""role_mainplot_role71.asl"": 34, ""role_mainplot_role72.asl"": 34, ""role_mainplot_role73.asl"": 34, ""role_mainplot_role74.asl"": 34, ""role_mainplot_role75.asl"": 34, ""role_mainplot_role76.asl"": 34, ""role_mainplot_role77.asl"": 34, ""role_mainplot_role78.asl"": 34, ""role_mainplot_role79.asl"": 34, ""role_mainplot_role80.asl"": 34, ""role_mainplot_role81.asl"": 34, ""role_mainplot_role82.asl"": 34, ""role_mainplot_role83.asl"": 34, ""role_mainplot_role84.asl"": 34, ""role_mainplot_role85.asl"": 34, ""role_mainplot_role86.asl"": 34, ""role_mainplot_role87.asl"": 34, ""role_mainplot_role88.asl"": 34, ""role_mainplot_role89.asl"": 34, ""role_mainplot_role90.asl"": 34, ""role_mainplot_role91.asl"": 34, ""role_mainplot_role92.asl"": 34, ""role_mainplot_role93.asl"": 34, ""role_mainplot_role94.asl"": 34, ""role_mainplot_role95.asl"": 34, ""role_mainplot_role96.asl"": 34, ""role_mainplot_role97.asl"": 34, ""role_mainplot_role98.asl"": 34, ""role_mainplot_role99.asl"": 34, ""role_mainplot_role100.asl"": 34, ""role_mainplot_role101.asl"": 34, ""role_mainplot_role102.asl"": 34, ""role_mainplot_role103.asl"": 34, ""role_mainplot_role104.asl"": 34, ""role_mainplot_role105.asl"": 34, ""role_mainplot_role106.asl"": 34, ""role_mainplot_role107.asl"": 34, ""role_mainplot_role108.asl"": 34, ""role_mainplot_role109.asl"": 34, ""role_mainplot_role110.asl"": 34, ""role_mainplot_role111.asl"": 34, ""role_mainplot_role112.asl"": 34, ""role_mainplot_role113.asl"": 34, ""role_mainplot_role114.asl"": 34, ""role_mainplot_role115.asl"": 34, ""role_mainplot_role116.asl"": 34, ""role_mainplot_role117.asl"": 34, ""role_mainplot_role118.asl"": 34, ""role_mainplot_role119.asl"": 34, ""role_mainplot_role120.asl"": 34, ""role_mainplot_role121.asl"": 34, ""role_mainplot_role122.asl"": 34, ""role_mainplot_role123.asl"": 34, ""role_mainplot_role124.asl"": 34, ""role_mainplot_role125.asl"": 34, ""role_mainplot_role126.asl"": 34, ""role_mainplot_role127.asl"": 34, ""role_mainplot_role128.asl"": 34, ""role_mainplot_role129.asl"": 34, ""role_mainplot_role130.asl"": 34, ""role_mainplot_role131.asl"": 34, ""role_mainplot_role132.asl"": 34, ""role_mainplot_role133.asl"": 34, ""role_mainplot_role134.asl"": 34, ""role_mainplot_role135.asl"": 34, ""role_mainplot_role136.asl"": 34, ""role_mainplot_role137.asl"": 34, ""role_mainplot_role138.asl"": 34, ""role_mainplot_role139.asl"": 34, ""role_mainplot_role140.asl"": 34, ""role_mainplot_role141.asl"": 34, ""role_mainplot_role142.asl"": 34, ""role_mainplot_role143.asl"": 34, ""role_mainplot_role144.asl"": 34, ""role_mainplot_role145.asl"": 34, ""role_mainplot_role146.asl"": 34, ""role_mainplot_role147.asl"": 34, ""role_mainplot_role148.asl"": 34, ""role_mainplot_role149.asl"": 34, ""role_mainplot_role150.asl"": 34, ""role_mainplot_role151.asl"": 34, ""role_mainplot_role152.asl"": 34, ""role_mainplot_role153.asl"": 34, ""role_mainplot_role154.asl"": 34, ""role_mainplot_role155.asl"": 34, ""role_mainplot_role156.asl"": 34, ""role_mainplot_role157.asl"": 34, ""role_mainplot_role158.asl"": 34, ""role_mainplot_role159.asl"": 34, ""role_mainplot_role160.asl"": 34, ""role_mainplot_role161.asl"": 34, ""role_mainplot_role162.asl"": 34, ""role_mainplot_role163.asl"": 34, ""role_mainplot_role164.asl"": 34, ""role_mainplot_role165.asl"": 34, ""role_mainplot_role166.asl"": 34, ""role_mainplot_role167.asl"": 34, ""role_mainplot_role168.asl"": 34, ""role_mainplot_role169.asl"": 34, ""role_mainplot_role170.asl"": 34, ""role_mainplot_role171.asl"": 34, ""role_mainplot_role172.asl"": 34, ""role_mainplot_role173.asl"": 34, ""role_mainplot_role174.asl"": 34, ""role_mainplot_role175.asl"": 34, ""role_mainplot_role176.asl"": 34, ""role_mainplot_role177.asl"": 34, ""role_mainplot_role178.asl"": 34, ""role_mainplot_role179.asl"": 34, ""role_mainplot_role180.asl"": 34, ""role_mainplot_role181.asl"": 34, ""role_mainplot_role182.asl"": 34, ""role_mainplot_role183.asl"": 34, ""role_mainplot_role184.asl"": 34, ""role_mainplot_role185.asl"": 34, ""role_mainplot_role186.asl"": 34, ""role_mainplot_role187.asl"": 34, ""role_mainplot_role188.asl"": 34, ""role_mainplot_role189.asl"": 34, ""role_mainplot_role190.asl"": 34, ""role_mainplot_role191.asl"": 34, ""role_mainplot_role192.asl"": 34, ""role_mainplot_role193.asl"": 34, ""role_mainplot_role194.asl"": 34, ""role_mainplot_role195.asl"": 34, ""role_mainplot_role196.asl"": 34, ""role_mainplot_role197.asl"": 34, ""role_mainplot_role198.asl"": 34, ""role_mainplot_role199.asl"": 34}",2.045019607843137,0.37145476499972574,0.002684305000002496,11.299176216125488,True,1,0
grid_phases_roles,158,Linux 7.2.3-arch1-2,x86_64,24,30.44,3.14.7,10,10,5,2,2,1,2,200,10,0,0,42,6375,232144,203,13037,"{""playbook_playbook0.asl"": 26, ""playbook_playbook1.asl"": 26, ""director_mainplot.asl"": 6185, ""role_mainplot_role0.asl"": 34, ""role_mainplot_role1.asl"": 34, ""role_mainplot_role2.asl"": 34, ""role_mainplot_role3.asl"": 34, ""role_mainplot_role4.asl"": 34, ""role_mainplot_role5.asl"": 34, ""role_mainplot_role6.asl"": 34, ""role_mainplot_role7.asl"": 34, ""role_mainplot_role8.asl"": 34, ""role_mainplot_role9.asl"": 34, ""role_mainplot_role10.asl"": 34, ""role_mainplot_role11.asl"": 34, ""role_mainplot_role12.asl"": 34, ""role_mainplot_role13.asl"": 34, ""role_mainplot_role14.asl"": 34, ""role_mainplot_role15.asl"": 34, ""role_mainplot_role16.asl"": 34, ""role_mainplot_role17.asl"": 34, ""role_mainplot_role18.asl"": 34, ""role_mainplot_role19.asl"": 34, ""role_mainplot_role20.asl"": 34, ""role_mainplot_role21.asl"": 34, ""role_mainplot_role22.asl"": 34, ""role_mainplot_role23.asl"": 34, ""role_mainplot_role24.asl"": 34, ""role_mainplot_role25.asl"": 34, ""role_mainplot_role26.asl"": 34, ""role_mainplot_role27.asl"": 34, ""role_mainplot_role28.asl"": 34, ""role_mainplot_role29.asl"": 34, ""role_mainplot_role30.asl"": 34, ""role_mainplot_role31.asl"": 34, ""role_mainplot_role32.asl"": 34, ""role_mainplot_role33.asl"": 34, ""role_mainplot_role34.asl"": 34, ""role_mainplot_role35.asl"": 34, ""role_mainplot_role36.asl"": 34, ""role_mainplot_role37.asl"": 34, ""role_mainplot_role38.asl"": 34, ""role_mainplot_role39.asl"": 34, ""role_mainplot_role40.asl"": 34, ""role_mainplot_role41.asl"": 34, ""role_mainplot_role42.asl"": 34, ""role_mainplot_role43.asl"": 34, ""role_mainplot_role44.asl"": 34, ""role_mainplot_role45.asl"": 34, ""role_mainplot_role46.asl"": 34, ""role_mainplot_role47.asl"": 34, ""role_mainplot_role48.asl"": 34, ""role_mainplot_role49.asl"": 34, ""role_mainplot_role50.asl"": 34, ""role_mainplot_role51.asl"": 34, ""role_mainplot_role52.asl"": 34, ""role_mainplot_role53.asl"": 34, ""role_mainplot_role54.asl"": 34, ""role_mainplot_role55.asl"": 34, ""role_mainplot_role56.asl"": 34, ""role_mainplot_role57.asl"": 34, ""role_mainplot_role58.asl"": 34, ""role_mainplot_role59.asl"": 34, ""role_mainplot_role60.asl"": 34, ""role_mainplot_role61.asl"": 34, ""role_mainplot_role62.asl"": 34, ""role_mainplot_role63.asl"": 34, ""role_mainplot_role64.asl"": 34, ""role_mainplot_role65.asl"": 34, ""role_mainplot_role66.asl"": 34, ""role_mainplot_role67.asl"": 34, ""role_mainplot_role68.asl"": 34, ""role_mainplot_role69.asl"": 34, ""role_mainplot_role70.asl"": 34, ""role_mainplot_role71.asl"": 34, ""role_mainplot_role72.asl"": 34, ""role_mainplot_role73.asl"": 34, ""role_mainplot_role74.asl"": 34, ""role_mainplot_role75.asl"": 34, ""role_mainplot_role76.asl"": 34, ""role_mainplot_role77.asl"": 34, ""role_mainplot_role78.asl"": 34, ""role_mainplot_role79.asl"": 34, ""role_mainplot_role80.asl"": 34, ""role_mainplot_role81.asl"": 34, ""role_mainplot_role82.asl"": 34, ""role_mainplot_role83.asl"": 34, ""role_mainplot_role84.asl"": 34, ""role_mainplot_role85.asl"": 34, ""role_mainplot_role86.asl"": 34, ""role_mainplot_role87.asl"": 34, ""role_mainplot_role88.asl"": 34, ""role_mainplot_role89.asl"": 34, ""role_mainplot_role90.asl"": 34, ""role_mainplot_role91.asl"": 34, ""role_mainplot_role92.asl"": 34, ""role_mainplot_role93.asl"": 34, ""role_mainplot_role94.asl"": 34, ""role_mainplot_role95.asl"": 34, ""role_mainplot_role96.asl"": 34, ""role_mainplot_role97.asl"": 34, ""role_mainplot_role98.asl"": 34, ""role_mainplot_role99.asl"": 34, ""role_mainplot_role100.asl"": 34, ""role_mainplot_role101.asl"": 34, ""role_mainplot_role102.asl"": 34, ""role_mainplot_role103.asl"": 34, ""role_mainplot_role104.asl"": 34, ""role_mainplot_role105.asl"": 34, ""role_mainplot_role106.asl"": 34, ""role_mainplot_role107.asl"": 34, ""role_mainplot_role108.asl"": 34, ""role_mainplot_role109.asl"": 34, ""role_mainplot_role110.asl"": 34, ""role_mainplot_role111.asl"": 34, ""role_mainplot_role112.asl"": 34, ""role_mainplot_role113.asl"": 34, ""role_mainplot_role114.asl"": 34, ""role_mainplot_role115.asl"": 34, ""role_mainplot_role116.asl"": 34, ""role_mainplot_role117.asl"": 34, ""role_mainplot_role118.asl"": 34, ""role_mainplot_role119.asl"": 34, ""role_mainplot_role120.asl"": 34, ""role_mainplot_role121.asl"": 34, ""role_mainplot_role122.asl"": 34, ""role_mainplot_role123.asl"": 34, ""role_mainplot_role124.asl"": 34, ""role_mainplot_role125.asl"": 34, ""role_mainplot_role126.asl"": 34, ""role_mainplot_role127.asl"": 34, ""role_mainplot_role128.asl"": 34, ""role_mainplot_role129.asl"": 34, ""role_mainplot_role130.asl"": 34, ""role_mainplot_role131.asl"": 34, ""role_mainplot_role132.asl"": 34, ""role_mainplot_role133.asl"": 34, ""role_mainplot_role134.asl"": 34, ""role_mainplot_role135.asl"": 34, ""role_mainplot_role136.asl"": 34, ""role_mainplot_role137.asl"": 34, ""role_mainplot_role138.asl"": 34, ""role_mainplot_role139.asl"": 34, ""role_mainplot_role140.asl"": 34, ""role_mainplot_role141.asl"": 34, ""role_mainplot_role142.asl"": 34, ""role_mainplot_role143.asl"": 34, ""role_mainplot_role144.asl"": 34, ""role_mainplot_role145.asl"": 34, ""role_mainplot_role146.asl"": 34, ""role_mainplot_role147.asl"": 34, ""role_mainplot_role148.asl"": 34, ""role_mainplot_role149.asl"": 34, ""role_mainplot_role150.asl"": 34, ""role_mainplot_role151.asl"": 34, ""role_mainplot_role152.asl"": 34, ""role_mainplot_role153.asl"": 34, ""role_mainplot_role154.asl"": 34, ""role_mainplot_role155.asl"": 34, ""role_mainplot_role156.asl"": 34, ""role_mainplot_role157.asl"": 34, ""role_mainplot_role158.asl"": 34, ""role_mainplot_role159.asl"": 34, ""role_mainplot_role160.asl"": 34, ""role_mainplot_role161.asl"": 34, ""role_mainplot_role162.asl"": 34, ""role_mainplot_role163.asl"": 34, ""role_mainplot_role164.asl"": 34, ""role_mainplot_role165.asl"": 34, ""role_mainplot_role166.asl"": 34, ""role_mainplot_role167.asl"": 34, ""role_mainplot_role168.asl"": 34, ""role_mainplot_role169.asl"": 34, ""role_mainplot_role170.asl"": 34, ""role_mainplot_role171.asl"": 34, ""role_mainplot_role172.asl"": 34, ""role_mainplot_role173.asl"": 34, ""role_mainplot_role174.asl"": 34, ""role_mainplot_role175.asl"": 34, ""role_mainplot_role176.asl"": 34, ""role_mainplot_role177.asl"": 34, ""role_mainplot_role178.asl"": 34, ""role_mainplot_role179.asl"": 34, ""role_mainplot_role180.asl"": 34, ""role_mainplot_role181.asl"": 34, ""role_mainplot_role182.asl"": 34, ""role_mainplot_role183.asl"": 34, ""role_mainplot_role184.asl"": 34, ""role_mainplot_role185.asl"": 34, ""role_mainplot_role186.asl"": 34, ""role_mainplot_role187.asl"": 34, ""role_mainplot_role188.asl"": 34, ""role_mainplot_role189.asl"": 34, ""role_mainplot_role190.asl"": 34, ""role_mainplot_role191.asl"": 34, ""role_mainplot_role192.asl"": 34, ""role_mainplot_role193.asl"": 34, ""role_mainplot_role194.asl"": 34, ""role_mainplot_role195.asl"": 34, ""role_mainplot_role196.asl"": 34, ""role_mainplot_role197.asl"": 34, ""role_mainplot_role198.asl"": 34, ""role_mainplot_role199.asl"": 34}",2.045019607843137,0.31566950299929886,0.002725925000049756,11.297314643859863,True,1,0
grid_phases_roles,159,Linux 7.2.3-arch1-2,x86_64,24,30.44,3.14.7,10,10,5,2,2,1,2,200,10,0,0,42,6375,232144,203,13037,"{""playbook_playbook0.asl"": 26, ""playbook_playbook1.asl"": 26, ""director_mainplot.asl"": 6185, ""role_mainplot_role0.asl"": 34, ""role_mainplot_role1.asl"": 34, ""role_mainplot_role2.asl"": 34, ""role_mainplot_role3.asl"": 34, ""role_mainplot_role4.asl"": 34, ""role_mainplot_role5.asl"": 34, ""role_mainplot_role6.asl"": 34, ""role_mainplot_role7.asl"": 34, ""role_mainplot_role8.asl"": 34, ""role_mainplot_role9.asl"": 34, ""role_mainplot_role10.asl"": 34, ""role_mainplot_role11.asl"": 34, ""role_mainplot_role12.asl"": 34, ""role_mainplot_role13.asl"": 34, ""role_mainplot_role14.asl"": 34, ""role_mainplot_role15.asl"": 34, ""role_mainplot_role16.asl"": 34, ""role_mainplot_role17.asl"": 34, ""role_mainplot_role18.asl"": 34, ""role_mainplot_role19.asl"": 34, ""role_mainplot_role20.asl"": 34, ""role_mainplot_role21.asl"": 34, ""role_mainplot_role22.asl"": 34, ""role_mainplot_role23.asl"": 34, ""role_mainplot_role24.asl"": 34, ""role_mainplot_role25.asl"": 34, ""role_mainplot_role26.asl"": 34, ""role_mainplot_role27.asl"": 34, ""role_mainplot_role28.asl"": 34, ""role_mainplot_role29.asl"": 34, ""role_mainplot_role30.asl"": 34, ""role_mainplot_role31.asl"": 34, ""role_mainplot_role32.asl"": 34, ""role_mainplot_role33.asl"": 34, ""role_mainplot_role34.asl"": 34, ""role_mainplot_role35.asl"": 34, ""role_mainplot_role36.asl"": 34, ""role_mainplot_role37.asl"": 34, ""role_mainplot_role38.asl"": 34, ""role_mainplot_role39.asl"": 34, ""role_mainplot_role40.asl"": 34, ""role_mainplot_role41.asl"": 34, ""role_mainplot_role42.asl"": 34, ""role_mainplot_role43.asl"": 34, ""role_mainplot_role44.asl"": 34, ""role_mainplot_role45.asl"": 34, ""role_mainplot_role46.asl"": 34, ""role_mainplot_role47.asl"": 34, ""role_mainplot_role48.asl"": 34, ""role_mainplot_role49.asl"": 34, ""role_mainplot_role50.asl"": 34, ""role_mainplot_role51.asl"": 34, ""role_mainplot_role52.asl"": 34, ""role_mainplot_role53.asl"": 34, ""role_mainplot_role54.asl"": 34, ""role_mainplot_role55.asl"": 34, ""role_mainplot_role56.asl"": 34, ""role_mainplot_role57.asl"": 34, ""role_mainplot_role58.asl"": 34, ""role_mainplot_role59.asl"": 34, ""role_mainplot_role60.asl"": 34, ""role_mainplot_role61.asl"": 34, ""role_mainplot_role62.asl"": 34, ""role_mainplot_role63.asl"": 34, ""role_mainplot_role64.asl"": 34, ""role_mainplot_role65.asl"": 34, ""role_mainplot_role66.asl"": 34, ""role_mainplot_role67.asl"": 34, ""role_mainplot_role68.asl"": 34, ""role_mainplot_role69.asl"": 34, ""role_mainplot_role70.asl"": 34, ""role_mainplot_role71.asl"": 34, ""role_mainplot_role72.asl"": 34, ""role_mainplot_role73.asl"": 34, ""role_mainplot_role74.asl"": 34, ""role_mainplot_role75.asl"": 34, ""role_mainplot_role76.asl"": 34, ""role_mainplot_role77.asl"": 34, ""role_mainplot_role78.asl"": 34, ""role_mainplot_role79.asl"": 34, ""role_mainplot_role80.asl"": 34, ""role_mainplot_role81.asl"": 34, ""role_mainplot_role82.asl"": 34, ""role_mainplot_role83.asl"": 34, ""role_mainplot_role84.asl"": 34, ""role_mainplot_role85.asl"": 34, ""role_mainplot_role86.asl"": 34, ""role_mainplot_role87.asl"": 34, ""role_mainplot_role88.asl"": 34, ""role_mainplot_role89.asl"": 34, ""role_mainplot_role90.asl"": 34, ""role_mainplot_role91.asl"": 34, ""role_mainplot_role92.asl"": 34, ""role_mainplot_role93.asl"": 34, ""role_mainplot_role94.asl"": 34, ""role_mainplot_role95.asl"": 34, ""role_mainplot_role96.asl"": 34, ""role_mainplot_role97.asl"": 34, ""role_mainplot_role98.asl"": 34, ""role_mainplot_role99.asl"": 34, ""role_mainplot_role100.asl"": 34, ""role_mainplot_role101.asl"": 34, ""role_mainplot_role102.asl"": 34, ""role_mainplot_role103.asl"": 34, ""role_mainplot_role104.asl"": 34, ""role_mainplot_role105.asl"": 34, ""role_mainplot_role106.asl"": 34, ""role_mainplot_role107.asl"": 34, ""role_mainplot_role108.asl"": 34, ""role_mainplot_role109.asl"": 34, ""role_mainplot_role110.asl"": 34, ""role_mainplot_role111.asl"": 34, ""role_mainplot_role112.asl"": 34, ""role_mainplot_role113.asl"": 34, ""role_mainplot_role114.asl"": 34, ""role_mainplot_role115.asl"": 34, ""role_mainplot_role116.asl"": 34, ""role_mainplot_role117.asl"": 34, ""role_mainplot_role118.asl"": 34, ""role_mainplot_role119.asl"": 34, ""role_mainplot_role120.asl"": 34, ""role_mainplot_role121.asl"": 34, ""role_mainplot_role122.asl"": 34, ""role_mainplot_role123.asl"": 34, ""role_mainplot_role124.asl"": 34, ""role_mainplot_role125.asl"": 34, ""role_mainplot_role126.asl"": 34, ""role_mainplot_role127.asl"": 34, ""role_mainplot_role128.asl"": 34, ""role_mainplot_role129.asl"": 34, ""role_mainplot_role130.asl"": 34, ""role_mainplot_role131.asl"": 34, ""role_mainplot_role132.asl"": 34, ""role_mainplot_role133.asl"": 34, ""role_mainplot_role134.asl"": 34, ""role_mainplot_role135.asl"": 34, ""role_mainplot_role136.asl"": 34, ""role_mainplot_role137.asl"": 34, ""role_mainplot_role138.asl"": 34, ""role_mainplot_role139.asl"": 34, ""role_mainplot_role140.asl"": 34, ""role_mainplot_role141.asl"": 34, ""role_mainplot_role142.asl"": 34, ""role_mainplot_role143.asl"": 34, ""role_mainplot_role144.asl"": 34, ""role_mainplot_role145.asl"": 34, ""role_mainplot_role146.asl"": 34, ""role_mainplot_role147.asl"": 34, ""role_mainplot_role148.asl"": 34, ""role_mainplot_role149.asl"": 34, ""role_mainplot_role150.asl"": 34, ""role_mainplot_role151.asl"": 34, ""role_mainplot_role152.asl"": 34, ""role_mainplot_role153.asl"": 34, ""role_mainplot_role154.asl"": 34, ""role_mainplot_role155.asl"": 34, ""role_mainplot_role156.asl"": 34, ""role_mainplot_role157.asl"": 34, ""role_mainplot_role158.asl"": 34, ""role_mainplot_role159.asl"": 34, ""role_mainplot_role160.asl"": 34, ""role_mainplot_role161.asl"": 34, ""role_mainplot_role162.asl"": 34, ""role_mainplot_role163.asl"": 34, ""role_mainplot_role164.asl"": 34, ""role_mainplot_role165.asl"": 34, ""role_mainplot_role166.asl"": 34, ""role_mainplot_role167.asl"": 34, ""role_mainplot_role168.asl"": 34, ""role_mainplot_role169.asl"": 34, ""role_mainplot_role170.asl"": 34, ""role_mainplot_role171.asl"": 34, ""role_mainplot_role172.asl"": 34, ""role_mainplot_role173.asl"": 34, ""role_mainplot_role174.asl"": 34, ""role_mainplot_role175.asl"": 34, ""role_mainplot_role176.asl"": 34, ""role_mainplot_role177.asl"": 34, ""role_mainplot_role178.asl"": 34, ""role_mainplot_role179.asl"": 34, ""role_mainplot_role180.asl"": 34, ""role_mainplot_role181.asl"": 34, ""role_mainplot_role182.asl"": 34, ""role_mainplot_role183.asl"": 34, ""role_mainplot_role184.asl"": 34, ""role_mainplot_role185.asl"": 34, ""role_mainplot_role186.asl"": 34, ""role_mainplot_role187.asl"": 34, ""role_mainplot_role188.asl"": 34, ""role_mainplot_role189.asl"": 34, ""role_mainplot_role190.asl"": 34, ""role_mainplot_role191.asl"": 34, ""role_mainplot_role192.asl"": 34, ""role_mainplot_role193.asl"": 34, ""role_mainplot_role194.asl"": 34, ""role_mainplot_role195.asl"": 34, ""role_mainplot_role196.asl"": 34, ""role_mainplot_role197.asl"": 34, ""role_mainplot_role198.asl"": 34, ""role_mainplot_role199.asl"": 34}",2.045019607843137,0.3212288529994112,0.002700215000004391,11.297314643859863,True,1,0
grid_phases_roles,160,Linux 7.2.3-arch1-2,x86_64,24,30.44,3.14.7,10,10,5,2,2,1,2,1,20,0,0,42,326,6418,4,391,"{""playbook_playbook0.asl"": 26, ""playbook_playbook1.asl"": 26, ""director_mainplot.asl"": 305, ""role_mainplot_role0.asl"": 34}",1.1993865030674846,0.011089341000115382,8.806000005279202e-05,0.37973976135253906,True,4,0
grid_phases_roles,161,Linux 7.2.3-arch1-2,x86_64,24,30.44,3.14.7,10,10,5,2,2,1,2,1,20,0,0,42,326,6418,4,391,"{""playbook_playbook0.asl"": 26, ""playbook_playbook1.asl"": 26, ""director_mainplot.asl"": 305, ""role_mainplot_role0.asl"": 34}",1.1993865030674846,0.010729531000833958,0.0001003399993351195,0.37973976135253906,True,4,0
grid_phases_roles,162,Linux 7.2.3-arch1-2,x86_64,24,30.44,3.14.7,10,10,5,2,2,1,2,1,20,0,0,42,326,6418,4,391,"{""playbook_playbook0.asl"": 26, ""playbook_playbook1.asl"": 26, ""director_mainplot.asl"": 305, ""role_mainplot_role0.asl"": 34}",1.1993865030674846,0.010734790999777033,9.66099996730918e-05,0.37973976135253906,True,4,0
grid_phases_roles,163,Linux 7.2.3-arch1-2,x86_64,24,30.44,3.14.7,10,10,5,2,2,1,2,1,20,0,0,42,326,6418,4,391,"{""playbook_playbook0.asl"": 26, ""playbook_playbook1.asl"": 26, ""director_mainplot.asl"": 305, ""role_mainplot_role0.asl"": 34}",1.1993865030674846,0.010687341000448214,7.980000009411015e-05,0.37973976135253906,True,4,0
grid_phases_roles,164,Linux 7.2.3-arch1-2,x86_64,24,30.44,3.14.7,10,10,5,2,2,1,2,1,20,0,0,42,326,6418,4,391,"{""playbook_playbook0.asl"": 26, ""playbook_playbook1.asl"": 26, ""director_mainplot.asl"": 305, ""role_mainplot_role0.asl"": 34}",1.1993865030674846,0.01071547100036696,7.910999920568429e-05,0.37973976135253906,True,4,0
grid_phases_roles,165,Linux 7.2.3-arch1-2,x86_64,24,30.44,3.14.7,10,10,5,2,2,1,2,2,20,0,0,42,387,8634,5,485,"{""playbook_playbook0.asl"": 26, ""playbook_playbook1.asl"": 26, ""director_mainplot.asl"": 365, ""role_mainplot_role0.asl"": 34, ""role_mainplot_role1.asl"": 34}",1.2532299741602067,0.013723406000281102,9.882000085781328e-05,0.4893836975097656,True,3,0
grid_phases_roles,166,Linux 7.2.3-arch1-2,x86_64,24,30.44,3.14.7,10,10,5,2,2,1,2,2,20,0,0,42,387,8634,5,485,"{""playbook_playbook0.asl"": 26, ""playbook_playbook1.asl"": 26, ""director_mainplot.asl"": 365, ""role_mainplot_role0.asl"": 34, ""role_mainplot_role1.asl"": 34}",1.2532299741602067,0.013746946000537719,9.318999946117401e-05,0.4893836975097656,True,3,0
grid_phases_roles,167,Linux 7.2.3-arch1-2,x86_64,24,30.44,3.14.7,10,10,5,2,2,1,2,2,20,0,0,42,387,8634,5,485,"{""playbook_playbook0.asl"": 26, ""playbook_playbook1.asl"": 26, ""director_mainplot.asl"": 365, ""role_mainplot_role0.asl"": 34, ""role_mainplot_role1.asl"": 34}",1.2532299741602067,0.013797395999063156,9.322899859398603e-05,0.4893836975097656,True,3,0
grid_phases_roles,168,Linux 7.2.3-arch1-2,x86_64,24,30.44,3.14.7,10,10,5,2,2,1,2,2,20,0,0,42,387,8634,5,485,"{""playbook_playbook0.asl"": 26, ""playbook_playbook1.asl"": 26, ""director_mainplot.asl"": 365, ""role_mainplot_role0.asl"": 34, ""role_mainplot_role1.asl"": 34}",1.2532299741602067,0.01376896599867905,9.309999950346537e-05,0.4893836975097656,True,3,0
grid_phases_roles,169,Linux 7.2.3-arch1-2,x86_64,24,30.44,3.14.7,10,10,5,2,2,1,2,2,20,0,0,42,387,8634,5,485,"{""playbook_playbook0.asl"": 26, ""playbook_playbook1.asl"": 26, ""director_mainplot.asl"": 365, ""role_mainplot_role0.asl"": 34, ""role_mainplot_role1.asl"": 34}",1.2532299741602067,0.013754075000179,9.390000013809185e-05,0.4893836975097656,True,3,0
grid_phases_roles,170,Linux 7.2.3-arch1-2,x86_64,24,30.44,3.14.7,10,10,5,2,2,1,2,5,20,0,0,42,570,15282,8,767,"{""playbook_playbook0.asl"": 26, ""playbook_playbook1.asl"": 26, ""director_mainplot.asl"": 545, ""role_mainplot_role0.asl"": 34, ""role_mainplot_role1.asl"": 34, ""role_mainplot_role2.asl"": 34, ""role_mainplot_role3.asl"": 34, ""role_mainplot_role4.asl"": 34}",1.3456140350877193,0.023159708998718997,0.00013186999967729207,0.8178272247314453,True,3,0
grid_phases_roles,171,Linux 7.2.3-arch1-2,x86_64,24,30.44,3.14.7,10,10,5,2,2,1,2,5,20,0,0,42,570,15282,8,767,"{""playbook_playbook0.asl"": 26, ""playbook_playbook1.asl"": 26, ""director_mainplot.asl"": 545, ""role_mainplot_role0.asl"": 34, ""role_mainplot_role1.asl"": 34, ""role_mainplot_role2.asl"": 34, ""role_mainplot_role3.asl"": 34, ""role_mainplot_role4.asl"": 34}",1.3456140350877193,0.023086959001375362,0.00013131000014254823,0.8178272247314453,True,3,0
grid_phases_roles,172,Linux 7.2.3-arch1-2,x86_64,24,30.44,3.14.7,10,10,5,2,2,1,2,5,20,0,0,42,570,15282,8,767,"{""playbook_playbook0.asl"": 26, ""playbook_playbook1.asl"": 26, ""director_mainplot.asl"": 545, ""role_mainplot_role0.asl"": 34, ""role_mainplot_role1.asl"": 34, ""role_mainplot_role2.asl"": 34, ""role_mainplot_role3.asl"": 34, ""role_mainplot_role4.asl"": 34}",1.3456140350877193,0.023235528000441263,0.00013344999933906365,0.8178272247314453,True,3,0
grid_phases_roles,173,Linux 7.2.3-arch1-2,x86_64,24,30.44,3.14.7,10,10,5,2,2,1,2,5,20,0,0,42,570,15282,8,767,"{""playbook_playbook0.asl"": 26, ""playbook_playbook1.asl"": 26, ""director_mainplot.asl"": 545, ""role_mainplot_role0.asl"": 34, ""role_mainplot_role1.asl"": 34, ""role_mainplot_role2.asl"": 34, ""role_mainplot_role3.asl"": 34, ""role_mainplot_role4.asl"": 34}",1.3456140350877193,0.023033669000142254,0.00013286000103107654,0.8178272247314453,True,3,0
grid_phases_roles,174,Linux 7.2.3-arch1-2,x86_64,24,30.44,3.14.7,10,10,5,2,2,1,2,5,20,0,0,42,570,15282,8,767,"{""playbook_playbook0.asl"": 26, ""playbook_playbook1.asl"": 26, ""director_mainplot.asl"": 545, ""role_mainplot_role0.asl"": 34, ""role_mainplot_role1.asl"": 34, ""role_mainplot_role2.asl"": 34, ""role_mainplot_role3.asl"": 34, ""role_mainplot_role4.asl"": 34}",1.3456140350877193,0.023251558999618283,0.0001315299996349495,0.8178272247314453,True,3,0
grid_phases_roles,175,Linux 7.2.3-arch1-2,x86_64,24,30.44,3.14.7,10,10,5,2,2,1,2,10,20,0,0,42,875,26363,13,1237,"{""playbook_playbook0.asl"": 26, ""playbook_playbook1.asl"": 26, ""director_mainplot.asl"": 845, ""role_mainplot_role0.asl"": 34, ""role_mainplot_role1.asl"": 34, ""role_mainplot_role2.asl"": 34, ""role_mainplot_role3.asl"": 34, ""role_mainplot_role4.asl"": 34, ""role_mainplot_role5.asl"": 34, ""role_mainplot_role6.asl"": 34, ""role_mainplot_role7.asl"": 34, ""role_mainplot_role8.asl"": 34, ""role_mainplot_role9.asl"": 34}",1.4137142857142857,0.03865231099916855,0.0002084299994749017,1.3660173416137695,True,1,0
grid_phases_roles,176,Linux 7.2.3-arch1-2,x86_64,24,30.44,3.14.7,10,10,5,2,2,1,2,10,20,0,0,42,875,26363,13,1237,"{""playbook_playbook0.asl"": 26, ""playbook_playbook1.asl"": 26, ""director_mainplot.asl"": 845, ""role_mainplot_role0.asl"": 34, ""role_mainplot_role1.asl"": 34, ""role_mainplot_role2.asl"": 34, ""role_mainplot_role3.asl"": 34, ""role_mainplot_role4.asl"": 34, ""role_mainplot_role5.asl"": 34, ""role_mainplot_role6.asl"": 34, ""role_mainplot_role7.asl"": 34, ""role_mainplot_role8.asl"": 34, ""role_mainplot_role9.asl"": 34}",1.4137142857142857,0.03863577099946269,0.00019753000015043654,1.3660173416137695,True,1,0
grid_phases_roles,177,Linux 7.2.3-arch1-2,x86_64,24,30.44,3.14.7,10,10,5,2,2,1,2,10,20,0,0,42,875,26363,13,1237,"{""playbook_playbook0.asl"": 26, ""playbook_playbook1.asl"": 26, ""director_mainplot.asl"": 845, ""role_mainplot_role0.asl"": 34, ""role_mainplot_role1.asl"": 34, ""role_mainplot_role2.asl"": 34, ""role_mainplot_role3.asl"": 34, ""role_mainplot_role4.asl"": 34, ""role_mainplot_role5.asl"": 34, ""role_mainplot_role6.asl"": 34, ""role_mainplot_role7.asl"": 34, ""role_mainplot_role8.asl"": 34, ""role_mainplot_role9.asl"": 34}",1.4137142857142857,0.03868599199995515,0.00019542900008673314,1.3660173416137695,True,1,0
grid_phases_roles,178,Linux 7.2.3-arch1-2,x86_64,24,30.44,3.14.7,10,10,5,2,2,1,2,10,20,0,0,42,875,26363,13,1237,"{""playbook_playbook0.asl"": 26, ""playbook_playbook1.asl"": 26, ""director_mainplot.asl"": 845, ""role_mainplot_role0.asl"": 34, ""role_mainplot_role1.asl"": 34, ""role_mainplot_role2.asl"": 34, ""role_mainplot_role3.asl"": 34, ""role_mainplot_role4.asl"": 34, ""role_mainplot_role5.asl"": 34, ""role_mainplot_role6.asl"": 34, ""role_mainplot_role7.asl"": 34, ""role_mainplot_role8.asl"": 34, ""role_mainplot_role9.asl"": 34}",1.4137142857142857,0.03839269200034323,0.00019563000023481436,1.3660173416137695,True,1,0
grid_phases_roles,179,Linux 7.2.3-arch1-2,x86_64,24,30.44,3.14.7,10,10,5,2,2,1,2,10,20,0,0,42,875,26363,13,1237,"{""playbook_playbook0.asl"": 26, ""playbook_playbook1.asl"": 26, ""director_mainplot.asl"": 845, ""role_mainplot_role0.asl"": 34, ""role_mainplot_role1.asl"": 34, ""role_mainplot_role2.asl"": 34, ""role_mainplot_role3.asl"": 34, ""role_mainplot_role4.asl"": 34, ""role_mainplot_role5.asl"": 34, ""role_mainplot_role6.asl"": 34, ""role_mainplot_role7.asl"": 34, ""role_mainplot_role8.asl"": 34, ""role_mainplot_role9.asl"": 34}",1.4137142857142857,0.03845140199882735,0.00019575999976950698,1.3660173416137695,True,1,0
grid_phases_roles,180,Linux 7.2.3-arch1-2,x86_64,24,30.44,3.14.7,10,10,5,2,2,1,2,20,20,0,0,42,1485,48933,23,2177,"{""playbook_playbook0.asl"": 26, ""playbook_playbook1.asl"": 26, ""director_mainplot.asl"": 1445, ""role_mainplot_role0.asl"": 34, ""role_mainplot_role1.asl"": 34, ""role_mainplot_role2.asl"": 34, ""role_mainplot_role3.asl"": 34, ""role_mainplot_role4.asl"": 34, ""role_mainplot_role5.asl"": 34, ""role_mainplot_role6.asl"": 34, ""role_mainplot_role7.asl"": 34, ""role_mainplot_role8.asl"": 34, ""role_mainplot_role9.asl"": 34, ""role_mainplot_role10.asl"": 34, ""role_mainplot_role11.asl"": 34, ""role_mainplot_role12.asl"": 34, ""role_mainplot_role13.asl"": 34, ""role_mainplot_role14.asl"": 34, ""role_mainplot_role15.asl"": 34, ""role_mainplot_role16.asl"": 34, ""role_mainplot_role17.asl"": 34, ""role_mainplot_role18.asl"": 34, ""role_mainplot_role19.asl"": 34}",1.465993265993266,0.06871917900025437,0.00034491900078137405,2.4622201919555664,True,1,0
grid_phases_roles,181,Linux 7.2.3-arch1-2,x86_64,24,30.44,3.14.7,10,10,5,2,2,1,2,20,20,0,0,42,1485,48933,23,2177,"{""playbook_playbook0.asl"": 26, ""playbook_playbook1.asl"": 26, ""director_mainplot.asl"": 1445, ""role_mainplot_role0.asl"": 34, ""role_mainplot_role1.asl"": 34, ""role_mainplot_role2.asl"": 34, ""role_mainplot_role3.asl"": 34, ""role_mainplot_role4.asl"": 34, ""role_mainplot_role5.asl"": 34, ""role_mainplot_role6.asl"": 34, ""role_mainplot_role7.asl"": 34, ""role_mainplot_role8.asl"": 34, ""role_mainplot_role9.asl"": 34, ""role_mainplot_role10.asl"": 34, ""role_mainplot_role11.asl"": 34, ""role_mainplot_role12.asl"": 34, ""role_mainplot_role13.asl"": 34, ""role_mainplot_role14.asl"": 34, ""role_mainplot_role15.asl"": 34, ""role_mainplot_role16.asl"": 34, ""role_mainplot_role17.asl"": 34, ""role_mainplot_role18.asl"": 34, ""role_mainplot_role19.asl"": 34}",1.465993265993266,0.06927809799890383,0.0003355489989189664,2.4622201919555664,True,1,0
grid_phases_roles,182,Linux 7.2.3-arch1-2,x86_64,24,30.44,3.14.7,10,10,5,2,2,1,2,20,20,0,0,42,1485,48933,23,2177,"{""playbook_playbook0.asl"": 26, ""playbook_playbook1.asl"": 26, ""director_mainplot.asl"": 1445, ""role_mainplot_role0.asl"": 34, ""role_mainplot_role1.asl"": 34, ""role_mainplot_role2.asl"": 34, ""role_mainplot_role3.asl"": 34, ""role_mainplot_role4.asl"": 34, ""role_mainplot_role5.asl"": 34, ""role_mainplot_role6.asl"": 34, ""role_mainplot_role7.asl"": 34, ""role_mainplot_role8.asl"": 34, ""role_mainplot_role9.asl"": 34, ""role_mainplot_role10.asl"": 34, ""role_mainplot_role11.asl"": 34, ""role_mainplot_role12.asl"": 34, ""role_mainplot_role13.asl"": 34, ""role_mainplot_role14.asl"": 34, ""role_mainplot_role15.asl"": 34, ""role_mainplot_role16.asl"": 34, ""role_mainplot_role17.asl"": 34, ""role_mainplot_role18.asl"": 34, ""role_mainplot_role19.asl"": 34}",1.465993265993266,0.06863858900032938,0.0003294689995527733,2.4622201919555664,True,1,0
grid_phases_roles,183,Linux 7.2.3-arch1-2,x86_64,24,30.44,3.14.7,10,10,5,2,2,1,2,20,20,0,0,42,1485,48933,23,2177,"{""playbook_playbook0.asl"": 26, ""playbook_playbook1.asl"": 26, ""director_mainplot.asl"": 1445, ""role_mainplot_role0.asl"": 34, ""role_mainplot_role1.asl"": 34, ""role_mainplot_role2.asl"": 34, ""role_mainplot_role3.asl"": 34, ""role_mainplot_role4.asl"": 34, ""role_mainplot_role5.asl"": 34, ""role_mainplot_role6.asl"": 34, ""role_mainplot_role7.asl"": 34, ""role_mainplot_role8.asl"": 34, ""role_mainplot_role9.asl"": 34, ""role_mainplot_role10.asl"": 34, ""role_mainplot_role11.asl"": 34, ""role_mainplot_role12.asl"": 34, ""role_mainplot_role13.asl"": 34, ""role_mainplot_role14.asl"": 34, ""role_mainplot_role15.asl"": 34, ""role_mainplot_role16.asl"": 34, ""role_mainplot_role17.asl"": 34, ""role_mainplot_role18.asl"": 34, ""role_mainplot_role19.asl"": 34}",1.465993265993266,0.07540130699999281,0.0003426889998081606,2.4628915786743164,True,1,0
grid_phases_roles,184,Linux 7.2.3-arch1-2,x86_64,24,30.44,3.14.7,10,10,5,2,2,1,2,20,20,0,0,42,1485,48933,23,2177,"{""playbook_playbook0.asl"": 26, ""playbook_playbook1.asl"": 26, ""director_mainplot.asl"": 1445, ""role_mainplot_role0.asl"": 34, ""role_mainplot_role1.asl"": 34, ""role_mainplot_role2.asl"": 34, ""role_mainplot_role3.asl"": 34, ""role_mainplot_role4.asl"": 34, ""role_mainplot_role5.asl"": 34, ""role_mainplot_role6.asl"": 34, ""role_mainplot_role7.asl"": 34, ""role_mainplot_role8.asl"": 34, ""role_mainplot_role9.asl"": 34, ""role_mainplot_role10.asl"": 34, ""role_mainplot_role11.asl"": 34, ""role_mainplot_role12.asl"": 34, ""role_mainplot_role13.asl"": 34, ""role_mainplot_role14.asl"": 34, ""role_mainplot_role15.asl"": 34, ""role_mainplot_role16.asl"": 34, ""role_mainplot_role17.asl"": 34, ""role_mainplot_role18.asl"": 34, ""role_mainplot_role19.asl"": 34}",1.465993265993266,0.07270264200087695,0.0003376099994056858,2.4625635147094727,True,1,0
grid_phases_roles,185,Linux 7.2.3-arch1-2,x86_64,24,30.44,3.14.7,10,10,5,2,2,1,2,50,20,0,0,42,3315,116643,53,4997,"{""playbook_playbook0.asl"": 26, ""playbook_playbook1.asl"": 26, ""director_mainplot.asl"": 3245, ""role_mainplot_role0.asl"": 34, ""role_mainplot_role1.asl"": 34, ""role_mainplot_role2.asl"": 34, ""role_mainplot_role3.asl"": 34, ""role_mainplot_role4.asl"": 34, ""role_mainplot_role5.asl"": 34, ""role_mainplot_role6.asl"": 34, ""role_mainplot_role7.asl"": 34, ""role_mainplot_role8.asl"": 34, ""role_mainplot_role9.asl"": 34, ""role_mainplot_role10.asl"": 34, ""role_mainplot_role11.asl"": 34, ""role_mainplot_role12.asl"": 34, ""role_mainplot_role13.asl"": 34, ""role_mainplot_role14.asl"": 34, ""role_mainplot_role15.asl"": 34, ""role_mainplot_role16.asl"": 34, ""role_mainplot_role17.asl"": 34, ""role_mainplot_role18.asl"": 34, ""role_mainplot_role19.asl"": 34, ""role_mainplot_role20.asl"": 34, ""role_mainplot_role21.asl"": 34, ""role_mainplot_role22.asl"": 34, ""role_mainplot_role23.asl"": 34, ""role_mainplot_role24.asl"": 34, ""role_mainplot_role25.asl"": 34, ""role_mainplot_role26.asl"": 34, ""role_mainplot_role27.asl"": 34, ""role_mainplot_role28.asl"": 34, ""role_mainplot_role29.asl"": 34, ""role_mainplot_role30.asl"": 34, ""role_mainplot_role31.asl"": 34, ""role_mainplot_role32.asl"": 34, ""role_mainplot_role33.asl"": 34, ""role_mainplot_role34.asl"": 34, ""role_mainplot_role35.asl"": 34, ""role_mainplot_role36.asl"": 34, ""role_mainplot_role37.asl"": 34, ""role_mainplot_role38.asl"": 34, ""role_mainplot_role39.asl"": 34, ""role_mainplot_role40.asl"": 34, ""role_mainplot_role41.asl"": 34, ""role_mainplot_role42.asl"": 34, ""role_mainplot_role43.asl"": 34, ""role_mainplot_role44.asl"": 34, ""role_mainplot_role45.asl"": 34, ""role_mainplot_role46.asl"": 34, ""role_mainplot_role47.asl"": 34, ""role_mainplot_role48.asl"": 34, ""role_mainplot_role49.asl"": 34}",1.5073906485671191,0.16150754599948414,0.0007672179999644868,5.756871223449707,True,1,0
grid_phases_roles,186,Linux 7.2.3-arch1-2,x86_64,24,30.44,3.14.7,10,10,5,2,2,1,2,50,20,0,0,42,3315,116643,53,4997,"{""playbook_playbook0.asl"": 26, ""playbook_playbook1.asl"": 26, ""director_mainplot.asl"": 3245, ""role_mainplot_role0.asl"": 34, ""role_mainplot_role1.asl"": 34, ""role_mainplot_role2.asl"": 34, ""role_mainplot_role3.asl"": 34, ""role_mainplot_role4.asl"": 34, ""role_mainplot_role5.asl"": 34, ""role_mainplot_role6.asl"": 34, ""role_mainplot_role7.asl"": 34, ""role_mainplot_role8.asl"": 34, ""role_mainplot_role9.asl"": 34, ""role_mainplot_role10.asl"": 34, ""role_mainplot_role11.asl"": 34, ""role_mainplot_role12.asl"": 34, ""role_mainplot_role13.asl"": 34, ""role_mainplot_role14.asl"": 34, ""role_mainplot_role15.asl"": 34, ""role_mainplot_role16.asl"": 34, ""role_mainplot_role17.asl"": 34, ""role_mainplot_role18.asl"": 34, ""role_mainplot_role19.asl"": 34, ""role_mainplot_role20.asl"": 34, ""role_mainplot_role21.asl"": 34, ""role_mainplot_role22.asl"": 34, ""role_mainplot_role23.asl"": 34, ""role_mainplot_role24.asl"": 34, ""role_mainplot_role25.asl"": 34, ""role_mainplot_role26.asl"": 34, ""role_mainplot_role27.asl"": 34, ""role_mainplot_role28.asl"": 34, ""role_mainplot_role29.asl"": 34, ""role_mainplot_role30.asl"": 34, ""role_mainplot_role31.asl"": 34, ""role_mainplot_role32.asl"": 34, ""role_mainplot_role33.asl"": 34, ""role_mainplot_role34.asl"": 34, ""role_mainplot_role35.asl"": 34, ""role_mainplot_role36.asl"": 34, ""role_mainplot_role37.asl"": 34, ""role_mainplot_role38.asl"": 34, ""role_mainplot_role39.asl"": 34, ""role_mainplot_role40.asl"": 34, ""role_mainplot_role41.asl"": 34, ""role_mainplot_role42.asl"": 34, ""role_mainplot_role43.asl"": 34, ""role_mainplot_role44.asl"": 34, ""role_mainplot_role45.asl"": 34, ""role_mainplot_role46.asl"": 34, ""role_mainplot_role47.asl"": 34, ""role_mainplot_role48.asl"": 34, ""role_mainplot_role49.asl"": 34}",1.5073906485671191,0.1637297209999815,0.0007457489991793409,5.756871223449707,True,1,0
grid_phases_roles,187,Linux 7.2.3-arch1-2,x86_64,24,30.44,3.14.7,10,10,5,2,2,1,2,50,20,0,0,42,3315,116643,53,4997,"{""playbook_playbook0.asl"": 26, ""playbook_playbook1.asl"": 26, ""director_mainplot.asl"": 3245, ""role_mainplot_role0.asl"": 34, ""role_mainplot_role1.asl"": 34, ""role_mainplot_role2.asl"": 34, ""role_mainplot_role3.asl"": 34, ""role_mainplot_role4.asl"": 34, ""role_mainplot_role5.asl"": 34, ""role_mainplot_role6.asl"": 34, ""role_mainplot_role7.asl"": 34, ""role_mainplot_role8.asl"": 34, ""role_mainplot_role9.asl"": 34, ""role_mainplot_role10.asl"": 34, ""role_mainplot_role11.asl"": 34, ""role_mainplot_role12.asl"": 34, ""role_mainplot_role13.asl"": 34, ""role_mainplot_role14.asl"": 34, ""role_mainplot_role15.asl"": 34, ""role_mainplot_role16.asl"": 34, ""role_mainplot_role17.asl"": 34, ""role_mainplot_role18.asl"": 34, ""role_mainplot_role19.asl"": 34, ""role_mainplot_role20.asl"": 34, ""role_mainplot_role21.asl"": 34, ""role_mainplot_role22.asl"": 34, ""role_mainplot_role23.asl"": 34, ""role_mainplot_role24.asl"": 34, ""role_mainplot_role25.asl"": 34, ""role_mainplot_role26.asl"": 34, ""role_mainplot_role27.asl"": 34, ""role_mainplot_role28.asl"": 34, ""role_mainplot_role29.asl"": 34, ""role_mainplot_role30.asl"": 34, ""role_mainplot_role31.asl"": 34, ""role_mainplot_role32.asl"": 34, ""role_mainplot_role33.asl"": 34, ""role_mainplot_role34.asl"": 34, ""role_mainplot_role35.asl"": 34, ""role_mainplot_role36.asl"": 34, ""role_mainplot_role37.asl"": 34, ""role_mainplot_role38.asl"": 34, ""role_mainplot_role39.asl"": 34, ""role_mainplot_role40.asl"": 34, ""role_mainplot_role41.asl"": 34, ""role_mainplot_role42.asl"": 34, ""role_mainplot_role43.asl"": 34, ""role_mainplot_role44.asl"": 34, ""role_mainplot_role45.asl"": 34, ""role_mainplot_role46.asl"": 34, ""role_mainplot_role47.asl"": 34, ""role_mainplot_role48.asl"": 34, ""role_mainplot_role49.asl"": 34}",1.5073906485671191,0.16369171100086533,0.0007595079987368081,5.756871223449707,True,1,0
grid_phases_roles,188,Linux 7.2.3-arch1-2,x86_64,24,30.44,3.14.7,10,10,5,2,2,1,2,50,20,0,0,42,3315,116643,53,4997,"{""playbook_playbook0.asl"": 26, ""playbook_playbook1.asl"": 26, ""director_mainplot.asl"": 3245, ""role_mainplot_role0.asl"": 34, ""role_mainplot_role1.asl"": 34, ""role_mainplot_role2.asl"": 34, ""role_mainplot_role3.asl"": 34, ""role_mainplot_role4.asl"": 34, ""role_mainplot_role5.asl"": 34, ""role_mainplot_role6.asl"": 34, ""role_mainplot_role7.asl"": 34, ""role_mainplot_role8.asl"": 34, ""role_mainplot_role9.asl"": 34, ""role_mainplot_role10.asl"": 34, ""role_mainplot_role11.asl"": 34, ""role_mainplot_role12.asl"": 34, ""role_mainplot_role13.asl"": 34, ""role_mainplot_role14.asl"": 34, ""role_mainplot_role15.asl"": 34, ""role_mainplot_role16.asl"": 34, ""role_mainplot_role17.asl"": 34, ""role_mainplot_role18.asl"": 34, ""role_mainplot_role19.asl"": 34, ""role_mainplot_role20.asl"": 34, ""role_mainplot_role21.asl"": 34, ""role_mainplot_role22.asl"": 34, ""role_mainplot_role23.asl"": 34, ""role_mainplot_role24.asl"": 34, ""role_mainplot_role25.asl"": 34, ""role_mainplot_role26.asl"": 34, ""role_mainplot_role27.asl"": 34, ""role_mainplot_role28.asl"": 34, ""role_mainplot_role29.asl"": 34, ""role_mainplot_role30.asl"": 34, ""role_mainplot_role31.asl"": 34, ""role_mainplot_role32.asl"": 34, ""role_mainplot_role33.asl"": 34, ""role_mainplot_role34.asl"": 34, ""role_mainplot_role35.asl"": 34, ""role_mainplot_role36.asl"": 34, ""role_mainplot_role37.asl"": 34, ""role_mainplot_role38.asl"": 34, ""role_mainplot_role39.asl"": 34, ""role_mainplot_role40.asl"": 34, ""role_mainplot_role41.asl"": 34, ""role_mainplot_role42.asl"": 34, ""role_mainplot_role43.asl"": 34, ""role_mainplot_role44.asl"": 34, ""role_mainplot_role45.asl"": 34, ""role_mainplot_role46.asl"": 34, ""role_mainplot_role47.asl"": 34, ""role_mainplot_role48.asl"": 34, ""role_mainplot_role49.asl"": 34}",1.5073906485671191,0.1631993720002356,0.0007331390006584115,5.756871223449707,True,1,0
grid_phases_roles,189,Linux 7.2.3-arch1-2,x86_64,24,30.44,3.14.7,10,10,5,2,2,1,2,50,20,0,0,42,3315,116643,53,4997,"{""playbook_playbook0.asl"": 26, ""playbook_playbook1.asl"": 26, ""director_mainplot.asl"": 3245, ""role_mainplot_role0.asl"": 34, ""role_mainplot_role1.asl"": 34, ""role_mainplot_role2.asl"": 34, ""role_mainplot_role3.asl"": 34, ""role_mainplot_role4.asl"": 34, ""role_mainplot_role5.asl"": 34, ""role_mainplot_role6.asl"": 34, ""role_mainplot_role7.asl"": 34, ""role_mainplot_role8.asl"": 34, ""role_mainplot_role9.asl"": 34, ""role_mainplot_role10.asl"": 34, ""role_mainplot_role11.asl"": 34, ""role_mainplot_role12.asl"": 34, ""role_mainplot_role13.asl"": 34, ""role_mainplot_role14.asl"": 34, ""role_mainplot_role15.asl"": 34, ""role_mainplot_role16.asl"": 34, ""role_mainplot_role17.asl"": 34, ""role_mainplot_role18.asl"": 34, ""role_mainplot_role19.asl"": 34, ""role_mainplot_role20.asl"": 34, ""role_mainplot_role21.asl"": 34, ""role_mainplot_role22.asl"": 34, ""role_mainplot_role23.asl"": 34, ""role_mainplot_role24.asl"": 34, ""role_mainplot_role25.asl"": 34, ""role_mainplot_role26.asl"": 34, ""role_mainplot_role27.asl"": 34, ""role_mainplot_role28.asl"": 34, ""role_mainplot_role29.asl"": 34, ""role_mainplot_role30.asl"": 34, ""role_mainplot_role31.asl"": 34, ""role_mainplot_role32.asl"": 34, ""role_mainplot_role33.asl"": 34, ""role_mainplot_role34.asl"": 34, ""role_mainplot_role35.asl"": 34, ""role_mainplot_role36.asl"": 34, ""role_mainplot_role37.asl"": 34, ""role_mainplot_role38.asl"": 34, ""role_mainplot_role39.asl"": 34, ""role_mainplot_role40.asl"": 34, ""role_mainplot_role41.asl"": 34, ""role_mainplot_role42.asl"": 34, ""role_mainplot_role43.asl"": 34, ""role_mainplot_role44.asl"": 34, ""role_mainplot_role45.asl"": 34, ""role_mainplot_role46.asl"": 34, ""role_mainplot_role47.asl"": 34, ""role_mainplot_role48.asl"": 34, ""role_mainplot_role49.asl"": 34}",1.5073906485671191,0.16047370699925523,0.0007441090001520934,5.756871223449707,True,1,0
grid_phases_roles,190,Linux 7.2.3-arch1-2,x86_64,24,30.44,3.14.7,10,10,5,2,2,1,2,100,20,0,0,42,6365,229494,103,9697,"{""playbook_playbook0.asl"": 26, ""playbook_playbook1.asl"": 26, ""director_mainplot.asl"": 6245, ""role_mainplot_role0.asl"": 34, ""role_mainplot_role1.asl"": 34, ""role_mainplot_role2.asl"": 34, ""role_mainplot_role3.asl"": 34, ""role_mainplot_role4.asl"": 34, ""role_mainplot_role5.asl"": 34, ""role_mainplot_role6.asl"": 34, ""role_mainplot_role7.asl"": 34, ""role_mainplot_role8.asl"": 34, ""role_mainplot_role9.asl"": 34, ""role_mainplot_role10.asl"": 34, ""role_mainplot_role11.asl"": 34, ""role_mainplot_role12.asl"": 34, ""role_mainplot_role13.asl"": 34, ""role_mainplot_role14.asl"": 34, ""role_mainplot_role15.asl"": 34, ""role_mainplot_role16.asl"": 34, ""role_mainplot_role17.asl"": 34, ""role_mainplot_role18.asl"": 34, ""role_mainplot_role19.asl"": 34, ""role_mainplot_role20.asl"": 34, ""role_mainplot_role21.asl"": 34, ""role_mainplot_role22.asl"": 34, ""role_mainplot_role23.asl"": 34, ""role_mainplot_role24.asl"": 34, ""role_mainplot_role25.asl"": 34, ""role_mainplot_role26.asl"": 34, ""role_mainplot_role27.asl"": 34, ""role_mainplot_role28.asl"": 34, ""role_mainplot_role29.asl"": 34, ""role_mainplot_role30.asl"": 34, ""role_mainplot_role31.asl"": 34, ""role_mainplot_role32.asl"": 34, ""role_mainplot_role33.asl"": 34, ""role_mainplot_role34.asl"": 34, ""role_mainplot_role35.asl"": 34, ""role_mainplot_role36.asl"": 34, ""role_mainplot_role37.asl"": 34, ""role_mainplot_role38.asl"": 34, ""role_mainplot_role39.asl"": 34, ""role_mainplot_role40.asl"": 34, ""role_mainplot_role41.asl"": 34, ""role_mainplot_role42.asl"": 34, ""role_mainplot_role43.asl"": 34, ""role_mainplot_role44.asl"": 34, ""role_mainplot_role45.asl"": 34, ""role_mainplot_role46.asl"": 34, ""role_mainplot_role47.asl"": 34, ""role_mainplot_role48.asl"": 34, ""role_mainplot_role49.asl"": 34, ""role_mainplot_role50.asl"": 34, ""role_mainplot_role51.asl"": 34, ""role_mainplot_role52.asl"": 34, ""role_mainplot_role53.asl"": 34, ""role_mainplot_role54.asl"": 34, ""role_mainplot_role55.asl"": 34, ""role_mainplot_role56.asl"": 34, ""role_mainplot_role57.asl"": 34, ""role_mainplot_role58.asl"": 34, ""role_mainplot_role59.asl"": 34, ""role_mainplot_role60.asl"": 34, ""role_mainplot_role61.asl"": 34, ""role_mainplot_role62.asl"": 34, ""role_mainplot_role63.asl"": 34, ""role_mainplot_role64.asl"": 34, ""role_mainplot_role65.asl"": 34, ""role_mainplot_role66.asl"": 34, ""role_mainplot_role67.asl"": 34, ""role_mainplot_role68.asl"": 34, ""role_mainplot_role69.asl"": 34, ""role_mainplot_role70.asl"": 34, ""role_mainplot_role71.asl"": 34, ""role_mainplot_role72.asl"": 34, ""role_mainplot_role73.asl"": 34, ""role_mainplot_role74.asl"": 34, ""role_mainplot_role75.asl"": 34, ""role_mainplot_role76.asl"": 34, ""role_mainplot_role77.asl"": 34, ""role_mainplot_role78.asl"": 34, ""role_mainplot_role79.asl"": 34, ""role_mainplot_role80.asl"": 34, ""role_mainplot_role81.asl"": 34, ""role_mainplot_role82.asl"": 34, ""role_mainplot_role83.asl"": 34, ""role_mainplot_role84.asl"": 34, ""role_mainplot_role85.asl"": 34, ""role_mainplot_role86.asl"": 34, ""role_mainplot_role87.asl"": 34, ""role_mainplot_role88.asl"": 34, ""role_mainplot_role89.asl"": 34, ""role_mainplot_role90.asl"": 34, ""role_mainplot_role91.asl"": 34, ""role_mainplot_role92.asl"": 34, ""role_mainplot_role93.asl"": 34, ""role_mainplot_role94.asl"": 34, ""role_mainplot_role95.asl"": 34, ""role_mainplot_role96.asl"": 34, ""role_mainplot_role97.asl"": 34, ""role_mainplot_role98.asl"": 34, ""role_mainplot_role99.asl"": 34}",1.523487824037706,0.318743017000088,0.0014582980002160184,11.242586135864258,True,1,0
grid_phases_roles,191,Linux 7.2.3-arch1-2,x86_64,24,30.44,3.14.7,10,10,5,2,2,1,2,100,20,0,0,42,6365,229494,103,9697,"{""playbook_playbook0.asl"": 26, ""playbook_playbook1.asl"": 26, ""director_mainplot.asl"": 6245, ""role_mainplot_role0.asl"": 34, ""role_mainplot_role1.asl"": 34, ""role_mainplot_role2.asl"": 34, ""role_mainplot_role3.asl"": 34, ""role_mainplot_role4.asl"": 34, ""role_mainplot_role5.asl"": 34, ""role_mainplot_role6.asl"": 34, ""role_mainplot_role7.asl"": 34, ""role_mainplot_role8.asl"": 34, ""role_mainplot_role9.asl"": 34, ""role_mainplot_role10.asl"": 34, ""role_mainplot_role11.asl"": 34, ""role_mainplot_role12.asl"": 34, ""role_mainplot_role13.asl"": 34, ""role_mainplot_role14.asl"": 34, ""role_mainplot_role15.asl"": 34, ""role_mainplot_role16.asl"": 34, ""role_mainplot_role17.asl"": 34, ""role_mainplot_role18.asl"": 34, ""role_mainplot_role19.asl"": 34, ""role_mainplot_role20.asl"": 34, ""role_mainplot_role21.asl"": 34, ""role_mainplot_role22.asl"": 34, ""role_mainplot_role23.asl"": 34, ""role_mainplot_role24.asl"": 34, ""role_mainplot_role25.asl"": 34, ""role_mainplot_role26.asl"": 34, ""role_mainplot_role27.asl"": 34, ""role_mainplot_role28.asl"": 34, ""role_mainplot_role29.asl"": 34, ""role_mainplot_role30.asl"": 34, ""role_mainplot_role31.asl"": 34, ""role_mainplot_role32.asl"": 34, ""role_mainplot_role33.asl"": 34, ""role_mainplot_role34.asl"": 34, ""role_mainplot_role35.asl"": 34, ""role_mainplot_role36.asl"": 34, ""role_mainplot_role37.asl"": 34, ""role_mainplot_role38.asl"": 34, ""role_mainplot_role39.asl"": 34, ""role_mainplot_role40.asl"": 34, ""role_mainplot_role41.asl"": 34, ""role_mainplot_role42.asl"": 34, ""role_mainplot_role43.asl"": 34, ""role_mainplot_role44.asl"": 34, ""role_mainplot_role45.asl"": 34, ""role_mainplot_role46.asl"": 34, ""role_mainplot_role47.asl"": 34, ""role_mainplot_role48.asl"": 34, ""role_mainplot_role49.asl"": 34, ""role_mainplot_role50.asl"": 34, ""role_mainplot_role51.asl"": 34, ""role_mainplot_role52.asl"": 34, ""role_mainplot_role53.asl"": 34, ""role_mainplot_role54.asl"": 34, ""role_mainplot_role55.asl"": 34, ""role_mainplot_role56.asl"": 34, ""role_mainplot_role57.asl"": 34, ""role_mainplot_role58.asl"": 34, ""role_mainplot_role59.asl"": 34, ""role_mainplot_role60.asl"": 34, ""role_mainplot_role61.asl"": 34, ""role_mainplot_role62.asl"": 34, ""role_mainplot_role63.asl"": 34, ""role_mainplot_role64.asl"": 34, ""role_mainplot_role65.asl"": 34, ""role_mainplot_role66.asl"": 34, ""role_mainplot_role67.asl"": 34, ""role_mainplot_role68.asl"": 34, ""role_mainplot_role69.asl"": 34, ""role_mainplot_role70.asl"": 34, ""role_mainplot_role71.asl"": 34, ""role_mainplot_role72.asl"": 34, ""role_mainplot_role73.asl"": 34, ""role_mainplot_role74.asl"": 34, ""role_mainplot_role75.asl"": 34, ""role_mainplot_role76.asl"": 34, ""role_mainplot_role77.asl"": 34, ""role_mainplot_role78.asl"": 34, ""role_mainplot_role79.asl"": 34, ""role_mainplot_role80.asl"": 34, ""role_mainplot_role81.asl"": 34, ""role_mainplot_role82.asl"": 34, ""role_mainplot_role83.asl"": 34, ""role_mainplot_role84.asl"": 34, ""role_mainplot_role85.asl"": 34, ""role_mainplot_role86.asl"": 34, ""role_mainplot_role87.asl"": 34, ""role_mainplot_role88.asl"": 34, ""role_mainplot_role89.asl"": 34, ""role_mainplot_role90.asl"": 34, ""role_mainplot_role91.asl"": 34, ""role_mainplot_role92.asl"": 34, ""role_mainplot_role93.asl"": 34, ""role_mainplot_role94.asl"": 34, ""role_mainplot_role95.asl"": 34, ""role_mainplot_role96.asl"": 34, ""role_mainplot_role97.asl"": 34, ""role_mainplot_role98.asl"": 34, ""role_mainplot_role99.asl"": 34}",1.523487824037706,0.33638114599853,0.001465428000301472,11.243364334106445,True,1,0
grid_phases_roles,192,Linux 7.2.3-arch1-2,x86_64,24,30.44,3.14.7,10,10,5,2,2,1,2,100,20,0,0,42,6365,229494,103,9697,"{""playbook_playbook0.asl"": 26, ""playbook_playbook1.asl"": 26, ""director_mainplot.asl"": 6245, ""role_mainplot_role0.asl"": 34, ""role_mainplot_role1.asl"": 34, ""role_mainplot_role2.asl"": 34, ""role_mainplot_role3.asl"": 34, ""role_mainplot_role4.asl"": 34, ""role_mainplot_role5.asl"": 34, ""role_mainplot_role6.asl"": 34, ""role_mainplot_role7.asl"": 34, ""role_mainplot_role8.asl"": 34, ""role_mainplot_role9.asl"": 34, ""role_mainplot_role10.asl"": 34, ""role_mainplot_role11.asl"": 34, ""role_mainplot_role12.asl"": 34, ""role_mainplot_role13.asl"": 34, ""role_mainplot_role14.asl"": 34, ""role_mainplot_role15.asl"": 34, ""role_mainplot_role16.asl"": 34, ""role_mainplot_role17.asl"": 34, ""role_mainplot_role18.asl"": 34, ""role_mainplot_role19.asl"": 34, ""role_mainplot_role20.asl"": 34, ""role_mainplot_role21.asl"": 34, ""role_mainplot_role22.asl"": 34, ""role_mainplot_role23.asl"": 34, ""role_mainplot_role24.asl"": 34, ""role_mainplot_role25.asl"": 34, ""role_mainplot_role26.asl"": 34, ""role_mainplot_role27.asl"": 34, ""role_mainplot_role28.asl"": 34, ""role_mainplot_role29.asl"": 34, ""role_mainplot_role30.asl"": 34, ""role_mainplot_role31.asl"": 34, ""role_mainplot_role32.asl"": 34, ""role_mainplot_role33.asl"": 34, ""role_mainplot_role34.asl"": 34, ""role_mainplot_role35.asl"": 34, ""role_mainplot_role36.asl"": 34, ""role_mainplot_role37.asl"": 34, ""role_mainplot_role38.asl"": 34, ""role_mainplot_role39.asl"": 34, ""role_mainplot_role40.asl"": 34, ""role_mainplot_role41.asl"": 34, ""role_mainplot_role42.asl"": 34, ""role_mainplot_role43.asl"": 34, ""role_mainplot_role44.asl"": 34, ""role_mainplot_role45.asl"": 34, ""role_mainplot_role46.asl"": 34, ""role_mainplot_role47.asl"": 34, ""role_mainplot_role48.asl"": 34, ""role_mainplot_role49.asl"": 34, ""role_mainplot_role50.asl"": 34, ""role_mainplot_role51.asl"": 34, ""role_mainplot_role52.asl"": 34, ""role_mainplot_role53.asl"": 34, ""role_mainplot_role54.asl"": 34, ""role_mainplot_role55.asl"": 34, ""role_mainplot_role56.asl"": 34, ""role_mainplot_role57.asl"": 34, ""role_mainplot_role58.asl"": 34, ""role_mainplot_role59.asl"": 34, ""role_mainplot_role60.asl"": 34, ""role_mainplot_role61.asl"": 34, ""role_mainplot_role62.asl"": 34, ""role_mainplot_role63.asl"": 34, ""role_mainplot_role64.asl"": 34, ""role_mainplot_role65.asl"": 34, ""role_mainplot_role66.asl"": 34, ""role_mainplot_role67.asl"": 34, ""role_mainplot_role68.asl"": 34, ""role_mainplot_role69.asl"": 34, ""role_mainplot_role70.asl"": 34, ""role_mainplot_role71.asl"": 34, ""role_mainplot_role72.asl"": 34, ""role_mainplot_role73.asl"": 34, ""role_mainplot_role74.asl"": 34, ""role_mainplot_role75.asl"": 34, ""role_mainplot_role76.asl"": 34, ""role_mainplot_role77.asl"": 34, ""role_mainplot_role78.asl"": 34, ""role_mainplot_role79.asl"": 34, ""role_mainplot_role80.asl"": 34, ""role_mainplot_role81.asl"": 34, ""role_mainplot_role82.asl"": 34, ""role_mainplot_role83.asl"": 34, ""role_mainplot_role84.asl"": 34, ""role_mainplot_role85.asl"": 34, ""role_mainplot_role86.asl"": 34, ""role_mainplot_role87.asl"": 34, ""role_mainplot_role88.asl"": 34, ""role_mainplot_role89.asl"": 34, ""role_mainplot_role90.asl"": 34, ""role_mainplot_role91.asl"": 34, ""role_mainplot_role92.asl"": 34, ""role_mainplot_role93.asl"": 34, ""role_mainplot_role94.asl"": 34, ""role_mainplot_role95.asl"": 34, ""role_mainplot_role96.asl"": 34, ""role_mainplot_role97.asl"": 34, ""role_mainplot_role98.asl"": 34, ""role_mainplot_role99.asl"": 34}",1.523487824037706,0.3345664200005558,0.0014583369993488304,11.242929458618164,True,1,0
grid_phases_roles,193,Linux 7.2.3-arch1-2,x86_64,24,30.44,3.14.7,10,10,5,2,2,1,2,100,20,0,0,42,6365,229494,103,9697,"{""playbook_playbook0.asl"": 26, ""playbook_playbook1.asl"": 26, ""director_mainplot.asl"": 6245, ""role_mainplot_role0.asl"": 34, ""role_mainplot_role1.asl"": 34, ""role_mainplot_role2.asl"": 34, ""role_mainplot_role3.asl"": 34, ""role_mainplot_role4.asl"": 34, ""role_mainplot_role5.asl"": 34, ""role_mainplot_role6.asl"": 34, ""role_mainplot_role7.asl"": 34, ""role_mainplot_role8.asl"": 34, ""role_mainplot_role9.asl"": 34, ""role_mainplot_role10.asl"": 34, ""role_mainplot_role11.asl"": 34, ""role_mainplot_role12.asl"": 34, ""role_mainplot_role13.asl"": 34, ""role_mainplot_role14.asl"": 34, ""role_mainplot_role15.asl"": 34, ""role_mainplot_role16.asl"": 34, ""role_mainplot_role17.asl"": 34, ""role_mainplot_role18.asl"": 34, ""role_mainplot_role19.asl"": 34, ""role_mainplot_role20.asl"": 34, ""role_mainplot_role21.asl"": 34, ""role_mainplot_role22.asl"": 34, ""role_mainplot_role23.asl"": 34, ""role_mainplot_role24.asl"": 34, ""role_mainplot_role25.asl"": 34, ""role_mainplot_role26.asl"": 34, ""role_mainplot_role27.asl"": 34, ""role_mainplot_role28.asl"": 34, ""role_mainplot_role29.asl"": 34, ""role_mainplot_role30.asl"": 34, ""role_mainplot_role31.asl"": 34, ""role_mainplot_role32.asl"": 34, ""role_mainplot_role33.asl"": 34, ""role_mainplot_role34.asl"": 34, ""role_mainplot_role35.asl"": 34, ""role_mainplot_role36.asl"": 34, ""role_mainplot_role37.asl"": 34, ""role_mainplot_role38.asl"": 34, ""role_mainplot_role39.asl"": 34, ""role_mainplot_role40.asl"": 34, ""role_mainplot_role41.asl"": 34, ""role_mainplot_role42.asl"": 34, ""role_mainplot_role43.asl"": 34, ""role_mainplot_role44.asl"": 34, ""role_mainplot_role45.asl"": 34, ""role_mainplot_role46.asl"": 34, ""role_mainplot_role47.asl"": 34, ""role_mainplot_role48.asl"": 34, ""role_mainplot_role49.asl"": 34, ""role_mainplot_role50.asl"": 34, ""role_mainplot_role51.asl"": 34, ""role_mainplot_role52.asl"": 34, ""role_mainplot_role53.asl"": 34, ""role_mainplot_role54.asl"": 34, ""role_mainplot_role55.asl"": 34, ""role_mainplot_role56.asl"": 34, ""role_mainplot_role57.asl"": 34, ""role_mainplot_role58.asl"": 34, ""role_mainplot_role59.asl"": 34, ""role_mainplot_role60.asl"": 34, ""role_mainplot_role61.asl"": 34, ""role_mainplot_role62.asl"": 34, ""role_mainplot_role63.asl"": 34, ""role_mainplot_role64.asl"": 34, ""role_mainplot_role65.asl"": 34, ""role_mainplot_role66.asl"": 34, ""role_mainplot_role67.asl"": 34, ""role_mainplot_role68.asl"": 34, ""role_mainplot_role69.asl"": 34, ""role_mainplot_role70.asl"": 34, ""role_mainplot_role71.asl"": 34, ""role_mainplot_role72.asl"": 34, ""role_mainplot_role73.asl"": 34, ""role_mainplot_role74.asl"": 34, ""role_mainplot_role75.asl"": 34, ""role_mainplot_role76.asl"": 34, ""role_mainplot_role77.asl"": 34, ""role_mainplot_role78.asl"": 34, ""role_mainplot_role79.asl"": 34, ""role_mainplot_role80.asl"": 34, ""role_mainplot_role81.asl"": 34, ""role_mainplot_role82.asl"": 34, ""role_mainplot_role83.asl"": 34, ""role_mainplot_role84.asl"": 34, ""role_mainplot_role85.asl"": 34, ""role_mainplot_role86.asl"": 34, ""role_mainplot_role87.asl"": 34, ""role_mainplot_role88.asl"": 34, ""role_mainplot_role89.asl"": 34, ""role_mainplot_role90.asl"": 34, ""role_mainplot_role91.asl"": 34, ""role_mainplot_role92.asl"": 34, ""role_mainplot_role93.asl"": 34, ""role_mainplot_role94.asl"": 34, ""role_mainplot_role95.asl"": 34, ""role_mainplot_role96.asl"": 34, ""role_mainplot_role97.asl"": 34, ""role_mainplot_role98.asl"": 34, ""role_mainplot_role99.asl"": 34}",1.523487824037706,0.3181192579995695,0.0014877379999234108,11.242586135864258,True,1,0
grid_phases_roles,194,Linux 7.2.3-arch1-2,x86_64,24,30.44,3.14.7,10,10,5,2,2,1,2,100,20,0,0,42,6365,229494,103,9697,"{""playbook_playbook0.asl"": 26, ""playbook_playbook1.asl"": 26, ""director_mainplot.asl"": 6245, ""role_mainplot_role0.asl"": 34, ""role_mainplot_role1.asl"": 34, ""role_mainplot_role2.asl"": 34, ""role_mainplot_role3.asl"": 34, ""role_mainplot_role4.asl"": 34, ""role_mainplot_role5.asl"": 34, ""role_mainplot_role6.asl"": 34, ""role_mainplot_role7.asl"": 34, ""role_mainplot_role8.asl"": 34, ""role_mainplot_role9.asl"": 34, ""role_mainplot_role10.asl"": 34, ""role_mainplot_role11.asl"": 34, ""role_mainplot_role12.asl"": 34, ""role_mainplot_role13.asl"": 34, ""role_mainplot_role14.asl"": 34, ""role_mainplot_role15.asl"": 34, ""role_mainplot_role16.asl"": 34, ""role_mainplot_role17.asl"": 34, ""role_mainplot_role18.asl"": 34, ""role_mainplot_role19.asl"": 34, ""role_mainplot_role20.asl"": 34, ""role_mainplot_role21.asl"": 34, ""role_mainplot_role22.asl"": 34, ""role_mainplot_role23.asl"": 34, ""role_mainplot_role24.asl"": 34, ""role_mainplot_role25.asl"": 34, ""role_mainplot_role26.asl"": 34, ""role_mainplot_role27.asl"": 34, ""role_mainplot_role28.asl"": 34, ""role_mainplot_role29.asl"": 34, ""role_mainplot_role30.asl"": 34, ""role_mainplot_role31.asl"": 34, ""role_mainplot_role32.asl"": 34, ""role_mainplot_role33.asl"": 34, ""role_mainplot_role34.asl"": 34, ""role_mainplot_role35.asl"": 34, ""role_mainplot_role36.asl"": 34, ""role_mainplot_role37.asl"": 34, ""role_mainplot_role38.asl"": 34, ""role_mainplot_role39.asl"": 34, ""role_mainplot_role40.asl"": 34, ""role_mainplot_role41.asl"": 34, ""role_mainplot_role42.asl"": 34, ""role_mainplot_role43.asl"": 34, ""role_mainplot_role44.asl"": 34, ""role_mainplot_role45.asl"": 34, ""role_mainplot_role46.asl"": 34, ""role_mainplot_role47.asl"": 34, ""role_mainplot_role48.asl"": 34, ""role_mainplot_role49.asl"": 34, ""role_mainplot_role50.asl"": 34, ""role_mainplot_role51.asl"": 34, ""role_mainplot_role52.asl"": 34, ""role_mainplot_role53.asl"": 34, ""role_mainplot_role54.asl"": 34, ""role_mainplot_role55.asl"": 34, ""role_mainplot_role56.asl"": 34, ""role_mainplot_role57.asl"": 34, ""role_mainplot_role58.asl"": 34, ""role_mainplot_role59.asl"": 34, ""role_mainplot_role60.asl"": 34, ""role_mainplot_role61.asl"": 34, ""role_mainplot_role62.asl"": 34, ""role_mainplot_role63.asl"": 34, ""role_mainplot_role64.asl"": 34, ""role_mainplot_role65.asl"": 34, ""role_mainplot_role66.asl"": 34, ""role_mainplot_role67.asl"": 34, ""role_mainplot_role68.asl"": 34, ""role_mainplot_role69.asl"": 34, ""role_mainplot_role70.asl"": 34, ""role_mainplot_role71.asl"": 34, ""role_mainplot_role72.asl"": 34, ""role_mainplot_role73.asl"": 34, ""role_mainplot_role74.asl"": 34, ""role_mainplot_role75.asl"": 34, ""role_mainplot_role76.asl"": 34, ""role_mainplot_role77.asl"": 34, ""role_mainplot_role78.asl"": 34, ""role_mainplot_role79.asl"": 34, ""role_mainplot_role80.asl"": 34, ""role_mainplot_role81.asl"": 34, ""role_mainplot_role82.asl"": 34, ""role_mainplot_role83.asl"": 34, ""role_mainplot_role84.asl"": 34, ""role_mainplot_role85.asl"": 34, ""role_mainplot_role86.asl"": 34, ""role_mainplot_role87.asl"": 34, ""role_mainplot_role88.asl"": 34, ""role_mainplot_role89.asl"": 34, ""role_mainplot_role90.asl"": 34, ""role_mainplot_role91.asl"": 34, ""role_mainplot_role92.asl"": 34, ""role_mainplot_role93.asl"": 34, ""role_mainplot_role94.asl"": 34, ""role_mainplot_role95.asl"": 34, ""role_mainplot_role96.asl"": 34, ""role_mainplot_role97.asl"": 34, ""role_mainplot_role98.asl"": 34, ""role_mainplot_role99.asl"": 34}",1.523487824037706,0.31629417199837917,0.0014736369994352572,11.242586135864258,True,1,0
grid_phases_roles,195,Linux 7.2.3-arch1-2,x86_64,24,30.44,3.14.7,10,10,5,2,2,1,2,200,20,0,0,42,12465,459294,203,19097,"{""playbook_playbook0.asl"": 26, ""playbook_playbook1.asl"": 26, ""director_mainplot.asl"": 12245, ""role_mainplot_role0.asl"": 34, ""role_mainplot_role1.asl"": 34, ""role_mainplot_role2.asl"": 34, ""role_mainplot_role3.asl"": 34, ""role_mainplot_role4.asl"": 34, ""role_mainplot_role5.asl"": 34, ""role_mainplot_role6.asl"": 34, ""role_mainplot_role7.asl"": 34, ""role_mainplot_role8.asl"": 34, ""role_mainplot_role9.asl"": 34, ""role_mainplot_role10.asl"": 34, ""role_mainplot_role11.asl"": 34, ""role_mainplot_role12.asl"": 34, ""role_mainplot_role13.asl"": 34, ""role_mainplot_role14.asl"": 34, ""role_mainplot_role15.asl"": 34, ""role_mainplot_role16.asl"": 34, ""role_mainplot_role17.asl"": 34, ""role_mainplot_role18.asl"": 34, ""role_mainplot_role19.asl"": 34, ""role_mainplot_role20.asl"": 34, ""role_mainplot_role21.asl"": 34, ""role_mainplot_role22.asl"": 34, ""role_mainplot_role23.asl"": 34, ""role_mainplot_role24.asl"": 34, ""role_mainplot_role25.asl"": 34, ""role_mainplot_role26.asl"": 34, ""role_mainplot_role27.asl"": 34, ""role_mainplot_role28.asl"": 34, ""role_mainplot_role29.asl"": 34, ""role_mainplot_role30.asl"": 34, ""role_mainplot_role31.asl"": 34, ""role_mainplot_role32.asl"": 34, ""role_mainplot_role33.asl"": 34, ""role_mainplot_role34.asl"": 34, ""role_mainplot_role35.asl"": 34, ""role_mainplot_role36.asl"": 34, ""role_mainplot_role37.asl"": 34, ""role_mainplot_role38.asl"": 34, ""role_mainplot_role39.asl"": 34, ""role_mainplot_role40.asl"": 34, ""role_mainplot_role41.asl"": 34, ""role_mainplot_role42.asl"": 34, ""role_mainplot_role43.asl"": 34, ""role_mainplot_role44.asl"": 34, ""role_mainplot_role45.asl"": 34, ""role_mainplot_role46.asl"": 34, ""role_mainplot_role47.asl"": 34, ""role_mainplot_role48.asl"": 34, ""role_mainplot_role49.asl"": 34, ""role_mainplot_role50.asl"": 34, ""role_mainplot_role51.asl"": 34, ""role_mainplot_role52.asl"": 34, ""role_mainplot_role53.asl"": 34, ""role_mainplot_role54.asl"": 34, ""role_mainplot_role55.asl"": 34, ""role_mainplot_role56.asl"": 34, ""role_mainplot_role57.asl"": 34, ""role_mainplot_role58.asl"": 34, ""role_mainplot_role59.asl"": 34, ""role_mainplot_role60.asl"": 34, ""role_mainplot_role61.asl"": 34, ""role_mainplot_role62.asl"": 34, ""role_mainplot_role63.asl"": 34, ""role_mainplot_role64.asl"": 34, ""role_mainplot_role65.asl"": 34, ""role_mainplot_role66.asl"": 34, ""role_mainplot_role67.asl"": 34, ""role_mainplot_role68.asl"": 34, ""role_mainplot_role69.asl"": 34, ""role_mainplot_role70.asl"": 34, ""role_mainplot_role71.asl"": 34, ""role_mainplot_role72.asl"": 34, ""role_mainplot_role73.asl"": 34, ""role_mainplot_role74.asl"": 34, ""role_mainplot_role75.asl"": 34, ""role_mainplot_role76.asl"": 34, ""role_mainplot_role77.asl"": 34, ""role_mainplot_role78.asl"": 34, ""role_mainplot_role79.asl"": 34, ""role_mainplot_role80.asl"": 34, ""role_mainplot_role81.asl"": 34, ""role_mainplot_role82.asl"": 34, ""role_mainplot_role83.asl"": 34, ""role_mainplot_role84.asl"": 34, ""role_mainplot_role85.asl"": 34, ""role_mainplot_role86.asl"": 34, ""role_mainplot_role87.asl"": 34, ""role_mainplot_role88.asl"": 34, ""role_mainplot_role89.asl"": 34, ""role_mainplot_role90.asl"": 34, ""role_mainplot_role91.asl"": 34, ""role_mainplot_role92.asl"": 34, ""role_mainplot_role93.asl"": 34, ""role_mainplot_role94.asl"": 34, ""role_mainplot_role95.asl"": 34, ""role_mainplot_role96.asl"": 34, ""role_mainplot_role97.asl"": 34, ""role_mainplot_role98.asl"": 34, ""role_mainplot_role99.asl"": 34, ""role_mainplot_role100.asl"": 34, ""role_mainplot_role101.asl"": 34, ""role_mainplot_role102.asl"": 34, ""role_mainplot_role103.asl"": 34, ""role_mainplot_role104.asl"": 34, ""role_mainplot_role105.asl"": 34, ""role_mainplot_role106.asl"": 34, ""role_mainplot_role107.asl"": 34, ""role_mainplot_role108.asl"": 34, ""role_mainplot_role109.asl"": 34, ""role_mainplot_role110.asl"": 34, ""role_mainplot_role111.asl"": 34, ""role_mainplot_role112.asl"": 34, ""role_mainplot_role113.asl"": 34, ""role_mainplot_role114.asl"": 34, ""role_mainplot_role115.asl"": 34, ""role_mainplot_role116.asl"": 34, ""role_mainplot_role117.asl"": 34, ""role_mainplot_role118.asl"": 34, ""role_mainplot_role119.asl"": 34, ""role_mainplot_role120.asl"": 34, ""role_mainplot_role121.asl"": 34, ""role_mainplot_role122.asl"": 34, ""role_mainplot_role123.asl"": 34, ""role_mainplot_role124.asl"": 34, ""role_mainplot_role125.asl"": 34, ""role_mainplot_role126.asl"": 34, ""role_mainplot_role127.asl"": 34, ""role_mainplot_role128.asl"": 34, ""role_mainplot_role129.asl"": 34, ""role_mainplot_role130.asl"": 34, ""role_mainplot_role131.asl"": 34, ""role_mainplot_role132.asl"": 34, ""role_mainplot_role133.asl"": 34, ""role_mainplot_role134.asl"": 34, ""role_mainplot_role135.asl"": 34, ""role_mainplot_role136.asl"": 34, ""role_mainplot_role137.asl"": 34, ""role_mainplot_role138.asl"": 34, ""role_mainplot_role139.asl"": 34, ""role_mainplot_role140.asl"": 34, ""role_mainplot_role141.asl"": 34, ""role_mainplot_role142.asl"": 34, ""role_mainplot_role143.asl"": 34, ""role_mainplot_role144.asl"": 34, ""role_mainplot_role145.asl"": 34, ""role_mainplot_role146.asl"": 34, ""role_mainplot_role147.asl"": 34, ""role_mainplot_role148.asl"": 34, ""role_mainplot_role149.asl"": 34, ""role_mainplot_role150.asl"": 34, ""role_mainplot_role151.asl"": 34, ""role_mainplot_role152.asl"": 34, ""role_mainplot_role153.asl"": 34, ""role_mainplot_role154.asl"": 34, ""role_mainplot_role155.asl"": 34, ""role_mainplot_role156.asl"": 34, ""role_mainplot_role157.asl"": 34, ""role_mainplot_role158.asl"": 34, ""role_mainplot_role159.asl"": 34, ""role_mainplot_role160.asl"": 34, ""role_mainplot_role161.asl"": 34, ""role_mainplot_role162.asl"": 34, ""role_mainplot_role163.asl"": 34, ""role_mainplot_role164.asl"": 34, ""role_mainplot_role165.asl"": 34, ""role_mainplot_role166.asl"": 34, ""role_mainplot_role167.asl"": 34, ""role_mainplot_role168.asl"": 34, ""role_mainplot_role169.asl"": 34, ""role_mainplot_role170.asl"": 34, ""role_mainplot_role171.asl"": 34, ""role_mainplot_role172.asl"": 34, ""role_mainplot_role173.asl"": 34, ""role_mainplot_role174.asl"": 34, ""role_mainplot_role175.asl"": 34, ""role_mainplot_role176.asl"": 34, ""role_mainplot_role177.asl"": 34, ""role_mainplot_role178.asl"": 34, ""role_mainplot_role179.asl"": 34, ""role_mainplot_role180.asl"": 34, ""role_mainplot_role181.asl"": 34, ""role_mainplot_role182.asl"": 34, ""role_mainplot_role183.asl"": 34, ""role_mainplot_role184.asl"": 34, ""role_mainplot_role185.asl"": 34, ""role_mainplot_role186.asl"": 34, ""role_mainplot_role187.asl"": 34, ""role_mainplot_role188.asl"": 34, ""role_mainplot_role189.asl"": 34, ""role_mainplot_role190.asl"": 34, ""role_mainplot_role191.asl"": 34, ""role_mainplot_role192.asl"": 34, ""role_mainplot_role193.asl"": 34, ""role_mainplot_role194.asl"": 34, ""role_mainplot_role195.asl"": 34, ""role_mainplot_role196.asl"": 34, ""role_mainplot_role197.asl"": 34, ""role_mainplot_role198.asl"": 34, ""role_mainplot_role199.asl"": 34}",1.532049739269956,0.6898752020006214,0.002758104999884381,22.237764358520508,True,1,0
grid_phases_roles,196,Linux 7.2.3-arch1-2,x86_64,24,30.44,3.14.7,10,10,5,2,2,1,2,200,20,0,0,42,12465,459294,203,19097,"{""playbook_playbook0.asl"": 26, ""playbook_playbook1.asl"": 26, ""director_mainplot.asl"": 12245, ""role_mainplot_role0.asl"": 34, ""role_mainplot_role1.asl"": 34, ""role_mainplot_role2.asl"": 34, ""role_mainplot_role3.asl"": 34, ""role_mainplot_role4.asl"": 34, ""role_mainplot_role5.asl"": 34, ""role_mainplot_role6.asl"": 34, ""role_mainplot_role7.asl"": 34, ""role_mainplot_role8.asl"": 34, ""role_mainplot_role9.asl"": 34, ""role_mainplot_role10.asl"": 34, ""role_mainplot_role11.asl"": 34, ""role_mainplot_role12.asl"": 34, ""role_mainplot_role13.asl"": 34, ""role_mainplot_role14.asl"": 34, ""role_mainplot_role15.asl"": 34, ""role_mainplot_role16.asl"": 34, ""role_mainplot_role17.asl"": 34, ""role_mainplot_role18.asl"": 34, ""role_mainplot_role19.asl"": 34, ""role_mainplot_role20.asl"": 34, ""role_mainplot_role21.asl"": 34, ""role_mainplot_role22.asl"": 34, ""role_mainplot_role23.asl"": 34, ""role_mainplot_role24.asl"": 34, ""role_mainplot_role25.asl"": 34, ""role_mainplot_role26.asl"": 34, ""role_mainplot_role27.asl"": 34, ""role_mainplot_role28.asl"": 34, ""role_mainplot_role29.asl"": 34, ""role_mainplot_role30.asl"": 34, ""role_mainplot_role31.asl"": 34, ""role_mainplot_role32.asl"": 34, ""role_mainplot_role33.asl"": 34, ""role_mainplot_role34.asl"": 34, ""role_mainplot_role35.asl"": 34, ""role_mainplot_role36.asl"": 34, ""role_mainplot_role37.asl"": 34, ""role_mainplot_role38.asl"": 34, ""role_mainplot_role39.asl"": 34, ""role_mainplot_role40.asl"": 34, ""role_mainplot_role41.asl"": 34, ""role_mainplot_role42.asl"": 34, ""role_mainplot_role43.asl"": 34, ""role_mainplot_role44.asl"": 34, ""role_mainplot_role45.asl"": 34, ""role_mainplot_role46.asl"": 34, ""role_mainplot_role47.asl"": 34, ""role_mainplot_role48.asl"": 34, ""role_mainplot_role49.asl"": 34, ""role_mainplot_role50.asl"": 34, ""role_mainplot_role51.asl"": 34, ""role_mainplot_role52.asl"": 34, ""role_mainplot_role53.asl"": 34, ""role_mainplot_role54.asl"": 34, ""role_mainplot_role55.asl"": 34, ""role_mainplot_role56.asl"": 34, ""role_mainplot_role57.asl"": 34, ""role_mainplot_role58.asl"": 34, ""role_mainplot_role59.asl"": 34, ""role_mainplot_role60.asl"": 34, ""role_mainplot_role61.asl"": 34, ""role_mainplot_role62.asl"": 34, ""role_mainplot_role63.asl"": 34, ""role_mainplot_role64.asl"": 34, ""role_mainplot_role65.asl"": 34, ""role_mainplot_role66.asl"": 34, ""role_mainplot_role67.asl"": 34, ""role_mainplot_role68.asl"": 34, ""role_mainplot_role69.asl"": 34, ""role_mainplot_role70.asl"": 34, ""role_mainplot_role71.asl"": 34, ""role_mainplot_role72.asl"": 34, ""role_mainplot_role73.asl"": 34, ""role_mainplot_role74.asl"": 34, ""role_mainplot_role75.asl"": 34, ""role_mainplot_role76.asl"": 34, ""role_mainplot_role77.asl"": 34, ""role_mainplot_role78.asl"": 34, ""role_mainplot_role79.asl"": 34, ""role_mainplot_role80.asl"": 34, ""role_mainplot_role81.asl"": 34, ""role_mainplot_role82.asl"": 34, ""role_mainplot_role83.asl"": 34, ""role_mainplot_role84.asl"": 34, ""role_mainplot_role85.asl"": 34, ""role_mainplot_role86.asl"": 34, ""role_mainplot_role87.asl"": 34, ""role_mainplot_role88.asl"": 34, ""role_mainplot_role89.asl"": 34, ""role_mainplot_role90.asl"": 34, ""role_mainplot_role91.asl"": 34, ""role_mainplot_role92.asl"": 34, ""role_mainplot_role93.asl"": 34, ""role_mainplot_role94.asl"": 34, ""role_mainplot_role95.asl"": 34, ""role_mainplot_role96.asl"": 34, ""role_mainplot_role97.asl"": 34, ""role_mainplot_role98.asl"": 34, ""role_mainplot_role99.asl"": 34, ""role_mainplot_role100.asl"": 34, ""role_mainplot_role101.asl"": 34, ""role_mainplot_role102.asl"": 34, ""role_mainplot_role103.asl"": 34, ""role_mainplot_role104.asl"": 34, ""role_mainplot_role105.asl"": 34, ""role_mainplot_role106.asl"": 34, ""role_mainplot_role107.asl"": 34, ""role_mainplot_role108.asl"": 34, ""role_mainplot_role109.asl"": 34, ""role_mainplot_role110.asl"": 34, ""role_mainplot_role111.asl"": 34, ""role_mainplot_role112.asl"": 34, ""role_mainplot_role113.asl"": 34, ""role_mainplot_role114.asl"": 34, ""role_mainplot_role115.asl"": 34, ""role_mainplot_role116.asl"": 34, ""role_mainplot_role117.asl"": 34, ""role_mainplot_role118.asl"": 34, ""role_mainplot_role119.asl"": 34, ""role_mainplot_role120.asl"": 34, ""role_mainplot_role121.asl"": 34, ""role_mainplot_role122.asl"": 34, ""role_mainplot_role123.asl"": 34, ""role_mainplot_role124.asl"": 34, ""role_mainplot_role125.asl"": 34, ""role_mainplot_role126.asl"": 34, ""role_mainplot_role127.asl"": 34, ""role_mainplot_role128.asl"": 34, ""role_mainplot_role129.asl"": 34, ""role_mainplot_role130.asl"": 34, ""role_mainplot_role131.asl"": 34, ""role_mainplot_role132.asl"": 34, ""role_mainplot_role133.asl"": 34, ""role_mainplot_role134.asl"": 34, ""role_mainplot_role135.asl"": 34, ""role_mainplot_role136.asl"": 34, ""role_mainplot_role137.asl"": 34, ""role_mainplot_role138.asl"": 34, ""role_mainplot_role139.asl"": 34, ""role_mainplot_role140.asl"": 34, ""role_mainplot_role141.asl"": 34, ""role_mainplot_role142.asl"": 34, ""role_mainplot_role143.asl"": 34, ""role_mainplot_role144.asl"": 34, ""role_mainplot_role145.asl"": 34, ""role_mainplot_role146.asl"": 34, ""role_mainplot_role147.asl"": 34, ""role_mainplot_role148.asl"": 34, ""role_mainplot_role149.asl"": 34, ""role_mainplot_role150.asl"": 34, ""role_mainplot_role151.asl"": 34, ""role_mainplot_role152.asl"": 34, ""role_mainplot_role153.asl"": 34, ""role_mainplot_role154.asl"": 34, ""role_mainplot_role155.asl"": 34, ""role_mainplot_role156.asl"": 34, ""role_mainplot_role157.asl"": 34, ""role_mainplot_role158.asl"": 34, ""role_mainplot_role159.asl"": 34, ""role_mainplot_role160.asl"": 34, ""role_mainplot_role161.asl"": 34, ""role_mainplot_role162.asl"": 34, ""role_mainplot_role163.asl"": 34, ""role_mainplot_role164.asl"": 34, ""role_mainplot_role165.asl"": 34, ""role_mainplot_role166.asl"": 34, ""role_mainplot_role167.asl"": 34, ""role_mainplot_role168.asl"": 34, ""role_mainplot_role169.asl"": 34, ""role_mainplot_role170.asl"": 34, ""role_mainplot_role171.asl"": 34, ""role_mainplot_role172.asl"": 34, ""role_mainplot_role173.asl"": 34, ""role_mainplot_role174.asl"": 34, ""role_mainplot_role175.asl"": 34, ""role_mainplot_role176.asl"": 34, ""role_mainplot_role177.asl"": 34, ""role_mainplot_role178.asl"": 34, ""role_mainplot_role179.asl"": 34, ""role_mainplot_role180.asl"": 34, ""role_mainplot_role181.asl"": 34, ""role_mainplot_role182.asl"": 34, ""role_mainplot_role183.asl"": 34, ""role_mainplot_role184.asl"": 34, ""role_mainplot_role185.asl"": 34, ""role_mainplot_role186.asl"": 34, ""role_mainplot_role187.asl"": 34, ""role_mainplot_role188.asl"": 34, ""role_mainplot_role189.asl"": 34, ""role_mainplot_role190.asl"": 34, ""role_mainplot_role191.asl"": 34, ""role_mainplot_role192.asl"": 34, ""role_mainplot_role193.asl"": 34, ""role_mainplot_role194.asl"": 34, ""role_mainplot_role195.asl"": 34, ""role_mainplot_role196.asl"": 34, ""role_mainplot_role197.asl"": 34, ""role_mainplot_role198.asl"": 34, ""role_mainplot_role199.asl"": 34}",1.532049739269956,0.6608477930003573,0.0027755850005632965,22.236146926879883,True,1,0
grid_phases_roles,197,Linux 7.2.3-arch1-2,x86_64,24,30.44,3.14.7,10,10,5,2,2,1,2,200,20,0,0,42,12465,459294,203,19097,"{""playbook_playbook0.asl"": 26, ""playbook_playbook1.asl"": 26, ""director_mainplot.asl"": 12245, ""role_mainplot_role0.asl"": 34, ""role_mainplot_role1.asl"": 34, ""role_mainplot_role2.asl"": 34, ""role_mainplot_role3.asl"": 34, ""role_mainplot_role4.asl"": 34, ""role_mainplot_role5.asl"": 34, ""role_mainplot_role6.asl"": 34, ""role_mainplot_role7.asl"": 34, ""role_mainplot_role8.asl"": 34, ""role_mainplot_role9.asl"": 34, ""role_mainplot_role10.asl"": 34, ""role_mainplot_role11.asl"": 34, ""role_mainplot_role12.asl"": 34, ""role_mainplot_role13.asl"": 34, ""role_mainplot_role14.asl"": 34, ""role_mainplot_role15.asl"": 34, ""role_mainplot_role16.asl"": 34, ""role_mainplot_role17.asl"": 34, ""role_mainplot_role18.asl"": 34, ""role_mainplot_role19.asl"": 34, ""role_mainplot_role20.asl"": 34, ""role_mainplot_role21.asl"": 34, ""role_mainplot_role22.asl"": 34, ""role_mainplot_role23.asl"": 34, ""role_mainplot_role24.asl"": 34, ""role_mainplot_role25.asl"": 34, ""role_mainplot_role26.asl"": 34, ""role_mainplot_role27.asl"": 34, ""role_mainplot_role28.asl"": 34, ""role_mainplot_role29.asl"": 34, ""role_mainplot_role30.asl"": 34, ""role_mainplot_role31.asl"": 34, ""role_mainplot_role32.asl"": 34, ""role_mainplot_role33.asl"": 34, ""role_mainplot_role34.asl"": 34, ""role_mainplot_role35.asl"": 34, ""role_mainplot_role36.asl"": 34, ""role_mainplot_role37.asl"": 34, ""role_mainplot_role38.asl"": 34, ""role_mainplot_role39.asl"": 34, ""role_mainplot_role40.asl"": 34, ""role_mainplot_role41.asl"": 34, ""role_mainplot_role42.asl"": 34, ""role_mainplot_role43.asl"": 34, ""role_mainplot_role44.asl"": 34, ""role_mainplot_role45.asl"": 34, ""role_mainplot_role46.asl"": 34, ""role_mainplot_role47.asl"": 34, ""role_mainplot_role48.asl"": 34, ""role_mainplot_role49.asl"": 34, ""role_mainplot_role50.asl"": 34, ""role_mainplot_role51.asl"": 34, ""role_mainplot_role52.asl"": 34, ""role_mainplot_role53.asl"": 34, ""role_mainplot_role54.asl"": 34, ""role_mainplot_role55.asl"": 34, ""role_mainplot_role56.asl"": 34, ""role_mainplot_role57.asl"": 34, ""role_mainplot_role58.asl"": 34, ""role_mainplot_role59.asl"": 34, ""role_mainplot_role60.asl"": 34, ""role_mainplot_role61.asl"": 34, ""role_mainplot_role62.asl"": 34, ""role_mainplot_role63.asl"": 34, ""role_mainplot_role64.asl"": 34, ""role_mainplot_role65.asl"": 34, ""role_mainplot_role66.asl"": 34, ""role_mainplot_role67.asl"": 34, ""role_mainplot_role68.asl"": 34, ""role_mainplot_role69.asl"": 34, ""role_mainplot_role70.asl"": 34, ""role_mainplot_role71.asl"": 34, ""role_mainplot_role72.asl"": 34, ""role_mainplot_role73.asl"": 34, ""role_mainplot_role74.asl"": 34, ""role_mainplot_role75.asl"": 34, ""role_mainplot_role76.asl"": 34, ""role_mainplot_role77.asl"": 34, ""role_mainplot_role78.asl"": 34, ""role_mainplot_role79.asl"": 34, ""role_mainplot_role80.asl"": 34, ""role_mainplot_role81.asl"": 34, ""role_mainplot_role82.asl"": 34, ""role_mainplot_role83.asl"": 34, ""role_mainplot_role84.asl"": 34, ""role_mainplot_role85.asl"": 34, ""role_mainplot_role86.asl"": 34, ""role_mainplot_role87.asl"": 34, ""role_mainplot_role88.asl"": 34, ""role_mainplot_role89.asl"": 34, ""role_mainplot_role90.asl"": 34, ""role_mainplot_role91.asl"": 34, ""role_mainplot_role92.asl"": 34, ""role_mainplot_role93.asl"": 34, ""role_mainplot_role94.asl"": 34, ""role_mainplot_role95.asl"": 34, ""role_mainplot_role96.asl"": 34, ""role_mainplot_role97.asl"": 34, ""role_mainplot_role98.asl"": 34, ""role_mainplot_role99.asl"": 34, ""role_mainplot_role100.asl"": 34, ""role_mainplot_role101.asl"": 34, ""role_mainplot_role102.asl"": 34, ""role_mainplot_role103.asl"": 34, ""role_mainplot_role104.asl"": 34, ""role_mainplot_role105.asl"": 34, ""role_mainplot_role106.asl"": 34, ""role_mainplot_role107.asl"": 34, ""role_mainplot_role108.asl"": 34, ""role_mainplot_role109.asl"": 34, ""role_mainplot_role110.asl"": 34, ""role_mainplot_role111.asl"": 34, ""role_mainplot_role112.asl"": 34, ""role_mainplot_role113.asl"": 34, ""role_mainplot_role114.asl"": 34, ""role_mainplot_role115.asl"": 34, ""role_mainplot_role116.asl"": 34, ""role_mainplot_role117.asl"": 34, ""role_mainplot_role118.asl"": 34, ""role_mainplot_role119.asl"": 34, ""role_mainplot_role120.asl"": 34, ""role_mainplot_role121.asl"": 34, ""role_mainplot_role122.asl"": 34, ""role_mainplot_role123.asl"": 34, ""role_mainplot_role124.asl"": 34, ""role_mainplot_role125.asl"": 34, ""role_mainplot_role126.asl"": 34, ""role_mainplot_role127.asl"": 34, ""role_mainplot_role128.asl"": 34, ""role_mainplot_role129.asl"": 34, ""role_mainplot_role130.asl"": 34, ""role_mainplot_role131.asl"": 34, ""role_mainplot_role132.asl"": 34, ""role_mainplot_role133.asl"": 34, ""role_mainplot_role134.asl"": 34, ""role_mainplot_role135.asl"": 34, ""role_mainplot_role136.asl"": 34, ""role_mainplot_role137.asl"": 34, ""role_mainplot_role138.asl"": 34, ""role_mainplot_role139.asl"": 34, ""role_mainplot_role140.asl"": 34, ""role_mainplot_role141.asl"": 34, ""role_mainplot_role142.asl"": 34, ""role_mainplot_role143.asl"": 34, ""role_mainplot_role144.asl"": 34, ""role_mainplot_role145.asl"": 34, ""role_mainplot_role146.asl"": 34, ""role_mainplot_role147.asl"": 34, ""role_mainplot_role148.asl"": 34, ""role_mainplot_role149.asl"": 34, ""role_mainplot_role150.asl"": 34, ""role_mainplot_role151.asl"": 34, ""role_mainplot_role152.asl"": 34, ""role_mainplot_role153.asl"": 34, ""role_mainplot_role154.asl"": 34, ""role_mainplot_role155.asl"": 34, ""role_mainplot_role156.asl"": 34, ""role_mainplot_role157.asl"": 34, ""role_mainplot_role158.asl"": 34, ""role_mainplot_role159.asl"": 34, ""role_mainplot_role160.asl"": 34, ""role_mainplot_role161.asl"": 34, ""role_mainplot_role162.asl"": 34, ""role_mainplot_role163.asl"": 34, ""role_mainplot_role164.asl"": 34, ""role_mainplot_role165.asl"": 34, ""role_mainplot_role166.asl"": 34, ""role_mainplot_role167.asl"": 34, ""role_mainplot_role168.asl"": 34, ""role_mainplot_role169.asl"": 34, ""role_mainplot_role170.asl"": 34, ""role_mainplot_role171.asl"": 34, ""role_mainplot_role172.asl"": 34, ""role_mainplot_role173.asl"": 34, ""role_mainplot_role174.asl"": 34, ""role_mainplot_role175.asl"": 34, ""role_mainplot_role176.asl"": 34, ""role_mainplot_role177.asl"": 34, ""role_mainplot_role178.asl"": 34, ""role_mainplot_role179.asl"": 34, ""role_mainplot_role180.asl"": 34, ""role_mainplot_role181.asl"": 34, ""role_mainplot_role182.asl"": 34, ""role_mainplot_role183.asl"": 34, ""role_mainplot_role184.asl"": 34, ""role_mainplot_role185.asl"": 34, ""role_mainplot_role186.asl"": 34, ""role_mainplot_role187.asl"": 34, ""role_mainplot_role188.asl"": 34, ""role_mainplot_role189.asl"": 34, ""role_mainplot_role190.asl"": 34, ""role_mainplot_role191.asl"": 34, ""role_mainplot_role192.asl"": 34, ""role_mainplot_role193.asl"": 34, ""role_mainplot_role194.asl"": 34, ""role_mainplot_role195.asl"": 34, ""role_mainplot_role196.asl"": 34, ""role_mainplot_role197.asl"": 34, ""role_mainplot_role198.asl"": 34, ""role_mainplot_role199.asl"": 34}",1.532049739269956,0.6583685969999351,0.0027902750007342547,22.236146926879883,True,1,0
grid_phases_roles,198,Linux 7.2.3-arch1-2,x86_64,24,30.44,3.14.7,10,10,5,2,2,1,2,200,20,0,0,42,12465,459294,203,19097,"{""playbook_playbook0.asl"": 26, ""playbook_playbook1.asl"": 26, ""director_mainplot.asl"": 12245, ""role_mainplot_role0.asl"": 34, ""role_mainplot_role1.asl"": 34, ""role_mainplot_role2.asl"": 34, ""role_mainplot_role3.asl"": 34, ""role_mainplot_role4.asl"": 34, ""role_mainplot_role5.asl"": 34, ""role_mainplot_role6.asl"": 34, ""role_mainplot_role7.asl"": 34, ""role_mainplot_role8.asl"": 34, ""role_mainplot_role9.asl"": 34, ""role_mainplot_role10.asl"": 34, ""role_mainplot_role11.asl"": 34, ""role_mainplot_role12.asl"": 34, ""role_mainplot_role13.asl"": 34, ""role_mainplot_role14.asl"": 34, ""role_mainplot_role15.asl"": 34, ""role_mainplot_role16.asl"": 34, ""role_mainplot_role17.asl"": 34, ""role_mainplot_role18.asl"": 34, ""role_mainplot_role19.asl"": 34, ""role_mainplot_role20.asl"": 34, ""role_mainplot_role21.asl"": 34, ""role_mainplot_role22.asl"": 34, ""role_mainplot_role23.asl"": 34, ""role_mainplot_role24.asl"": 34, ""role_mainplot_role25.asl"": 34, ""role_mainplot_role26.asl"": 34, ""role_mainplot_role27.asl"": 34, ""role_mainplot_role28.asl"": 34, ""role_mainplot_role29.asl"": 34, ""role_mainplot_role30.asl"": 34, ""role_mainplot_role31.asl"": 34, ""role_mainplot_role32.asl"": 34, ""role_mainplot_role33.asl"": 34, ""role_mainplot_role34.asl"": 34, ""role_mainplot_role35.asl"": 34, ""role_mainplot_role36.asl"": 34, ""role_mainplot_role37.asl"": 34, ""role_mainplot_role38.asl"": 34, ""role_mainplot_role39.asl"": 34, ""role_mainplot_role40.asl"": 34, ""role_mainplot_role41.asl"": 34, ""role_mainplot_role42.asl"": 34, ""role_mainplot_role43.asl"": 34, ""role_mainplot_role44.asl"": 34, ""role_mainplot_role45.asl"": 34, ""role_mainplot_role46.asl"": 34, ""role_mainplot_role47.asl"": 34, ""role_mainplot_role48.asl"": 34, ""role_mainplot_role49.asl"": 34, ""role_mainplot_role50.asl"": 34, ""role_mainplot_role51.asl"": 34, ""role_mainplot_role52.asl"": 34, ""role_mainplot_role53.asl"": 34, ""role_mainplot_role54.asl"": 34, ""role_mainplot_role55.asl"": 34, ""role_mainplot_role56.asl"": 34, ""role_mainplot_role57.asl"": 34, ""role_mainplot_role58.asl"": 34, ""role_mainplot_role59.asl"": 34, ""role_mainplot_role60.asl"": 34, ""role_mainplot_role61.asl"": 34, ""role_mainplot_role62.asl"": 34, ""role_mainplot_role63.asl"": 34, ""role_mainplot_role64.asl"": 34, ""role_mainplot_role65.asl"": 34, ""role_mainplot_role66.asl"": 34, ""role_mainplot_role67.asl"": 34, ""role_mainplot_role68.asl"": 34, ""role_mainplot_role69.asl"": 34, ""role_mainplot_role70.asl"": 34, ""role_mainplot_role71.asl"": 34, ""role_mainplot_role72.asl"": 34, ""role_mainplot_role73.asl"": 34, ""role_mainplot_role74.asl"": 34, ""role_mainplot_role75.asl"": 34, ""role_mainplot_role76.asl"": 34, ""role_mainplot_role77.asl"": 34, ""role_mainplot_role78.asl"": 34, ""role_mainplot_role79.asl"": 34, ""role_mainplot_role80.asl"": 34, ""role_mainplot_role81.asl"": 34, ""role_mainplot_role82.asl"": 34, ""role_mainplot_role83.asl"": 34, ""role_mainplot_role84.asl"": 34, ""role_mainplot_role85.asl"": 34, ""role_mainplot_role86.asl"": 34, ""role_mainplot_role87.asl"": 34, ""role_mainplot_role88.asl"": 34, ""role_mainplot_role89.asl"": 34, ""role_mainplot_role90.asl"": 34, ""role_mainplot_role91.asl"": 34, ""role_mainplot_role92.asl"": 34, ""role_mainplot_role93.asl"": 34, ""role_mainplot_role94.asl"": 34, ""role_mainplot_role95.asl"": 34, ""role_mainplot_role96.asl"": 34, ""role_mainplot_role97.asl"": 34, ""role_mainplot_role98.asl"": 34, ""role_mainplot_role99.asl"": 34, ""role_mainplot_role100.asl"": 34, ""role_mainplot_role101.asl"": 34, ""role_mainplot_role102.asl"": 34, ""role_mainplot_role103.asl"": 34, ""role_mainplot_role104.asl"": 34, ""role_mainplot_role105.asl"": 34, ""role_mainplot_role106.asl"": 34, ""role_mainplot_role107.asl"": 34, ""role_mainplot_role108.asl"": 34, ""role_mainplot_role109.asl"": 34, ""role_mainplot_role110.asl"": 34, ""role_mainplot_role111.asl"": 34, ""role_mainplot_role112.asl"": 34, ""role_mainplot_role113.asl"": 34, ""role_mainplot_role114.asl"": 34, ""role_mainplot_role115.asl"": 34, ""role_mainplot_role116.asl"": 34, ""role_mainplot_role117.asl"": 34, ""role_mainplot_role118.asl"": 34, ""role_mainplot_role119.asl"": 34, ""role_mainplot_role120.asl"": 34, ""role_mainplot_role121.asl"": 34, ""role_mainplot_role122.asl"": 34, ""role_mainplot_role123.asl"": 34, ""role_mainplot_role124.asl"": 34, ""role_mainplot_role125.asl"": 34, ""role_mainplot_role126.asl"": 34, ""role_mainplot_role127.asl"": 34, ""role_mainplot_role128.asl"": 34, ""role_mainplot_role129.asl"": 34, ""role_mainplot_role130.asl"": 34, ""role_mainplot_role131.asl"": 34, ""role_mainplot_role132.asl"": 34, ""role_mainplot_role133.asl"": 34, ""role_mainplot_role134.asl"": 34, ""role_mainplot_role135.asl"": 34, ""role_mainplot_role136.asl"": 34, ""role_mainplot_role137.asl"": 34, ""role_mainplot_role138.asl"": 34, ""role_mainplot_role139.asl"": 34, ""role_mainplot_role140.asl"": 34, ""role_mainplot_role141.asl"": 34, ""role_mainplot_role142.asl"": 34, ""role_mainplot_role143.asl"": 34, ""role_mainplot_role144.asl"": 34, ""role_mainplot_role145.asl"": 34, ""role_mainplot_role146.asl"": 34, ""role_mainplot_role147.asl"": 34, ""role_mainplot_role148.asl"": 34, ""role_mainplot_role149.asl"": 34, ""role_mainplot_role150.asl"": 34, ""role_mainplot_role151.asl"": 34, ""role_mainplot_role152.asl"": 34, ""role_mainplot_role153.asl"": 34, ""role_mainplot_role154.asl"": 34, ""role_mainplot_role155.asl"": 34, ""role_mainplot_role156.asl"": 34, ""role_mainplot_role157.asl"": 34, ""role_mainplot_role158.asl"": 34, ""role_mainplot_role159.asl"": 34, ""role_mainplot_role160.asl"": 34, ""role_mainplot_role161.asl"": 34, ""role_mainplot_role162.asl"": 34, ""role_mainplot_role163.asl"": 34, ""role_mainplot_role164.asl"": 34, ""role_mainplot_role165.asl"": 34, ""role_mainplot_role166.asl"": 34, ""role_mainplot_role167.asl"": 34, ""role_mainplot_role168.asl"": 34, ""role_mainplot_role169.asl"": 34, ""role_mainplot_role170.asl"": 34, ""role_mainplot_role171.asl"": 34, ""role_mainplot_role172.asl"": 34, ""role_mainplot_role173.asl"": 34, ""role_mainplot_role174.asl"": 34, ""role_mainplot_role175.asl"": 34, ""role_mainplot_role176.asl"": 34, ""role_mainplot_role177.asl"": 34, ""role_mainplot_role178.asl"": 34, ""role_mainplot_role179.asl"": 34, ""role_mainplot_role180.asl"": 34, ""role_mainplot_role181.asl"": 34, ""role_mainplot_role182.asl"": 34, ""role_mainplot_role183.asl"": 34, ""role_mainplot_role184.asl"": 34, ""role_mainplot_role185.asl"": 34, ""role_mainplot_role186.asl"": 34, ""role_mainplot_role187.asl"": 34, ""role_mainplot_role188.asl"": 34, ""role_mainplot_role189.asl"": 34, ""role_mainplot_role190.asl"": 34, ""role_mainplot_role191.asl"": 34, ""role_mainplot_role192.asl"": 34, ""role_mainplot_role193.asl"": 34, ""role_mainplot_role194.asl"": 34, ""role_mainplot_role195.asl"": 34, ""role_mainplot_role196.asl"": 34, ""role_mainplot_role197.asl"": 34, ""role_mainplot_role198.asl"": 34, ""role_mainplot_role199.asl"": 34}",1.532049739269956,0.7764766189993679,0.00278459500077588,22.238000869750977,True,1,0
grid_phases_roles,199,Linux 7.2.3-arch1-2,x86_64,24,30.44,3.14.7,10,10,5,2,2,1,2,200,20,0,0,42,12465,459294,203,19097,"{""playbook_playbook0.asl"": 26, ""playbook_playbook1.asl"": 26, ""director_mainplot.asl"": 12245, ""role_mainplot_role0.asl"": 34, ""role_mainplot_role1.asl"": 34, ""role_mainplot_role2.asl"": 34, ""role_mainplot_role3.asl"": 34, ""role_mainplot_role4.asl"": 34, ""role_mainplot_role5.asl"": 34, ""role_mainplot_role6.asl"": 34, ""role_mainplot_role7.asl"": 34, ""role_mainplot_role8.asl"": 34, ""role_mainplot_role9.asl"": 34, ""role_mainplot_role10.asl"": 34, ""role_mainplot_role11.asl"": 34, ""role_mainplot_role12.asl"": 34, ""role_mainplot_role13.asl"": 34, ""role_mainplot_role14.asl"": 34, ""role_mainplot_role15.asl"": 34, ""role_mainplot_role16.asl"": 34, ""role_mainplot_role17.asl"": 34, ""role_mainplot_role18.asl"": 34, ""role_mainplot_role19.asl"": 34, ""role_mainplot_role20.asl"": 34, ""role_mainplot_role21.asl"": 34, ""role_mainplot_role22.asl"": 34, ""role_mainplot_role23.asl"": 34, ""role_mainplot_role24.asl"": 34, ""role_mainplot_role25.asl"": 34, ""role_mainplot_role26.asl"": 34, ""role_mainplot_role27.asl"": 34, ""role_mainplot_role28.asl"": 34, ""role_mainplot_role29.asl"": 34, ""role_mainplot_role30.asl"": 34, ""role_mainplot_role31.asl"": 34, ""role_mainplot_role32.asl"": 34, ""role_mainplot_role33.asl"": 34, ""role_mainplot_role34.asl"": 34, ""role_mainplot_role35.asl"": 34, ""role_mainplot_role36.asl"": 34, ""role_mainplot_role37.asl"": 34, ""role_mainplot_role38.asl"": 34, ""role_mainplot_role39.asl"": 34, ""role_mainplot_role40.asl"": 34, ""role_mainplot_role41.asl"": 34, ""role_mainplot_role42.asl"": 34, ""role_mainplot_role43.asl"": 34, ""role_mainplot_role44.asl"": 34, ""role_mainplot_role45.asl"": 34, ""role_mainplot_role46.asl"": 34, ""role_mainplot_role47.asl"": 34, ""role_mainplot_role48.asl"": 34, ""role_mainplot_role49.asl"": 34, ""role_mainplot_role50.asl"": 34, ""role_mainplot_role51.asl"": 34, ""role_mainplot_role52.asl"": 34, ""role_mainplot_role53.asl"": 34, ""role_mainplot_role54.asl"": 34, ""role_mainplot_role55.asl"": 34, ""role_mainplot_role56.asl"": 34, ""role_mainplot_role57.asl"": 34, ""role_mainplot_role58.asl"": 34, ""role_mainplot_role59.asl"": 34, ""role_mainplot_role60.asl"": 34, ""role_mainplot_role61.asl"": 34, ""role_mainplot_role62.asl"": 34, ""role_mainplot_role63.asl"": 34, ""role_mainplot_role64.asl"": 34, ""role_mainplot_role65.asl"": 34, ""role_mainplot_role66.asl"": 34, ""role_mainplot_role67.asl"": 34, ""role_mainplot_role68.asl"": 34, ""role_mainplot_role69.asl"": 34, ""role_mainplot_role70.asl"": 34, ""role_mainplot_role71.asl"": 34, ""role_mainplot_role72.asl"": 34, ""role_mainplot_role73.asl"": 34, ""role_mainplot_role74.asl"": 34, ""role_mainplot_role75.asl"": 34, ""role_mainplot_role76.asl"": 34, ""role_mainplot_role77.asl"": 34, ""role_mainplot_role78.asl"": 34, ""role_mainplot_role79.asl"": 34, ""role_mainplot_role80.asl"": 34, ""role_mainplot_role81.asl"": 34, ""role_mainplot_role82.asl"": 34, ""role_mainplot_role83.asl"": 34, ""role_mainplot_role84.asl"": 34, ""role_mainplot_role85.asl"": 34, ""role_mainplot_role86.asl"": 34, ""role_mainplot_role87.asl"": 34, ""role_mainplot_role88.asl"": 34, ""role_mainplot_role89.asl"": 34, ""role_mainplot_role90.asl"": 34, ""role_mainplot_role91.asl"": 34, ""role_mainplot_role92.asl"": 34, ""role_mainplot_role93.asl"": 34, ""role_mainplot_role94.asl"": 34, ""role_mainplot_role95.asl"": 34, ""role_mainplot_role96.asl"": 34, ""role_mainplot_role97.asl"": 34, ""role_mainplot_role98.asl"": 34, ""role_mainplot_role99.asl"": 34, ""role_mainplot_role100.asl"": 34, ""role_mainplot_role101.asl"": 34, ""role_mainplot_role102.asl"": 34, ""role_mainplot_role103.asl"": 34, ""role_mainplot_role104.asl"": 34, ""role_mainplot_role105.asl"": 34, ""role_mainplot_role106.asl"": 34, ""role_mainplot_role107.asl"": 34, ""role_mainplot_role108.asl"": 34, ""role_mainplot_role109.asl"": 34, ""role_mainplot_role110.asl"": 34, ""role_mainplot_role111.asl"": 34, ""role_mainplot_role112.asl"": 34, ""role_mainplot_role113.asl"": 34, ""role_mainplot_role114.asl"": 34, ""role_mainplot_role115.asl"": 34, ""role_mainplot_role116.asl"": 34, ""role_mainplot_role117.asl"": 34, ""role_mainplot_role118.asl"": 34, ""role_mainplot_role119.asl"": 34, ""role_mainplot_role120.asl"": 34, ""role_mainplot_role121.asl"": 34, ""role_mainplot_role122.asl"": 34, ""role_mainplot_role123.asl"": 34, ""role_mainplot_role124.asl"": 34, ""role_mainplot_role125.asl"": 34, ""role_mainplot_role126.asl"": 34, ""role_mainplot_role127.asl"": 34, ""role_mainplot_role128.asl"": 34, ""role_mainplot_role129.asl"": 34, ""role_mainplot_role130.asl"": 34, ""role_mainplot_role131.asl"": 34, ""role_mainplot_role132.asl"": 34, ""role_mainplot_role133.asl"": 34, ""role_mainplot_role134.asl"": 34, ""role_mainplot_role135.asl"": 34, ""role_mainplot_role136.asl"": 34, ""role_mainplot_role137.asl"": 34, ""role_mainplot_role138.asl"": 34, ""role_mainplot_role139.asl"": 34, ""role_mainplot_role140.asl"": 34, ""role_mainplot_role141.asl"": 34, ""role_mainplot_role142.asl"": 34, ""role_mainplot_role143.asl"": 34, ""role_mainplot_role144.asl"": 34, ""role_mainplot_role145.asl"": 34, ""role_mainplot_role146.asl"": 34, ""role_mainplot_role147.asl"": 34, ""role_mainplot_role148.asl"": 34, ""role_mainplot_role149.asl"": 34, ""role_mainplot_role150.asl"": 34, ""role_mainplot_role151.asl"": 34, ""role_mainplot_role152.asl"": 34, ""role_mainplot_role153.asl"": 34, ""role_mainplot_role154.asl"": 34, ""role_mainplot_role155.asl"": 34, ""role_mainplot_role156.asl"": 34, ""role_mainplot_role157.asl"": 34, ""role_mainplot_role158.asl"": 34, ""role_mainplot_role159.asl"": 34, ""role_mainplot_role160.asl"": 34, ""role_mainplot_role161.asl"": 34, ""role_mainplot_role162.asl"": 34, ""role_mainplot_role163.asl"": 34, ""role_mainplot_role164.asl"": 34, ""role_mainplot_role165.asl"": 34, ""role_mainplot_role166.asl"": 34, ""role_mainplot_role167.asl"": 34, ""role_mainplot_role168.asl"": 34, ""role_mainplot_role169.asl"": 34, ""role_mainplot_role170.asl"": 34, ""role_mainplot_role171.asl"": 34, ""role_mainplot_role172.asl"": 34, ""role_mainplot_role173.asl"": 34, ""role_mainplot_role174.asl"": 34, ""role_mainplot_role175.asl"": 34, ""role_mainplot_role176.asl"": 34, ""role_mainplot_role177.asl"": 34, ""role_mainplot_role178.asl"": 34, ""role_mainplot_role179.asl"": 34, ""role_mainplot_role180.asl"": 34, ""role_mainplot_role181.asl"": 34, ""role_mainplot_role182.asl"": 34, ""role_mainplot_role183.asl"": 34, ""role_mainplot_role184.asl"": 34, ""role_mainplot_role185.asl"": 34, ""role_mainplot_role186.asl"": 34, ""role_mainplot_role187.asl"": 34, ""role_mainplot_role188.asl"": 34, ""role_mainplot_role189.asl"": 34, ""role_mainplot_role190.asl"": 34, ""role_mainplot_role191.asl"": 34, ""role_mainplot_role192.asl"": 34, ""role_mainplot_role193.asl"": 34, ""role_mainplot_role194.asl"": 34, ""role_mainplot_role195.asl"": 34, ""role_mainplot_role196.asl"": 34, ""role_mainplot_role197.asl"": 34, ""role_mainplot_role198.asl"": 34, ""role_mainplot_role199.asl"": 34}",1.532049739269956,0.6487902539993229,0.002770314998997492,22.236146926879883,True,1,0
grid_phases_roles,200,Linux 7.2.3-arch1-2,x86_64,24,30.44,3.14.7,10,10,5,2,2,1,2,1,50,0,0,42,686,13768,4,661,"{""playbook_playbook0.asl"": 26, ""playbook_playbook1.asl"": 26, ""director_mainplot.asl"": 575, ""role_mainplot_role0.asl"": 34}",0.9635568513119533,0.023169178999523865,8.446999891020823e-05,0.8213462829589844,True,4,0
grid_phases_roles,201,Linux 7.2.3-arch1-2,x86_64,24,30.44,3.14.7,10,10,5,2,2,1,2,1,50,0,0,42,686,13768,4,661,"{""playbook_playbook0.asl"": 26, ""playbook_playbook1.asl"": 26, ""director_mainplot.asl"": 575, ""role_mainplot_role0.asl"": 34}",0.9635568513119533,0.022813339999629534,8.067000089795329e-05,0.8213462829589844,True,4,0
grid_phases_roles,202,Linux 7.2.3-arch1-2,x86_64,24,30.44,3.14.7,10,10,5,2,2,1,2,1,50,0,0,42,686,13768,4,661,"{""playbook_playbook0.asl"": 26, ""playbook_playbook1.asl"": 26, ""director_mainplot.asl"": 575, ""role_mainplot_role0.asl"": 34}",0.9635568513119533,0.022675579999486217,8.28200008982094e-05,0.8213462829589844,True,4,0
grid_phases_roles,203,Linux 7.2.3-arch1-2,x86_64,24,30.44,3.14.7,10,10,5,2,2,1,2,1,50,0,0,42,686,13768,4,661,"{""playbook_playbook0.asl"": 26, ""playbook_playbook1.asl"": 26, ""director_mainplot.asl"": 575, ""role_mainplot_role0.asl"": 34}",0.9635568513119533,0.02276071999949636,8.198999967135023e-05,0.8213462829589844,True,4,0
grid_phases_roles,204,Linux 7.2.3-arch1-2,x86_64,24,30.44,3.14.7,10,10,5,2,2,1,2,1,50,0,0,42,686,13768,4,661,"{""playbook_playbook0.asl"": 26, ""playbook_playbook1.asl"": 26, ""director_mainplot.asl"": 575, ""role_mainplot_role0.asl"": 34}",0.9635568513119533,0.022760649999327143,8.256000000983477e-05,0.8213462829589844,True,4,0
grid_phases_roles,205,Linux 7.2.3-arch1-2,x86_64,24,30.44,3.14.7,10,10,5,2,2,1,2,2,50,0,0,42,837,19284,5,845,"{""playbook_playbook0.asl"": 26, ""playbook_playbook1.asl"": 26, ""director_mainplot.asl"": 725, ""role_mainplot_role0.asl"": 34, ""role_mainplot_role1.asl"": 34}",1.009557945041816,0.030593056000725483,9.671000043454114e-05,1.0937252044677734,True,3,0
grid_phases_roles,206,Linux 7.2.3-arch1-2,x86_64,24,30.44,3.14.7,10,10,5,2,2,1,2,2,50,0,0,42,837,19284,5,845,"{""playbook_playbook0.asl"": 26, ""playbook_playbook1.asl"": 26, ""director_mainplot.asl"": 725, ""role_mainplot_role0.asl"": 34, ""role_mainplot_role1.asl"": 34}",1.009557945041816,0.03033485599917185,9.847000001173001e-05,1.0937252044677734,True,3,0
grid_phases_roles,207,Linux 7.2.3-arch1-2,x86_64,24,30.44,3.14.7,10,10,5,2,2,1,2,2,50,0,0,42,837,19284,5,845,"{""playbook_playbook0.asl"": 26, ""playbook_playbook1.asl"": 26, ""director_mainplot.asl"": 725, ""role_mainplot_role0.asl"": 34, ""role_mainplot_role1.asl"": 34}",1.009557945041816,0.030705185999977402,9.69299999269424e-05,1.0937252044677734,True,3,0
grid_phases_roles,208,Linux 7.2.3-arch1-2,x86_64,24,30.44,3.14.7,10,10,5,2,2,1,2,2,50,0,0,42,837,19284,5,845,"{""playbook_playbook0.asl"": 26, ""playbook_playbook1.asl"": 26, ""director_mainplot.asl"": 725, ""role_mainplot_role0.asl"": 34, ""role_mainplot_role1.asl"": 34}",1.009557945041816,0.03837934199873416,0.00010600000132399146,1.0955867767333984,True,3,0
grid_phases_roles,209,Linux 7.2.3-arch1-2,x86_64,24,30.44,3.14.7,10,10,5,2,2,1,2,2,50,0,0,42,837,19284,5,845,"{""playbook_playbook0.asl"": 26, ""playbook_playbook1.asl"": 26, ""director_mainplot.asl"": 725, ""role_mainplot_role0.asl"": 34, ""role_mainplot_role1.asl"": 34}",1.009557945041816,0.03070764599942777,0.00010027999996964354,1.0937252044677734,True,3,0
grid_phases_roles,210,Linux 7.2.3-arch1-2,x86_64,24,30.44,3.14.7,10,10,5,2,2,1,2,5,50,0,0,42,1290,35832,8,1397,"{""playbook_playbook0.asl"": 26, ""playbook_playbook1.asl"": 26, ""director_mainplot.asl"": 1175, ""role_mainplot_role0.asl"": 34, ""role_mainplot_role1.asl"": 34, ""role_mainplot_role2.asl"": 34, ""role_mainplot_role3.asl"": 34, ""role_mainplot_role4.asl"": 34}",1.0829457364341086,0.05327054599911207,0.00013789900003757793,1.9097480773925781,True,3,0
grid_phases_roles,211,Linux 7.2.3-arch1-2,x86_64,24,30.44,3.14.7,10,10,5,2,2,1,2,5,50,0,0,42,1290,35832,8,1397,"{""playbook_playbook0.asl"": 26, ""playbook_playbook1.asl"": 26, ""director_mainplot.asl"": 1175, ""role_mainplot_role0.asl"": 34, ""role_mainplot_role1.asl"": 34, ""role_mainplot_role2.asl"": 34, ""role_mainplot_role3.asl"": 34, ""role_mainplot_role4.asl"": 34}",1.0829457364341086,0.05331090599975141,0.000138718998641707,1.9097480773925781,True,3,0
grid_phases_roles,212,Linux 7.2.3-arch1-2,x86_64,24,30.44,3.14.7,10,10,5,2,2,1,2,5,50,0,0,42,1290,35832,8,1397,"{""playbook_playbook0.asl"": 26, ""playbook_playbook1.asl"": 26, ""director_mainplot.asl"": 1175, ""role_mainplot_role0.asl"": 34, ""role_mainplot_role1.asl"": 34, ""role_mainplot_role2.asl"": 34, ""role_mainplot_role3.asl"": 34, ""role_mainplot_role4.asl"": 34}",1.0829457364341086,0.05324496600042039,0.00013998000031278934,1.9097480773925781,True,3,0
grid_phases_roles,213,Linux 7.2.3-arch1-2,x86_64,24,30.44,3.14.7,10,10,5,2,2,1,2,5,50,0,0,42,1290,35832,8,1397,"{""playbook_playbook0.asl"": 26, ""playbook_playbook1.asl"": 26, ""director_mainplot.asl"": 1175, ""role_mainplot_role0.asl"": 34, ""role_mainplot_role1.asl"": 34, ""role_mainplot_role2.asl"": 34, ""role_mainplot_role3.asl"": 34, ""role_mainplot_role4.asl"": 34}",1.0829457364341086,0.05349199599913845,0.00013892000060877763,1.9097480773925781,True,3,0
grid_phases_roles,214,Linux 7.2.3-arch1-2,x86_64,24,30.44,3.14.7,10,10,5,2,2,1,2,5,50,0,0,42,1290,35832,8,1397,"{""playbook_playbook0.asl"": 26, ""playbook_playbook1.asl"": 26, ""director_mainplot.asl"": 1175, ""role_mainplot_role0.asl"": 34, ""role_mainplot_role1.asl"": 34, ""role_mainplot_role2.asl"": 34, ""role_mainplot_role3.asl"": 34, ""role_mainplot_role4.asl"": 34}",1.0829457364341086,0.05307273600010376,0.00013830999887431972,1.9097480773925781,True,3,0
grid_phases_roles,215,Linux 7.2.3-arch1-2,x86_64,24,30.44,3.14.7,10,10,5,2,2,1,2,10,50,0,0,42,2045,63413,13,2317,"{""playbook_playbook0.asl"": 26, ""playbook_playbook1.asl"": 26, ""director_mainplot.asl"": 1925, ""role_mainplot_role0.asl"": 34, ""role_mainplot_role1.asl"": 34, ""role_mainplot_role2.asl"": 34, ""role_mainplot_role3.asl"": 34, ""role_mainplot_role4.asl"": 34, ""role_mainplot_role5.asl"": 34, ""role_mainplot_role6.asl"": 34, ""role_mainplot_role7.asl"": 34, ""role_mainplot_role8.asl"": 34, ""role_mainplot_role9.asl"": 34}",1.1330073349633252,0.09574112100017373,0.0002587890012364369,3.2696447372436523,True,1,0
grid_phases_roles,216,Linux 7.2.3-arch1-2,x86_64,24,30.44,3.14.7,10,10,5,2,2,1,2,10,50,0,0,42,2045,63413,13,2317,"{""playbook_playbook0.asl"": 26, ""playbook_playbook1.asl"": 26, ""director_mainplot.asl"": 1925, ""role_mainplot_role0.asl"": 34, ""role_mainplot_role1.asl"": 34, ""role_mainplot_role2.asl"": 34, ""role_mainplot_role3.asl"": 34, ""role_mainplot_role4.asl"": 34, ""role_mainplot_role5.asl"": 34, ""role_mainplot_role6.asl"": 34, ""role_mainplot_role7.asl"": 34, ""role_mainplot_role8.asl"": 34, ""role_mainplot_role9.asl"": 34}",1.1330073349633252,0.09238252700015437,0.00022687000091536902,3.2696447372436523,True,1,0
grid_phases_roles,217,Linux 7.2.3-arch1-2,x86_64,24,30.44,3.14.7,10,10,5,2,2,1,2,10,50,0,0,42,2045,63413,13,2317,"{""playbook_playbook0.asl"": 26, ""playbook_playbook1.asl"": 26, ""director_mainplot.asl"": 1925, ""role_mainplot_role0.asl"": 34, ""role_mainplot_role1.asl"": 34, ""role_mainplot_role2.asl"": 34, ""role_mainplot_role3.asl"": 34, ""role_mainplot_role4.asl"": 34, ""role_mainplot_role5.asl"": 34, ""role_mainplot_role6.asl"": 34, ""role_mainplot_role7.asl"": 34, ""role_mainplot_role8.asl"": 34, ""role_mainplot_role9.asl"": 34}",1.1330073349633252,0.09102603899918904,0.0002133289999619592,3.2696447372436523,True,1,0
grid_phases_roles,218,Linux 7.2.3-arch1-2,x86_64,24,30.44,3.14.7,10,10,5,2,2,1,2,10,50,0,0,42,2045,63413,13,2317,"{""playbook_playbook0.asl"": 26, ""playbook_playbook1.asl"": 26, ""director_mainplot.asl"": 1925, ""role_mainplot_role0.asl"": 34, ""role_mainplot_role1.asl"": 34, ""role_mainplot_role2.asl"": 34, ""role_mainplot_role3.asl"": 34, ""role_mainplot_role4.asl"": 34, ""role_mainplot_role5.asl"": 34, ""role_mainplot_role6.asl"": 34, ""role_mainplot_role7.asl"": 34, ""role_mainplot_role8.asl"": 34, ""role_mainplot_role9.asl"": 34}",1.1330073349633252,0.09167036799954076,0.00021265999930619728,3.2696447372436523,True,1,0
grid_phases_roles,219,Linux 7.2.3-arch1-2,x86_64,24,30.44,3.14.7,10,10,5,2,2,1,2,10,50,0,0,42,2045,63413,13,2317,"{""playbook_playbook0.asl"": 26, ""playbook_playbook1.asl"": 26, ""director_mainplot.asl"": 1925, ""role_mainplot_role0.asl"": 34, ""role_mainplot_role1.asl"": 34, ""role_mainplot_role2.asl"": 34, ""role_mainplot_role3.asl"": 34, ""role_mainplot_role4.asl"": 34, ""role_mainplot_role5.asl"": 34, ""role_mainplot_role6.asl"": 34, ""role_mainplot_role7.asl"": 34, ""role_mainplot_role8.asl"": 34, ""role_mainplot_role9.asl"": 34}",1.1330073349633252,0.091931757000566,0.00024330899941560347,3.2696447372436523,True,1,0
grid_phases_roles,220,Linux 7.2.3-arch1-2,x86_64,24,30.44,3.14.7,10,10,5,2,2,1,2,20,50,0,0,42,3555,119583,23,4157,"{""playbook_playbook0.asl"": 26, ""playbook_playbook1.asl"": 26, ""director_mainplot.asl"": 3425, ""role_mainplot_role0.asl"": 34, ""role_mainplot_role1.asl"": 34, ""role_mainplot_role2.asl"": 34, ""role_mainplot_role3.asl"": 34, ""role_mainplot_role4.asl"": 34, ""role_mainplot_role5.asl"": 34, ""role_mainplot_role6.asl"": 34, ""role_mainplot_role7.asl"": 34, ""role_mainplot_role8.asl"": 34, ""role_mainplot_role9.asl"": 34, ""role_mainplot_role10.asl"": 34, ""role_mainplot_role11.asl"": 34, ""role_mainplot_role12.asl"": 34, ""role_mainplot_role13.asl"": 34, ""role_mainplot_role14.asl"": 34, ""role_mainplot_role15.asl"": 34, ""role_mainplot_role16.asl"": 34, ""role_mainplot_role17.asl"": 34, ""role_mainplot_role18.asl"": 34, ""role_mainplot_role19.asl"": 34}",1.1693389592123768,0.16955306000090786,0.0003840299996227259,5.988650321960449,True,1,0
grid_phases_roles,221,Linux 7.2.3-arch1-2,x86_64,24,30.44,3.14.7,10,10,5,2,2,1,2,20,50,0,0,42,3555,119583,23,4157,"{""playbook_playbook0.asl"": 26, ""playbook_playbook1.asl"": 26, ""director_mainplot.asl"": 3425, ""role_mainplot_role0.asl"": 34, ""role_mainplot_role1.asl"": 34, ""role_mainplot_role2.asl"": 34, ""role_mainplot_role3.asl"": 34, ""role_mainplot_role4.asl"": 34, ""role_mainplot_role5.asl"": 34, ""role_mainplot_role6.asl"": 34, ""role_mainplot_role7.asl"": 34, ""role_mainplot_role8.asl"": 34, ""role_mainplot_role9.asl"": 34, ""role_mainplot_role10.asl"": 34, ""role_mainplot_role11.asl"": 34, ""role_mainplot_role12.asl"": 34, ""role_mainplot_role13.asl"": 34, ""role_mainplot_role14.asl"": 34, ""role_mainplot_role15.asl"": 34, ""role_mainplot_role16.asl"": 34, ""role_mainplot_role17.asl"": 34, ""role_mainplot_role18.asl"": 34, ""role_mainplot_role19.asl"": 34}",1.1693389592123768,0.17062871800044377,0.0003899200000887504,5.988650321960449,True,1,0
grid_phases_roles,222,Linux 7.2.3-arch1-2,x86_64,24,30.44,3.14.7,10,10,5,2,2,1,2,20,50,0,0,42,3555,119583,23,4157,"{""playbook_playbook0.asl"": 26, ""playbook_playbook1.asl"": 26, ""director_mainplot.asl"": 3425, ""role_mainplot_role0.asl"": 34, ""role_mainplot_role1.asl"": 34, ""role_mainplot_role2.asl"": 34, ""role_mainplot_role3.asl"": 34, ""role_mainplot_role4.asl"": 34, ""role_mainplot_role5.asl"": 34, ""role_mainplot_role6.asl"": 34, ""role_mainplot_role7.asl"": 34, ""role_mainplot_role8.asl"": 34, ""role_mainplot_role9.asl"": 34, ""role_mainplot_role10.asl"": 34, ""role_mainplot_role11.asl"": 34, ""role_mainplot_role12.asl"": 34, ""role_mainplot_role13.asl"": 34, ""role_mainplot_role14.asl"": 34, ""role_mainplot_role15.asl"": 34, ""role_mainplot_role16.asl"": 34, ""role_mainplot_role17.asl"": 34, ""role_mainplot_role18.asl"": 34, ""role_mainplot_role19.asl"": 34}",1.1693389592123768,0.16985831999954826,0.0003958490015065763,5.988650321960449,True,1,0
grid_phases_roles,223,Linux 7.2.3-arch1-2,x86_64,24,30.44,3.14.7,10,10,5,2,2,1,2,20,50,0,0,42,3555,119583,23,4157,"{""playbook_playbook0.asl"": 26, ""playbook_playbook1.asl"": 26, ""director_mainplot.asl"": 3425, ""role_mainplot_role0.asl"": 34, ""role_mainplot_role1.asl"": 34, ""role_mainplot_role2.asl"": 34, ""role_mainplot_role3.asl"": 34, ""role_mainplot_role4.asl"": 34, ""role_mainplot_role5.asl"": 34, ""role_mainplot_role6.asl"": 34, ""role_mainplot_role7.asl"": 34, ""role_mainplot_role8.asl"": 34, ""role_mainplot_role9.asl"": 34, ""role_mainplot_role10.asl"": 34, ""role_mainplot_role11.asl"": 34, ""role_mainplot_role12.asl"": 34, ""role_mainplot_role13.asl"": 34, ""role_mainplot_role14.asl"": 34, ""role_mainplot_role15.asl"": 34, ""role_mainplot_role16.asl"": 34, ""role_mainplot_role17.asl"": 34, ""role_mainplot_role18.asl"": 34, ""role_mainplot_role19.asl"": 34}",1.1693389592123768,0.16769319400009408,0.0003797090012085391,5.988650321960449,True,1,0
grid_phases_roles,224,Linux 7.2.3-arch1-2,x86_64,24,30.44,3.14.7,10,10,5,2,2,1,2,20,50,0,0,42,3555,119583,23,4157,"{""playbook_playbook0.asl"": 26, ""playbook_playbook1.asl"": 26, ""director_mainplot.asl"": 3425, ""role_mainplot_role0.asl"": 34, ""role_mainplot_role1.asl"": 34, ""role_mainplot_role2.asl"": 34, ""role_mainplot_role3.asl"": 34, ""role_mainplot_role4.asl"": 34, ""role_mainplot_role5.asl"": 34, ""role_mainplot_role6.asl"": 34, ""role_mainplot_role7.asl"": 34, ""role_mainplot_role8.asl"": 34, ""role_mainplot_role9.asl"": 34, ""role_mainplot_role10.asl"": 34, ""role_mainplot_role11.asl"": 34, ""role_mainplot_role12.asl"": 34, ""role_mainplot_role13.asl"": 34, ""role_mainplot_role14.asl"": 34, ""role_mainplot_role15.asl"": 34, ""role_mainplot_role16.asl"": 34, ""role_mainplot_role17.asl"": 34, ""role_mainplot_role18.asl"": 34, ""role_mainplot_role19.asl"": 34}",1.1693389592123768,0.20371232999968925,0.0003883890003635315,5.990511894226074,True,1,0
grid_phases_roles,225,Linux 7.2.3-arch1-2,x86_64,24,30.44,3.14.7,10,10,5,2,2,1,2,50,50,0,0,42,8085,288093,53,9677,"{""playbook_playbook0.asl"": 26, ""playbook_playbook1.asl"": 26, ""director_mainplot.asl"": 7925, ""role_mainplot_role0.asl"": 34, ""role_mainplot_role1.asl"": 34, ""role_mainplot_role2.asl"": 34, ""role_mainplot_role3.asl"": 34, ""role_mainplot_role4.asl"": 34, ""role_mainplot_role5.asl"": 34, ""role_mainplot_role6.asl"": 34, ""role_mainplot_role7.asl"": 34, ""role_mainplot_role8.asl"": 34, ""role_mainplot_role9.asl"": 34, ""role_mainplot_role10.asl"": 34, ""role_mainplot_role11.asl"": 34, ""role_mainplot_role12.asl"": 34, ""role_mainplot_role13.asl"": 34, ""role_mainplot_role14.asl"": 34, ""role_mainplot_role15.asl"": 34, ""role_mainplot_role16.asl"": 34, ""role_mainplot_role17.asl"": 34, ""role_mainplot_role18.asl"": 34, ""role_mainplot_role19.asl"": 34, ""role_mainplot_role20.asl"": 34, ""role_mainplot_role21.asl"": 34, ""role_mainplot_role22.asl"": 34, ""role_mainplot_role23.asl"": 34, ""role_mainplot_role24.asl"": 34, ""role_mainplot_role25.asl"": 34, ""role_mainplot_role26.asl"": 34, ""role_mainplot_role27.asl"": 34, ""role_mainplot_role28.asl"": 34, ""role_mainplot_role29.asl"": 34, ""role_mainplot_role30.asl"": 34, ""role_mainplot_role31.asl"": 34, ""role_mainplot_role32.asl"": 34, ""role_mainplot_role33.asl"": 34, ""role_mainplot_role34.asl"": 34, ""role_mainplot_role35.asl"": 34, ""role_mainplot_role36.asl"": 34, ""role_mainplot_role37.asl"": 34, ""role_mainplot_role38.asl"": 34, ""role_mainplot_role39.asl"": 34, ""role_mainplot_role40.asl"": 34, ""role_mainplot_role41.asl"": 34, ""role_mainplot_role42.asl"": 34, ""role_mainplot_role43.asl"": 34, ""role_mainplot_role44.asl"": 34, ""role_mainplot_role45.asl"": 34, ""role_mainplot_role46.asl"": 34, ""role_mainplot_role47.asl"": 34, ""role_mainplot_role48.asl"": 34, ""role_mainplot_role49.asl"": 34}",1.1969078540507112,0.40770015900125145,0.0008427390002907487,14.159552574157715,True,1,0
grid_phases_roles,226,Linux 7.2.3-arch1-2,x86_64,24,30.44,3.14.7,10,10,5,2,2,1,2,50,50,0,0,42,8085,288093,53,9677,"{""playbook_playbook0.asl"": 26, ""playbook_playbook1.asl"": 26, ""director_mainplot.asl"": 7925, ""role_mainplot_role0.asl"": 34, ""role_mainplot_role1.asl"": 34, ""role_mainplot_role2.asl"": 34, ""role_mainplot_role3.asl"": 34, ""role_mainplot_role4.asl"": 34, ""role_mainplot_role5.asl"": 34, ""role_mainplot_role6.asl"": 34, ""role_mainplot_role7.asl"": 34, ""role_mainplot_role8.asl"": 34, ""role_mainplot_role9.asl"": 34, ""role_mainplot_role10.asl"": 34, ""role_mainplot_role11.asl"": 34, ""role_mainplot_role12.asl"": 34, ""role_mainplot_role13.asl"": 34, ""role_mainplot_role14.asl"": 34, ""role_mainplot_role15.asl"": 34, ""role_mainplot_role16.asl"": 34, ""role_mainplot_role17.asl"": 34, ""role_mainplot_role18.asl"": 34, ""role_mainplot_role19.asl"": 34, ""role_mainplot_role20.asl"": 34, ""role_mainplot_role21.asl"": 34, ""role_mainplot_role22.asl"": 34, ""role_mainplot_role23.asl"": 34, ""role_mainplot_role24.asl"": 34, ""role_mainplot_role25.asl"": 34, ""role_mainplot_role26.asl"": 34, ""role_mainplot_role27.asl"": 34, ""role_mainplot_role28.asl"": 34, ""role_mainplot_role29.asl"": 34, ""role_mainplot_role30.asl"": 34, ""role_mainplot_role31.asl"": 34, ""role_mainplot_role32.asl"": 34, ""role_mainplot_role33.asl"": 34, ""role_mainplot_role34.asl"": 34, ""role_mainplot_role35.asl"": 34, ""role_mainplot_role36.asl"": 34, ""role_mainplot_role37.asl"": 34, ""role_mainplot_role38.asl"": 34, ""role_mainplot_role39.asl"": 34, ""role_mainplot_role40.asl"": 34, ""role_mainplot_role41.asl"": 34, ""role_mainplot_role42.asl"": 34, ""role_mainplot_role43.asl"": 34, ""role_mainplot_role44.asl"": 34, ""role_mainplot_role45.asl"": 34, ""role_mainplot_role46.asl"": 34, ""role_mainplot_role47.asl"": 34, ""role_mainplot_role48.asl"": 34, ""role_mainplot_role49.asl"": 34}",1.1969078540507112,0.411670151999715,0.0008221490006690146,14.159552574157715,True,1,0
grid_phases_roles,227,Linux 7.2.3-arch1-2,x86_64,24,30.44,3.14.7,10,10,5,2,2,1,2,50,50,0,0,42,8085,288093,53,9677,"{""playbook_playbook0.asl"": 26, ""playbook_playbook1.asl"": 26, ""director_mainplot.asl"": 7925, ""role_mainplot_role0.asl"": 34, ""role_mainplot_role1.asl"": 34, ""role_mainplot_role2.asl"": 34, ""role_mainplot_role3.asl"": 34, ""role_mainplot_role4.asl"": 34, ""role_mainplot_role5.asl"": 34, ""role_mainplot_role6.asl"": 34, ""role_mainplot_role7.asl"": 34, ""role_mainplot_role8.asl"": 34, ""role_mainplot_role9.asl"": 34, ""role_mainplot_role10.asl"": 34, ""role_mainplot_role11.asl"": 34, ""role_mainplot_role12.asl"": 34, ""role_mainplot_role13.asl"": 34, ""role_mainplot_role14.asl"": 34, ""role_mainplot_role15.asl"": 34, ""role_mainplot_role16.asl"": 34, ""role_mainplot_role17.asl"": 34, ""role_mainplot_role18.asl"": 34, ""role_mainplot_role19.asl"": 34, ""role_mainplot_role20.asl"": 34, ""role_mainplot_role21.asl"": 34, ""role_mainplot_role22.asl"": 34, ""role_mainplot_role23.asl"": 34, ""role_mainplot_role24.asl"": 34, ""role_mainplot_role25.asl"": 34, ""role_mainplot_role26.asl"": 34, ""role_mainplot_role27.asl"": 34, ""role_mainplot_role28.asl"": 34, ""role_mainplot_role29.asl"": 34, ""role_mainplot_role30.asl"": 34, ""role_mainplot_role31.asl"": 34, ""role_mainplot_role32.asl"": 34, ""role_mainplot_role33.asl"": 34, ""role_mainplot_role34.asl"": 34, ""role_mainplot_role35.asl"": 34, ""role_mainplot_role36.asl"": 34, ""role_mainplot_role37.asl"": 34, ""role_mainplot_role38.asl"": 34, ""role_mainplot_role39.asl"": 34, ""role_mainplot_role40.asl"": 34, ""role_mainplot_role41.asl"": 34, ""role_mainplot_role42.asl"": 34, ""role_mainplot_role43.asl"": 34, ""role_mainplot_role44.asl"": 34, ""role_mainplot_role45.asl"": 34, ""role_mainplot_role46.asl"": 34, ""role_mainplot_role47.asl"": 34, ""role_mainplot_role48.asl"": 34, ""role_mainplot_role49.asl"": 34}",1.1969078540507112,0.4089366069983953,0.0008298280008602887,14.159552574157715,True,1,0
grid_phases_roles,228,Linux 7.2.3-arch1-2,x86_64,24,30.44,3.14.7,10,10,5,2,2,1,2,50,50,0,0,42,8085,288093,53,9677,"{""playbook_playbook0.asl"": 26, ""playbook_playbook1.asl"": 26, ""director_mainplot.asl"": 7925, ""role_mainplot_role0.asl"": 34, ""role_mainplot_role1.asl"": 34, ""role_mainplot_role2.asl"": 34, ""role_mainplot_role3.asl"": 34, ""role_mainplot_role4.asl"": 34, ""role_mainplot_role5.asl"": 34, ""role_mainplot_role6.asl"": 34, ""role_mainplot_role7.asl"": 34, ""role_mainplot_role8.asl"": 34, ""role_mainplot_role9.asl"": 34, ""role_mainplot_role10.asl"": 34, ""role_mainplot_role11.asl"": 34, ""role_mainplot_role12.asl"": 34, ""role_mainplot_role13.asl"": 34, ""role_mainplot_role14.asl"": 34, ""role_mainplot_role15.asl"": 34, ""role_mainplot_role16.asl"": 34, ""role_mainplot_role17.asl"": 34, ""role_mainplot_role18.asl"": 34, ""role_mainplot_role19.asl"": 34, ""role_mainplot_role20.asl"": 34, ""role_mainplot_role21.asl"": 34, ""role_mainplot_role22.asl"": 34, ""role_mainplot_role23.asl"": 34, ""role_mainplot_role24.asl"": 34, ""role_mainplot_role25.asl"": 34, ""role_mainplot_role26.asl"": 34, ""role_mainplot_role27.asl"": 34, ""role_mainplot_role28.asl"": 34, ""role_mainplot_role29.asl"": 34, ""role_mainplot_role30.asl"": 34, ""role_mainplot_role31.asl"": 34, ""role_mainplot_role32.asl"": 34, ""role_mainplot_role33.asl"": 34, ""role_mainplot_role34.asl"": 34, ""role_mainplot_role35.asl"": 34, ""role_mainplot_role36.asl"": 34, ""role_mainplot_role37.asl"": 34, ""role_mainplot_role38.asl"": 34, ""role_mainplot_role39.asl"": 34, ""role_mainplot_role40.asl"": 34, ""role_mainplot_role41.asl"": 34, ""role_mainplot_role42.asl"": 34, ""role_mainplot_role43.asl"": 34, ""role_mainplot_role44.asl"": 34, ""role_mainplot_role45.asl"": 34, ""role_mainplot_role46.asl"": 34, ""role_mainplot_role47.asl"": 34, ""role_mainplot_role48.asl"": 34, ""role_mainplot_role49.asl"": 34}",1.1969078540507112,0.4579460700006166,0.0008437989999947604,14.161406517028809,True,1,0
grid_phases_roles,229,Linux 7.2.3-arch1-2,x86_64,24,30.44,3.14.7,10,10,5,2,2,1,2,50,50,0,0,42,8085,288093,53,9677,"{""playbook_playbook0.asl"": 26, ""playbook_playbook1.asl"": 26, ""director_mainplot.asl"": 7925, ""role_mainplot_role0.asl"": 34, ""role_mainplot_role1.asl"": 34, ""role_mainplot_role2.asl"": 34, ""role_mainplot_role3.asl"": 34, ""role_mainplot_role4.asl"": 34, ""role_mainplot_role5.asl"": 34, ""role_mainplot_role6.asl"": 34, ""role_mainplot_role7.asl"": 34, ""role_mainplot_role8.asl"": 34, ""role_mainplot_role9.asl"": 34, ""role_mainplot_role10.asl"": 34, ""role_mainplot_role11.asl"": 34, ""role_mainplot_role12.asl"": 34, ""role_mainplot_role13.asl"": 34, ""role_mainplot_role14.asl"": 34, ""role_mainplot_role15.asl"": 34, ""role_mainplot_role16.asl"": 34, ""role_mainplot_role17.asl"": 34, ""role_mainplot_role18.asl"": 34, ""role_mainplot_role19.asl"": 34, ""role_mainplot_role20.asl"": 34, ""role_mainplot_role21.asl"": 34, ""role_mainplot_role22.asl"": 34, ""role_mainplot_role23.asl"": 34, ""role_mainplot_role24.asl"": 34, ""role_mainplot_role25.asl"": 34, ""role_mainplot_role26.asl"": 34, ""role_mainplot_role27.asl"": 34, ""role_mainplot_role28.asl"": 34, ""role_mainplot_role29.asl"": 34, ""role_mainplot_role30.asl"": 34, ""role_mainplot_role31.asl"": 34, ""role_mainplot_role32.asl"": 34, ""role_mainplot_role33.asl"": 34, ""role_mainplot_role34.asl"": 34, ""role_mainplot_role35.asl"": 34, ""role_mainplot_role36.asl"": 34, ""role_mainplot_role37.asl"": 34, ""role_mainplot_role38.asl"": 34, ""role_mainplot_role39.asl"": 34, ""role_mainplot_role40.asl"": 34, ""role_mainplot_role41.asl"": 34, ""role_mainplot_role42.asl"": 34, ""role_mainplot_role43.asl"": 34, ""role_mainplot_role44.asl"": 34, ""role_mainplot_role45.asl"": 34, ""role_mainplot_role46.asl"": 34, ""role_mainplot_role47.asl"": 34, ""role_mainplot_role48.asl"": 34, ""role_mainplot_role49.asl"": 34}",1.1969078540507112,0.4035553269986849,0.0008426989988947753,14.159552574157715,True,1,0
grid_phases_roles,230,Linux 7.2.3-arch1-2,x86_64,24,30.44,3.14.7,10,10,5,2,2,1,2,100,50,0,0,42,15635,568944,103,18877,"{""playbook_playbook0.asl"": 26, ""playbook_playbook1.asl"": 26, ""director_mainplot.asl"": 15425, ""role_mainplot_role0.asl"": 34, ""role_mainplot_role1.asl"": 34, ""role_mainplot_role2.asl"": 34, ""role_mainplot_role3.asl"": 34, ""role_mainplot_role4.asl"": 34, ""role_mainplot_role5.asl"": 34, ""role_mainplot_role6.asl"": 34, ""role_mainplot_role7.asl"": 34, ""role_mainplot_role8.asl"": 34, ""role_mainplot_role9.asl"": 34, ""role_mainplot_role10.asl"": 34, ""role_mainplot_role11.asl"": 34, ""role_mainplot_role12.asl"": 34, ""role_mainplot_role13.asl"": 34, ""role_mainplot_role14.asl"": 34, ""role_mainplot_role15.asl"": 34, ""role_mainplot_role16.asl"": 34, ""role_mainplot_role17.asl"": 34, ""role_mainplot_role18.asl"": 34, ""role_mainplot_role19.asl"": 34, ""role_mainplot_role20.asl"": 34, ""role_mainplot_role21.asl"": 34, ""role_mainplot_role22.asl"": 34, ""role_mainplot_role23.asl"": 34, ""role_mainplot_role24.asl"": 34, ""role_mainplot_role25.asl"": 34, ""role_mainplot_role26.asl"": 34, ""role_mainplot_role27.asl"": 34, ""role_mainplot_role28.asl"": 34, ""role_mainplot_role29.asl"": 34, ""role_mainplot_role30.asl"": 34, ""role_mainplot_role31.asl"": 34, ""role_mainplot_role32.asl"": 34, ""role_mainplot_role33.asl"": 34, ""role_mainplot_role34.asl"": 34, ""role_mainplot_role35.asl"": 34, ""role_mainplot_role36.asl"": 34, ""role_mainplot_role37.asl"": 34, ""role_mainplot_role38.asl"": 34, ""role_mainplot_role39.asl"": 34, ""role_mainplot_role40.asl"": 34, ""role_mainplot_role41.asl"": 34, ""role_mainplot_role42.asl"": 34, ""role_mainplot_role43.asl"": 34, ""role_mainplot_role44.asl"": 34, ""role_mainplot_role45.asl"": 34, ""role_mainplot_role46.asl"": 34, ""role_mainplot_role47.asl"": 34, ""role_mainplot_role48.asl"": 34, ""role_mainplot_role49.asl"": 34, ""role_mainplot_role50.asl"": 34, ""role_mainplot_role51.asl"": 34, ""role_mainplot_role52.asl"": 34, ""role_mainplot_role53.asl"": 34, ""role_mainplot_role54.asl"": 34, ""role_mainplot_role55.asl"": 34, ""role_mainplot_role56.asl"": 34, ""role_mainplot_role57.asl"": 34, ""role_mainplot_role58.asl"": 34, ""role_mainplot_role59.asl"": 34, ""role_mainplot_role60.asl"": 34, ""role_mainplot_role61.asl"": 34, ""role_mainplot_role62.asl"": 34, ""role_mainplot_role63.asl"": 34, ""role_mainplot_role64.asl"": 34, ""role_mainplot_role65.asl"": 34, ""role_mainplot_role66.asl"": 34, ""role_mainplot_role67.asl"": 34, ""role_mainplot_role68.asl"": 34, ""role_mainplot_role69.asl"": 34, ""role_mainplot_role70.asl"": 34, ""role_mainplot_role71.asl"": 34, ""role_mainplot_role72.asl"": 34, ""role_mainplot_role73.asl"": 34, ""role_mainplot_role74.asl"": 34, ""role_mainplot_role75.asl"": 34, ""role_mainplot_role76.asl"": 34, ""role_mainplot_role77.asl"": 34, ""role_mainplot_role78.asl"": 34, ""role_mainplot_role79.asl"": 34, ""role_mainplot_role80.asl"": 34, ""role_mainplot_role81.asl"": 34, ""role_mainplot_role82.asl"": 34, ""role_mainplot_role83.asl"": 34, ""role_mainplot_role84.asl"": 34, ""role_mainplot_role85.asl"": 34, ""role_mainplot_role86.asl"": 34, ""role_mainplot_role87.asl"": 34, ""role_mainplot_role88.asl"": 34, ""role_mainplot_role89.asl"": 34, ""role_mainplot_role90.asl"": 34, ""role_mainplot_role91.asl"": 34, ""role_mainplot_role92.asl"": 34, ""role_mainplot_role93.asl"": 34, ""role_mainplot_role94.asl"": 34, ""role_mainplot_role95.asl"": 34, ""role_mainplot_role96.asl"": 34, ""role_mainplot_role97.asl"": 34, ""role_mainplot_role98.asl"": 34, ""role_mainplot_role99.asl"": 34}",1.2073552926127278,0.8076201920011954,0.0017416969985788455,27.779422760009766,True,1,0
grid_phases_roles,231,Linux 7.2.3-arch1-2,x86_64,24,30.44,3.14.7,10,10,5,2,2,1,2,100,50,0,0,42,15635,568944,103,18877,"{""playbook_playbook0.asl"": 26, ""playbook_playbook1.asl"": 26, ""director_mainplot.asl"": 15425, ""role_mainplot_role0.asl"": 34, ""role_mainplot_role1.asl"": 34, ""role_mainplot_role2.asl"": 34, ""role_mainplot_role3.asl"": 34, ""role_mainplot_role4.asl"": 34, ""role_mainplot_role5.asl"": 34, ""role_mainplot_role6.asl"": 34, ""role_mainplot_role7.asl"": 34, ""role_mainplot_role8.asl"": 34, ""role_mainplot_role9.asl"": 34, ""role_mainplot_role10.asl"": 34, ""role_mainplot_role11.asl"": 34, ""role_mainplot_role12.asl"": 34, ""role_mainplot_role13.asl"": 34, ""role_mainplot_role14.asl"": 34, ""role_mainplot_role15.asl"": 34, ""role_mainplot_role16.asl"": 34, ""role_mainplot_role17.asl"": 34, ""role_mainplot_role18.asl"": 34, ""role_mainplot_role19.asl"": 34, ""role_mainplot_role20.asl"": 34, ""role_mainplot_role21.asl"": 34, ""role_mainplot_role22.asl"": 34, ""role_mainplot_role23.asl"": 34, ""role_mainplot_role24.asl"": 34, ""role_mainplot_role25.asl"": 34, ""role_mainplot_role26.asl"": 34, ""role_mainplot_role27.asl"": 34, ""role_mainplot_role28.asl"": 34, ""role_mainplot_role29.asl"": 34, ""role_mainplot_role30.asl"": 34, ""role_mainplot_role31.asl"": 34, ""role_mainplot_role32.asl"": 34, ""role_mainplot_role33.asl"": 34, ""role_mainplot_role34.asl"": 34, ""role_mainplot_role35.asl"": 34, ""role_mainplot_role36.asl"": 34, ""role_mainplot_role37.asl"": 34, ""role_mainplot_role38.asl"": 34, ""role_mainplot_role39.asl"": 34, ""role_mainplot_role40.asl"": 34, ""role_mainplot_role41.asl"": 34, ""role_mainplot_role42.asl"": 34, ""role_mainplot_role43.asl"": 34, ""role_mainplot_role44.asl"": 34, ""role_mainplot_role45.asl"": 34, ""role_mainplot_role46.asl"": 34, ""role_mainplot_role47.asl"": 34, ""role_mainplot_role48.asl"": 34, ""role_mainplot_role49.asl"": 34, ""role_mainplot_role50.asl"": 34, ""role_mainplot_role51.asl"": 34, ""role_mainplot_role52.asl"": 34, ""role_mainplot_role53.asl"": 34, ""role_mainplot_role54.asl"": 34, ""role_mainplot_role55.asl"": 34, ""role_mainplot_role56.asl"": 34, ""role_mainplot_role57.asl"": 34, ""role_mainplot_role58.asl"": 34, ""role_mainplot_role59.asl"": 34, ""role_mainplot_role60.asl"": 34, ""role_mainplot_role61.asl"": 34, ""role_mainplot_role62.asl"": 34, ""role_mainplot_role63.asl"": 34, ""role_mainplot_role64.asl"": 34, ""role_mainplot_role65.asl"": 34, ""role_mainplot_role66.asl"": 34, ""role_mainplot_role67.asl"": 34, ""role_mainplot_role68.asl"": 34, ""role_mainplot_role69.asl"": 34, ""role_mainplot_role70.asl"": 34, ""role_mainplot_role71.asl"": 34, ""role_mainplot_role72.asl"": 34, ""role_mainplot_role73.asl"": 34, ""role_mainplot_role74.asl"": 34, ""role_mainplot_role75.asl"": 34, ""role_mainplot_role76.asl"": 34, ""role_mainplot_role77.asl"": 34, ""role_mainplot_role78.asl"": 34, ""role_mainplot_role79.asl"": 34, ""role_mainplot_role80.asl"": 34, ""role_mainplot_role81.asl"": 34, ""role_mainplot_role82.asl"": 34, ""role_mainplot_role83.asl"": 34, ""role_mainplot_role84.asl"": 34, ""role_mainplot_role85.asl"": 34, ""role_mainplot_role86.asl"": 34, ""role_mainplot_role87.asl"": 34, ""role_mainplot_role88.asl"": 34, ""role_mainplot_role89.asl"": 34, ""role_mainplot_role90.asl"": 34, ""role_mainplot_role91.asl"": 34, ""role_mainplot_role92.asl"": 34, ""role_mainplot_role93.asl"": 34, ""role_mainplot_role94.asl"": 34, ""role_mainplot_role95.asl"": 34, ""role_mainplot_role96.asl"": 34, ""role_mainplot_role97.asl"": 34, ""role_mainplot_role98.asl"": 34, ""role_mainplot_role99.asl"": 34}",1.2073552926127278,0.992442385000686,0.0015606769993610214,27.78128433227539,True,1,0
grid_phases_roles,232,Linux 7.2.3-arch1-2,x86_64,24,30.44,3.14.7,10,10,5,2,2,1,2,100,50,0,0,42,15635,568944,103,18877,"{""playbook_playbook0.asl"": 26, ""playbook_playbook1.asl"": 26, ""director_mainplot.asl"": 15425, ""role_mainplot_role0.asl"": 34, ""role_mainplot_role1.asl"": 34, ""role_mainplot_role2.asl"": 34, ""role_mainplot_role3.asl"": 34, ""role_mainplot_role4.asl"": 34, ""role_mainplot_role5.asl"": 34, ""role_mainplot_role6.asl"": 34, ""role_mainplot_role7.asl"": 34, ""role_mainplot_role8.asl"": 34, ""role_mainplot_role9.asl"": 34, ""role_mainplot_role10.asl"": 34, ""role_mainplot_role11.asl"": 34, ""role_mainplot_role12.asl"": 34, ""role_mainplot_role13.asl"": 34, ""role_mainplot_role14.asl"": 34, ""role_mainplot_role15.asl"": 34, ""role_mainplot_role16.asl"": 34, ""role_mainplot_role17.asl"": 34, ""role_mainplot_role18.asl"": 34, ""role_mainplot_role19.asl"": 34, ""role_mainplot_role20.asl"": 34, ""role_mainplot_role21.asl"": 34, ""role_mainplot_role22.asl"": 34, ""role_mainplot_role23.asl"": 34, ""role_mainplot_role24.asl"": 34, ""role_mainplot_role25.asl"": 34, ""role_mainplot_role26.asl"": 34, ""role_mainplot_role27.asl"": 34, ""role_mainplot_role28.asl"": 34, ""role_mainplot_role29.asl"": 34, ""role_mainplot_role30.asl"": 34, ""role_mainplot_role31.asl"": 34, ""role_mainplot_role32.asl"": 34, ""role_mainplot_role33.asl"": 34, ""role_mainplot_role34.asl"": 34, ""role_mainplot_role35.asl"": 34, ""role_mainplot_role36.asl"": 34, ""role_mainplot_role37.asl"": 34, ""role_mainplot_role38.asl"": 34, ""role_mainplot_role39.asl"": 34, ""role_mainplot_role40.asl"": 34, ""role_mainplot_role41.asl"": 34, ""role_mainplot_role42.asl"": 34, ""role_mainplot_role43.asl"": 34, ""role_mainplot_role44.asl"": 34, ""role_mainplot_role45.asl"": 34, ""role_mainplot_role46.asl"": 34, ""role_mainplot_role47.asl"": 34, ""role_mainplot_role48.asl"": 34, ""role_mainplot_role49.asl"": 34, ""role_mainplot_role50.asl"": 34, ""role_mainplot_role51.asl"": 34, ""role_mainplot_role52.asl"": 34, ""role_mainplot_role53.asl"": 34, ""role_mainplot_role54.asl"": 34, ""role_mainplot_role55.asl"": 34, ""role_mainplot_role56.asl"": 34, ""role_mainplot_role57.asl"": 34, ""role_mainplot_role58.asl"": 34, ""role_mainplot_role59.asl"": 34, ""role_mainplot_role60.asl"": 34, ""role_mainplot_role61.asl"": 34, ""role_mainplot_role62.asl"": 34, ""role_mainplot_role63.asl"": 34, ""role_mainplot_role64.asl"": 34, ""role_mainplot_role65.asl"": 34, ""role_mainplot_role66.asl"": 34, ""role_mainplot_role67.asl"": 34, ""role_mainplot_role68.asl"": 34, ""role_mainplot_role69.asl"": 34, ""role_mainplot_role70.asl"": 34, ""role_mainplot_role71.asl"": 34, ""role_mainplot_role72.asl"": 34, ""role_mainplot_role73.asl"": 34, ""role_mainplot_role74.asl"": 34, ""role_mainplot_role75.asl"": 34, ""role_mainplot_role76.asl"": 34, ""role_mainplot_role77.asl"": 34, ""role_mainplot_role78.asl"": 34, ""role_mainplot_role79.asl"": 34, ""role_mainplot_role80.asl"": 34, ""role_mainplot_role81.asl"": 34, ""role_mainplot_role82.asl"": 34, ""role_mainplot_role83.asl"": 34, ""role_mainplot_role84.asl"": 34, ""role_mainplot_role85.asl"": 34, ""role_mainplot_role86.asl"": 34, ""role_mainplot_role87.asl"": 34, ""role_mainplot_role88.asl"": 34, ""role_mainplot_role89.asl"": 34, ""role_mainplot_role90.asl"": 34, ""role_mainplot_role91.asl"": 34, ""role_mainplot_role92.asl"": 34, ""role_mainplot_role93.asl"": 34, ""role_mainplot_role94.asl"": 34, ""role_mainplot_role95.asl"": 34, ""role_mainplot_role96.asl"": 34, ""role_mainplot_role97.asl"": 34, ""role_mainplot_role98.asl"": 34, ""role_mainplot_role99.asl"": 34}",1.2073552926127278,0.840100553999946,0.001549038001030567,27.780048370361328,True,1,0
grid_phases_roles,233,Linux 7.2.3-arch1-2,x86_64,24,30.44,3.14.7,10,10,5,2,2,1,2,100,50,0,0,42,15635,568944,103,18877,"{""playbook_playbook0.asl"": 26, ""playbook_playbook1.asl"": 26, ""director_mainplot.asl"": 15425, ""role_mainplot_role0.asl"": 34, ""role_mainplot_role1.asl"": 34, ""role_mainplot_role2.asl"": 34, ""role_mainplot_role3.asl"": 34, ""role_mainplot_role4.asl"": 34, ""role_mainplot_role5.asl"": 34, ""role_mainplot_role6.asl"": 34, ""role_mainplot_role7.asl"": 34, ""role_mainplot_role8.asl"": 34, ""role_mainplot_role9.asl"": 34, ""role_mainplot_role10.asl"": 34, ""role_mainplot_role11.asl"": 34, ""role_mainplot_role12.asl"": 34, ""role_mainplot_role13.asl"": 34, ""role_mainplot_role14.asl"": 34, ""role_mainplot_role15.asl"": 34, ""role_mainplot_role16.asl"": 34, ""role_mainplot_role17.asl"": 34, ""role_mainplot_role18.asl"": 34, ""role_mainplot_role19.asl"": 34, ""role_mainplot_role20.asl"": 34, ""role_mainplot_role21.asl"": 34, ""role_mainplot_role22.asl"": 34, ""role_mainplot_role23.asl"": 34, ""role_mainplot_role24.asl"": 34, ""role_mainplot_role25.asl"": 34, ""role_mainplot_role26.asl"": 34, ""role_mainplot_role27.asl"": 34, ""role_mainplot_role28.asl"": 34, ""role_mainplot_role29.asl"": 34, ""role_mainplot_role30.asl"": 34, ""role_mainplot_role31.asl"": 34, ""role_mainplot_role32.asl"": 34, ""role_mainplot_role33.asl"": 34, ""role_mainplot_role34.asl"": 34, ""role_mainplot_role35.asl"": 34, ""role_mainplot_role36.asl"": 34, ""role_mainplot_role37.asl"": 34, ""role_mainplot_role38.asl"": 34, ""role_mainplot_role39.asl"": 34, ""role_mainplot_role40.asl"": 34, ""role_mainplot_role41.asl"": 34, ""role_mainplot_role42.asl"": 34, ""role_mainplot_role43.asl"": 34, ""role_mainplot_role44.asl"": 34, ""role_mainplot_role45.asl"": 34, ""role_mainplot_role46.asl"": 34, ""role_mainplot_role47.asl"": 34, ""role_mainplot_role48.asl"": 34, ""role_mainplot_role49.asl"": 34, ""role_mainplot_role50.asl"": 34, ""role_mainplot_role51.asl"": 34, ""role_mainplot_role52.asl"": 34, ""role_mainplot_role53.asl"": 34, ""role_mainplot_role54.asl"": 34, ""role_mainplot_role55.asl"": 34, ""role_mainplot_role56.asl"": 34, ""role_mainplot_role57.asl"": 34, ""role_mainplot_role58.asl"": 34, ""role_mainplot_role59.asl"": 34, ""role_mainplot_role60.asl"": 34, ""role_mainplot_role61.asl"": 34, ""role_mainplot_role62.asl"": 34, ""role_mainplot_role63.asl"": 34, ""role_mainplot_role64.asl"": 34, ""role_mainplot_role65.asl"": 34, ""role_mainplot_role66.asl"": 34, ""role_mainplot_role67.asl"": 34, ""role_mainplot_role68.asl"": 34, ""role_mainplot_role69.asl"": 34, ""role_mainplot_role70.asl"": 34, ""role_mainplot_role71.asl"": 34, ""role_mainplot_role72.asl"": 34, ""role_mainplot_role73.asl"": 34, ""role_mainplot_role74.asl"": 34, ""role_mainplot_role75.asl"": 34, ""role_mainplot_role76.asl"": 34, ""role_mainplot_role77.asl"": 34, ""role_mainplot_role78.asl"": 34, ""role_mainplot_role79.asl"": 34, ""role_mainplot_role80.asl"": 34, ""role_mainplot_role81.asl"": 34, ""role_mainplot_role82.asl"": 34, ""role_mainplot_role83.asl"": 34, ""role_mainplot_role84.asl"": 34, ""role_mainplot_role85.asl"": 34, ""role_mainplot_role86.asl"": 34, ""role_mainplot_role87.asl"": 34, ""role_mainplot_role88.asl"": 34, ""role_mainplot_role89.asl"": 34, ""role_mainplot_role90.asl"": 34, ""role_mainplot_role91.asl"": 34, ""role_mainplot_role92.asl"": 34, ""role_mainplot_role93.asl"": 34, ""role_mainplot_role94.asl"": 34, ""role_mainplot_role95.asl"": 34, ""role_mainplot_role96.asl"": 34, ""role_mainplot_role97.asl"": 34, ""role_mainplot_role98.asl"": 34, ""role_mainplot_role99.asl"": 34}",1.2073552926127278,0.8570481729984749,0.0015760669994051568,27.779766082763672,True,1,0
grid_phases_roles,234,Linux 7.2.3-arch1-2,x86_64,24,30.44,3.14.7,10,10,5,2,2,1,2,100,50,0,0,42,15635,568944,103,18877,"{""playbook_playbook0.asl"": 26, ""playbook_playbook1.asl"": 26, ""director_mainplot.asl"": 15425, ""role_mainplot_role0.asl"": 34, ""role_mainplot_role1.asl"": 34, ""role_mainplot_role2.asl"": 34, ""role_mainplot_role3.asl"": 34, ""role_mainplot_role4.asl"": 34, ""role_mainplot_role5.asl"": 34, ""role_mainplot_role6.asl"": 34, ""role_mainplot_role7.asl"": 34, ""role_mainplot_role8.asl"": 34, ""role_mainplot_role9.asl"": 34, ""role_mainplot_role10.asl"": 34, ""role_mainplot_role11.asl"": 34, ""role_mainplot_role12.asl"": 34, ""role_mainplot_role13.asl"": 34, ""role_mainplot_role14.asl"": 34, ""role_mainplot_role15.asl"": 34, ""role_mainplot_role16.asl"": 34, ""role_mainplot_role17.asl"": 34, ""role_mainplot_role18.asl"": 34, ""role_mainplot_role19.asl"": 34, ""role_mainplot_role20.asl"": 34, ""role_mainplot_role21.asl"": 34, ""role_mainplot_role22.asl"": 34, ""role_mainplot_role23.asl"": 34, ""role_mainplot_role24.asl"": 34, ""role_mainplot_role25.asl"": 34, ""role_mainplot_role26.asl"": 34, ""role_mainplot_role27.asl"": 34, ""role_mainplot_role28.asl"": 34, ""role_mainplot_role29.asl"": 34, ""role_mainplot_role30.asl"": 34, ""role_mainplot_role31.asl"": 34, ""role_mainplot_role32.asl"": 34, ""role_mainplot_role33.asl"": 34, ""role_mainplot_role34.asl"": 34, ""role_mainplot_role35.asl"": 34, ""role_mainplot_role36.asl"": 34, ""role_mainplot_role37.asl"": 34, ""role_mainplot_role38.asl"": 34, ""role_mainplot_role39.asl"": 34, ""role_mainplot_role40.asl"": 34, ""role_mainplot_role41.asl"": 34, ""role_mainplot_role42.asl"": 34, ""role_mainplot_role43.asl"": 34, ""role_mainplot_role44.asl"": 34, ""role_mainplot_role45.asl"": 34, ""role_mainplot_role46.asl"": 34, ""role_mainplot_role47.asl"": 34, ""role_mainplot_role48.asl"": 34, ""role_mainplot_role49.asl"": 34, ""role_mainplot_role50.asl"": 34, ""role_mainplot_role51.asl"": 34, ""role_mainplot_role52.asl"": 34, ""role_mainplot_role53.asl"": 34, ""role_mainplot_role54.asl"": 34, ""role_mainplot_role55.asl"": 34, ""role_mainplot_role56.asl"": 34, ""role_mainplot_role57.asl"": 34, ""role_mainplot_role58.asl"": 34, ""role_mainplot_role59.asl"": 34, ""role_mainplot_role60.asl"": 34, ""role_mainplot_role61.asl"": 34, ""role_mainplot_role62.asl"": 34, ""role_mainplot_role63.asl"": 34, ""role_mainplot_role64.asl"": 34, ""role_mainplot_role65.asl"": 34, ""role_mainplot_role66.asl"": 34, ""role_mainplot_role67.asl"": 34, ""role_mainplot_role68.asl"": 34, ""role_mainplot_role69.asl"": 34, ""role_mainplot_role70.asl"": 34, ""role_mainplot_role71.asl"": 34, ""role_mainplot_role72.asl"": 34, ""role_mainplot_role73.asl"": 34, ""role_mainplot_role74.asl"": 34, ""role_mainplot_role75.asl"": 34, ""role_mainplot_role76.asl"": 34, ""role_mainplot_role77.asl"": 34, ""role_mainplot_role78.asl"": 34, ""role_mainplot_role79.asl"": 34, ""role_mainplot_role80.asl"": 34, ""role_mainplot_role81.asl"": 34, ""role_mainplot_role82.asl"": 34, ""role_mainplot_role83.asl"": 34, ""role_mainplot_role84.asl"": 34, ""role_mainplot_role85.asl"": 34, ""role_mainplot_role86.asl"": 34, ""role_mainplot_role87.asl"": 34, ""role_mainplot_role88.asl"": 34, ""role_mainplot_role89.asl"": 34, ""role_mainplot_role90.asl"": 34, ""role_mainplot_role91.asl"": 34, ""role_mainplot_role92.asl"": 34, ""role_mainplot_role93.asl"": 34, ""role_mainplot_role94.asl"": 34, ""role_mainplot_role95.asl"": 34, ""role_mainplot_role96.asl"": 34, ""role_mainplot_role97.asl"": 34, ""role_mainplot_role98.asl"": 34, ""role_mainplot_role99.asl"": 34}",1.2073552926127278,0.8590665600004286,0.0015928969987726305,27.78127670288086,True,1,0
grid_phases_roles,235,Linux 7.2.3-arch1-2,x86_64,24,30.44,3.14.7,10,10,5,2,2,1,2,200,50,0,0,42,30735,1140744,203,37277,"{""playbook_playbook0.asl"": 26, ""playbook_playbook1.asl"": 26, ""director_mainplot.asl"": 30425, ""role_mainplot_role0.asl"": 34, ""role_mainplot_role1.asl"": 34, ""role_mainplot_role2.asl"": 34, ""role_mainplot_role3.asl"": 34, ""role_mainplot_role4.asl"": 34, ""role_mainplot_role5.asl"": 34, ""role_mainplot_role6.asl"": 34, ""role_mainplot_role7.asl"": 34, ""role_mainplot_role8.asl"": 34, ""role_mainplot_role9.asl"": 34, ""role_mainplot_role10.asl"": 34, ""role_mainplot_role11.asl"": 34, ""role_mainplot_role12.asl"": 34, ""role_mainplot_role13.asl"": 34, ""role_mainplot_role14.asl"": 34, ""role_mainplot_role15.asl"": 34, ""role_mainplot_role16.asl"": 34, ""role_mainplot_role17.asl"": 34, ""role_mainplot_role18.asl"": 34, ""role_mainplot_role19.asl"": 34, ""role_mainplot_role20.asl"": 34, ""role_mainplot_role21.asl"": 34, ""role_mainplot_role22.asl"": 34, ""role_mainplot_role23.asl"": 34, ""role_mainplot_role24.asl"": 34, ""role_mainplot_role25.asl"": 34, ""role_mainplot_role26.asl"": 34, ""role_mainplot_role27.asl"": 34, ""role_mainplot_role28.asl"": 34, ""role_mainplot_role29.asl"": 34, ""role_mainplot_role30.asl"": 34, ""role_mainplot_role31.asl"": 34, ""role_mainplot_role32.asl"": 34, ""role_mainplot_role33.asl"": 34, ""role_mainplot_role34.asl"": 34, ""role_mainplot_role35.asl"": 34, ""role_mainplot_role36.asl"": 34, ""role_mainplot_role37.asl"": 34, ""role_mainplot_role38.asl"": 34, ""role_mainplot_role39.asl"": 34, ""role_mainplot_role40.asl"": 34, ""role_mainplot_role41.asl"": 34, ""role_mainplot_role42.asl"": 34, ""role_mainplot_role43.asl"": 34, ""role_mainplot_role44.asl"": 34, ""role_mainplot_role45.asl"": 34, ""role_mainplot_role46.asl"": 34, ""role_mainplot_role47.asl"": 34, ""role_mainplot_role48.asl"": 34, ""role_mainplot_role49.asl"": 34, ""role_mainplot_role50.asl"": 34, ""role_mainplot_role51.asl"": 34, ""role_mainplot_role52.asl"": 34, ""role_mainplot_role53.asl"": 34, ""role_mainplot_role54.asl"": 34, ""role_mainplot_role55.asl"": 34, ""role_mainplot_role56.asl"": 34, ""role_mainplot_role57.asl"": 34, ""role_mainplot_role58.asl"": 34, ""role_mainplot_role59.asl"": 34, ""role_mainplot_role60.asl"": 34, ""role_mainplot_role61.asl"": 34, ""role_mainplot_role62.asl"": 34, ""role_mainplot_role63.asl"": 34, ""role_mainplot_role64.asl"": 34, ""role_mainplot_role65.asl"": 34, ""role_mainplot_role66.asl"": 34, ""role_mainplot_role67.asl"": 34, ""role_mainplot_role68.asl"": 34, ""role_mainplot_role69.asl"": 34, ""role_mainplot_role70.asl"": 34, ""role_mainplot_role71.asl"": 34, ""role_mainplot_role72.asl"": 34, ""role_mainplot_role73.asl"": 34, ""role_mainplot_role74.asl"": 34, ""role_mainplot_role75.asl"": 34, ""role_mainplot_role76.asl"": 34, ""role_mainplot_role77.asl"": 34, ""role_mainplot_role78.asl"": 34, ""role_mainplot_role79.asl"": 34, ""role_mainplot_role80.asl"": 34, ""role_mainplot_role81.asl"": 34, ""role_mainplot_role82.asl"": 34, ""role_mainplot_role83.asl"": 34, ""role_mainplot_role84.asl"": 34, ""role_mainplot_role85.asl"": 34, ""role_mainplot_role86.asl"": 34, ""role_mainplot_role87.asl"": 34, ""role_mainplot_role88.asl"": 34, ""role_mainplot_role89.asl"": 34, ""role_mainplot_role90.asl"": 34, ""role_mainplot_role91.asl"": 34, ""role_mainplot_role92.asl"": 34, ""role_mainplot_role93.asl"": 34, ""role_mainplot_role94.asl"": 34, ""role_mainplot_role95.asl"": 34, ""role_mainplot_role96.asl"": 34, ""role_mainplot_role97.asl"": 34, ""role_mainplot_role98.asl"": 34, ""role_mainplot_role99.asl"": 34, ""role_mainplot_role100.asl"": 34, ""role_mainplot_role101.asl"": 34, ""role_mainplot_role102.asl"": 34, ""role_mainplot_role103.asl"": 34, ""role_mainplot_role104.asl"": 34, ""role_mainplot_role105.asl"": 34, ""role_mainplot_role106.asl"": 34, ""role_mainplot_role107.asl"": 34, ""role_mainplot_role108.asl"": 34, ""role_mainplot_role109.asl"": 34, ""role_mainplot_role110.asl"": 34, ""role_mainplot_role111.asl"": 34, ""role_mainplot_role112.asl"": 34, ""role_mainplot_role113.asl"": 34, ""role_mainplot_role114.asl"": 34, ""role_mainplot_role115.asl"": 34, ""role_mainplot_role116.asl"": 34, ""role_mainplot_role117.asl"": 34, ""role_mainplot_role118.asl"": 34, ""role_mainplot_role119.asl"": 34, ""role_mainplot_role120.asl"": 34, ""role_mainplot_role121.asl"": 34, ""role_mainplot_role122.asl"": 34, ""role_mainplot_role123.asl"": 34, ""role_mainplot_role124.asl"": 34, ""role_mainplot_role125.asl"": 34, ""role_mainplot_role126.asl"": 34, ""role_mainplot_role127.asl"": 34, ""role_mainplot_role128.asl"": 34, ""role_mainplot_role129.asl"": 34, ""role_mainplot_role130.asl"": 34, ""role_mainplot_role131.asl"": 34, ""role_mainplot_role132.asl"": 34, ""role_mainplot_role133.asl"": 34, ""role_mainplot_role134.asl"": 34, ""role_mainplot_role135.asl"": 34, ""role_mainplot_role136.asl"": 34, ""role_mainplot_role137.asl"": 34, ""role_mainplot_role138.asl"": 34, ""role_mainplot_role139.asl"": 34, ""role_mainplot_role140.asl"": 34, ""role_mainplot_role141.asl"": 34, ""role_mainplot_role142.asl"": 34, ""role_mainplot_role143.asl"": 34, ""role_mainplot_role144.asl"": 34, ""role_mainplot_role145.asl"": 34, ""role_mainplot_role146.asl"": 34, ""role_mainplot_role147.asl"": 34, ""role_mainplot_role148.asl"": 34, ""role_mainplot_role149.asl"": 34, ""role_mainplot_role150.asl"": 34, ""role_mainplot_role151.asl"": 34, ""role_mainplot_role152.asl"": 34, ""role_mainplot_role153.asl"": 34, ""role_mainplot_role154.asl"": 34, ""role_mainplot_role155.asl"": 34, ""role_mainplot_role156.asl"": 34, ""role_mainplot_role157.asl"": 34, ""role_mainplot_role158.asl"": 34, ""role_mainplot_role159.asl"": 34, ""role_mainplot_role160.asl"": 34, ""role_mainplot_role161.asl"": 34, ""role_mainplot_role162.asl"": 34, ""role_mainplot_role163.asl"": 34, ""role_mainplot_role164.asl"": 34, ""role_mainplot_role165.asl"": 34, ""role_mainplot_role166.asl"": 34, ""role_mainplot_role167.asl"": 34, ""role_mainplot_role168.asl"": 34, ""role_mainplot_role169.asl"": 34, ""role_mainplot_role170.asl"": 34, ""role_mainplot_role171.asl"": 34, ""role_mainplot_role172.asl"": 34, ""role_mainplot_role173.asl"": 34, ""role_mainplot_role174.asl"": 34, ""role_mainplot_role175.asl"": 34, ""role_mainplot_role176.asl"": 34, ""role_mainplot_role177.asl"": 34, ""role_mainplot_role178.asl"": 34, ""role_mainplot_role179.asl"": 34, ""role_mainplot_role180.asl"": 34, ""role_mainplot_role181.asl"": 34, ""role_mainplot_role182.asl"": 34, ""role_mainplot_role183.asl"": 34, ""role_mainplot_role184.asl"": 34, ""role_mainplot_role185.asl"": 34, ""role_mainplot_role186.asl"": 34, ""role_mainplot_role187.asl"": 34, ""role_mainplot_role188.asl"": 34, ""role_mainplot_role189.asl"": 34, ""role_mainplot_role190.asl"": 34, ""role_mainplot_role191.asl"": 34, ""role_mainplot_role192.asl"": 34, ""role_mainplot_role193.asl"": 34, ""role_mainplot_role194.asl"": 34, ""role_mainplot_role195.asl"": 34, ""role_mainplot_role196.asl"": 34, ""role_mainplot_role197.asl"": 34, ""role_mainplot_role198.asl"": 34, ""role_mainplot_role199.asl"": 34}",1.2128517976248576,1.7202715750008792,0.0029963649994897423,55.02901077270508,True,1,0
grid_phases_roles,236,Linux 7.2.3-arch1-2,x86_64,24,30.44,3.14.7,10,10,5,2,2,1,2,200,50,0,0,42,30735,1140744,203,37277,"{""playbook_playbook0.asl"": 26, ""playbook_playbook1.asl"": 26, ""director_mainplot.asl"": 30425, ""role_mainplot_role0.asl"": 34, ""role_mainplot_role1.asl"": 34, ""role_mainplot_role2.asl"": 34, ""role_mainplot_role3.asl"": 34, ""role_mainplot_role4.asl"": 34, ""role_mainplot_role5.asl"": 34, ""role_mainplot_role6.asl"": 34, ""role_mainplot_role7.asl"": 34, ""role_mainplot_role8.asl"": 34, ""role_mainplot_role9.asl"": 34, ""role_mainplot_role10.asl"": 34, ""role_mainplot_role11.asl"": 34, ""role_mainplot_role12.asl"": 34, ""role_mainplot_role13.asl"": 34, ""role_mainplot_role14.asl"": 34, ""role_mainplot_role15.asl"": 34, ""role_mainplot_role16.asl"": 34, ""role_mainplot_role17.asl"": 34, ""role_mainplot_role18.asl"": 34, ""role_mainplot_role19.asl"": 34, ""role_mainplot_role20.asl"": 34, ""role_mainplot_role21.asl"": 34, ""role_mainplot_role22.asl"": 34, ""role_mainplot_role23.asl"": 34, ""role_mainplot_role24.asl"": 34, ""role_mainplot_role25.asl"": 34, ""role_mainplot_role26.asl"": 34, ""role_mainplot_role27.asl"": 34, ""role_mainplot_role28.asl"": 34, ""role_mainplot_role29.asl"": 34, ""role_mainplot_role30.asl"": 34, ""role_mainplot_role31.asl"": 34, ""role_mainplot_role32.asl"": 34, ""role_mainplot_role33.asl"": 34, ""role_mainplot_role34.asl"": 34, ""role_mainplot_role35.asl"": 34, ""role_mainplot_role36.asl"": 34, ""role_mainplot_role37.asl"": 34, ""role_mainplot_role38.asl"": 34, ""role_mainplot_role39.asl"": 34, ""role_mainplot_role40.asl"": 34, ""role_mainplot_role41.asl"": 34, ""role_mainplot_role42.asl"": 34, ""role_mainplot_role43.asl"": 34, ""role_mainplot_role44.asl"": 34, ""role_mainplot_role45.asl"": 34, ""role_mainplot_role46.asl"": 34, ""role_mainplot_role47.asl"": 34, ""role_mainplot_role48.asl"": 34, ""role_mainplot_role49.asl"": 34, ""role_mainplot_role50.asl"": 34, ""role_mainplot_role51.asl"": 34, ""role_mainplot_role52.asl"": 34, ""role_mainplot_role53.asl"": 34, ""role_mainplot_role54.asl"": 34, ""role_mainplot_role55.asl"": 34, ""role_mainplot_role56.asl"": 34, ""role_mainplot_role57.asl"": 34, ""role_mainplot_role58.asl"": 34, ""role_mainplot_role59.asl"": 34, ""role_mainplot_role60.asl"": 34, ""role_mainplot_role61.asl"": 34, ""role_mainplot_role62.asl"": 34, ""role_mainplot_role63.asl"": 34, ""role_mainplot_role64.asl"": 34, ""role_mainplot_role65.asl"": 34, ""role_mainplot_role66.asl"": 34, ""role_mainplot_role67.asl"": 34, ""role_mainplot_role68.asl"": 34, ""role_mainplot_role69.asl"": 34, ""role_mainplot_role70.asl"": 34, ""role_mainplot_role71.asl"": 34, ""role_mainplot_role72.asl"": 34, ""role_mainplot_role73.asl"": 34, ""role_mainplot_role74.asl"": 34, ""role_mainplot_role75.asl"": 34, ""role_mainplot_role76.asl"": 34, ""role_mainplot_role77.asl"": 34, ""role_mainplot_role78.asl"": 34, ""role_mainplot_role79.asl"": 34, ""role_mainplot_role80.asl"": 34, ""role_mainplot_role81.asl"": 34, ""role_mainplot_role82.asl"": 34, ""role_mainplot_role83.asl"": 34, ""role_mainplot_role84.asl"": 34, ""role_mainplot_role85.asl"": 34, ""role_mainplot_role86.asl"": 34, ""role_mainplot_role87.asl"": 34, ""role_mainplot_role88.asl"": 34, ""role_mainplot_role89.asl"": 34, ""role_mainplot_role90.asl"": 34, ""role_mainplot_role91.asl"": 34, ""role_mainplot_role92.asl"": 34, ""role_mainplot_role93.asl"": 34, ""role_mainplot_role94.asl"": 34, ""role_mainplot_role95.asl"": 34, ""role_mainplot_role96.asl"": 34, ""role_mainplot_role97.asl"": 34, ""role_mainplot_role98.asl"": 34, ""role_mainplot_role99.asl"": 34, ""role_mainplot_role100.asl"": 34, ""role_mainplot_role101.asl"": 34, ""role_mainplot_role102.asl"": 34, ""role_mainplot_role103.asl"": 34, ""role_mainplot_role104.asl"": 34, ""role_mainplot_role105.asl"": 34, ""role_mainplot_role106.asl"": 34, ""role_mainplot_role107.asl"": 34, ""role_mainplot_role108.asl"": 34, ""role_mainplot_role109.asl"": 34, ""role_mainplot_role110.asl"": 34, ""role_mainplot_role111.asl"": 34, ""role_mainplot_role112.asl"": 34, ""role_mainplot_role113.asl"": 34, ""role_mainplot_role114.asl"": 34, ""role_mainplot_role115.asl"": 34, ""role_mainplot_role116.asl"": 34, ""role_mainplot_role117.asl"": 34, ""role_mainplot_role118.asl"": 34, ""role_mainplot_role119.asl"": 34, ""role_mainplot_role120.asl"": 34, ""role_mainplot_role121.asl"": 34, ""role_mainplot_role122.asl"": 34, ""role_mainplot_role123.asl"": 34, ""role_mainplot_role124.asl"": 34, ""role_mainplot_role125.asl"": 34, ""role_mainplot_role126.asl"": 34, ""role_mainplot_role127.asl"": 34, ""role_mainplot_role128.asl"": 34, ""role_mainplot_role129.asl"": 34, ""role_mainplot_role130.asl"": 34, ""role_mainplot_role131.asl"": 34, ""role_mainplot_role132.asl"": 34, ""role_mainplot_role133.asl"": 34, ""role_mainplot_role134.asl"": 34, ""role_mainplot_role135.asl"": 34, ""role_mainplot_role136.asl"": 34, ""role_mainplot_role137.asl"": 34, ""role_mainplot_role138.asl"": 34, ""role_mainplot_role139.asl"": 34, ""role_mainplot_role140.asl"": 34, ""role_mainplot_role141.asl"": 34, ""role_mainplot_role142.asl"": 34, ""role_mainplot_role143.asl"": 34, ""role_mainplot_role144.asl"": 34, ""role_mainplot_role145.asl"": 34, ""role_mainplot_role146.asl"": 34, ""role_mainplot_role147.asl"": 34, ""role_mainplot_role148.asl"": 34, ""role_mainplot_role149.asl"": 34, ""role_mainplot_role150.asl"": 34, ""role_mainplot_role151.asl"": 34, ""role_mainplot_role152.asl"": 34, ""role_mainplot_role153.asl"": 34, ""role_mainplot_role154.asl"": 34, ""role_mainplot_role155.asl"": 34, ""role_mainplot_role156.asl"": 34, ""role_mainplot_role157.asl"": 34, ""role_mainplot_role158.asl"": 34, ""role_mainplot_role159.asl"": 34, ""role_mainplot_role160.asl"": 34, ""role_mainplot_role161.asl"": 34, ""role_mainplot_role162.asl"": 34, ""role_mainplot_role163.asl"": 34, ""role_mainplot_role164.asl"": 34, ""role_mainplot_role165.asl"": 34, ""role_mainplot_role166.asl"": 34, ""role_mainplot_role167.asl"": 34, ""role_mainplot_role168.asl"": 34, ""role_mainplot_role169.asl"": 34, ""role_mainplot_role170.asl"": 34, ""role_mainplot_role171.asl"": 34, ""role_mainplot_role172.asl"": 34, ""role_mainplot_role173.asl"": 34, ""role_mainplot_role174.asl"": 34, ""role_mainplot_role175.asl"": 34, ""role_mainplot_role176.asl"": 34, ""role_mainplot_role177.asl"": 34, ""role_mainplot_role178.asl"": 34, ""role_mainplot_role179.asl"": 34, ""role_mainplot_role180.asl"": 34, ""role_mainplot_role181.asl"": 34, ""role_mainplot_role182.asl"": 34, ""role_mainplot_role183.asl"": 34, ""role_mainplot_role184.asl"": 34, ""role_mainplot_role185.asl"": 34, ""role_mainplot_role186.asl"": 34, ""role_mainplot_role187.asl"": 34, ""role_mainplot_role188.asl"": 34, ""role_mainplot_role189.asl"": 34, ""role_mainplot_role190.asl"": 34, ""role_mainplot_role191.asl"": 34, ""role_mainplot_role192.asl"": 34, ""role_mainplot_role193.asl"": 34, ""role_mainplot_role194.asl"": 34, ""role_mainplot_role195.asl"": 34, ""role_mainplot_role196.asl"": 34, ""role_mainplot_role197.asl"": 34, ""role_mainplot_role198.asl"": 34, ""role_mainplot_role199.asl"": 34}",1.2128517976248576,1.806998301000931,0.0031419440001627663,55.03013229370117,True,1,0
grid_phases_roles,237,Linux 7.2.3-arch1-2,x86_64,24,30.44,3.14.7,10,10,5,2,2,1,2,200,50,0,0,42,30735,1140744,203,37277,"{""playbook_playbook0.asl"": 26, ""playbook_playbook1.asl"": 26, ""director_mainplot.asl"": 30425, ""role_mainplot_role0.asl"": 34, ""role_mainplot_role1.asl"": 34, ""role_mainplot_role2.asl"": 34, ""role_mainplot_role3.asl"": 34, ""role_mainplot_role4.asl"": 34, ""role_mainplot_role5.asl"": 34, ""role_mainplot_role6.asl"": 34, ""role_mainplot_role7.asl"": 34, ""role_mainplot_role8.asl"": 34, ""role_mainplot_role9.asl"": 34, ""role_mainplot_role10.asl"": 34, ""role_mainplot_role11.asl"": 34, ""role_mainplot_role12.asl"": 34, ""role_mainplot_role13.asl"": 34, ""role_mainplot_role14.asl"": 34, ""role_mainplot_role15.asl"": 34, ""role_mainplot_role16.asl"": 34, ""role_mainplot_role17.asl"": 34, ""role_mainplot_role18.asl"": 34, ""role_mainplot_role19.asl"": 34, ""role_mainplot_role20.asl"": 34, ""role_mainplot_role21.asl"": 34, ""role_mainplot_role22.asl"": 34, ""role_mainplot_role23.asl"": 34, ""role_mainplot_role24.asl"": 34, ""role_mainplot_role25.asl"": 34, ""role_mainplot_role26.asl"": 34, ""role_mainplot_role27.asl"": 34, ""role_mainplot_role28.asl"": 34, ""role_mainplot_role29.asl"": 34, ""role_mainplot_role30.asl"": 34, ""role_mainplot_role31.asl"": 34, ""role_mainplot_role32.asl"": 34, ""role_mainplot_role33.asl"": 34, ""role_mainplot_role34.asl"": 34, ""role_mainplot_role35.asl"": 34, ""role_mainplot_role36.asl"": 34, ""role_mainplot_role37.asl"": 34, ""role_mainplot_role38.asl"": 34, ""role_mainplot_role39.asl"": 34, ""role_mainplot_role40.asl"": 34, ""role_mainplot_role41.asl"": 34, ""role_mainplot_role42.asl"": 34, ""role_mainplot_role43.asl"": 34, ""role_mainplot_role44.asl"": 34, ""role_mainplot_role45.asl"": 34, ""role_mainplot_role46.asl"": 34, ""role_mainplot_role47.asl"": 34, ""role_mainplot_role48.asl"": 34, ""role_mainplot_role49.asl"": 34, ""role_mainplot_role50.asl"": 34, ""role_mainplot_role51.asl"": 34, ""role_mainplot_role52.asl"": 34, ""role_mainplot_role53.asl"": 34, ""role_mainplot_role54.asl"": 34, ""role_mainplot_role55.asl"": 34, ""role_mainplot_role56.asl"": 34, ""role_mainplot_role57.asl"": 34, ""role_mainplot_role58.asl"": 34, ""role_mainplot_role59.asl"": 34, ""role_mainplot_role60.asl"": 34, ""role_mainplot_role61.asl"": 34, ""role_mainplot_role62.asl"": 34, ""role_mainplot_role63.asl"": 34, ""role_mainplot_role64.asl"": 34, ""role_mainplot_role65.asl"": 34, ""role_mainplot_role66.asl"": 34, ""role_mainplot_role67.asl"": 34, ""role_mainplot_role68.asl"": 34, ""role_mainplot_role69.asl"": 34, ""role_mainplot_role70.asl"": 34, ""role_mainplot_role71.asl"": 34, ""role_mainplot_role72.asl"": 34, ""role_mainplot_role73.asl"": 34, ""role_mainplot_role74.asl"": 34, ""role_mainplot_role75.asl"": 34, ""role_mainplot_role76.asl"": 34, ""role_mainplot_role77.asl"": 34, ""role_mainplot_role78.asl"": 34, ""role_mainplot_role79.asl"": 34, ""role_mainplot_role80.asl"": 34, ""role_mainplot_role81.asl"": 34, ""role_mainplot_role82.asl"": 34, ""role_mainplot_role83.asl"": 34, ""role_mainplot_role84.asl"": 34, ""role_mainplot_role85.asl"": 34, ""role_mainplot_role86.asl"": 34, ""role_mainplot_role87.asl"": 34, ""role_mainplot_role88.asl"": 34, ""role_mainplot_role89.asl"": 34, ""role_mainplot_role90.asl"": 34, ""role_mainplot_role91.asl"": 34, ""role_mainplot_role92.asl"": 34, ""role_mainplot_role93.asl"": 34, ""role_mainplot_role94.asl"": 34, ""role_mainplot_role95.asl"": 34, ""role_mainplot_role96.asl"": 34, ""role_mainplot_role97.asl"": 34, ""role_mainplot_role98.asl"": 34, ""role_mainplot_role99.asl"": 34, ""role_mainplot_role100.asl"": 34, ""role_mainplot_role101.asl"": 34, ""role_mainplot_role102.asl"": 34, ""role_mainplot_role103.asl"": 34, ""role_mainplot_role104.asl"": 34, ""role_mainplot_role105.asl"": 34, ""role_mainplot_role106.asl"": 34, ""role_mainplot_role107.asl"": 34, ""role_mainplot_role108.asl"": 34, ""role_mainplot_role109.asl"": 34, ""role_mainplot_role110.asl"": 34, ""role_mainplot_role111.asl"": 34, ""role_mainplot_role112.asl"": 34, ""role_mainplot_role113.asl"": 34, ""role_mainplot_role114.asl"": 34, ""role_mainplot_role115.asl"": 34, ""role_mainplot_role116.asl"": 34, ""role_mainplot_role117.asl"": 34, ""role_mainplot_role118.asl"": 34, ""role_mainplot_role119.asl"": 34, ""role_mainplot_role120.asl"": 34, ""role_mainplot_role121.asl"": 34, ""role_mainplot_role122.asl"": 34, ""role_mainplot_role123.asl"": 34, ""role_mainplot_role124.asl"": 34, ""role_mainplot_role125.asl"": 34, ""role_mainplot_role126.asl"": 34, ""role_mainplot_role127.asl"": 34, ""role_mainplot_role128.asl"": 34, ""role_mainplot_role129.asl"": 34, ""role_mainplot_role130.asl"": 34, ""role_mainplot_role131.asl"": 34, ""role_mainplot_role132.asl"": 34, ""role_mainplot_role133.asl"": 34, ""role_mainplot_role134.asl"": 34, ""role_mainplot_role135.asl"": 34, ""role_mainplot_role136.asl"": 34, ""role_mainplot_role137.asl"": 34, ""role_mainplot_role138.asl"": 34, ""role_mainplot_role139.asl"": 34, ""role_mainplot_role140.asl"": 34, ""role_mainplot_role141.asl"": 34, ""role_mainplot_role142.asl"": 34, ""role_mainplot_role143.asl"": 34, ""role_mainplot_role144.asl"": 34, ""role_mainplot_role145.asl"": 34, ""role_mainplot_role146.asl"": 34, ""role_mainplot_role147.asl"": 34, ""role_mainplot_role148.asl"": 34, ""role_mainplot_role149.asl"": 34, ""role_mainplot_role150.asl"": 34, ""role_mainplot_role151.asl"": 34, ""role_mainplot_role152.asl"": 34, ""role_mainplot_role153.asl"": 34, ""role_mainplot_role154.asl"": 34, ""role_mainplot_role155.asl"": 34, ""role_mainplot_role156.asl"": 34, ""role_mainplot_role157.asl"": 34, ""role_mainplot_role158.asl"": 34, ""role_mainplot_role159.asl"": 34, ""role_mainplot_role160.asl"": 34, ""role_mainplot_role161.asl"": 34, ""role_mainplot_role162.asl"": 34, ""role_mainplot_role163.asl"": 34, ""role_mainplot_role164.asl"": 34, ""role_mainplot_role165.asl"": 34, ""role_mainplot_role166.asl"": 34, ""role_mainplot_role167.asl"": 34, ""role_mainplot_role168.asl"": 34, ""role_mainplot_role169.asl"": 34, ""role_mainplot_role170.asl"": 34, ""role_mainplot_role171.asl"": 34, ""role_mainplot_role172.asl"": 34, ""role_mainplot_role173.asl"": 34, ""role_mainplot_role174.asl"": 34, ""role_mainplot_role175.asl"": 34, ""role_mainplot_role176.asl"": 34, ""role_mainplot_role177.asl"": 34, ""role_mainplot_role178.asl"": 34, ""role_mainplot_role179.asl"": 34, ""role_mainplot_role180.asl"": 34, ""role_mainplot_role181.asl"": 34, ""role_mainplot_role182.asl"": 34, ""role_mainplot_role183.asl"": 34, ""role_mainplot_role184.asl"": 34, ""role_mainplot_role185.asl"": 34, ""role_mainplot_role186.asl"": 34, ""role_mainplot_role187.asl"": 34, ""role_mainplot_role188.asl"": 34, ""role_mainplot_role189.asl"": 34, ""role_mainplot_role190.asl"": 34, ""role_mainplot_role191.asl"": 34, ""role_mainplot_role192.asl"": 34, ""role_mainplot_role193.asl"": 34, ""role_mainplot_role194.asl"": 34, ""role_mainplot_role195.asl"": 34, ""role_mainplot_role196.asl"": 34, ""role_mainplot_role197.asl"": 34, ""role_mainplot_role198.asl"": 34, ""role_mainplot_role199.asl"": 34}",1.2128517976248576,1.7458291279999685,0.0030203940004867036,55.03024673461914,True,1,0
grid_phases_roles,238,Linux 7.2.3-arch1-2,x86_64,24,30.44,3.14.7,10,10,5,2,2,1,2,200,50,0,0,42,30735,1140744,203,37277,"{""playbook_playbook0.asl"": 26, ""playbook_playbook1.asl"": 26, ""director_mainplot.asl"": 30425, ""role_mainplot_role0.asl"": 34, ""role_mainplot_role1.asl"": 34, ""role_mainplot_role2.asl"": 34, ""role_mainplot_role3.asl"": 34, ""role_mainplot_role4.asl"": 34, ""role_mainplot_role5.asl"": 34, ""role_mainplot_role6.asl"": 34, ""role_mainplot_role7.asl"": 34, ""role_mainplot_role8.asl"": 34, ""role_mainplot_role9.asl"": 34, ""role_mainplot_role10.asl"": 34, ""role_mainplot_role11.asl"": 34, ""role_mainplot_role12.asl"": 34, ""role_mainplot_role13.asl"": 34, ""role_mainplot_role14.asl"": 34, ""role_mainplot_role15.asl"": 34, ""role_mainplot_role16.asl"": 34, ""role_mainplot_role17.asl"": 34, ""role_mainplot_role18.asl"": 34, ""role_mainplot_role19.asl"": 34, ""role_mainplot_role20.asl"": 34, ""role_mainplot_role21.asl"": 34, ""role_mainplot_role22.asl"": 34, ""role_mainplot_role23.asl"": 34, ""role_mainplot_role24.asl"": 34, ""role_mainplot_role25.asl"": 34, ""role_mainplot_role26.asl"": 34, ""role_mainplot_role27.asl"": 34, ""role_mainplot_role28.asl"": 34, ""role_mainplot_role29.asl"": 34, ""role_mainplot_role30.asl"": 34, ""role_mainplot_role31.asl"": 34, ""role_mainplot_role32.asl"": 34, ""role_mainplot_role33.asl"": 34, ""role_mainplot_role34.asl"": 34, ""role_mainplot_role35.asl"": 34, ""role_mainplot_role36.asl"": 34, ""role_mainplot_role37.asl"": 34, ""role_mainplot_role38.asl"": 34, ""role_mainplot_role39.asl"": 34, ""role_mainplot_role40.asl"": 34, ""role_mainplot_role41.asl"": 34, ""role_mainplot_role42.asl"": 34, ""role_mainplot_role43.asl"": 34, ""role_mainplot_role44.asl"": 34, ""role_mainplot_role45.asl"": 34, ""role_mainplot_role46.asl"": 34, ""role_mainplot_role47.asl"": 34, ""role_mainplot_role48.asl"": 34, ""role_mainplot_role49.asl"": 34, ""role_mainplot_role50.asl"": 34, ""role_mainplot_role51.asl"": 34, ""role_mainplot_role52.asl"": 34, ""role_mainplot_role53.asl"": 34, ""role_mainplot_role54.asl"": 34, ""role_mainplot_role55.asl"": 34, ""role_mainplot_role56.asl"": 34, ""role_mainplot_role57.asl"": 34, ""role_mainplot_role58.asl"": 34, ""role_mainplot_role59.asl"": 34, ""role_mainplot_role60.asl"": 34, ""role_mainplot_role61.asl"": 34, ""role_mainplot_role62.asl"": 34, ""role_mainplot_role63.asl"": 34, ""role_mainplot_role64.asl"": 34, ""role_mainplot_role65.asl"": 34, ""role_mainplot_role66.asl"": 34, ""role_mainplot_role67.asl"": 34, ""role_mainplot_role68.asl"": 34, ""role_mainplot_role69.asl"": 34, ""role_mainplot_role70.asl"": 34, ""role_mainplot_role71.asl"": 34, ""role_mainplot_role72.asl"": 34, ""role_mainplot_role73.asl"": 34, ""role_mainplot_role74.asl"": 34, ""role_mainplot_role75.asl"": 34, ""role_mainplot_role76.asl"": 34, ""role_mainplot_role77.asl"": 34, ""role_mainplot_role78.asl"": 34, ""role_mainplot_role79.asl"": 34, ""role_mainplot_role80.asl"": 34, ""role_mainplot_role81.asl"": 34, ""role_mainplot_role82.asl"": 34, ""role_mainplot_role83.asl"": 34, ""role_mainplot_role84.asl"": 34, ""role_mainplot_role85.asl"": 34, ""role_mainplot_role86.asl"": 34, ""role_mainplot_role87.asl"": 34, ""role_mainplot_role88.asl"": 34, ""role_mainplot_role89.asl"": 34, ""role_mainplot_role90.asl"": 34, ""role_mainplot_role91.asl"": 34, ""role_mainplot_role92.asl"": 34, ""role_mainplot_role93.asl"": 34, ""role_mainplot_role94.asl"": 34, ""role_mainplot_role95.asl"": 34, ""role_mainplot_role96.asl"": 34, ""role_mainplot_role97.asl"": 34, ""role_mainplot_role98.asl"": 34, ""role_mainplot_role99.asl"": 34, ""role_mainplot_role100.asl"": 34, ""role_mainplot_role101.asl"": 34, ""role_mainplot_role102.asl"": 34, ""role_mainplot_role103.asl"": 34, ""role_mainplot_role104.asl"": 34, ""role_mainplot_role105.asl"": 34, ""role_mainplot_role106.asl"": 34, ""role_mainplot_role107.asl"": 34, ""role_mainplot_role108.asl"": 34, ""role_mainplot_role109.asl"": 34, ""role_mainplot_role110.asl"": 34, ""role_mainplot_role111.asl"": 34, ""role_mainplot_role112.asl"": 34, ""role_mainplot_role113.asl"": 34, ""role_mainplot_role114.asl"": 34, ""role_mainplot_role115.asl"": 34, ""role_mainplot_role116.asl"": 34, ""role_mainplot_role117.asl"": 34, ""role_mainplot_role118.asl"": 34, ""role_mainplot_role119.asl"": 34, ""role_mainplot_role120.asl"": 34, ""role_mainplot_role121.asl"": 34, ""role_mainplot_role122.asl"": 34, ""role_mainplot_role123.asl"": 34, ""role_mainplot_role124.asl"": 34, ""role_mainplot_role125.asl"": 34, ""role_mainplot_role126.asl"": 34, ""role_mainplot_role127.asl"": 34, ""role_mainplot_role128.asl"": 34, ""role_mainplot_role129.asl"": 34, ""role_mainplot_role130.asl"": 34, ""role_mainplot_role131.asl"": 34, ""role_mainplot_role132.asl"": 34, ""role_mainplot_role133.asl"": 34, ""role_mainplot_role134.asl"": 34, ""role_mainplot_role135.asl"": 34, ""role_mainplot_role136.asl"": 34, ""role_mainplot_role137.asl"": 34, ""role_mainplot_role138.asl"": 34, ""role_mainplot_role139.asl"": 34, ""role_mainplot_role140.asl"": 34, ""role_mainplot_role141.asl"": 34, ""role_mainplot_role142.asl"": 34, ""role_mainplot_role143.asl"": 34, ""role_mainplot_role144.asl"": 34, ""role_mainplot_role145.asl"": 34, ""role_mainplot_role146.asl"": 34, ""role_mainplot_role147.asl"": 34, ""role_mainplot_role148.asl"": 34, ""role_mainplot_role149.asl"": 34, ""role_mainplot_role150.asl"": 34, ""role_mainplot_role151.asl"": 34, ""role_mainplot_role152.asl"": 34, ""role_mainplot_role153.asl"": 34, ""role_mainplot_role154.asl"": 34, ""role_mainplot_role155.asl"": 34, ""role_mainplot_role156.asl"": 34, ""role_mainplot_role157.asl"": 34, ""role_mainplot_role158.asl"": 34, ""role_mainplot_role159.asl"": 34, ""role_mainplot_role160.asl"": 34, ""role_mainplot_role161.asl"": 34, ""role_mainplot_role162.asl"": 34, ""role_mainplot_role163.asl"": 34, ""role_mainplot_role164.asl"": 34, ""role_mainplot_role165.asl"": 34, ""role_mainplot_role166.asl"": 34, ""role_mainplot_role167.asl"": 34, ""role_mainplot_role168.asl"": 34, ""role_mainplot_role169.asl"": 34, ""role_mainplot_role170.asl"": 34, ""role_mainplot_role171.asl"": 34, ""role_mainplot_role172.asl"": 34, ""role_mainplot_role173.asl"": 34, ""role_mainplot_role174.asl"": 34, ""role_mainplot_role175.asl"": 34, ""role_mainplot_role176.asl"": 34, ""role_mainplot_role177.asl"": 34, ""role_mainplot_role178.asl"": 34, ""role_mainplot_role179.asl"": 34, ""role_mainplot_role180.asl"": 34, ""role_mainplot_role181.asl"": 34, ""role_mainplot_role182.asl"": 34, ""role_mainplot_role183.asl"": 34, ""role_mainplot_role184.asl"": 34, ""role_mainplot_role185.asl"": 34, ""role_mainplot_role186.asl"": 34, ""role_mainplot_role187.asl"": 34, ""role_mainplot_role188.asl"": 34, ""role_mainplot_role189.asl"": 34, ""role_mainplot_role190.asl"": 34, ""role_mainplot_role191.asl"": 34, ""role_mainplot_role192.asl"": 34, ""role_mainplot_role193.asl"": 34, ""role_mainplot_role194.asl"": 34, ""role_mainplot_role195.asl"": 34, ""role_mainplot_role196.asl"": 34, ""role_mainplot_role197.asl"": 34, ""role_mainplot_role198.asl"": 34, ""role_mainplot_role199.asl"": 34}",1.2128517976248576,1.7740684170003078,0.003023524999662186,55.03024673461914,True,1,0
grid_phases_roles,239,Linux 7.2.3-arch1-2,x86_64,24,30.44,3.14.7,10,10,5,2,2,1,2,200,50,0,0,42,30735,1140744,203,37277,"{""playbook_playbook0.asl"": 26, ""playbook_playbook1.asl"": 26, ""director_mainplot.asl"": 30425, ""role_mainplot_role0.asl"": 34, ""role_mainplot_role1.asl"": 34, ""role_mainplot_role2.asl"": 34, ""role_mainplot_role3.asl"": 34, ""role_mainplot_role4.asl"": 34, ""role_mainplot_role5.asl"": 34, ""role_mainplot_role6.asl"": 34, ""role_mainplot_role7.asl"": 34, ""role_mainplot_role8.asl"": 34, ""role_mainplot_role9.asl"": 34, ""role_mainplot_role10.asl"": 34, ""role_mainplot_role11.asl"": 34, ""role_mainplot_role12.asl"": 34, ""role_mainplot_role13.asl"": 34, ""role_mainplot_role14.asl"": 34, ""role_mainplot_role15.asl"": 34, ""role_mainplot_role16.asl"": 34, ""role_mainplot_role17.asl"": 34, ""role_mainplot_role18.asl"": 34, ""role_mainplot_role19.asl"": 34, ""role_mainplot_role20.asl"": 34, ""role_mainplot_role21.asl"": 34, ""role_mainplot_role22.asl"": 34, ""role_mainplot_role23.asl"": 34, ""role_mainplot_role24.asl"": 34, ""role_mainplot_role25.asl"": 34, ""role_mainplot_role26.asl"": 34, ""role_mainplot_role27.asl"": 34, ""role_mainplot_role28.asl"": 34, ""role_mainplot_role29.asl"": 34, ""role_mainplot_role30.asl"": 34, ""role_mainplot_role31.asl"": 34, ""role_mainplot_role32.asl"": 34, ""role_mainplot_role33.asl"": 34, ""role_mainplot_role34.asl"": 34, ""role_mainplot_role35.asl"": 34, ""role_mainplot_role36.asl"": 34, ""role_mainplot_role37.asl"": 34, ""role_mainplot_role38.asl"": 34, ""role_mainplot_role39.asl"": 34, ""role_mainplot_role40.asl"": 34, ""role_mainplot_role41.asl"": 34, ""role_mainplot_role42.asl"": 34, ""role_mainplot_role43.asl"": 34, ""role_mainplot_role44.asl"": 34, ""role_mainplot_role45.asl"": 34, ""role_mainplot_role46.asl"": 34, ""role_mainplot_role47.asl"": 34, ""role_mainplot_role48.asl"": 34, ""role_mainplot_role49.asl"": 34, ""role_mainplot_role50.asl"": 34, ""role_mainplot_role51.asl"": 34, ""role_mainplot_role52.asl"": 34, ""role_mainplot_role53.asl"": 34, ""role_mainplot_role54.asl"": 34, ""role_mainplot_role55.asl"": 34, ""role_mainplot_role56.asl"": 34, ""role_mainplot_role57.asl"": 34, ""role_mainplot_role58.asl"": 34, ""role_mainplot_role59.asl"": 34, ""role_mainplot_role60.asl"": 34, ""role_mainplot_role61.asl"": 34, ""role_mainplot_role62.asl"": 34, ""role_mainplot_role63.asl"": 34, ""role_mainplot_role64.asl"": 34, ""role_mainplot_role65.asl"": 34, ""role_mainplot_role66.asl"": 34, ""role_mainplot_role67.asl"": 34, ""role_mainplot_role68.asl"": 34, ""role_mainplot_role69.asl"": 34, ""role_mainplot_role70.asl"": 34, ""role_mainplot_role71.asl"": 34, ""role_mainplot_role72.asl"": 34, ""role_mainplot_role73.asl"": 34, ""role_mainplot_role74.asl"": 34, ""role_mainplot_role75.asl"": 34, ""role_mainplot_role76.asl"": 34, ""role_mainplot_role77.asl"": 34, ""role_mainplot_role78.asl"": 34, ""role_mainplot_role79.asl"": 34, ""role_mainplot_role80.asl"": 34, ""role_mainplot_role81.asl"": 34, ""role_mainplot_role82.asl"": 34, ""role_mainplot_role83.asl"": 34, ""role_mainplot_role84.asl"": 34, ""role_mainplot_role85.asl"": 34, ""role_mainplot_role86.asl"": 34, ""role_mainplot_role87.asl"": 34, ""role_mainplot_role88.asl"": 34, ""role_mainplot_role89.asl"": 34, ""role_mainplot_role90.asl"": 34, ""role_mainplot_role91.asl"": 34, ""role_mainplot_role92.asl"": 34, ""role_mainplot_role93.asl"": 34, ""role_mainplot_role94.asl"": 34, ""role_mainplot_role95.asl"": 34, ""role_mainplot_role96.asl"": 34, ""role_mainplot_role97.asl"": 34, ""role_mainplot_role98.asl"": 34, ""role_mainplot_role99.asl"": 34, ""role_mainplot_role100.asl"": 34, ""role_mainplot_role101.asl"": 34, ""role_mainplot_role102.asl"": 34, ""role_mainplot_role103.asl"": 34, ""role_mainplot_role104.asl"": 34, ""role_mainplot_role105.asl"": 34, ""role_mainplot_role106.asl"": 34, ""role_mainplot_role107.asl"": 34, ""role_mainplot_role108.asl"": 34, ""role_mainplot_role109.asl"": 34, ""role_mainplot_role110.asl"": 34, ""role_mainplot_role111.asl"": 34, ""role_mainplot_role112.asl"": 34, ""role_mainplot_role113.asl"": 34, ""role_mainplot_role114.asl"": 34, ""role_mainplot_role115.asl"": 34, ""role_mainplot_role116.asl"": 34, ""role_mainplot_role117.asl"": 34, ""role_mainplot_role118.asl"": 34, ""role_mainplot_role119.asl"": 34, ""role_mainplot_role120.asl"": 34, ""role_mainplot_role121.asl"": 34, ""role_mainplot_role122.asl"": 34, ""role_mainplot_role123.asl"": 34, ""role_mainplot_role124.asl"": 34, ""role_mainplot_role125.asl"": 34, ""role_mainplot_role126.asl"": 34, ""role_mainplot_role127.asl"": 34, ""role_mainplot_role128.asl"": 34, ""role_mainplot_role129.asl"": 34, ""role_mainplot_role130.asl"": 34, ""role_mainplot_role131.asl"": 34, ""role_mainplot_role132.asl"": 34, ""role_mainplot_role133.asl"": 34, ""role_mainplot_role134.asl"": 34, ""role_mainplot_role135.asl"": 34, ""role_mainplot_role136.asl"": 34, ""role_mainplot_role137.asl"": 34, ""role_mainplot_role138.asl"": 34, ""role_mainplot_role139.asl"": 34, ""role_mainplot_role140.asl"": 34, ""role_mainplot_role141.asl"": 34, ""role_mainplot_role142.asl"": 34, ""role_mainplot_role143.asl"": 34, ""role_mainplot_role144.asl"": 34, ""role_mainplot_role145.asl"": 34, ""role_mainplot_role146.asl"": 34, ""role_mainplot_role147.asl"": 34, ""role_mainplot_role148.asl"": 34, ""role_mainplot_role149.asl"": 34, ""role_mainplot_role150.asl"": 34, ""role_mainplot_role151.asl"": 34, ""role_mainplot_role152.asl"": 34, ""role_mainplot_role153.asl"": 34, ""role_mainplot_role154.asl"": 34, ""role_mainplot_role155.asl"": 34, ""role_mainplot_role156.asl"": 34, ""role_mainplot_role157.asl"": 34, ""role_mainplot_role158.asl"": 34, ""role_mainplot_role159.asl"": 34, ""role_mainplot_role160.asl"": 34, ""role_mainplot_role161.asl"": 34, ""role_mainplot_role162.asl"": 34, ""role_mainplot_role163.asl"": 34, ""role_mainplot_role164.asl"": 34, ""role_mainplot_role165.asl"": 34, ""role_mainplot_role166.asl"": 34, ""role_mainplot_role167.asl"": 34, ""role_mainplot_role168.asl"": 34, ""role_mainplot_role169.asl"": 34, ""role_mainplot_role170.asl"": 34, ""role_mainplot_role171.asl"": 34, ""role_mainplot_role172.asl"": 34, ""role_mainplot_role173.asl"": 34, ""role_mainplot_role174.asl"": 34, ""role_mainplot_role175.asl"": 34, ""role_mainplot_role176.asl"": 34, ""role_mainplot_role177.asl"": 34, ""role_mainplot_role178.asl"": 34, ""role_mainplot_role179.asl"": 34, ""role_mainplot_role180.asl"": 34, ""role_mainplot_role181.asl"": 34, ""role_mainplot_role182.asl"": 34, ""role_mainplot_role183.asl"": 34, ""role_mainplot_role184.asl"": 34, ""role_mainplot_role185.asl"": 34, ""role_mainplot_role186.asl"": 34, ""role_mainplot_role187.asl"": 34, ""role_mainplot_role188.asl"": 34, ""role_mainplot_role189.asl"": 34, ""role_mainplot_role190.asl"": 34, ""role_mainplot_role191.asl"": 34, ""role_mainplot_role192.asl"": 34, ""role_mainplot_role193.asl"": 34, ""role_mainplot_role194.asl"": 34, ""role_mainplot_role195.asl"": 34, ""role_mainplot_role196.asl"": 34, ""role_mainplot_role197.asl"": 34, ""role_mainplot_role198.asl"": 34, ""role_mainplot_role199.asl"": 34}",1.2128517976248576,1.7519607649992395,0.00300773399976606,55.03000259399414,True,1,0
grid_phases_roles,240,Linux 7.2.3-arch1-2,x86_64,24,30.44,3.14.7,10,10,5,2,2,1,2,1,100,0,0,42,1286,26019,4,1111,"{""playbook_playbook0.asl"": 26, ""playbook_playbook1.asl"": 26, ""director_mainplot.asl"": 1025, ""role_mainplot_role0.asl"": 34}",0.8639191290824261,0.04337508400021761,8.750999950279947e-05,1.557840347290039,True,4,0
grid_phases_roles,241,Linux 7.2.3-arch1-2,x86_64,24,30.44,3.14.7,10,10,5,2,2,1,2,1,100,0,0,42,1286,26019,4,1111,"{""playbook_playbook0.asl"": 26, ""playbook_playbook1.asl"": 26, ""director_mainplot.asl"": 1025, ""role_mainplot_role0.asl"": 34}",0.8639191290824261,0.04333495299943024,8.927000089897774e-05,1.557840347290039,True,4,0
grid_phases_roles,242,Linux 7.2.3-arch1-2,x86_64,24,30.44,3.14.7,10,10,5,2,2,1,2,1,100,0,0,42,1286,26019,4,1111,"{""playbook_playbook0.asl"": 26, ""playbook_playbook1.asl"": 26, ""director_mainplot.asl"": 1025, ""role_mainplot_role0.asl"": 34}",0.8639191290824261,0.04281085399998119,8.582000009482726e-05,1.557840347290039,True,4,0
grid_phases_roles,243,Linux 7.2.3-arch1-2,x86_64,24,30.44,3.14.7,10,10,5,2,2,1,2,1,100,0,0,42,1286,26019,4,1111,"{""playbook_playbook0.asl"": 26, ""playbook_playbook1.asl"": 26, ""director_mainplot.asl"": 1025, ""role_mainplot_role0.asl"": 34}",0.8639191290824261,0.04296373400029552,9.094999950320926e-05,1.557840347290039,True,4,0
grid_phases_roles,244,Linux 7.2.3-arch1-2,x86_64,24,30.44,3.14.7,10,10,5,2,2,1,2,1,100,0,0,42,1286,26019,4,1111,"{""playbook_playbook0.asl"": 26, ""playbook_playbook1.asl"": 26, ""director_mainplot.asl"": 1025, ""role_mainplot_role0.asl"": 34}",0.8639191290824261,0.04362774199944397,0.00010628999916661996,1.557840347290039,True,4,0
grid_phases_roles,245,Linux 7.2.3-arch1-2,x86_64,24,30.44,3.14.7,10,10,5,2,2,1,2,2,100,0,0,42,1587,37035,5,1445,"{""playbook_playbook0.asl"": 26, ""playbook_playbook1.asl"": 26, ""director_mainplot.asl"": 1325, ""role_mainplot_role0.asl"": 34, ""role_mainplot_role1.asl"": 34}",0.9105229993698802,0.0578848069999367,0.00011061999975936487,2.1029396057128906,True,3,0
grid_phases_roles,246,Linux 7.2.3-arch1-2,x86_64,24,30.44,3.14.7,10,10,5,2,2,1,2,2,100,0,0,42,1587,37035,5,1445,"{""playbook_playbook0.asl"": 26, ""playbook_playbook1.asl"": 26, ""director_mainplot.asl"": 1325, ""role_mainplot_role0.asl"": 34, ""role_mainplot_role1.asl"": 34}",0.9105229993698802,0.057994848000817,0.00011326999992888886,2.1029396057128906,True,3,0
grid_phases_roles,247,Linux 7.2.3-arch1-2,x86_64,24,30.44,3.14.7,10,10,5,2,2,1,2,2,100,0,0,42,1587,37035,5,1445,"{""playbook_playbook0.asl"": 26, ""playbook_playbook1.asl"": 26, ""director_mainplot.asl"": 1325, ""role_mainplot_role0.asl"": 34, ""role_mainplot_role1.asl"": 34}",0.9105229993698802,0.05795030699846393,0.00010418999954708852,2.1029396057128906,True,3,0
grid_phases_roles,248,Linux 7.2.3-arch1-2,x86_64,24,30.44,3.14.7,10,10,5,2,2,1,2,2,100,0,0,42,1587,37035,5,1445,"{""playbook_playbook0.asl"": 26, ""playbook_playbook1.asl"": 26, ""director_mainplot.asl"": 1325, ""role_mainplot_role0.asl"": 34, ""role_mainplot_role1.asl"": 34}",0.9105229993698802,0.05799018700054148,0.00011245900168432854,2.1029396057128906,True,3,0
grid_phases_roles,249,Linux 7.2.3-arch1-2,x86_64,24,30.44,3.14.7,10,10,5,2,2,1,2,2,100,0,0,42,1587,37035,5,1445,"{""playbook_playbook0.asl"": 26, ""playbook_playbook1.asl"": 26, ""director_mainplot.asl"": 1325, ""role_mainplot_role0.asl"": 34, ""role_mainplot_role1.asl"": 34}",0.9105229993698802,0.0582580570007849,0.00011973999971814919,2.1029396057128906,True,3,0
grid_phases_roles,250,Linux 7.2.3-arch1-2,x86_64,24,30.44,3.14.7,10,10,5,2,2,1,2,5,100,0,0,42,2490,70083,8,2447,"{""playbook_playbook0.asl"": 26, ""playbook_playbook1.asl"": 26, ""director_mainplot.asl"": 2225, ""role_mainplot_role0.asl"": 34, ""role_mainplot_role1.asl"": 34, ""role_mainplot_role2.asl"": 34, ""role_mainplot_role3.asl"": 34, ""role_mainplot_role4.asl"": 34}",0.9827309236947791,0.10519356399890967,0.00016821999997773673,3.7286853790283203,True,3,0
grid_phases_roles,251,Linux 7.2.3-arch1-2,x86_64,24,30.44,3.14.7,10,10,5,2,2,1,2,5,100,0,0,42,2490,70083,8,2447,"{""playbook_playbook0.asl"": 26, ""playbook_playbook1.asl"": 26, ""director_mainplot.asl"": 2225, ""role_mainplot_role0.asl"": 34, ""role_mainplot_role1.asl"": 34, ""role_mainplot_role2.asl"": 34, ""role_mainplot_role3.asl"": 34, ""role_mainplot_role4.asl"": 34}",0.9827309236947791,0.10446189499998582,0.0001746399993862724,3.7286853790283203,True,3,0
grid_phases_roles,252,Linux 7.2.3-arch1-2,x86_64,24,30.44,3.14.7,10,10,5,2,2,1,2,5,100,0,0,42,2490,70083,8,2447,"{""playbook_playbook0.asl"": 26, ""playbook_playbook1.asl"": 26, ""director_mainplot.asl"": 2225, ""role_mainplot_role0.asl"": 34, ""role_mainplot_role1.asl"": 34, ""role_mainplot_role2.asl"": 34, ""role_mainplot_role3.asl"": 34, ""role_mainplot_role4.asl"": 34}",0.9827309236947791,0.1254548769993562,0.0001742389995342819,3.7305469512939453,True,3,0
grid_phases_roles,253,Linux 7.2.3-arch1-2,x86_64,24,30.44,3.14.7,10,10,5,2,2,1,2,5,100,0,0,42,2490,70083,8,2447,"{""playbook_playbook0.asl"": 26, ""playbook_playbook1.asl"": 26, ""director_mainplot.asl"": 2225, ""role_mainplot_role0.asl"": 34, ""role_mainplot_role1.asl"": 34, ""role_mainplot_role2.asl"": 34, ""role_mainplot_role3.asl"": 34, ""role_mainplot_role4.asl"": 34}",0.9827309236947791,0.10540496300018276,0.00017623999883653596,3.7286853790283203,True,3,0
grid_phases_roles,254,Linux 7.2.3-arch1-2,x86_64,24,30.44,3.14.7,10,10,5,2,2,1,2,5,100,0,0,42,2490,70083,8,2447,"{""playbook_playbook0.asl"": 26, ""playbook_playbook1.asl"": 26, ""director_mainplot.asl"": 2225, ""role_mainplot_role0.asl"": 34, ""role_mainplot_role1.asl"": 34, ""role_mainplot_role2.asl"": 34, ""role_mainplot_role3.asl"": 34, ""role_mainplot_role4.asl"": 34}",0.9827309236947791,0.10489385400069295,0.0001582099994266173,3.7286853790283203,True,3,0
grid_phases_roles,255,Linux 7.2.3-arch1-2,x86_64,24,30.44,3.14.7,10,10,5,2,2,1,2,10,100,0,0,42,3995,125164,13,4117,"{""playbook_playbook0.asl"": 26, ""playbook_playbook1.asl"": 26, ""director_mainplot.asl"": 3725, ""role_mainplot_role0.asl"": 34, ""role_mainplot_role1.asl"": 34, ""role_mainplot_role2.asl"": 34, ""role_mainplot_role3.asl"": 34, ""role_mainplot_role4.asl"": 34, ""role_mainplot_role5.asl"": 34, ""role_mainplot_role6.asl"": 34, ""role_mainplot_role7.asl"": 34, ""role_mainplot_role8.asl"": 34, ""role_mainplot_role9.asl"": 34}",1.0305381727158949,0.18021578999832855,0.00025002899928949773,6.4407243728637695,True,1,0
grid_phases_roles,256,Linux 7.2.3-arch1-2,x86_64,24,30.44,3.14.7,10,10,5,2,2,1,2,10,100,0,0,42,3995,125164,13,4117,"{""playbook_playbook0.asl"": 26, ""playbook_playbook1.asl"": 26, ""director_mainplot.asl"": 3725, ""role_mainplot_role0.asl"": 34, ""role_mainplot_role1.asl"": 34, ""role_mainplot_role2.asl"": 34, ""role_mainplot_role3.asl"": 34, ""role_mainplot_role4.asl"": 34, ""role_mainplot_role5.asl"": 34, ""role_mainplot_role6.asl"": 34, ""role_mainplot_role7.asl"": 34, ""role_mainplot_role8.asl"": 34, ""role_mainplot_role9.asl"": 34}",1.0305381727158949,0.18214826700022968,0.00025901899971358944,6.4407243728637695,True,1,0
grid_phases_roles,257,Linux 7.2.3-arch1-2,x86_64,24,30.44,3.14.7,10,10,5,2,2,1,2,10,100,0,0,42,3995,125164,13,4117,"{""playbook_playbook0.asl"": 26, ""playbook_playbook1.asl"": 26, ""director_mainplot.asl"": 3725, ""role_mainplot_role0.asl"": 34, ""role_mainplot_role1.asl"": 34, ""role_mainplot_role2.asl"": 34, ""role_mainplot_role3.asl"": 34, ""role_mainplot_role4.asl"": 34, ""role_mainplot_role5.asl"": 34, ""role_mainplot_role6.asl"": 34, ""role_mainplot_role7.asl"": 34, ""role_mainplot_role8.asl"": 34, ""role_mainplot_role9.asl"": 34}",1.0305381727158949,0.18058062999989488,0.0002509400001144968,6.4407548904418945,True,1,0
grid_phases_roles,258,Linux 7.2.3-arch1-2,x86_64,24,30.44,3.14.7,10,10,5,2,2,1,2,10,100,0,0,42,3995,125164,13,4117,"{""playbook_playbook0.asl"": 26, ""playbook_playbook1.asl"": 26, ""director_mainplot.asl"": 3725, ""role_mainplot_role0.asl"": 34, ""role_mainplot_role1.asl"": 34, ""role_mainplot_role2.asl"": 34, ""role_mainplot_role3.asl"": 34, ""role_mainplot_role4.asl"": 34, ""role_mainplot_role5.asl"": 34, ""role_mainplot_role6.asl"": 34, ""role_mainplot_role7.asl"": 34, ""role_mainplot_role8.asl"": 34, ""role_mainplot_role9.asl"": 34}",1.0305381727158949,0.1842830440000398,0.00026950000028591603,6.4407548904418945,True,1,0
grid_phases_roles,259,Linux 7.2.3-arch1-2,x86_64,24,30.44,3.14.7,10,10,5,2,2,1,2,10,100,0,0,42,3995,125164,13,4117,"{""playbook_playbook0.asl"": 26, ""playbook_playbook1.asl"": 26, ""director_mainplot.asl"": 3725, ""role_mainplot_role0.asl"": 34, ""role_mainplot_role1.asl"": 34, ""role_mainplot_role2.asl"": 34, ""role_mainplot_role3.asl"": 34, ""role_mainplot_role4.asl"": 34, ""role_mainplot_role5.asl"": 34, ""role_mainplot_role6.asl"": 34, ""role_mainplot_role7.asl"": 34, ""role_mainplot_role8.asl"": 34, ""role_mainplot_role9.asl"": 34}",1.0305381727158949,0.18582781100121792,0.0002878599989344366,6.4407548904418945,True,1,0
grid_phases_roles,260,Linux 7.2.3-arch1-2,x86_64,24,30.44,3.14.7,10,10,5,2,2,1,2,20,100,0,0,42,7005,237334,23,7457,"{""playbook_playbook0.asl"": 26, ""playbook_playbook1.asl"": 26, ""director_mainplot.asl"": 6725, ""role_mainplot_role0.asl"": 34, ""role_mainplot_role1.asl"": 34, ""role_mainplot_role2.asl"": 34, ""role_mainplot_role3.asl"": 34, ""role_mainplot_role4.asl"": 34, ""role_mainplot_role5.asl"": 34, ""role_mainplot_role6.asl"": 34, ""role_mainplot_role7.asl"": 34, ""role_mainplot_role8.asl"": 34, ""role_mainplot_role9.asl"": 34, ""role_mainplot_role10.asl"": 34, ""role_mainplot_role11.asl"": 34, ""role_mainplot_role12.asl"": 34, ""role_mainplot_role13.asl"": 34, ""role_mainplot_role14.asl"": 34, ""role_mainplot_role15.asl"": 34, ""role_mainplot_role16.asl"": 34, ""role_mainplot_role17.asl"": 34, ""role_mainplot_role18.asl"": 34, ""role_mainplot_role19.asl"": 34}",1.0645253390435403,0.3621768779994454,0.0004538689991022693,11.871148109436035,True,1,0
grid_phases_roles,261,Linux 7.2.3-arch1-2,x86_64,24,30.44,3.14.7,10,10,5,2,2,1,2,20,100,0,0,42,7005,237334,23,7457,"{""playbook_playbook0.asl"": 26, ""playbook_playbook1.asl"": 26, ""director_mainplot.asl"": 6725, ""role_mainplot_role0.asl"": 34, ""role_mainplot_role1.asl"": 34, ""role_mainplot_role2.asl"": 34, ""role_mainplot_role3.asl"": 34, ""role_mainplot_role4.asl"": 34, ""role_mainplot_role5.asl"": 34, ""role_mainplot_role6.asl"": 34, ""role_mainplot_role7.asl"": 34, ""role_mainplot_role8.asl"": 34, ""role_mainplot_role9.asl"": 34, ""role_mainplot_role10.asl"": 34, ""role_mainplot_role11.asl"": 34, ""role_mainplot_role12.asl"": 34, ""role_mainplot_role13.asl"": 34, ""role_mainplot_role14.asl"": 34, ""role_mainplot_role15.asl"": 34, ""role_mainplot_role16.asl"": 34, ""role_mainplot_role17.asl"": 34, ""role_mainplot_role18.asl"": 34, ""role_mainplot_role19.asl"": 34}",1.0645253390435403,0.35531047000040417,0.0004552299997158116,11.869294166564941,True,1,0
grid_phases_roles,262,Linux 7.2.3-arch1-2,x86_64,24,30.44,3.14.7,10,10,5,2,2,1,2,20,100,0,0,42,7005,237334,23,7457,"{""playbook_playbook0.asl"": 26, ""playbook_playbook1.asl"": 26, ""director_mainplot.asl"": 6725, ""role_mainplot_role0.asl"": 34, ""role_mainplot_role1.asl"": 34, ""role_mainplot_role2.asl"": 34, ""role_mainplot_role3.asl"": 34, ""role_mainplot_role4.asl"": 34, ""role_mainplot_role5.asl"": 34, ""role_mainplot_role6.asl"": 34, ""role_mainplot_role7.asl"": 34, ""role_mainplot_role8.asl"": 34, ""role_mainplot_role9.asl"": 34, ""role_mainplot_role10.asl"": 34, ""role_mainplot_role11.asl"": 34, ""role_mainplot_role12.asl"": 34, ""role_mainplot_role13.asl"": 34, ""role_mainplot_role14.asl"": 34, ""role_mainplot_role15.asl"": 34, ""role_mainplot_role16.asl"": 34, ""role_mainplot_role17.asl"": 34, ""role_mainplot_role18.asl"": 34, ""role_mainplot_role19.asl"": 34}",1.0645253390435403,0.34589597699959995,0.0004422690017236164,11.869294166564941,True,1,0
grid_phases_roles,263,Linux 7.2.3-arch1-2,x86_64,24,30.44,3.14.7,10,10,5,2,2,1,2,20,100,0,0,42,7005,237334,23,7457,"{""playbook_playbook0.asl"": 26, ""playbook_playbook1.asl"": 26, ""director_mainplot.asl"": 6725, ""role_mainplot_role0.asl"": 34, ""role_mainplot_role1.asl"": 34, ""role_mainplot_role2.asl"": 34, ""role_mainplot_role3.asl"": 34, ""role_mainplot_role4.asl"": 34, ""role_mainplot_role5.asl"": 34, ""role_mainplot_role6.asl"": 34, ""role_mainplot_role7.asl"": 34, ""role_mainplot_role8.asl"": 34, ""role_mainplot_role9.asl"": 34, ""role_mainplot_role10.asl"": 34, ""role_mainplot_role11.asl"": 34, ""role_mainplot_role12.asl"": 34, ""role_mainplot_role13.asl"": 34, ""role_mainplot_role14.asl"": 34, ""role_mainplot_role15.asl"": 34, ""role_mainplot_role16.asl"": 34, ""role_mainplot_role17.asl"": 34, ""role_mainplot_role18.asl"": 34, ""role_mainplot_role19.asl"": 34}",1.0645253390435403,0.34511968799961323,0.00043991999882564414,11.869294166564941,True,1,0
grid_phases_roles,264,Linux 7.2.3-arch1-2,x86_64,24,30.44,3.14.7,10,10,5,2,2,1,2,20,100,0,0,42,7005,237334,23,7457,"{""playbook_playbook0.asl"": 26, ""playbook_playbook1.asl"": 26, ""director_mainplot.asl"": 6725, ""role_mainplot_role0.asl"": 34, ""role_mainplot_role1.asl"": 34, ""role_mainplot_role2.asl"": 34, ""role_mainplot_role3.asl"": 34, ""role_mainplot_role4.asl"": 34, ""role_mainplot_role5.asl"": 34, ""role_mainplot_role6.asl"": 34, ""role_mainplot_role7.asl"": 34, ""role_mainplot_role8.asl"": 34, ""role_mainplot_role9.asl"": 34, ""role_mainplot_role10.asl"": 34, ""role_mainplot_role11.asl"": 34, ""role_mainplot_role12.asl"": 34, ""role_mainplot_role13.asl"": 34, ""role_mainplot_role14.asl"": 34, ""role_mainplot_role15.asl"": 34, ""role_mainplot_role16.asl"": 34, ""role_mainplot_role17.asl"": 34, ""role_mainplot_role18.asl"": 34, ""role_mainplot_role19.asl"": 34}",1.0645253390435403,0.35668240700033493,0.0004430490007507615,11.869965553283691,True,1,0
grid_phases_roles,265,Linux 7.2.3-arch1-2,x86_64,24,30.44,3.14.7,10,10,5,2,2,1,2,50,100,0,0,42,16035,573844,53,17477,"{""playbook_playbook0.asl"": 26, ""playbook_playbook1.asl"": 26, ""director_mainplot.asl"": 15725, ""role_mainplot_role0.asl"": 34, ""role_mainplot_role1.asl"": 34, ""role_mainplot_role2.asl"": 34, ""role_mainplot_role3.asl"": 34, ""role_mainplot_role4.asl"": 34, ""role_mainplot_role5.asl"": 34, ""role_mainplot_role6.asl"": 34, ""role_mainplot_role7.asl"": 34, ""role_mainplot_role8.asl"": 34, ""role_mainplot_role9.asl"": 34, ""role_mainplot_role10.asl"": 34, ""role_mainplot_role11.asl"": 34, ""role_mainplot_role12.asl"": 34, ""role_mainplot_role13.asl"": 34, ""role_mainplot_role14.asl"": 34, ""role_mainplot_role15.asl"": 34, ""role_mainplot_role16.asl"": 34, ""role_mainplot_role17.asl"": 34, ""role_mainplot_role18.asl"": 34, ""role_mainplot_role19.asl"": 34, ""role_mainplot_role20.asl"": 34, ""role_mainplot_role21.asl"": 34, ""role_mainplot_role22.asl"": 34, ""role_mainplot_role23.asl"": 34, ""role_mainplot_role24.asl"": 34, ""role_mainplot_role25.asl"": 34, ""role_mainplot_role26.asl"": 34, ""role_mainplot_role27.asl"": 34, ""role_mainplot_role28.asl"": 34, ""role_mainplot_role29.asl"": 34, ""role_mainplot_role30.asl"": 34, ""role_mainplot_role31.asl"": 34, ""role_mainplot_role32.asl"": 34, ""role_mainplot_role33.asl"": 34, ""role_mainplot_role34.asl"": 34, ""role_mainplot_role35.asl"": 34, ""role_mainplot_role36.asl"": 34, ""role_mainplot_role37.asl"": 34, ""role_mainplot_role38.asl"": 34, ""role_mainplot_role39.asl"": 34, ""role_mainplot_role40.asl"": 34, ""role_mainplot_role41.asl"": 34, ""role_mainplot_role42.asl"": 34, ""role_mainplot_role43.asl"": 34, ""role_mainplot_role44.asl"": 34, ""role_mainplot_role45.asl"": 34, ""role_mainplot_role46.asl"": 34, ""role_mainplot_role47.asl"": 34, ""role_mainplot_role48.asl"": 34, ""role_mainplot_role49.asl"": 34}",1.0899282818833802,0.8795641100005014,0.0009511879998171935,28.171154975891113,True,1,0
grid_phases_roles,266,Linux 7.2.3-arch1-2,x86_64,24,30.44,3.14.7,10,10,5,2,2,1,2,50,100,0,0,42,16035,573844,53,17477,"{""playbook_playbook0.asl"": 26, ""playbook_playbook1.asl"": 26, ""director_mainplot.asl"": 15725, ""role_mainplot_role0.asl"": 34, ""role_mainplot_role1.asl"": 34, ""role_mainplot_role2.asl"": 34, ""role_mainplot_role3.asl"": 34, ""role_mainplot_role4.asl"": 34, ""role_mainplot_role5.asl"": 34, ""role_mainplot_role6.asl"": 34, ""role_mainplot_role7.asl"": 34, ""role_mainplot_role8.asl"": 34, ""role_mainplot_role9.asl"": 34, ""role_mainplot_role10.asl"": 34, ""role_mainplot_role11.asl"": 34, ""role_mainplot_role12.asl"": 34, ""role_mainplot_role13.asl"": 34, ""role_mainplot_role14.asl"": 34, ""role_mainplot_role15.asl"": 34, ""role_mainplot_role16.asl"": 34, ""role_mainplot_role17.asl"": 34, ""role_mainplot_role18.asl"": 34, ""role_mainplot_role19.asl"": 34, ""role_mainplot_role20.asl"": 34, ""role_mainplot_role21.asl"": 34, ""role_mainplot_role22.asl"": 34, ""role_mainplot_role23.asl"": 34, ""role_mainplot_role24.asl"": 34, ""role_mainplot_role25.asl"": 34, ""role_mainplot_role26.asl"": 34, ""role_mainplot_role27.asl"": 34, ""role_mainplot_role28.asl"": 34, ""role_mainplot_role29.asl"": 34, ""role_mainplot_role30.asl"": 34, ""role_mainplot_role31.asl"": 34, ""role_mainplot_role32.asl"": 34, ""role_mainplot_role33.asl"": 34, ""role_mainplot_role34.asl"": 34, ""role_mainplot_role35.asl"": 34, ""role_mainplot_role36.asl"": 34, ""role_mainplot_role37.asl"": 34, ""role_mainplot_role38.asl"": 34, ""role_mainplot_role39.asl"": 34, ""role_mainplot_role40.asl"": 34, ""role_mainplot_role41.asl"": 34, ""role_mainplot_role42.asl"": 34, ""role_mainplot_role43.asl"": 34, ""role_mainplot_role44.asl"": 34, ""role_mainplot_role45.asl"": 34, ""role_mainplot_role46.asl"": 34, ""role_mainplot_role47.asl"": 34, ""role_mainplot_role48.asl"": 34, ""role_mainplot_role49.asl"": 34}",1.0899282818833802,0.8625621099999989,0.0009516179998172447,28.171483039855957,True,1,0
grid_phases_roles,267,Linux 7.2.3-arch1-2,x86_64,24,30.44,3.14.7,10,10,5,2,2,1,2,50,100,0,0,42,16035,573844,53,17477,"{""playbook_playbook0.asl"": 26, ""playbook_playbook1.asl"": 26, ""director_mainplot.asl"": 15725, ""role_mainplot_role0.asl"": 34, ""role_mainplot_role1.asl"": 34, ""role_mainplot_role2.asl"": 34, ""role_mainplot_role3.asl"": 34, ""role_mainplot_role4.asl"": 34, ""role_mainplot_role5.asl"": 34, ""role_mainplot_role6.asl"": 34, ""role_mainplot_role7.asl"": 34, ""role_mainplot_role8.asl"": 34, ""role_mainplot_role9.asl"": 34, ""role_mainplot_role10.asl"": 34, ""role_mainplot_role11.asl"": 34, ""role_mainplot_role12.asl"": 34, ""role_mainplot_role13.asl"": 34, ""role_mainplot_role14.asl"": 34, ""role_mainplot_role15.asl"": 34, ""role_mainplot_role16.asl"": 34, ""role_mainplot_role17.asl"": 34, ""role_mainplot_role18.asl"": 34, ""role_mainplot_role19.asl"": 34, ""role_mainplot_role20.asl"": 34, ""role_mainplot_role21.asl"": 34, ""role_mainplot_role22.asl"": 34, ""role_mainplot_role23.asl"": 34, ""role_mainplot_role24.asl"": 34, ""role_mainplot_role25.asl"": 34, ""role_mainplot_role26.asl"": 34, ""role_mainplot_role27.asl"": 34, ""role_mainplot_role28.asl"": 34, ""role_mainplot_role29.asl"": 34, ""role_mainplot_role30.asl"": 34, ""role_mainplot_role31.asl"": 34, ""role_mainplot_role32.asl"": 34, ""role_mainplot_role33.asl"": 34, ""role_mainplot_role34.asl"": 34, ""role_mainplot_role35.asl"": 34, ""role_mainplot_role36.asl"": 34, ""role_mainplot_role37.asl"": 34, ""role_mainplot_role38.asl"": 34, ""role_mainplot_role39.asl"": 34, ""role_mainplot_role40.asl"": 34, ""role_mainplot_role41.asl"": 34, ""role_mainplot_role42.asl"": 34, ""role_mainplot_role43.asl"": 34, ""role_mainplot_role44.asl"": 34, ""role_mainplot_role45.asl"": 34, ""role_mainplot_role46.asl"": 34, ""role_mainplot_role47.asl"": 34, ""role_mainplot_role48.asl"": 34, ""role_mainplot_role49.asl"": 34}",1.0899282818833802,0.862619518999054,0.000958488000833313,28.171154975891113,True,1,0
grid_phases_roles,268,Linux 7.2.3-arch1-2,x86_64,24,30.44,3.14.7,10,10,5,2,2,1,2,50,100,0,0,42,16035,573844,53,17477,"{""playbook_playbook0.asl"": 26, ""playbook_playbook1.asl"": 26, ""director_mainplot.asl"": 15725, ""role_mainplot_role0.asl"": 34, ""role_mainplot_role1.asl"": 34, ""role_mainplot_role2.asl"": 34, ""role_mainplot_role3.asl"": 34, ""role_mainplot_role4.asl"": 34, ""role_mainplot_role5.asl"": 34, ""role_mainplot_role6.asl"": 34, ""role_mainplot_role7.asl"": 34, ""role_mainplot_role8.asl"": 34, ""role_mainplot_role9.asl"": 34, ""role_mainplot_role10.asl"": 34, ""role_mainplot_role11.asl"": 34, ""role_mainplot_role12.asl"": 34, ""role_mainplot_role13.asl"": 34, ""role_mainplot_role14.asl"": 34, ""role_mainplot_role15.asl"": 34, ""role_mainplot_role16.asl"": 34, ""role_mainplot_role17.asl"": 34, ""role_mainplot_role18.asl"": 34, ""role_mainplot_role19.asl"": 34, ""role_mainplot_role20.asl"": 34, ""role_mainplot_role21.asl"": 34, ""role_mainplot_role22.asl"": 34, ""role_mainplot_role23.asl"": 34, ""role_mainplot_role24.asl"": 34, ""role_mainplot_role25.asl"": 34, ""role_mainplot_role26.asl"": 34, ""role_mainplot_role27.asl"": 34, ""role_mainplot_role28.asl"": 34, ""role_mainplot_role29.asl"": 34, ""role_mainplot_role30.asl"": 34, ""role_mainplot_role31.asl"": 34, ""role_mainplot_role32.asl"": 34, ""role_mainplot_role33.asl"": 34, ""role_mainplot_role34.asl"": 34, ""role_mainplot_role35.asl"": 34, ""role_mainplot_role36.asl"": 34, ""role_mainplot_role37.asl"": 34, ""role_mainplot_role38.asl"": 34, ""role_mainplot_role39.asl"": 34, ""role_mainplot_role40.asl"": 34, ""role_mainplot_role41.asl"": 34, ""role_mainplot_role42.asl"": 34, ""role_mainplot_role43.asl"": 34, ""role_mainplot_role44.asl"": 34, ""role_mainplot_role45.asl"": 34, ""role_mainplot_role46.asl"": 34, ""role_mainplot_role47.asl"": 34, ""role_mainplot_role48.asl"": 34, ""role_mainplot_role49.asl"": 34}",1.0899282818833802,0.8923547860013059,0.0009475880015088478,28.1726655960083,True,1,0
grid_phases_roles,269,Linux 7.2.3-arch1-2,x86_64,24,30.44,3.14.7,10,10,5,2,2,1,2,50,100,0,0,42,16035,573844,53,17477,"{""playbook_playbook0.asl"": 26, ""playbook_playbook1.asl"": 26, ""director_mainplot.asl"": 15725, ""role_mainplot_role0.asl"": 34, ""role_mainplot_role1.asl"": 34, ""role_mainplot_role2.asl"": 34, ""role_mainplot_role3.asl"": 34, ""role_mainplot_role4.asl"": 34, ""role_mainplot_role5.asl"": 34, ""role_mainplot_role6.asl"": 34, ""role_mainplot_role7.asl"": 34, ""role_mainplot_role8.asl"": 34, ""role_mainplot_role9.asl"": 34, ""role_mainplot_role10.asl"": 34, ""role_mainplot_role11.asl"": 34, ""role_mainplot_role12.asl"": 34, ""role_mainplot_role13.asl"": 34, ""role_mainplot_role14.asl"": 34, ""role_mainplot_role15.asl"": 34, ""role_mainplot_role16.asl"": 34, ""role_mainplot_role17.asl"": 34, ""role_mainplot_role18.asl"": 34, ""role_mainplot_role19.asl"": 34, ""role_mainplot_role20.asl"": 34, ""role_mainplot_role21.asl"": 34, ""role_mainplot_role22.asl"": 34, ""role_mainplot_role23.asl"": 34, ""role_mainplot_role24.asl"": 34, ""role_mainplot_role25.asl"": 34, ""role_mainplot_role26.asl"": 34, ""role_mainplot_role27.asl"": 34, ""role_mainplot_role28.asl"": 34, ""role_mainplot_role29.asl"": 34, ""role_mainplot_role30.asl"": 34, ""role_mainplot_role31.asl"": 34, ""role_mainplot_role32.asl"": 34, ""role_mainplot_role33.asl"": 34, ""role_mainplot_role34.asl"": 34, ""role_mainplot_role35.asl"": 34, ""role_mainplot_role36.asl"": 34, ""role_mainplot_role37.asl"": 34, ""role_mainplot_role38.asl"": 34, ""role_mainplot_role39.asl"": 34, ""role_mainplot_role40.asl"": 34, ""role_mainplot_role41.asl"": 34, ""role_mainplot_role42.asl"": 34, ""role_mainplot_role43.asl"": 34, ""role_mainplot_role44.asl"": 34, ""role_mainplot_role45.asl"": 34, ""role_mainplot_role46.asl"": 34, ""role_mainplot_role47.asl"": 34, ""role_mainplot_role48.asl"": 34, ""role_mainplot_role49.asl"": 34}",1.0899282818833802,0.8286143790010101,0.0009392189986101585,28.170811653137207,True,1,0
grid_phases_roles,270,Linux 7.2.3-arch1-2,x86_64,24,30.44,3.14.7,10,10,5,2,2,1,2,100,100,0,0,42,31085,1134695,103,34177,"{""playbook_playbook0.asl"": 26, ""playbook_playbook1.asl"": 26, ""director_mainplot.asl"": 30725, ""role_mainplot_role0.asl"": 34, ""role_mainplot_role1.asl"": 34, ""role_mainplot_role2.asl"": 34, ""role_mainplot_role3.asl"": 34, ""role_mainplot_role4.asl"": 34, ""role_mainplot_role5.asl"": 34, ""role_mainplot_role6.asl"": 34, ""role_mainplot_role7.asl"": 34, ""role_mainplot_role8.asl"": 34, ""role_mainplot_role9.asl"": 34, ""role_mainplot_role10.asl"": 34, ""role_mainplot_role11.asl"": 34, ""role_mainplot_role12.asl"": 34, ""role_mainplot_role13.asl"": 34, ""role_mainplot_role14.asl"": 34, ""role_mainplot_role15.asl"": 34, ""role_mainplot_role16.asl"": 34, ""role_mainplot_role17.asl"": 34, ""role_mainplot_role18.asl"": 34, ""role_mainplot_role19.asl"": 34, ""role_mainplot_role20.asl"": 34, ""role_mainplot_role21.asl"": 34, ""role_mainplot_role22.asl"": 34, ""role_mainplot_role23.asl"": 34, ""role_mainplot_role24.asl"": 34, ""role_mainplot_role25.asl"": 34, ""role_mainplot_role26.asl"": 34, ""role_mainplot_role27.asl"": 34, ""role_mainplot_role28.asl"": 34, ""role_mainplot_role29.asl"": 34, ""role_mainplot_role30.asl"": 34, ""role_mainplot_role31.asl"": 34, ""role_mainplot_role32.asl"": 34, ""role_mainplot_role33.asl"": 34, ""role_mainplot_role34.asl"": 34, ""role_mainplot_role35.asl"": 34, ""role_mainplot_role36.asl"": 34, ""role_mainplot_role37.asl"": 34, ""role_mainplot_role38.asl"": 34, ""role_mainplot_role39.asl"": 34, ""role_mainplot_role40.asl"": 34, ""role_mainplot_role41.asl"": 34, ""role_mainplot_role42.asl"": 34, ""role_mainplot_role43.asl"": 34, ""role_mainplot_role44.asl"": 34, ""role_mainplot_role45.asl"": 34, ""role_mainplot_role46.asl"": 34, ""role_mainplot_role47.asl"": 34, ""role_mainplot_role48.asl"": 34, ""role_mainplot_role49.asl"": 34, ""role_mainplot_role50.asl"": 34, ""role_mainplot_role51.asl"": 34, ""role_mainplot_role52.asl"": 34, ""role_mainplot_role53.asl"": 34, ""role_mainplot_role54.asl"": 34, ""role_mainplot_role55.asl"": 34, ""role_mainplot_role56.asl"": 34, ""role_mainplot_role57.asl"": 34, ""role_mainplot_role58.asl"": 34, ""role_mainplot_role59.asl"": 34, ""role_mainplot_role60.asl"": 34, ""role_mainplot_role61.asl"": 34, ""role_mainplot_role62.asl"": 34, ""role_mainplot_role63.asl"": 34, ""role_mainplot_role64.asl"": 34, ""role_mainplot_role65.asl"": 34, ""role_mainplot_role66.asl"": 34, ""role_mainplot_role67.asl"": 34, ""role_mainplot_role68.asl"": 34, ""role_mainplot_role69.asl"": 34, ""role_mainplot_role70.asl"": 34, ""role_mainplot_role71.asl"": 34, ""role_mainplot_role72.asl"": 34, ""role_mainplot_role73.asl"": 34, ""role_mainplot_role74.asl"": 34, ""role_mainplot_role75.asl"": 34, ""role_mainplot_role76.asl"": 34, ""role_mainplot_role77.asl"": 34, ""role_mainplot_role78.asl"": 34, ""role_mainplot_role79.asl"": 34, ""role_mainplot_role80.asl"": 34, ""role_mainplot_role81.asl"": 34, ""role_mainplot_role82.asl"": 34, ""role_mainplot_role83.asl"": 34, ""role_mainplot_role84.asl"": 34, ""role_mainplot_role85.asl"": 34, ""role_mainplot_role86.asl"": 34, ""role_mainplot_role87.asl"": 34, ""role_mainplot_role88.asl"": 34, ""role_mainplot_role89.asl"": 34, ""role_mainplot_role90.asl"": 34, ""role_mainplot_role91.asl"": 34, ""role_mainplot_role92.asl"": 34, ""role_mainplot_role93.asl"": 34, ""role_mainplot_role94.asl"": 34, ""role_mainplot_role95.asl"": 34, ""role_mainplot_role96.asl"": 34, ""role_mainplot_role97.asl"": 34, ""role_mainplot_role98.asl"": 34, ""role_mainplot_role99.asl"": 34}",1.0994691973620718,1.907002754000132,0.0018044360003841575,55.34438514709473,True,1,0
grid_phases_roles,271,Linux 7.2.3-arch1-2,x86_64,24,30.44,3.14.7,10,10,5,2,2,1,2,100,100,0,0,42,31085,1134695,103,34177,"{""playbook_playbook0.asl"": 26, ""playbook_playbook1.asl"": 26, ""director_mainplot.asl"": 30725, ""role_mainplot_role0.asl"": 34, ""role_mainplot_role1.asl"": 34, ""role_mainplot_role2.asl"": 34, ""role_mainplot_role3.asl"": 34, ""role_mainplot_role4.asl"": 34, ""role_mainplot_role5.asl"": 34, ""role_mainplot_role6.asl"": 34, ""role_mainplot_role7.asl"": 34, ""role_mainplot_role8.asl"": 34, ""role_mainplot_role9.asl"": 34, ""role_mainplot_role10.asl"": 34, ""role_mainplot_role11.asl"": 34, ""role_mainplot_role12.asl"": 34, ""role_mainplot_role13.asl"": 34, ""role_mainplot_role14.asl"": 34, ""role_mainplot_role15.asl"": 34, ""role_mainplot_role16.asl"": 34, ""role_mainplot_role17.asl"": 34, ""role_mainplot_role18.asl"": 34, ""role_mainplot_role19.asl"": 34, ""role_mainplot_role20.asl"": 34, ""role_mainplot_role21.asl"": 34, ""role_mainplot_role22.asl"": 34, ""role_mainplot_role23.asl"": 34, ""role_mainplot_role24.asl"": 34, ""role_mainplot_role25.asl"": 34, ""role_mainplot_role26.asl"": 34, ""role_mainplot_role27.asl"": 34, ""role_mainplot_role28.asl"": 34, ""role_mainplot_role29.asl"": 34, ""role_mainplot_role30.asl"": 34, ""role_mainplot_role31.asl"": 34, ""role_mainplot_role32.asl"": 34, ""role_mainplot_role33.asl"": 34, ""role_mainplot_role34.asl"": 34, ""role_mainplot_role35.asl"": 34, ""role_mainplot_role36.asl"": 34, ""role_mainplot_role37.asl"": 34, ""role_mainplot_role38.asl"": 34, ""role_mainplot_role39.asl"": 34, ""role_mainplot_role40.asl"": 34, ""role_mainplot_role41.asl"": 34, ""role_mainplot_role42.asl"": 34, ""role_mainplot_role43.asl"": 34, ""role_mainplot_role44.asl"": 34, ""role_mainplot_role45.asl"": 34, ""role_mainplot_role46.asl"": 34, ""role_mainplot_role47.asl"": 34, ""role_mainplot_role48.asl"": 34, ""role_mainplot_role49.asl"": 34, ""role_mainplot_role50.asl"": 34, ""role_mainplot_role51.asl"": 34, ""role_mainplot_role52.asl"": 34, ""role_mainplot_role53.asl"": 34, ""role_mainplot_role54.asl"": 34, ""role_mainplot_role55.asl"": 34, ""role_mainplot_role56.asl"": 34, ""role_mainplot_role57.asl"": 34, ""role_mainplot_role58.asl"": 34, ""role_mainplot_role59.asl"": 34, ""role_mainplot_role60.asl"": 34, ""role_mainplot_role61.asl"": 34, ""role_mainplot_role62.asl"": 34, ""role_mainplot_role63.asl"": 34, ""role_mainplot_role64.asl"": 34, ""role_mainplot_role65.asl"": 34, ""role_mainplot_role66.asl"": 34, ""role_mainplot_role67.asl"": 34, ""role_mainplot_role68.asl"": 34, ""role_mainplot_role69.asl"": 34, ""role_mainplot_role70.asl"": 34, ""role_mainplot_role71.asl"": 34, ""role_mainplot_role72.asl"": 34, ""role_mainplot_role73.asl"": 34, ""role_mainplot_role74.asl"": 34, ""role_mainplot_role75.asl"": 34, ""role_mainplot_role76.asl"": 34, ""role_mainplot_role77.asl"": 34, ""role_mainplot_role78.asl"": 34, ""role_mainplot_role79.asl"": 34, ""role_mainplot_role80.asl"": 34, ""role_mainplot_role81.asl"": 34, ""role_mainplot_role82.asl"": 34, ""role_mainplot_role83.asl"": 34, ""role_mainplot_role84.asl"": 34, ""role_mainplot_role85.asl"": 34, ""role_mainplot_role86.asl"": 34, ""role_mainplot_role87.asl"": 34, ""role_mainplot_role88.asl"": 34, ""role_mainplot_role89.asl"": 34, ""role_mainplot_role90.asl"": 34, ""role_mainplot_role91.asl"": 34, ""role_mainplot_role92.asl"": 34, ""role_mainplot_role93.asl"": 34, ""role_mainplot_role94.asl"": 34, ""role_mainplot_role95.asl"": 34, ""role_mainplot_role96.asl"": 34, ""role_mainplot_role97.asl"": 34, ""role_mainplot_role98.asl"": 34, ""role_mainplot_role99.asl"": 34}",1.0994691973620718,1.9561631159995159,0.0017472469990025274,55.34439277648926,True,1,0
grid_phases_roles,272,Linux 7.2.3-arch1-2,x86_64,24,30.44,3.14.7,10,10,5,2,2,1,2,100,100,0,0,42,31085,1134695,103,34177,"{""playbook_playbook0.asl"": 26, ""playbook_playbook1.asl"": 26, ""director_mainplot.asl"": 30725, ""role_mainplot_role0.asl"": 34, ""role_mainplot_role1.asl"": 34, ""role_mainplot_role2.asl"": 34, ""role_mainplot_role3.asl"": 34, ""role_mainplot_role4.asl"": 34, ""role_mainplot_role5.asl"": 34, ""role_mainplot_role6.asl"": 34, ""role_mainplot_role7.asl"": 34, ""role_mainplot_role8.asl"": 34, ""role_mainplot_role9.asl"": 34, ""role_mainplot_role10.asl"": 34, ""role_mainplot_role11.asl"": 34, ""role_mainplot_role12.asl"": 34, ""role_mainplot_role13.asl"": 34, ""role_mainplot_role14.asl"": 34, ""role_mainplot_role15.asl"": 34, ""role_mainplot_role16.asl"": 34, ""role_mainplot_role17.asl"": 34, ""role_mainplot_role18.asl"": 34, ""role_mainplot_role19.asl"": 34, ""role_mainplot_role20.asl"": 34, ""role_mainplot_role21.asl"": 34, ""role_mainplot_role22.asl"": 34, ""role_mainplot_role23.asl"": 34, ""role_mainplot_role24.asl"": 34, ""role_mainplot_role25.asl"": 34, ""role_mainplot_role26.asl"": 34, ""role_mainplot_role27.asl"": 34, ""role_mainplot_role28.asl"": 34, ""role_mainplot_role29.asl"": 34, ""role_mainplot_role30.asl"": 34, ""role_mainplot_role31.asl"": 34, ""role_mainplot_role32.asl"": 34, ""role_mainplot_role33.asl"": 34, ""role_mainplot_role34.asl"": 34, ""role_mainplot_role35.asl"": 34, ""role_mainplot_role36.asl"": 34, ""role_mainplot_role37.asl"": 34, ""role_mainplot_role38.asl"": 34, ""role_mainplot_role39.asl"": 34, ""role_mainplot_role40.asl"": 34, ""role_mainplot_role41.asl"": 34, ""role_mainplot_role42.asl"": 34, ""role_mainplot_role43.asl"": 34, ""role_mainplot_role44.asl"": 34, ""role_mainplot_role45.asl"": 34, ""role_mainplot_role46.asl"": 34, ""role_mainplot_role47.asl"": 34, ""role_mainplot_role48.asl"": 34, ""role_mainplot_role49.asl"": 34, ""role_mainplot_role50.asl"": 34, ""role_mainplot_role51.asl"": 34, ""role_mainplot_role52.asl"": 34, ""role_mainplot_role53.asl"": 34, ""role_mainplot_role54.asl"": 34, ""role_mainplot_role55.asl"": 34, ""role_mainplot_role56.asl"": 34, ""role_mainplot_role57.asl"": 34, ""role_mainplot_role58.asl"": 34, ""role_mainplot_role59.asl"": 34, ""role_mainplot_role60.asl"": 34, ""role_mainplot_role61.asl"": 34, ""role_mainplot_role62.asl"": 34, ""role_mainplot_role63.asl"": 34, ""role_mainplot_role64.asl"": 34, ""role_mainplot_role65.asl"": 34, ""role_mainplot_role66.asl"": 34, ""role_mainplot_role67.asl"": 34, ""role_mainplot_role68.asl"": 34, ""role_mainplot_role69.asl"": 34, ""role_mainplot_role70.asl"": 34, ""role_mainplot_role71.asl"": 34, ""role_mainplot_role72.asl"": 34, ""role_mainplot_role73.asl"": 34, ""role_mainplot_role74.asl"": 34, ""role_mainplot_role75.asl"": 34, ""role_mainplot_role76.asl"": 34, ""role_mainplot_role77.asl"": 34, ""role_mainplot_role78.asl"": 34, ""role_mainplot_role79.asl"": 34, ""role_mainplot_role80.asl"": 34, ""role_mainplot_role81.asl"": 34, ""role_mainplot_role82.asl"": 34, ""role_mainplot_role83.asl"": 34, ""role_mainplot_role84.asl"": 34, ""role_mainplot_role85.asl"": 34, ""role_mainplot_role86.asl"": 34, ""role_mainplot_role87.asl"": 34, ""role_mainplot_role88.asl"": 34, ""role_mainplot_role89.asl"": 34, ""role_mainplot_role90.asl"": 34, ""role_mainplot_role91.asl"": 34, ""role_mainplot_role92.asl"": 34, ""role_mainplot_role93.asl"": 34, ""role_mainplot_role94.asl"": 34, ""role_mainplot_role95.asl"": 34, ""role_mainplot_role96.asl"": 34, ""role_mainplot_role97.asl"": 34, ""role_mainplot_role98.asl"": 34, ""role_mainplot_role99.asl"": 34}",1.0994691973620718,1.925307179999436,0.0017689670003164792,55.34438514709473,True,1,0
grid_phases_roles,273,Linux 7.2.3-arch1-2,x86_64,24,30.44,3.14.7,10,10,5,2,2,1,2,100,100,0,0,42,31085,1134695,103,34177,"{""playbook_playbook0.asl"": 26, ""playbook_playbook1.asl"": 26, ""director_mainplot.asl"": 30725, ""role_mainplot_role0.asl"": 34, ""role_mainplot_role1.asl"": 34, ""role_mainplot_role2.asl"": 34, ""role_mainplot_role3.asl"": 34, ""role_mainplot_role4.asl"": 34, ""role_mainplot_role5.asl"": 34, ""role_mainplot_role6.asl"": 34, ""role_mainplot_role7.asl"": 34, ""role_mainplot_role8.asl"": 34, ""role_mainplot_role9.asl"": 34, ""role_mainplot_role10.asl"": 34, ""role_mainplot_role11.asl"": 34, ""role_mainplot_role12.asl"": 34, ""role_mainplot_role13.asl"": 34, ""role_mainplot_role14.asl"": 34, ""role_mainplot_role15.asl"": 34, ""role_mainplot_role16.asl"": 34, ""role_mainplot_role17.asl"": 34, ""role_mainplot_role18.asl"": 34, ""role_mainplot_role19.asl"": 34, ""role_mainplot_role20.asl"": 34, ""role_mainplot_role21.asl"": 34, ""role_mainplot_role22.asl"": 34, ""role_mainplot_role23.asl"": 34, ""role_mainplot_role24.asl"": 34, ""role_mainplot_role25.asl"": 34, ""role_mainplot_role26.asl"": 34, ""role_mainplot_role27.asl"": 34, ""role_mainplot_role28.asl"": 34, ""role_mainplot_role29.asl"": 34, ""role_mainplot_role30.asl"": 34, ""role_mainplot_role31.asl"": 34, ""role_mainplot_role32.asl"": 34, ""role_mainplot_role33.asl"": 34, ""role_mainplot_role34.asl"": 34, ""role_mainplot_role35.asl"": 34, ""role_mainplot_role36.asl"": 34, ""role_mainplot_role37.asl"": 34, ""role_mainplot_role38.asl"": 34, ""role_mainplot_role39.asl"": 34, ""role_mainplot_role40.asl"": 34, ""role_mainplot_role41.asl"": 34, ""role_mainplot_role42.asl"": 34, ""role_mainplot_role43.asl"": 34, ""role_mainplot_role44.asl"": 34, ""role_mainplot_role45.asl"": 34, ""role_mainplot_role46.asl"": 34, ""role_mainplot_role47.asl"": 34, ""role_mainplot_role48.asl"": 34, ""role_mainplot_role49.asl"": 34, ""role_mainplot_role50.asl"": 34, ""role_mainplot_role51.asl"": 34, ""role_mainplot_role52.asl"": 34, ""role_mainplot_role53.asl"": 34, ""role_mainplot_role54.asl"": 34, ""role_mainplot_role55.asl"": 34, ""role_mainplot_role56.asl"": 34, ""role_mainplot_role57.asl"": 34, ""role_mainplot_role58.asl"": 34, ""role_mainplot_role59.asl"": 34, ""role_mainplot_role60.asl"": 34, ""role_mainplot_role61.asl"": 34, ""role_mainplot_role62.asl"": 34, ""role_mainplot_role63.asl"": 34, ""role_mainplot_role64.asl"": 34, ""role_mainplot_role65.asl"": 34, ""role_mainplot_role66.asl"": 34, ""role_mainplot_role67.asl"": 34, ""role_mainplot_role68.asl"": 34, ""role_mainplot_role69.asl"": 34, ""role_mainplot_role70.asl"": 34, ""role_mainplot_role71.asl"": 34, ""role_mainplot_role72.asl"": 34, ""role_mainplot_role73.asl"": 34, ""role_mainplot_role74.asl"": 34, ""role_mainplot_role75.asl"": 34, ""role_mainplot_role76.asl"": 34, ""role_mainplot_role77.asl"": 34, ""role_mainplot_role78.asl"": 34, ""role_mainplot_role79.asl"": 34, ""role_mainplot_role80.asl"": 34, ""role_mainplot_role81.asl"": 34, ""role_mainplot_role82.asl"": 34, ""role_mainplot_role83.asl"": 34, ""role_mainplot_role84.asl"": 34, ""role_mainplot_role85.asl"": 34, ""role_mainplot_role86.asl"": 34, ""role_mainplot_role87.asl"": 34, ""role_mainplot_role88.asl"": 34, ""role_mainplot_role89.asl"": 34, ""role_mainplot_role90.asl"": 34, ""role_mainplot_role91.asl"": 34, ""role_mainplot_role92.asl"": 34, ""role_mainplot_role93.asl"": 34, ""role_mainplot_role94.asl"": 34, ""role_mainplot_role95.asl"": 34, ""role_mainplot_role96.asl"": 34, ""role_mainplot_role97.asl"": 34, ""role_mainplot_role98.asl"": 34, ""role_mainplot_role99.asl"": 34}",1.0994691973620718,1.969277719999809,0.0017562869998073438,55.34347724914551,True,1,0
grid_phases_roles,274,Linux 7.2.3-arch1-2,x86_64,24,30.44,3.14.7,10,10,5,2,2,1,2,100,100,0,0,42,31085,1134695,103,34177,"{""playbook_playbook0.asl"": 26, ""playbook_playbook1.asl"": 26, ""director_mainplot.asl"": 30725, ""role_mainplot_role0.asl"": 34, ""role_mainplot_role1.asl"": 34, ""role_mainplot_role2.asl"": 34, ""role_mainplot_role3.asl"": 34, ""role_mainplot_role4.asl"": 34, ""role_mainplot_role5.asl"": 34, ""role_mainplot_role6.asl"": 34, ""role_mainplot_role7.asl"": 34, ""role_mainplot_role8.asl"": 34, ""role_mainplot_role9.asl"": 34, ""role_mainplot_role10.asl"": 34, ""role_mainplot_role11.asl"": 34, ""role_mainplot_role12.asl"": 34, ""role_mainplot_role13.asl"": 34, ""role_mainplot_role14.asl"": 34, ""role_mainplot_role15.asl"": 34, ""role_mainplot_role16.asl"": 34, ""role_mainplot_role17.asl"": 34, ""role_mainplot_role18.asl"": 34, ""role_mainplot_role19.asl"": 34, ""role_mainplot_role20.asl"": 34, ""role_mainplot_role21.asl"": 34, ""role_mainplot_role22.asl"": 34, ""role_mainplot_role23.asl"": 34, ""role_mainplot_role24.asl"": 34, ""role_mainplot_role25.asl"": 34, ""role_mainplot_role26.asl"": 34, ""role_mainplot_role27.asl"": 34, ""role_mainplot_role28.asl"": 34, ""role_mainplot_role29.asl"": 34, ""role_mainplot_role30.asl"": 34, ""role_mainplot_role31.asl"": 34, ""role_mainplot_role32.asl"": 34, ""role_mainplot_role33.asl"": 34, ""role_mainplot_role34.asl"": 34, ""role_mainplot_role35.asl"": 34, ""role_mainplot_role36.asl"": 34, ""role_mainplot_role37.asl"": 34, ""role_mainplot_role38.asl"": 34, ""role_mainplot_role39.asl"": 34, ""role_mainplot_role40.asl"": 34, ""role_mainplot_role41.asl"": 34, ""role_mainplot_role42.asl"": 34, ""role_mainplot_role43.asl"": 34, ""role_mainplot_role44.asl"": 34, ""role_mainplot_role45.asl"": 34, ""role_mainplot_role46.asl"": 34, ""role_mainplot_role47.asl"": 34, ""role_mainplot_role48.asl"": 34, ""role_mainplot_role49.asl"": 34, ""role_mainplot_role50.asl"": 34, ""role_mainplot_role51.asl"": 34, ""role_mainplot_role52.asl"": 34, ""role_mainplot_role53.asl"": 34, ""role_mainplot_role54.asl"": 34, ""role_mainplot_role55.asl"": 34, ""role_mainplot_role56.asl"": 34, ""role_mainplot_role57.asl"": 34, ""role_mainplot_role58.asl"": 34, ""role_mainplot_role59.asl"": 34, ""role_mainplot_role60.asl"": 34, ""role_mainplot_role61.asl"": 34, ""role_mainplot_role62.asl"": 34, ""role_mainplot_role63.asl"": 34, ""role_mainplot_role64.asl"": 34, ""role_mainplot_role65.asl"": 34, ""role_mainplot_role66.asl"": 34, ""role_mainplot_role67.asl"": 34, ""role_mainplot_role68.asl"": 34, ""role_mainplot_role69.asl"": 34, ""role_mainplot_role70.asl"": 34, ""role_mainplot_role71.asl"": 34, ""role_mainplot_role72.asl"": 34, ""role_mainplot_role73.asl"": 34, ""role_mainplot_role74.asl"": 34, ""role_mainplot_role75.asl"": 34, ""role_mainplot_role76.asl"": 34, ""role_mainplot_role77.asl"": 34, ""role_mainplot_role78.asl"": 34, ""role_mainplot_role79.asl"": 34, ""role_mainplot_role80.asl"": 34, ""role_mainplot_role81.asl"": 34, ""role_mainplot_role82.asl"": 34, ""role_mainplot_role83.asl"": 34, ""role_mainplot_role84.asl"": 34, ""role_mainplot_role85.asl"": 34, ""role_mainplot_role86.asl"": 34, ""role_mainplot_role87.asl"": 34, ""role_mainplot_role88.asl"": 34, ""role_mainplot_role89.asl"": 34, ""role_mainplot_role90.asl"": 34, ""role_mainplot_role91.asl"": 34, ""role_mainplot_role92.asl"": 34, ""role_mainplot_role93.asl"": 34, ""role_mainplot_role94.asl"": 34, ""role_mainplot_role95.asl"": 34, ""role_mainplot_role96.asl"": 34, ""role_mainplot_role97.asl"": 34, ""role_mainplot_role98.asl"": 34, ""role_mainplot_role99.asl"": 34}",1.0994691973620718,1.8046095520003291,0.0017471470000600675,55.3432559967041,True,1,0
grid_phases_roles,275,Linux 7.2.3-arch1-2,x86_64,24,30.44,3.14.7,10,10,5,2,2,1,2,200,100,0,0,42,61185,2276495,203,67577,"{""playbook_playbook0.asl"": 26, ""playbook_playbook1.asl"": 26, ""director_mainplot.asl"": 60725, ""role_mainplot_role0.asl"": 34, ""role_mainplot_role1.asl"": 34, ""role_mainplot_role2.asl"": 34, ""role_mainplot_role3.asl"": 34, ""role_mainplot_role4.asl"": 34, ""role_mainplot_role5.asl"": 34, ""role_mainplot_role6.asl"": 34, ""role_mainplot_role7.asl"": 34, ""role_mainplot_role8.asl"": 34, ""role_mainplot_role9.asl"": 34, ""role_mainplot_role10.asl"": 34, ""role_mainplot_role11.asl"": 34, ""role_mainplot_role12.asl"": 34, ""role_mainplot_role13.asl"": 34, ""role_mainplot_role14.asl"": 34, ""role_mainplot_role15.asl"": 34, ""role_mainplot_role16.asl"": 34, ""role_mainplot_role17.asl"": 34, ""role_mainplot_role18.asl"": 34, ""role_mainplot_role19.asl"": 34, ""role_mainplot_role20.asl"": 34, ""role_mainplot_role21.asl"": 34, ""role_mainplot_role22.asl"": 34, ""role_mainplot_role23.asl"": 34, ""role_mainplot_role24.asl"": 34, ""role_mainplot_role25.asl"": 34, ""role_mainplot_role26.asl"": 34, ""role_mainplot_role27.asl"": 34, ""role_mainplot_role28.asl"": 34, ""role_mainplot_role29.asl"": 34, ""role_mainplot_role30.asl"": 34, ""role_mainplot_role31.asl"": 34, ""role_mainplot_role32.asl"": 34, ""role_mainplot_role33.asl"": 34, ""role_mainplot_role34.asl"": 34, ""role_mainplot_role35.asl"": 34, ""role_mainplot_role36.asl"": 34, ""role_mainplot_role37.asl"": 34, ""role_mainplot_role38.asl"": 34, ""role_mainplot_role39.asl"": 34, ""role_mainplot_role40.asl"": 34, ""role_mainplot_role41.asl"": 34, ""role_mainplot_role42.asl"": 34, ""role_mainplot_role43.asl"": 34, ""role_mainplot_role44.asl"": 34, ""role_mainplot_role45.asl"": 34, ""role_mainplot_role46.asl"": 34, ""role_mainplot_role47.asl"": 34, ""role_mainplot_role48.asl"": 34, ""role_mainplot_role49.asl"": 34, ""role_mainplot_role50.asl"": 34, ""role_mainplot_role51.asl"": 34, ""role_mainplot_role52.asl"": 34, ""role_mainplot_role53.asl"": 34, ""role_mainplot_role54.asl"": 34, ""role_mainplot_role55.asl"": 34, ""role_mainplot_role56.asl"": 34, ""role_mainplot_role57.asl"": 34, ""role_mainplot_role58.asl"": 34, ""role_mainplot_role59.asl"": 34, ""role_mainplot_role60.asl"": 34, ""role_mainplot_role61.asl"": 34, ""role_mainplot_role62.asl"": 34, ""role_mainplot_role63.asl"": 34, ""role_mainplot_role64.asl"": 34, ""role_mainplot_role65.asl"": 34, ""role_mainplot_role66.asl"": 34, ""role_mainplot_role67.asl"": 34, ""role_mainplot_role68.asl"": 34, ""role_mainplot_role69.asl"": 34, ""role_mainplot_role70.asl"": 34, ""role_mainplot_role71.asl"": 34, ""role_mainplot_role72.asl"": 34, ""role_mainplot_role73.asl"": 34, ""role_mainplot_role74.asl"": 34, ""role_mainplot_role75.asl"": 34, ""role_mainplot_role76.asl"": 34, ""role_mainplot_role77.asl"": 34, ""role_mainplot_role78.asl"": 34, ""role_mainplot_role79.asl"": 34, ""role_mainplot_role80.asl"": 34, ""role_mainplot_role81.asl"": 34, ""role_mainplot_role82.asl"": 34, ""role_mainplot_role83.asl"": 34, ""role_mainplot_role84.asl"": 34, ""role_mainplot_role85.asl"": 34, ""role_mainplot_role86.asl"": 34, ""role_mainplot_role87.asl"": 34, ""role_mainplot_role88.asl"": 34, ""role_mainplot_role89.asl"": 34, ""role_mainplot_role90.asl"": 34, ""role_mainplot_role91.asl"": 34, ""role_mainplot_role92.asl"": 34, ""role_mainplot_role93.asl"": 34, ""role_mainplot_role94.asl"": 34, ""role_mainplot_role95.asl"": 34, ""role_mainplot_role96.asl"": 34, ""role_mainplot_role97.asl"": 34, ""role_mainplot_role98.asl"": 34, ""role_mainplot_role99.asl"": 34, ""role_mainplot_role100.asl"": 34, ""role_mainplot_role101.asl"": 34, ""role_mainplot_role102.asl"": 34, ""role_mainplot_role103.asl"": 34, ""role_mainplot_role104.asl"": 34, ""role_mainplot_role105.asl"": 34, ""role_mainplot_role106.asl"": 34, ""role_mainplot_role107.asl"": 34, ""role_mainplot_role108.asl"": 34, ""role_mainplot_role109.asl"": 34, ""role_mainplot_role110.asl"": 34, ""role_mainplot_role111.asl"": 34, ""role_mainplot_role112.asl"": 34, ""role_mainplot_role113.asl"": 34, ""role_mainplot_role114.asl"": 34, ""role_mainplot_role115.asl"": 34, ""role_mainplot_role116.asl"": 34, ""role_mainplot_role117.asl"": 34, ""role_mainplot_role118.asl"": 34, ""role_mainplot_role119.asl"": 34, ""role_mainplot_role120.asl"": 34, ""role_mainplot_role121.asl"": 34, ""role_mainplot_role122.asl"": 34, ""role_mainplot_role123.asl"": 34, ""role_mainplot_role124.asl"": 34, ""role_mainplot_role125.asl"": 34, ""role_mainplot_role126.asl"": 34, ""role_mainplot_role127.asl"": 34, ""role_mainplot_role128.asl"": 34, ""role_mainplot_role129.asl"": 34, ""role_mainplot_role130.asl"": 34, ""role_mainplot_role131.asl"": 34, ""role_mainplot_role132.asl"": 34, ""role_mainplot_role133.asl"": 34, ""role_mainplot_role134.asl"": 34, ""role_mainplot_role135.asl"": 34, ""role_mainplot_role136.asl"": 34, ""role_mainplot_role137.asl"": 34, ""role_mainplot_role138.asl"": 34, ""role_mainplot_role139.asl"": 34, ""role_mainplot_role140.asl"": 34, ""role_mainplot_role141.asl"": 34, ""role_mainplot_role142.asl"": 34, ""role_mainplot_role143.asl"": 34, ""role_mainplot_role144.asl"": 34, ""role_mainplot_role145.asl"": 34, ""role_mainplot_role146.asl"": 34, ""role_mainplot_role147.asl"": 34, ""role_mainplot_role148.asl"": 34, ""role_mainplot_role149.asl"": 34, ""role_mainplot_role150.asl"": 34, ""role_mainplot_role151.asl"": 34, ""role_mainplot_role152.asl"": 34, ""role_mainplot_role153.asl"": 34, ""role_mainplot_role154.asl"": 34, ""role_mainplot_role155.asl"": 34, ""role_mainplot_role156.asl"": 34, ""role_mainplot_role157.asl"": 34, ""role_mainplot_role158.asl"": 34, ""role_mainplot_role159.asl"": 34, ""role_mainplot_role160.asl"": 34, ""role_mainplot_role161.asl"": 34, ""role_mainplot_role162.asl"": 34, ""role_mainplot_role163.asl"": 34, ""role_mainplot_role164.asl"": 34, ""role_mainplot_role165.asl"": 34, ""role_mainplot_role166.asl"": 34, ""role_mainplot_role167.asl"": 34, ""role_mainplot_role168.asl"": 34, ""role_mainplot_role169.asl"": 34, ""role_mainplot_role170.asl"": 34, ""role_mainplot_role171.asl"": 34, ""role_mainplot_role172.asl"": 34, ""role_mainplot_role173.asl"": 34, ""role_mainplot_role174.asl"": 34, ""role_mainplot_role175.asl"": 34, ""role_mainplot_role176.asl"": 34, ""role_mainplot_role177.asl"": 34, ""role_mainplot_role178.asl"": 34, ""role_mainplot_role179.asl"": 34, ""role_mainplot_role180.asl"": 34, ""role_mainplot_role181.asl"": 34, ""role_mainplot_role182.asl"": 34, ""role_mainplot_role183.asl"": 34, ""role_mainplot_role184.asl"": 34, ""role_mainplot_role185.asl"": 34, ""role_mainplot_role186.asl"": 34, ""role_mainplot_role187.asl"": 34, ""role_mainplot_role188.asl"": 34, ""role_mainplot_role189.asl"": 34, ""role_mainplot_role190.asl"": 34, ""role_mainplot_role191.asl"": 34, ""role_mainplot_role192.asl"": 34, ""role_mainplot_role193.asl"": 34, ""role_mainplot_role194.asl"": 34, ""role_mainplot_role195.asl"": 34, ""role_mainplot_role196.asl"": 34, ""role_mainplot_role197.asl"": 34, ""role_mainplot_role198.asl"": 34, ""role_mainplot_role199.asl"": 34}",1.1044700498488191,3.8536076950003917,0.0033467840003140736,109.70484352111816,True,1,0
grid_phases_roles,276,Linux 7.2.3-arch1-2,x86_64,24,30.44,3.14.7,10,10,5,2,2,1,2,200,100,0,0,42,61185,2276495,203,67577,"{""playbook_playbook0.asl"": 26, ""playbook_playbook1.asl"": 26, ""director_mainplot.asl"": 60725, ""role_mainplot_role0.asl"": 34, ""role_mainplot_role1.asl"": 34, ""role_mainplot_role2.asl"": 34, ""role_mainplot_role3.asl"": 34, ""role_mainplot_role4.asl"": 34, ""role_mainplot_role5.asl"": 34, ""role_mainplot_role6.asl"": 34, ""role_mainplot_role7.asl"": 34, ""role_mainplot_role8.asl"": 34, ""role_mainplot_role9.asl"": 34, ""role_mainplot_role10.asl"": 34, ""role_mainplot_role11.asl"": 34, ""role_mainplot_role12.asl"": 34, ""role_mainplot_role13.asl"": 34, ""role_mainplot_role14.asl"": 34, ""role_mainplot_role15.asl"": 34, ""role_mainplot_role16.asl"": 34, ""role_mainplot_role17.asl"": 34, ""role_mainplot_role18.asl"": 34, ""role_mainplot_role19.asl"": 34, ""role_mainplot_role20.asl"": 34, ""role_mainplot_role21.asl"": 34, ""role_mainplot_role22.asl"": 34, ""role_mainplot_role23.asl"": 34, ""role_mainplot_role24.asl"": 34, ""role_mainplot_role25.asl"": 34, ""role_mainplot_role26.asl"": 34, ""role_mainplot_role27.asl"": 34, ""role_mainplot_role28.asl"": 34, ""role_mainplot_role29.asl"": 34, ""role_mainplot_role30.asl"": 34, ""role_mainplot_role31.asl"": 34, ""role_mainplot_role32.asl"": 34, ""role_mainplot_role33.asl"": 34, ""role_mainplot_role34.asl"": 34, ""role_mainplot_role35.asl"": 34, ""role_mainplot_role36.asl"": 34, ""role_mainplot_role37.asl"": 34, ""role_mainplot_role38.asl"": 34, ""role_mainplot_role39.asl"": 34, ""role_mainplot_role40.asl"": 34, ""role_mainplot_role41.asl"": 34, ""role_mainplot_role42.asl"": 34, ""role_mainplot_role43.asl"": 34, ""role_mainplot_role44.asl"": 34, ""role_mainplot_role45.asl"": 34, ""role_mainplot_role46.asl"": 34, ""role_mainplot_role47.asl"": 34, ""role_mainplot_role48.asl"": 34, ""role_mainplot_role49.asl"": 34, ""role_mainplot_role50.asl"": 34, ""role_mainplot_role51.asl"": 34, ""role_mainplot_role52.asl"": 34, ""role_mainplot_role53.asl"": 34, ""role_mainplot_role54.asl"": 34, ""role_mainplot_role55.asl"": 34, ""role_mainplot_role56.asl"": 34, ""role_mainplot_role57.asl"": 34, ""role_mainplot_role58.asl"": 34, ""role_mainplot_role59.asl"": 34, ""role_mainplot_role60.asl"": 34, ""role_mainplot_role61.asl"": 34, ""role_mainplot_role62.asl"": 34, ""role_mainplot_role63.asl"": 34, ""role_mainplot_role64.asl"": 34, ""role_mainplot_role65.asl"": 34, ""role_mainplot_role66.asl"": 34, ""role_mainplot_role67.asl"": 34, ""role_mainplot_role68.asl"": 34, ""role_mainplot_role69.asl"": 34, ""role_mainplot_role70.asl"": 34, ""role_mainplot_role71.asl"": 34, ""role_mainplot_role72.asl"": 34, ""role_mainplot_role73.asl"": 34, ""role_mainplot_role74.asl"": 34, ""role_mainplot_role75.asl"": 34, ""role_mainplot_role76.asl"": 34, ""role_mainplot_role77.asl"": 34, ""role_mainplot_role78.asl"": 34, ""role_mainplot_role79.asl"": 34, ""role_mainplot_role80.asl"": 34, ""role_mainplot_role81.asl"": 34, ""role_mainplot_role82.asl"": 34, ""role_mainplot_role83.asl"": 34, ""role_mainplot_role84.asl"": 34, ""role_mainplot_role85.asl"": 34, ""role_mainplot_role86.asl"": 34, ""role_mainplot_role87.asl"": 34, ""role_mainplot_role88.asl"": 34, ""role_mainplot_role89.asl"": 34, ""role_mainplot_role90.asl"": 34, ""role_mainplot_role91.asl"": 34, ""role_mainplot_role92.asl"": 34, ""role_mainplot_role93.asl"": 34, ""role_mainplot_role94.asl"": 34, ""role_mainplot_role95.asl"": 34, ""role_mainplot_role96.asl"": 34, ""role_mainplot_role97.asl"": 34, ""role_mainplot_role98.asl"": 34, ""role_mainplot_role99.asl"": 34, ""role_mainplot_role100.asl"": 34, ""role_mainplot_role101.asl"": 34, ""role_mainplot_role102.asl"": 34, ""role_mainplot_role103.asl"": 34, ""role_mainplot_role104.asl"": 34, ""role_mainplot_role105.asl"": 34, ""role_mainplot_role106.asl"": 34, ""role_mainplot_role107.asl"": 34, ""role_mainplot_role108.asl"": 34, ""role_mainplot_role109.asl"": 34, ""role_mainplot_role110.asl"": 34, ""role_mainplot_role111.asl"": 34, ""role_mainplot_role112.asl"": 34, ""role_mainplot_role113.asl"": 34, ""role_mainplot_role114.asl"": 34, ""role_mainplot_role115.asl"": 34, ""role_mainplot_role116.asl"": 34, ""role_mainplot_role117.asl"": 34, ""role_mainplot_role118.asl"": 34, ""role_mainplot_role119.asl"": 34, ""role_mainplot_role120.asl"": 34, ""role_mainplot_role121.asl"": 34, ""role_mainplot_role122.asl"": 34, ""role_mainplot_role123.asl"": 34, ""role_mainplot_role124.asl"": 34, ""role_mainplot_role125.asl"": 34, ""role_mainplot_role126.asl"": 34, ""role_mainplot_role127.asl"": 34, ""role_mainplot_role128.asl"": 34, ""role_mainplot_role129.asl"": 34, ""role_mainplot_role130.asl"": 34, ""role_mainplot_role131.asl"": 34, ""role_mainplot_role132.asl"": 34, ""role_mainplot_role133.asl"": 34, ""role_mainplot_role134.asl"": 34, ""role_mainplot_role135.asl"": 34, ""role_mainplot_role136.asl"": 34, ""role_mainplot_role137.asl"": 34, ""role_mainplot_role138.asl"": 34, ""role_mainplot_role139.asl"": 34, ""role_mainplot_role140.asl"": 34, ""role_mainplot_role141.asl"": 34, ""role_mainplot_role142.asl"": 34, ""role_mainplot_role143.asl"": 34, ""role_mainplot_role144.asl"": 34, ""role_mainplot_role145.asl"": 34, ""role_mainplot_role146.asl"": 34, ""role_mainplot_role147.asl"": 34, ""role_mainplot_role148.asl"": 34, ""role_mainplot_role149.asl"": 34, ""role_mainplot_role150.asl"": 34, ""role_mainplot_role151.asl"": 34, ""role_mainplot_role152.asl"": 34, ""role_mainplot_role153.asl"": 34, ""role_mainplot_role154.asl"": 34, ""role_mainplot_role155.asl"": 34, ""role_mainplot_role156.asl"": 34, ""role_mainplot_role157.asl"": 34, ""role_mainplot_role158.asl"": 34, ""role_mainplot_role159.asl"": 34, ""role_mainplot_role160.asl"": 34, ""role_mainplot_role161.asl"": 34, ""role_mainplot_role162.asl"": 34, ""role_mainplot_role163.asl"": 34, ""role_mainplot_role164.asl"": 34, ""role_mainplot_role165.asl"": 34, ""role_mainplot_role166.asl"": 34, ""role_mainplot_role167.asl"": 34, ""role_mainplot_role168.asl"": 34, ""role_mainplot_role169.asl"": 34, ""role_mainplot_role170.asl"": 34, ""role_mainplot_role171.asl"": 34, ""role_mainplot_role172.asl"": 34, ""role_mainplot_role173.asl"": 34, ""role_mainplot_role174.asl"": 34, ""role_mainplot_role175.asl"": 34, ""role_mainplot_role176.asl"": 34, ""role_mainplot_role177.asl"": 34, ""role_mainplot_role178.asl"": 34, ""role_mainplot_role179.asl"": 34, ""role_mainplot_role180.asl"": 34, ""role_mainplot_role181.asl"": 34, ""role_mainplot_role182.asl"": 34, ""role_mainplot_role183.asl"": 34, ""role_mainplot_role184.asl"": 34, ""role_mainplot_role185.asl"": 34, ""role_mainplot_role186.asl"": 34, ""role_mainplot_role187.asl"": 34, ""role_mainplot_role188.asl"": 34, ""role_mainplot_role189.asl"": 34, ""role_mainplot_role190.asl"": 34, ""role_mainplot_role191.asl"": 34, ""role_mainplot_role192.asl"": 34, ""role_mainplot_role193.asl"": 34, ""role_mainplot_role194.asl"": 34, ""role_mainplot_role195.asl"": 34, ""role_mainplot_role196.asl"": 34, ""role_mainplot_role197.asl"": 34, ""role_mainplot_role198.asl"": 34, ""role_mainplot_role199.asl"": 34}",1.1044700498488191,3.7537227680004435,0.0034529929998825537,109.70479774475098,True,1,0
grid_phases_roles,277,Linux 7.2.3-arch1-2,x86_64,24,30.44,3.14.7,10,10,5,2,2,1,2,200,100,0,0,42,61185,2276495,203,67577,"{""playbook_playbook0.asl"": 26, ""playbook_playbook1.asl"": 26, ""director_mainplot.asl"": 60725, ""role_mainplot_role0.asl"": 34, ""role_mainplot_role1.asl"": 34, ""role_mainplot_role2.asl"": 34, ""role_mainplot_role3.asl"": 34, ""role_mainplot_role4.asl"": 34, ""role_mainplot_role5.asl"": 34, ""role_mainplot_role6.asl"": 34, ""role_mainplot_role7.asl"": 34, ""role_mainplot_role8.asl"": 34, ""role_mainplot_role9.asl"": 34, ""role_mainplot_role10.asl"": 34, ""role_mainplot_role11.asl"": 34, ""role_mainplot_role12.asl"": 34, ""role_mainplot_role13.asl"": 34, ""role_mainplot_role14.asl"": 34, ""role_mainplot_role15.asl"": 34, ""role_mainplot_role16.asl"": 34, ""role_mainplot_role17.asl"": 34, ""role_mainplot_role18.asl"": 34, ""role_mainplot_role19.asl"": 34, ""role_mainplot_role20.asl"": 34, ""role_mainplot_role21.asl"": 34, ""role_mainplot_role22.asl"": 34, ""role_mainplot_role23.asl"": 34, ""role_mainplot_role24.asl"": 34, ""role_mainplot_role25.asl"": 34, ""role_mainplot_role26.asl"": 34, ""role_mainplot_role27.asl"": 34, ""role_mainplot_role28.asl"": 34, ""role_mainplot_role29.asl"": 34, ""role_mainplot_role30.asl"": 34, ""role_mainplot_role31.asl"": 34, ""role_mainplot_role32.asl"": 34, ""role_mainplot_role33.asl"": 34, ""role_mainplot_role34.asl"": 34, ""role_mainplot_role35.asl"": 34, ""role_mainplot_role36.asl"": 34, ""role_mainplot_role37.asl"": 34, ""role_mainplot_role38.asl"": 34, ""role_mainplot_role39.asl"": 34, ""role_mainplot_role40.asl"": 34, ""role_mainplot_role41.asl"": 34, ""role_mainplot_role42.asl"": 34, ""role_mainplot_role43.asl"": 34, ""role_mainplot_role44.asl"": 34, ""role_mainplot_role45.asl"": 34, ""role_mainplot_role46.asl"": 34, ""role_mainplot_role47.asl"": 34, ""role_mainplot_role48.asl"": 34, ""role_mainplot_role49.asl"": 34, ""role_mainplot_role50.asl"": 34, ""role_mainplot_role51.asl"": 34, ""role_mainplot_role52.asl"": 34, ""role_mainplot_role53.asl"": 34, ""role_mainplot_role54.asl"": 34, ""role_mainplot_role55.asl"": 34, ""role_mainplot_role56.asl"": 34, ""role_mainplot_role57.asl"": 34, ""role_mainplot_role58.asl"": 34, ""role_mainplot_role59.asl"": 34, ""role_mainplot_role60.asl"": 34, ""role_mainplot_role61.asl"": 34, ""role_mainplot_role62.asl"": 34, ""role_mainplot_role63.asl"": 34, ""role_mainplot_role64.asl"": 34, ""role_mainplot_role65.asl"": 34, ""role_mainplot_role66.asl"": 34, ""role_mainplot_role67.asl"": 34, ""role_mainplot_role68.asl"": 34, ""role_mainplot_role69.asl"": 34, ""role_mainplot_role70.asl"": 34, ""role_mainplot_role71.asl"": 34, ""role_mainplot_role72.asl"": 34, ""role_mainplot_role73.asl"": 34, ""role_mainplot_role74.asl"": 34, ""role_mainplot_role75.asl"": 34, ""role_mainplot_role76.asl"": 34, ""role_mainplot_role77.asl"": 34, ""role_mainplot_role78.asl"": 34, ""role_mainplot_role79.asl"": 34, ""role_mainplot_role80.asl"": 34, ""role_mainplot_role81.asl"": 34, ""role_mainplot_role82.asl"": 34, ""role_mainplot_role83.asl"": 34, ""role_mainplot_role84.asl"": 34, ""role_mainplot_role85.asl"": 34, ""role_mainplot_role86.asl"": 34, ""role_mainplot_role87.asl"": 34, ""role_mainplot_role88.asl"": 34, ""role_mainplot_role89.asl"": 34, ""role_mainplot_role90.asl"": 34, ""role_mainplot_role91.asl"": 34, ""role_mainplot_role92.asl"": 34, ""role_mainplot_role93.asl"": 34, ""role_mainplot_role94.asl"": 34, ""role_mainplot_role95.asl"": 34, ""role_mainplot_role96.asl"": 34, ""role_mainplot_role97.asl"": 34, ""role_mainplot_role98.asl"": 34, ""role_mainplot_role99.asl"": 34, ""role_mainplot_role100.asl"": 34, ""role_mainplot_role101.asl"": 34, ""role_mainplot_role102.asl"": 34, ""role_mainplot_role103.asl"": 34, ""role_mainplot_role104.asl"": 34, ""role_mainplot_role105.asl"": 34, ""role_mainplot_role106.asl"": 34, ""role_mainplot_role107.asl"": 34, ""role_mainplot_role108.asl"": 34, ""role_mainplot_role109.asl"": 34, ""role_mainplot_role110.asl"": 34, ""role_mainplot_role111.asl"": 34, ""role_mainplot_role112.asl"": 34, ""role_mainplot_role113.asl"": 34, ""role_mainplot_role114.asl"": 34, ""role_mainplot_role115.asl"": 34, ""role_mainplot_role116.asl"": 34, ""role_mainplot_role117.asl"": 34, ""role_mainplot_role118.asl"": 34, ""role_mainplot_role119.asl"": 34, ""role_mainplot_role120.asl"": 34, ""role_mainplot_role121.asl"": 34, ""role_mainplot_role122.asl"": 34, ""role_mainplot_role123.asl"": 34, ""role_mainplot_role124.asl"": 34, ""role_mainplot_role125.asl"": 34, ""role_mainplot_role126.asl"": 34, ""role_mainplot_role127.asl"": 34, ""role_mainplot_role128.asl"": 34, ""role_mainplot_role129.asl"": 34, ""role_mainplot_role130.asl"": 34, ""role_mainplot_role131.asl"": 34, ""role_mainplot_role132.asl"": 34, ""role_mainplot_role133.asl"": 34, ""role_mainplot_role134.asl"": 34, ""role_mainplot_role135.asl"": 34, ""role_mainplot_role136.asl"": 34, ""role_mainplot_role137.asl"": 34, ""role_mainplot_role138.asl"": 34, ""role_mainplot_role139.asl"": 34, ""role_mainplot_role140.asl"": 34, ""role_mainplot_role141.asl"": 34, ""role_mainplot_role142.asl"": 34, ""role_mainplot_role143.asl"": 34, ""role_mainplot_role144.asl"": 34, ""role_mainplot_role145.asl"": 34, ""role_mainplot_role146.asl"": 34, ""role_mainplot_role147.asl"": 34, ""role_mainplot_role148.asl"": 34, ""role_mainplot_role149.asl"": 34, ""role_mainplot_role150.asl"": 34, ""role_mainplot_role151.asl"": 34, ""role_mainplot_role152.asl"": 34, ""role_mainplot_role153.asl"": 34, ""role_mainplot_role154.asl"": 34, ""role_mainplot_role155.asl"": 34, ""role_mainplot_role156.asl"": 34, ""role_mainplot_role157.asl"": 34, ""role_mainplot_role158.asl"": 34, ""role_mainplot_role159.asl"": 34, ""role_mainplot_role160.asl"": 34, ""role_mainplot_role161.asl"": 34, ""role_mainplot_role162.asl"": 34, ""role_mainplot_role163.asl"": 34, ""role_mainplot_role164.asl"": 34, ""role_mainplot_role165.asl"": 34, ""role_mainplot_role166.asl"": 34, ""role_mainplot_role167.asl"": 34, ""role_mainplot_role168.asl"": 34, ""role_mainplot_role169.asl"": 34, ""role_mainplot_role170.asl"": 34, ""role_mainplot_role171.asl"": 34, ""role_mainplot_role172.asl"": 34, ""role_mainplot_role173.asl"": 34, ""role_mainplot_role174.asl"": 34, ""role_mainplot_role175.asl"": 34, ""role_mainplot_role176.asl"": 34, ""role_mainplot_role177.asl"": 34, ""role_mainplot_role178.asl"": 34, ""role_mainplot_role179.asl"": 34, ""role_mainplot_role180.asl"": 34, ""role_mainplot_role181.asl"": 34, ""role_mainplot_role182.asl"": 34, ""role_mainplot_role183.asl"": 34, ""role_mainplot_role184.asl"": 34, ""role_mainplot_role185.asl"": 34, ""role_mainplot_role186.asl"": 34, ""role_mainplot_role187.asl"": 34, ""role_mainplot_role188.asl"": 34, ""role_mainplot_role189.asl"": 34, ""role_mainplot_role190.asl"": 34, ""role_mainplot_role191.asl"": 34, ""role_mainplot_role192.asl"": 34, ""role_mainplot_role193.asl"": 34, ""role_mainplot_role194.asl"": 34, ""role_mainplot_role195.asl"": 34, ""role_mainplot_role196.asl"": 34, ""role_mainplot_role197.asl"": 34, ""role_mainplot_role198.asl"": 34, ""role_mainplot_role199.asl"": 34}",1.1044700498488191,3.9504920929994114,0.003358824000315508,109.70491218566895,True,1,0
grid_phases_roles,278,Linux 7.2.3-arch1-2,x86_64,24,30.44,3.14.7,10,10,5,2,2,1,2,200,100,0,0,42,61185,2276495,203,67577,"{""playbook_playbook0.asl"": 26, ""playbook_playbook1.asl"": 26, ""director_mainplot.asl"": 60725, ""role_mainplot_role0.asl"": 34, ""role_mainplot_role1.asl"": 34, ""role_mainplot_role2.asl"": 34, ""role_mainplot_role3.asl"": 34, ""role_mainplot_role4.asl"": 34, ""role_mainplot_role5.asl"": 34, ""role_mainplot_role6.asl"": 34, ""role_mainplot_role7.asl"": 34, ""role_mainplot_role8.asl"": 34, ""role_mainplot_role9.asl"": 34, ""role_mainplot_role10.asl"": 34, ""role_mainplot_role11.asl"": 34, ""role_mainplot_role12.asl"": 34, ""role_mainplot_role13.asl"": 34, ""role_mainplot_role14.asl"": 34, ""role_mainplot_role15.asl"": 34, ""role_mainplot_role16.asl"": 34, ""role_mainplot_role17.asl"": 34, ""role_mainplot_role18.asl"": 34, ""role_mainplot_role19.asl"": 34, ""role_mainplot_role20.asl"": 34, ""role_mainplot_role21.asl"": 34, ""role_mainplot_role22.asl"": 34, ""role_mainplot_role23.asl"": 34, ""role_mainplot_role24.asl"": 34, ""role_mainplot_role25.asl"": 34, ""role_mainplot_role26.asl"": 34, ""role_mainplot_role27.asl"": 34, ""role_mainplot_role28.asl"": 34, ""role_mainplot_role29.asl"": 34, ""role_mainplot_role30.asl"": 34, ""role_mainplot_role31.asl"": 34, ""role_mainplot_role32.asl"": 34, ""role_mainplot_role33.asl"": 34, ""role_mainplot_role34.asl"": 34, ""role_mainplot_role35.asl"": 34, ""role_mainplot_role36.asl"": 34, ""role_mainplot_role37.asl"": 34, ""role_mainplot_role38.asl"": 34, ""role_mainplot_role39.asl"": 34, ""role_mainplot_role40.asl"": 34, ""role_mainplot_role41.asl"": 34, ""role_mainplot_role42.asl"": 34, ""role_mainplot_role43.asl"": 34, ""role_mainplot_role44.asl"": 34, ""role_mainplot_role45.asl"": 34, ""role_mainplot_role46.asl"": 34, ""role_mainplot_role47.asl"": 34, ""role_mainplot_role48.asl"": 34, ""role_mainplot_role49.asl"": 34, ""role_mainplot_role50.asl"": 34, ""role_mainplot_role51.asl"": 34, ""role_mainplot_role52.asl"": 34, ""role_mainplot_role53.asl"": 34, ""role_mainplot_role54.asl"": 34, ""role_mainplot_role55.asl"": 34, ""role_mainplot_role56.asl"": 34, ""role_mainplot_role57.asl"": 34, ""role_mainplot_role58.asl"": 34, ""role_mainplot_role59.asl"": 34, ""role_mainplot_role60.asl"": 34, ""role_mainplot_role61.asl"": 34, ""role_mainplot_role62.asl"": 34, ""role_mainplot_role63.asl"": 34, ""role_mainplot_role64.asl"": 34, ""role_mainplot_role65.asl"": 34, ""role_mainplot_role66.asl"": 34, ""role_mainplot_role67.asl"": 34, ""role_mainplot_role68.asl"": 34, ""role_mainplot_role69.asl"": 34, ""role_mainplot_role70.asl"": 34, ""role_mainplot_role71.asl"": 34, ""role_mainplot_role72.asl"": 34, ""role_mainplot_role73.asl"": 34, ""role_mainplot_role74.asl"": 34, ""role_mainplot_role75.asl"": 34, ""role_mainplot_role76.asl"": 34, ""role_mainplot_role77.asl"": 34, ""role_mainplot_role78.asl"": 34, ""role_mainplot_role79.asl"": 34, ""role_mainplot_role80.asl"": 34, ""role_mainplot_role81.asl"": 34, ""role_mainplot_role82.asl"": 34, ""role_mainplot_role83.asl"": 34, ""role_mainplot_role84.asl"": 34, ""role_mainplot_role85.asl"": 34, ""role_mainplot_role86.asl"": 34, ""role_mainplot_role87.asl"": 34, ""role_mainplot_role88.asl"": 34, ""role_mainplot_role89.asl"": 34, ""role_mainplot_role90.asl"": 34, ""role_mainplot_role91.asl"": 34, ""role_mainplot_role92.asl"": 34, ""role_mainplot_role93.asl"": 34, ""role_mainplot_role94.asl"": 34, ""role_mainplot_role95.asl"": 34, ""role_mainplot_role96.asl"": 34, ""role_mainplot_role97.asl"": 34, ""role_mainplot_role98.asl"": 34, ""role_mainplot_role99.asl"": 34, ""role_mainplot_role100.asl"": 34, ""role_mainplot_role101.asl"": 34, ""role_mainplot_role102.asl"": 34, ""role_mainplot_role103.asl"": 34, ""role_mainplot_role104.asl"": 34, ""role_mainplot_role105.asl"": 34, ""role_mainplot_role106.asl"": 34, ""role_mainplot_role107.asl"": 34, ""role_mainplot_role108.asl"": 34, ""role_mainplot_role109.asl"": 34, ""role_mainplot_role110.asl"": 34, ""role_mainplot_role111.asl"": 34, ""role_mainplot_role112.asl"": 34, ""role_mainplot_role113.asl"": 34, ""role_mainplot_role114.asl"": 34, ""role_mainplot_role115.asl"": 34, ""role_mainplot_role116.asl"": 34, ""role_mainplot_role117.asl"": 34, ""role_mainplot_role118.asl"": 34, ""role_mainplot_role119.asl"": 34, ""role_mainplot_role120.asl"": 34, ""role_mainplot_role121.asl"": 34, ""role_mainplot_role122.asl"": 34, ""role_mainplot_role123.asl"": 34, ""role_mainplot_role124.asl"": 34, ""role_mainplot_role125.asl"": 34, ""role_mainplot_role126.asl"": 34, ""role_mainplot_role127.asl"": 34, ""role_mainplot_role128.asl"": 34, ""role_mainplot_role129.asl"": 34, ""role_mainplot_role130.asl"": 34, ""role_mainplot_role131.asl"": 34, ""role_mainplot_role132.asl"": 34, ""role_mainplot_role133.asl"": 34, ""role_mainplot_role134.asl"": 34, ""role_mainplot_role135.asl"": 34, ""role_mainplot_role136.asl"": 34, ""role_mainplot_role137.asl"": 34, ""role_mainplot_role138.asl"": 34, ""role_mainplot_role139.asl"": 34, ""role_mainplot_role140.asl"": 34, ""role_mainplot_role141.asl"": 34, ""role_mainplot_role142.asl"": 34, ""role_mainplot_role143.asl"": 34, ""role_mainplot_role144.asl"": 34, ""role_mainplot_role145.asl"": 34, ""role_mainplot_role146.asl"": 34, ""role_mainplot_role147.asl"": 34, ""role_mainplot_role148.asl"": 34, ""role_mainplot_role149.asl"": 34, ""role_mainplot_role150.asl"": 34, ""role_mainplot_role151.asl"": 34, ""role_mainplot_role152.asl"": 34, ""role_mainplot_role153.asl"": 34, ""role_mainplot_role154.asl"": 34, ""role_mainplot_role155.asl"": 34, ""role_mainplot_role156.asl"": 34, ""role_mainplot_role157.asl"": 34, ""role_mainplot_role158.asl"": 34, ""role_mainplot_role159.asl"": 34, ""role_mainplot_role160.asl"": 34, ""role_mainplot_role161.asl"": 34, ""role_mainplot_role162.asl"": 34, ""role_mainplot_role163.asl"": 34, ""role_mainplot_role164.asl"": 34, ""role_mainplot_role165.asl"": 34, ""role_mainplot_role166.asl"": 34, ""role_mainplot_role167.asl"": 34, ""role_mainplot_role168.asl"": 34, ""role_mainplot_role169.asl"": 34, ""role_mainplot_role170.asl"": 34, ""role_mainplot_role171.asl"": 34, ""role_mainplot_role172.asl"": 34, ""role_mainplot_role173.asl"": 34, ""role_mainplot_role174.asl"": 34, ""role_mainplot_role175.asl"": 34, ""role_mainplot_role176.asl"": 34, ""role_mainplot_role177.asl"": 34, ""role_mainplot_role178.asl"": 34, ""role_mainplot_role179.asl"": 34, ""role_mainplot_role180.asl"": 34, ""role_mainplot_role181.asl"": 34, ""role_mainplot_role182.asl"": 34, ""role_mainplot_role183.asl"": 34, ""role_mainplot_role184.asl"": 34, ""role_mainplot_role185.asl"": 34, ""role_mainplot_role186.asl"": 34, ""role_mainplot_role187.asl"": 34, ""role_mainplot_role188.asl"": 34, ""role_mainplot_role189.asl"": 34, ""role_mainplot_role190.asl"": 34, ""role_mainplot_role191.asl"": 34, ""role_mainplot_role192.asl"": 34, ""role_mainplot_role193.asl"": 34, ""role_mainplot_role194.asl"": 34, ""role_mainplot_role195.asl"": 34, ""role_mainplot_role196.asl"": 34, ""role_mainplot_role197.asl"": 34, ""role_mainplot_role198.asl"": 34, ""role_mainplot_role199.asl"": 34}",1.1044700498488191,3.9850112660005834,0.0033664040001895046,109.70575904846191,True,1,0
grid_phases_roles,279,Linux 7.2.3-arch1-2,x86_64,24,30.44,3.14.7,10,10,5,2,2,1,2,200,100,0,0,42,61185,2276495,203,67577,"{""playbook_playbook0.asl"": 26, ""playbook_playbook1.asl"": 26, ""director_mainplot.asl"": 60725, ""role_mainplot_role0.asl"": 34, ""role_mainplot_role1.asl"": 34, ""role_mainplot_role2.asl"": 34, ""role_mainplot_role3.asl"": 34, ""role_mainplot_role4.asl"": 34, ""role_mainplot_role5.asl"": 34, ""role_mainplot_role6.asl"": 34, ""role_mainplot_role7.asl"": 34, ""role_mainplot_role8.asl"": 34, ""role_mainplot_role9.asl"": 34, ""role_mainplot_role10.asl"": 34, ""role_mainplot_role11.asl"": 34, ""role_mainplot_role12.asl"": 34, ""role_mainplot_role13.asl"": 34, ""role_mainplot_role14.asl"": 34, ""role_mainplot_role15.asl"": 34, ""role_mainplot_role16.asl"": 34, ""role_mainplot_role17.asl"": 34, ""role_mainplot_role18.asl"": 34, ""role_mainplot_role19.asl"": 34, ""role_mainplot_role20.asl"": 34, ""role_mainplot_role21.asl"": 34, ""role_mainplot_role22.asl"": 34, ""role_mainplot_role23.asl"": 34, ""role_mainplot_role24.asl"": 34, ""role_mainplot_role25.asl"": 34, ""role_mainplot_role26.asl"": 34, ""role_mainplot_role27.asl"": 34, ""role_mainplot_role28.asl"": 34, ""role_mainplot_role29.asl"": 34, ""role_mainplot_role30.asl"": 34, ""role_mainplot_role31.asl"": 34, ""role_mainplot_role32.asl"": 34, ""role_mainplot_role33.asl"": 34, ""role_mainplot_role34.asl"": 34, ""role_mainplot_role35.asl"": 34, ""role_mainplot_role36.asl"": 34, ""role_mainplot_role37.asl"": 34, ""role_mainplot_role38.asl"": 34, ""role_mainplot_role39.asl"": 34, ""role_mainplot_role40.asl"": 34, ""role_mainplot_role41.asl"": 34, ""role_mainplot_role42.asl"": 34, ""role_mainplot_role43.asl"": 34, ""role_mainplot_role44.asl"": 34, ""role_mainplot_role45.asl"": 34, ""role_mainplot_role46.asl"": 34, ""role_mainplot_role47.asl"": 34, ""role_mainplot_role48.asl"": 34, ""role_mainplot_role49.asl"": 34, ""role_mainplot_role50.asl"": 34, ""role_mainplot_role51.asl"": 34, ""role_mainplot_role52.asl"": 34, ""role_mainplot_role53.asl"": 34, ""role_mainplot_role54.asl"": 34, ""role_mainplot_role55.asl"": 34, ""role_mainplot_role56.asl"": 34, ""role_mainplot_role57.asl"": 34, ""role_mainplot_role58.asl"": 34, ""role_mainplot_role59.asl"": 34, ""role_mainplot_role60.asl"": 34, ""role_mainplot_role61.asl"": 34, ""role_mainplot_role62.asl"": 34, ""role_mainplot_role63.asl"": 34, ""role_mainplot_role64.asl"": 34, ""role_mainplot_role65.asl"": 34, ""role_mainplot_role66.asl"": 34, ""role_mainplot_role67.asl"": 34, ""role_mainplot_role68.asl"": 34, ""role_mainplot_role69.asl"": 34, ""role_mainplot_role70.asl"": 34, ""role_mainplot_role71.asl"": 34, ""role_mainplot_role72.asl"": 34, ""role_mainplot_role73.asl"": 34, ""role_mainplot_role74.asl"": 34, ""role_mainplot_role75.asl"": 34, ""role_mainplot_role76.asl"": 34, ""role_mainplot_role77.asl"": 34, ""role_mainplot_role78.asl"": 34, ""role_mainplot_role79.asl"": 34, ""role_mainplot_role80.asl"": 34, ""role_mainplot_role81.asl"": 34, ""role_mainplot_role82.asl"": 34, ""role_mainplot_role83.asl"": 34, ""role_mainplot_role84.asl"": 34, ""role_mainplot_role85.asl"": 34, ""role_mainplot_role86.asl"": 34, ""role_mainplot_role87.asl"": 34, ""role_mainplot_role88.asl"": 34, ""role_mainplot_role89.asl"": 34, ""role_mainplot_role90.asl"": 34, ""role_mainplot_role91.asl"": 34, ""role_mainplot_role92.asl"": 34, ""role_mainplot_role93.asl"": 34, ""role_mainplot_role94.asl"": 34, ""role_mainplot_role95.asl"": 34, ""role_mainplot_role96.asl"": 34, ""role_mainplot_role97.asl"": 34, ""role_mainplot_role98.asl"": 34, ""role_mainplot_role99.asl"": 34, ""role_mainplot_role100.asl"": 34, ""role_mainplot_role101.asl"": 34, ""role_mainplot_role102.asl"": 34, ""role_mainplot_role103.asl"": 34, ""role_mainplot_role104.asl"": 34, ""role_mainplot_role105.asl"": 34, ""role_mainplot_role106.asl"": 34, ""role_mainplot_role107.asl"": 34, ""role_mainplot_role108.asl"": 34, ""role_mainplot_role109.asl"": 34, ""role_mainplot_role110.asl"": 34, ""role_mainplot_role111.asl"": 34, ""role_mainplot_role112.asl"": 34, ""role_mainplot_role113.asl"": 34, ""role_mainplot_role114.asl"": 34, ""role_mainplot_role115.asl"": 34, ""role_mainplot_role116.asl"": 34, ""role_mainplot_role117.asl"": 34, ""role_mainplot_role118.asl"": 34, ""role_mainplot_role119.asl"": 34, ""role_mainplot_role120.asl"": 34, ""role_mainplot_role121.asl"": 34, ""role_mainplot_role122.asl"": 34, ""role_mainplot_role123.asl"": 34, ""role_mainplot_role124.asl"": 34, ""role_mainplot_role125.asl"": 34, ""role_mainplot_role126.asl"": 34, ""role_mainplot_role127.asl"": 34, ""role_mainplot_role128.asl"": 34, ""role_mainplot_role129.asl"": 34, ""role_mainplot_role130.asl"": 34, ""role_mainplot_role131.asl"": 34, ""role_mainplot_role132.asl"": 34, ""role_mainplot_role133.asl"": 34, ""role_mainplot_role134.asl"": 34, ""role_mainplot_role135.asl"": 34, ""role_mainplot_role136.asl"": 34, ""role_mainplot_role137.asl"": 34, ""role_mainplot_role138.asl"": 34, ""role_mainplot_role139.asl"": 34, ""role_mainplot_role140.asl"": 34, ""role_mainplot_role141.asl"": 34, ""role_mainplot_role142.asl"": 34, ""role_mainplot_role143.asl"": 34, ""role_mainplot_role144.asl"": 34, ""role_mainplot_role145.asl"": 34, ""role_mainplot_role146.asl"": 34, ""role_mainplot_role147.asl"": 34, ""role_mainplot_role148.asl"": 34, ""role_mainplot_role149.asl"": 34, ""role_mainplot_role150.asl"": 34, ""role_mainplot_role151.asl"": 34, ""role_mainplot_role152.asl"": 34, ""role_mainplot_role153.asl"": 34, ""role_mainplot_role154.asl"": 34, ""role_mainplot_role155.asl"": 34, ""role_mainplot_role156.asl"": 34, ""role_mainplot_role157.asl"": 34, ""role_mainplot_role158.asl"": 34, ""role_mainplot_role159.asl"": 34, ""role_mainplot_role160.asl"": 34, ""role_mainplot_role161.asl"": 34, ""role_mainplot_role162.asl"": 34, ""role_mainplot_role163.asl"": 34, ""role_mainplot_role164.asl"": 34, ""role_mainplot_role165.asl"": 34, ""role_mainplot_role166.asl"": 34, ""role_mainplot_role167.asl"": 34, ""role_mainplot_role168.asl"": 34, ""role_mainplot_role169.asl"": 34, ""role_mainplot_role170.asl"": 34, ""role_mainplot_role171.asl"": 34, ""role_mainplot_role172.asl"": 34, ""role_mainplot_role173.asl"": 34, ""role_mainplot_role174.asl"": 34, ""role_mainplot_role175.asl"": 34, ""role_mainplot_role176.asl"": 34, ""role_mainplot_role177.asl"": 34, ""role_mainplot_role178.asl"": 34, ""role_mainplot_role179.asl"": 34, ""role_mainplot_role180.asl"": 34, ""role_mainplot_role181.asl"": 34, ""role_mainplot_role182.asl"": 34, ""role_mainplot_role183.asl"": 34, ""role_mainplot_role184.asl"": 34, ""role_mainplot_role185.asl"": 34, ""role_mainplot_role186.asl"": 34, ""role_mainplot_role187.asl"": 34, ""role_mainplot_role188.asl"": 34, ""role_mainplot_role189.asl"": 34, ""role_mainplot_role190.asl"": 34, ""role_mainplot_role191.asl"": 34, ""role_mainplot_role192.asl"": 34, ""role_mainplot_role193.asl"": 34, ""role_mainplot_role194.asl"": 34, ""role_mainplot_role195.asl"": 34, ""role_mainplot_role196.asl"": 34, ""role_mainplot_role197.asl"": 34, ""role_mainplot_role198.asl"": 34, ""role_mainplot_role199.asl"": 34}",1.1044700498488191,3.952745598999172,0.003452674000072875,109.70575904846191,True,1,0
grid_phases_roles,280,Linux 7.2.3-arch1-2,x86_64,24,30.44,3.14.7,10,10,5,2,2,1,2,1,200,0,0,42,2486,50819,4,2011,"{""playbook_playbook0.asl"": 26, ""playbook_playbook1.asl"": 26, ""director_mainplot.asl"": 1925, ""role_mainplot_role0.asl"": 34}",0.8089300080450523,0.08575825700063433,0.00012120999963372014,3.031484603881836,True,4,0
grid_phases_roles,281,Linux 7.2.3-arch1-2,x86_64,24,30.44,3.14.7,10,10,5,2,2,1,2,1,200,0,0,42,2486,50819,4,2011,"{""playbook_playbook0.asl"": 26, ""playbook_playbook1.asl"": 26, ""director_mainplot.asl"": 1925, ""role_mainplot_role0.asl"": 34}",0.8089300080450523,0.08387046099960571,0.00011572000039450359,3.031484603881836,True,4,0
grid_phases_roles,282,Linux 7.2.3-arch1-2,x86_64,24,30.44,3.14.7,10,10,5,2,2,1,2,1,200,0,0,42,2486,50819,4,2011,"{""playbook_playbook0.asl"": 26, ""playbook_playbook1.asl"": 26, ""director_mainplot.asl"": 1925, ""role_mainplot_role0.asl"": 34}",0.8089300080450523,0.08255356299923733,9.577999844623264e-05,3.031484603881836,True,4,0
grid_phases_roles,283,Linux 7.2.3-arch1-2,x86_64,24,30.44,3.14.7,10,10,5,2,2,1,2,1,200,0,0,42,2486,50819,4,2011,"{""playbook_playbook0.asl"": 26, ""playbook_playbook1.asl"": 26, ""director_mainplot.asl"": 1925, ""role_mainplot_role0.asl"": 34}",0.8089300080450523,0.10243959699982952,0.00012678999883064535,3.033346176147461,True,4,0
grid_phases_roles,284,Linux 7.2.3-arch1-2,x86_64,24,30.44,3.14.7,10,10,5,2,2,1,2,1,200,0,0,42,2486,50819,4,2011,"{""playbook_playbook0.asl"": 26, ""playbook_playbook1.asl"": 26, ""director_mainplot.asl"": 1925, ""role_mainplot_role0.asl"": 34}",0.8089300080450523,0.08471930799896654,0.00011881899990839884,3.031484603881836,True,4,0
grid_phases_roles,285,Linux 7.2.3-arch1-2,x86_64,24,30.44,3.14.7,10,10,5,2,2,1,2,2,200,0,0,42,3087,72835,5,2645,"{""playbook_playbook0.asl"": 26, ""playbook_playbook1.asl"": 26, ""director_mainplot.asl"": 2525, ""role_mainplot_role0.asl"": 34, ""role_mainplot_role1.asl"": 34}",0.8568189180434078,0.11756687999877613,0.0001485800003138138,4.1199493408203125,True,3,0
grid_phases_roles,286,Linux 7.2.3-arch1-2,x86_64,24,30.44,3.14.7,10,10,5,2,2,1,2,2,200,0,0,42,3087,72835,5,2645,"{""playbook_playbook0.asl"": 26, ""playbook_playbook1.asl"": 26, ""director_mainplot.asl"": 2525, ""role_mainplot_role0.asl"": 34, ""role_mainplot_role1.asl"": 34}",0.8568189180434078,0.11660837199997331,0.0001503000003140187,4.1199493408203125,True,3,0
grid_phases_roles,287,Linux 7.2.3-arch1-2,x86_64,24,30.44,3.14.7,10,10,5,2,2,1,2,2,200,0,0,42,3087,72835,5,2645,"{""playbook_playbook0.asl"": 26, ""playbook_playbook1.asl"": 26, ""director_mainplot.asl"": 2525, ""role_mainplot_role0.asl"": 34, ""role_mainplot_role1.asl"": 34}",0.8568189180434078,0.12161653300063335,0.00015395899936265778,4.1199493408203125,True,3,0
grid_phases_roles,288,Linux 7.2.3-arch1-2,x86_64,24,30.44,3.14.7,10,10,5,2,2,1,2,2,200,0,0,42,3087,72835,5,2645,"{""playbook_playbook0.asl"": 26, ""playbook_playbook1.asl"": 26, ""director_mainplot.asl"": 2525, ""role_mainplot_role0.asl"": 34, ""role_mainplot_role1.asl"": 34}",0.8568189180434078,0.119264156999634,0.0001513700008217711,4.1199493408203125,True,3,0
grid_phases_roles,289,Linux 7.2.3-arch1-2,x86_64,24,30.44,3.14.7,10,10,5,2,2,1,2,2,200,0,0,42,3087,72835,5,2645,"{""playbook_playbook0.asl"": 26, ""playbook_playbook1.asl"": 26, ""director_mainplot.asl"": 2525, ""role_mainplot_role0.asl"": 34, ""role_mainplot_role1.asl"": 34}",0.8568189180434078,0.11790793999898597,0.00014762899991183076,4.1199493408203125,True,3,0
grid_phases_roles,290,Linux 7.2.3-arch1-2,x86_64,24,30.44,3.14.7,10,10,5,2,2,1,2,5,200,0,0,42,4890,138883,8,4547,"{""playbook_playbook0.asl"": 26, ""playbook_playbook1.asl"": 26, ""director_mainplot.asl"": 4325, ""role_mainplot_role0.asl"": 34, ""role_mainplot_role1.asl"": 34, ""role_mainplot_role2.asl"": 34, ""role_mainplot_role3.asl"": 34, ""role_mainplot_role4.asl"": 34}",0.9298568507157464,0.21436532700136013,0.000227119000555831,7.371000289916992,True,3,0
grid_phases_roles,291,Linux 7.2.3-arch1-2,x86_64,24,30.44,3.14.7,10,10,5,2,2,1,2,5,200,0,0,42,4890,138883,8,4547,"{""playbook_playbook0.asl"": 26, ""playbook_playbook1.asl"": 26, ""director_mainplot.asl"": 4325, ""role_mainplot_role0.asl"": 34, ""role_mainplot_role1.asl"": 34, ""role_mainplot_role2.asl"": 34, ""role_mainplot_role3.asl"": 34, ""role_mainplot_role4.asl"": 34}",0.9298568507157464,0.20563206299993908,0.00020838899945374578,7.371000289916992,True,3,0
grid_phases_roles,292,Linux 7.2.3-arch1-2,x86_64,24,30.44,3.14.7,10,10,5,2,2,1,2,5,200,0,0,42,4890,138883,8,4547,"{""playbook_playbook0.asl"": 26, ""playbook_playbook1.asl"": 26, ""director_mainplot.asl"": 4325, ""role_mainplot_role0.asl"": 34, ""role_mainplot_role1.asl"": 34, ""role_mainplot_role2.asl"": 34, ""role_mainplot_role3.asl"": 34, ""role_mainplot_role4.asl"": 34}",0.9298568507157464,0.20928980600001523,0.00021302999994077254,7.371000289916992,True,3,0
grid_phases_roles,293,Linux 7.2.3-arch1-2,x86_64,24,30.44,3.14.7,10,10,5,2,2,1,2,5,200,0,0,42,4890,138883,8,4547,"{""playbook_playbook0.asl"": 26, ""playbook_playbook1.asl"": 26, ""director_mainplot.asl"": 4325, ""role_mainplot_role0.asl"": 34, ""role_mainplot_role1.asl"": 34, ""role_mainplot_role2.asl"": 34, ""role_mainplot_role3.asl"": 34, ""role_mainplot_role4.asl"": 34}",0.9298568507157464,0.24460630300018238,0.00021583899979304988,7.372861862182617,True,3,0
grid_phases_roles,294,Linux 7.2.3-arch1-2,x86_64,24,30.44,3.14.7,10,10,5,2,2,1,2,5,200,0,0,42,4890,138883,8,4547,"{""playbook_playbook0.asl"": 26, ""playbook_playbook1.asl"": 26, ""director_mainplot.asl"": 4325, ""role_mainplot_role0.asl"": 34, ""role_mainplot_role1.asl"": 34, ""role_mainplot_role2.asl"": 34, ""role_mainplot_role3.asl"": 34, ""role_mainplot_role4.asl"": 34}",0.9298568507157464,0.20972064500165288,0.00021668999943358358,7.371000289916992,True,3,0
grid_phases_roles,295,Linux 7.2.3-arch1-2,x86_64,24,30.44,3.14.7,10,10,5,2,2,1,2,10,200,0,0,42,7895,248964,13,7717,"{""playbook_playbook0.asl"": 26, ""playbook_playbook1.asl"": 26, ""director_mainplot.asl"": 7325, ""role_mainplot_role0.asl"": 34, ""role_mainplot_role1.asl"": 34, ""role_mainplot_role2.asl"": 34, ""role_mainplot_role3.asl"": 34, ""role_mainplot_role4.asl"": 34, ""role_mainplot_role5.asl"": 34, ""role_mainplot_role6.asl"": 34, ""role_mainplot_role7.asl"": 34, ""role_mainplot_role8.asl"": 34, ""role_mainplot_role9.asl"": 34}",0.9774540848638379,0.3684596330003842,0.0003179500017722603,12.788422584533691,True,1,0
grid_phases_roles,296,Linux 7.2.3-arch1-2,x86_64,24,30.44,3.14.7,10,10,5,2,2,1,2,10,200,0,0,42,7895,248964,13,7717,"{""playbook_playbook0.asl"": 26, ""playbook_playbook1.asl"": 26, ""director_mainplot.asl"": 7325, ""role_mainplot_role0.asl"": 34, ""role_mainplot_role1.asl"": 34, ""role_mainplot_role2.asl"": 34, ""role_mainplot_role3.asl"": 34, ""role_mainplot_role4.asl"": 34, ""role_mainplot_role5.asl"": 34, ""role_mainplot_role6.asl"": 34, ""role_mainplot_role7.asl"": 34, ""role_mainplot_role8.asl"": 34, ""role_mainplot_role9.asl"": 34}",0.9774540848638379,0.3714488670011633,0.0003289599990239367,12.788422584533691,True,1,0
grid_phases_roles,297,Linux 7.2.3-arch1-2,x86_64,24,30.44,3.14.7,10,10,5,2,2,1,2,10,200,0,0,42,7895,248964,13,7717,"{""playbook_playbook0.asl"": 26, ""playbook_playbook1.asl"": 26, ""director_mainplot.asl"": 7325, ""role_mainplot_role0.asl"": 34, ""role_mainplot_role1.asl"": 34, ""role_mainplot_role2.asl"": 34, ""role_mainplot_role3.asl"": 34, ""role_mainplot_role4.asl"": 34, ""role_mainplot_role5.asl"": 34, ""role_mainplot_role6.asl"": 34, ""role_mainplot_role7.asl"": 34, ""role_mainplot_role8.asl"": 34, ""role_mainplot_role9.asl"": 34}",0.9774540848638379,0.38128719899941643,0.0003290899985586293,12.785225868225098,True,1,0
grid_phases_roles,298,Linux 7.2.3-arch1-2,x86_64,24,30.44,3.14.7,10,10,5,2,2,1,2,10,200,0,0,42,7895,248964,13,7717,"{""playbook_playbook0.asl"": 26, ""playbook_playbook1.asl"": 26, ""director_mainplot.asl"": 7325, ""role_mainplot_role0.asl"": 34, ""role_mainplot_role1.asl"": 34, ""role_mainplot_role2.asl"": 34, ""role_mainplot_role3.asl"": 34, ""role_mainplot_role4.asl"": 34, ""role_mainplot_role5.asl"": 34, ""role_mainplot_role6.asl"": 34, ""role_mainplot_role7.asl"": 34, ""role_mainplot_role8.asl"": 34, ""role_mainplot_role9.asl"": 34}",0.9774540848638379,0.39408372600155417,0.00032120899959409144,12.788765907287598,True,1,0
grid_phases_roles,299,Linux 7.2.3-arch1-2,x86_64,24,30.44,3.14.7,10,10,5,2,2,1,2,10,200,0,0,42,7895,248964,13,7717,"{""playbook_playbook0.asl"": 26, ""playbook_playbook1.asl"": 26, ""director_mainplot.asl"": 7325, ""role_mainplot_role0.asl"": 34, ""role_mainplot_role1.asl"": 34, ""role_mainplot_role2.asl"": 34, ""role_mainplot_role3.asl"": 34, ""role_mainplot_role4.asl"": 34, ""role_mainplot_role5.asl"": 34, ""role_mainplot_role6.asl"": 34, ""role_mainplot_role7.asl"": 34, ""role_mainplot_role8.asl"": 34, ""role_mainplot_role9.asl"": 34}",0.9774540848638379,0.364638417999231,0.0003159890002280008,12.788422584533691,True,1,0
grid_phases_roles,300,Linux 7.2.3-arch1-2,x86_64,24,30.44,3.14.7,10,10,5,2,2,1,2,20,200,0,0,42,13905,473134,23,14057,"{""playbook_playbook0.asl"": 26, ""playbook_playbook1.asl"": 26, ""director_mainplot.asl"": 13325, ""role_mainplot_role0.asl"": 34, ""role_mainplot_role1.asl"": 34, ""role_mainplot_role2.asl"": 34, ""role_mainplot_role3.asl"": 34, ""role_mainplot_role4.asl"": 34, ""role_mainplot_role5.asl"": 34, ""role_mainplot_role6.asl"": 34, ""role_mainplot_role7.asl"": 34, ""role_mainplot_role8.asl"": 34, ""role_mainplot_role9.asl"": 34, ""role_mainplot_role10.asl"": 34, ""role_mainplot_role11.asl"": 34, ""role_mainplot_role12.asl"": 34, ""role_mainplot_role13.asl"": 34, ""role_mainplot_role14.asl"": 34, ""role_mainplot_role15.asl"": 34, ""role_mainplot_role16.asl"": 34, ""role_mainplot_role17.asl"": 34, ""role_mainplot_role18.asl"": 34, ""role_mainplot_role19.asl"": 34}",1.0109313196691838,0.6875257230003626,0.0005273789993225364,23.632702827453613,True,1,0
grid_phases_roles,301,Linux 7.2.3-arch1-2,x86_64,24,30.44,3.14.7,10,10,5,2,2,1,2,20,200,0,0,42,13905,473134,23,14057,"{""playbook_playbook0.asl"": 26, ""playbook_playbook1.asl"": 26, ""director_mainplot.asl"": 13325, ""role_mainplot_role0.asl"": 34, ""role_mainplot_role1.asl"": 34, ""role_mainplot_role2.asl"": 34, ""role_mainplot_role3.asl"": 34, ""role_mainplot_role4.asl"": 34, ""role_mainplot_role5.asl"": 34, ""role_mainplot_role6.asl"": 34, ""role_mainplot_role7.asl"": 34, ""role_mainplot_role8.asl"": 34, ""role_mainplot_role9.asl"": 34, ""role_mainplot_role10.asl"": 34, ""role_mainplot_role11.asl"": 34, ""role_mainplot_role12.asl"": 34, ""role_mainplot_role13.asl"": 34, ""role_mainplot_role14.asl"": 34, ""role_mainplot_role15.asl"": 34, ""role_mainplot_role16.asl"": 34, ""role_mainplot_role17.asl"": 34, ""role_mainplot_role18.asl"": 34, ""role_mainplot_role19.asl"": 34}",1.0109313196691838,0.8101035629988473,0.0005138289998285472,23.63432025909424,True,1,0
grid_phases_roles,302,Linux 7.2.3-arch1-2,x86_64,24,30.44,3.14.7,10,10,5,2,2,1,2,20,200,0,0,42,13905,473134,23,14057,"{""playbook_playbook0.asl"": 26, ""playbook_playbook1.asl"": 26, ""director_mainplot.asl"": 13325, ""role_mainplot_role0.asl"": 34, ""role_mainplot_role1.asl"": 34, ""role_mainplot_role2.asl"": 34, ""role_mainplot_role3.asl"": 34, ""role_mainplot_role4.asl"": 34, ""role_mainplot_role5.asl"": 34, ""role_mainplot_role6.asl"": 34, ""role_mainplot_role7.asl"": 34, ""role_mainplot_role8.asl"": 34, ""role_mainplot_role9.asl"": 34, ""role_mainplot_role10.asl"": 34, ""role_mainplot_role11.asl"": 34, ""role_mainplot_role12.asl"": 34, ""role_mainplot_role13.asl"": 34, ""role_mainplot_role14.asl"": 34, ""role_mainplot_role15.asl"": 34, ""role_mainplot_role16.asl"": 34, ""role_mainplot_role17.asl"": 34, ""role_mainplot_role18.asl"": 34, ""role_mainplot_role19.asl"": 34}",1.0109313196691838,0.6951913480006624,0.0005155489998287521,23.632702827453613,True,1,0
grid_phases_roles,303,Linux 7.2.3-arch1-2,x86_64,24,30.44,3.14.7,10,10,5,2,2,1,2,20,200,0,0,42,13905,473134,23,14057,"{""playbook_playbook0.asl"": 26, ""playbook_playbook1.asl"": 26, ""director_mainplot.asl"": 13325, ""role_mainplot_role0.asl"": 34, ""role_mainplot_role1.asl"": 34, ""role_mainplot_role2.asl"": 34, ""role_mainplot_role3.asl"": 34, ""role_mainplot_role4.asl"": 34, ""role_mainplot_role5.asl"": 34, ""role_mainplot_role6.asl"": 34, ""role_mainplot_role7.asl"": 34, ""role_mainplot_role8.asl"": 34, ""role_mainplot_role9.asl"": 34, ""role_mainplot_role10.asl"": 34, ""role_mainplot_role11.asl"": 34, ""role_mainplot_role12.asl"": 34, ""role_mainplot_role13.asl"": 34, ""role_mainplot_role14.asl"": 34, ""role_mainplot_role15.asl"": 34, ""role_mainplot_role16.asl"": 34, ""role_mainplot_role17.asl"": 34, ""role_mainplot_role18.asl"": 34, ""role_mainplot_role19.asl"": 34}",1.0109313196691838,0.82468156700088,0.0005154890004632762,23.634556770324707,True,1,0
grid_phases_roles,304,Linux 7.2.3-arch1-2,x86_64,24,30.44,3.14.7,10,10,5,2,2,1,2,20,200,0,0,42,13905,473134,23,14057,"{""playbook_playbook0.asl"": 26, ""playbook_playbook1.asl"": 26, ""director_mainplot.asl"": 13325, ""role_mainplot_role0.asl"": 34, ""role_mainplot_role1.asl"": 34, ""role_mainplot_role2.asl"": 34, ""role_mainplot_role3.asl"": 34, ""role_mainplot_role4.asl"": 34, ""role_mainplot_role5.asl"": 34, ""role_mainplot_role6.asl"": 34, ""role_mainplot_role7.asl"": 34, ""role_mainplot_role8.asl"": 34, ""role_mainplot_role9.asl"": 34, ""role_mainplot_role10.asl"": 34, ""role_mainplot_role11.asl"": 34, ""role_mainplot_role12.asl"": 34, ""role_mainplot_role13.asl"": 34, ""role_mainplot_role14.asl"": 34, ""role_mainplot_role15.asl"": 34, ""role_mainplot_role16.asl"": 34, ""role_mainplot_role17.asl"": 34, ""role_mainplot_role18.asl"": 34, ""role_mainplot_role19.asl"": 34}",1.0109313196691838,0.6972115440003108,0.0005218289988988545,23.632702827453613,True,1,0
grid_phases_roles,305,Linux 7.2.3-arch1-2,x86_64,24,30.44,3.14.7,10,10,5,2,2,1,2,50,200,0,0,42,31935,1145644,53,33077,"{""playbook_playbook0.asl"": 26, ""playbook_playbook1.asl"": 26, ""director_mainplot.asl"": 31325, ""role_mainplot_role0.asl"": 34, ""role_mainplot_role1.asl"": 34, ""role_mainplot_role2.asl"": 34, ""role_mainplot_role3.asl"": 34, ""role_mainplot_role4.asl"": 34, ""role_mainplot_role5.asl"": 34, ""role_mainplot_role6.asl"": 34, ""role_mainplot_role7.asl"": 34, ""role_mainplot_role8.asl"": 34, ""role_mainplot_role9.asl"": 34, ""role_mainplot_role10.asl"": 34, ""role_mainplot_role11.asl"": 34, ""role_mainplot_role12.asl"": 34, ""role_mainplot_role13.asl"": 34, ""role_mainplot_role14.asl"": 34, ""role_mainplot_role15.asl"": 34, ""role_mainplot_role16.asl"": 34, ""role_mainplot_role17.asl"": 34, ""role_mainplot_role18.asl"": 34, ""role_mainplot_role19.asl"": 34, ""role_mainplot_role20.asl"": 34, ""role_mainplot_role21.asl"": 34, ""role_mainplot_role22.asl"": 34, ""role_mainplot_role23.asl"": 34, ""role_mainplot_role24.asl"": 34, ""role_mainplot_role25.asl"": 34, ""role_mainplot_role26.asl"": 34, ""role_mainplot_role27.asl"": 34, ""role_mainplot_role28.asl"": 34, ""role_mainplot_role29.asl"": 34, ""role_mainplot_role30.asl"": 34, ""role_mainplot_role31.asl"": 34, ""role_mainplot_role32.asl"": 34, ""role_mainplot_role33.asl"": 34, ""role_mainplot_role34.asl"": 34, ""role_mainplot_role35.asl"": 34, ""role_mainplot_role36.asl"": 34, ""role_mainplot_role37.asl"": 34, ""role_mainplot_role38.asl"": 34, ""role_mainplot_role39.asl"": 34, ""role_mainplot_role40.asl"": 34, ""role_mainplot_role41.asl"": 34, ""role_mainplot_role42.asl"": 34, ""role_mainplot_role43.asl"": 34, ""role_mainplot_role44.asl"": 34, ""role_mainplot_role45.asl"": 34, ""role_mainplot_role46.asl"": 34, ""role_mainplot_role47.asl"": 34, ""role_mainplot_role48.asl"": 34, ""role_mainplot_role49.asl"": 34}",1.0357601377798653,2.026443708999068,0.0011958779996348312,56.197922706604004,True,1,0
grid_phases_roles,306,Linux 7.2.3-arch1-2,x86_64,24,30.44,3.14.7,10,10,5,2,2,1,2,50,200,0,0,42,31935,1145644,53,33077,"{""playbook_playbook0.asl"": 26, ""playbook_playbook1.asl"": 26, ""director_mainplot.asl"": 31325, ""role_mainplot_role0.asl"": 34, ""role_mainplot_role1.asl"": 34, ""role_mainplot_role2.asl"": 34, ""role_mainplot_role3.asl"": 34, ""role_mainplot_role4.asl"": 34, ""role_mainplot_role5.asl"": 34, ""role_mainplot_role6.asl"": 34, ""role_mainplot_role7.asl"": 34, ""role_mainplot_role8.asl"": 34, ""role_mainplot_role9.asl"": 34, ""role_mainplot_role10.asl"": 34, ""role_mainplot_role11.asl"": 34, ""role_mainplot_role12.asl"": 34, ""role_mainplot_role13.asl"": 34, ""role_mainplot_role14.asl"": 34, ""role_mainplot_role15.asl"": 34, ""role_mainplot_role16.asl"": 34, ""role_mainplot_role17.asl"": 34, ""role_mainplot_role18.asl"": 34, ""role_mainplot_role19.asl"": 34, ""role_mainplot_role20.asl"": 34, ""role_mainplot_role21.asl"": 34, ""role_mainplot_role22.asl"": 34, ""role_mainplot_role23.asl"": 34, ""role_mainplot_role24.asl"": 34, ""role_mainplot_role25.asl"": 34, ""role_mainplot_role26.asl"": 34, ""role_mainplot_role27.asl"": 34, ""role_mainplot_role28.asl"": 34, ""role_mainplot_role29.asl"": 34, ""role_mainplot_role30.asl"": 34, ""role_mainplot_role31.asl"": 34, ""role_mainplot_role32.asl"": 34, ""role_mainplot_role33.asl"": 34, ""role_mainplot_role34.asl"": 34, ""role_mainplot_role35.asl"": 34, ""role_mainplot_role36.asl"": 34, ""role_mainplot_role37.asl"": 34, ""role_mainplot_role38.asl"": 34, ""role_mainplot_role39.asl"": 34, ""role_mainplot_role40.asl"": 34, ""role_mainplot_role41.asl"": 34, ""role_mainplot_role42.asl"": 34, ""role_mainplot_role43.asl"": 34, ""role_mainplot_role44.asl"": 34, ""role_mainplot_role45.asl"": 34, ""role_mainplot_role46.asl"": 34, ""role_mainplot_role47.asl"": 34, ""role_mainplot_role48.asl"": 34, ""role_mainplot_role49.asl"": 34}",1.0357601377798653,2.002361880000535,0.0013100879987177905,56.197007179260254,True,1,0
grid_phases_roles,307,Linux 7.2.3-arch1-2,x86_64,24,30.44,3.14.7,10,10,5,2,2,1,2,50,200,0,0,42,31935,1145644,53,33077,"{""playbook_playbook0.asl"": 26, ""playbook_playbook1.asl"": 26, ""director_mainplot.asl"": 31325, ""role_mainplot_role0.asl"": 34, ""role_mainplot_role1.asl"": 34, ""role_mainplot_role2.asl"": 34, ""role_mainplot_role3.asl"": 34, ""role_mainplot_role4.asl"": 34, ""role_mainplot_role5.asl"": 34, ""role_mainplot_role6.asl"": 34, ""role_mainplot_role7.asl"": 34, ""role_mainplot_role8.asl"": 34, ""role_mainplot_role9.asl"": 34, ""role_mainplot_role10.asl"": 34, ""role_mainplot_role11.asl"": 34, ""role_mainplot_role12.asl"": 34, ""role_mainplot_role13.asl"": 34, ""role_mainplot_role14.asl"": 34, ""role_mainplot_role15.asl"": 34, ""role_mainplot_role16.asl"": 34, ""role_mainplot_role17.asl"": 34, ""role_mainplot_role18.asl"": 34, ""role_mainplot_role19.asl"": 34, ""role_mainplot_role20.asl"": 34, ""role_mainplot_role21.asl"": 34, ""role_mainplot_role22.asl"": 34, ""role_mainplot_role23.asl"": 34, ""role_mainplot_role24.asl"": 34, ""role_mainplot_role25.asl"": 34, ""role_mainplot_role26.asl"": 34, ""role_mainplot_role27.asl"": 34, ""role_mainplot_role28.asl"": 34, ""role_mainplot_role29.asl"": 34, ""role_mainplot_role30.asl"": 34, ""role_mainplot_role31.asl"": 34, ""role_mainplot_role32.asl"": 34, ""role_mainplot_role33.asl"": 34, ""role_mainplot_role34.asl"": 34, ""role_mainplot_role35.asl"": 34, ""role_mainplot_role36.asl"": 34, ""role_mainplot_role37.asl"": 34, ""role_mainplot_role38.asl"": 34, ""role_mainplot_role39.asl"": 34, ""role_mainplot_role40.asl"": 34, ""role_mainplot_role41.asl"": 34, ""role_mainplot_role42.asl"": 34, ""role_mainplot_role43.asl"": 34, ""role_mainplot_role44.asl"": 34, ""role_mainplot_role45.asl"": 34, ""role_mainplot_role46.asl"": 34, ""role_mainplot_role47.asl"": 34, ""role_mainplot_role48.asl"": 34, ""role_mainplot_role49.asl"": 34}",1.0357601377798653,1.8066208889995323,0.0011241280008107424,56.19673252105713,True,1,0
grid_phases_roles,308,Linux 7.2.3-arch1-2,x86_64,24,30.44,3.14.7,10,10,5,2,2,1,2,50,200,0,0,42,31935,1145644,53,33077,"{""playbook_playbook0.asl"": 26, ""playbook_playbook1.asl"": 26, ""director_mainplot.asl"": 31325, ""role_mainplot_role0.asl"": 34, ""role_mainplot_role1.asl"": 34, ""role_mainplot_role2.asl"": 34, ""role_mainplot_role3.asl"": 34, ""role_mainplot_role4.asl"": 34, ""role_mainplot_role5.asl"": 34, ""role_mainplot_role6.asl"": 34, ""role_mainplot_role7.asl"": 34, ""role_mainplot_role8.asl"": 34, ""role_mainplot_role9.asl"": 34, ""role_mainplot_role10.asl"": 34, ""role_mainplot_role11.asl"": 34, ""role_mainplot_role12.asl"": 34, ""role_mainplot_role13.asl"": 34, ""role_mainplot_role14.asl"": 34, ""role_mainplot_role15.asl"": 34, ""role_mainplot_role16.asl"": 34, ""role_mainplot_role17.asl"": 34, ""role_mainplot_role18.asl"": 34, ""role_mainplot_role19.asl"": 34, ""role_mainplot_role20.asl"": 34, ""role_mainplot_role21.asl"": 34, ""role_mainplot_role22.asl"": 34, ""role_mainplot_role23.asl"": 34, ""role_mainplot_role24.asl"": 34, ""role_mainplot_role25.asl"": 34, ""role_mainplot_role26.asl"": 34, ""role_mainplot_role27.asl"": 34, ""role_mainplot_role28.asl"": 34, ""role_mainplot_role29.asl"": 34, ""role_mainplot_role30.asl"": 34, ""role_mainplot_role31.asl"": 34, ""role_mainplot_role32.asl"": 34, ""role_mainplot_role33.asl"": 34, ""role_mainplot_role34.asl"": 34, ""role_mainplot_role35.asl"": 34, ""role_mainplot_role36.asl"": 34, ""role_mainplot_role37.asl"": 34, ""role_mainplot_role38.asl"": 34, ""role_mainplot_role39.asl"": 34, ""role_mainplot_role40.asl"": 34, ""role_mainplot_role41.asl"": 34, ""role_mainplot_role42.asl"": 34, ""role_mainplot_role43.asl"": 34, ""role_mainplot_role44.asl"": 34, ""role_mainplot_role45.asl"": 34, ""role_mainplot_role46.asl"": 34, ""role_mainplot_role47.asl"": 34, ""role_mainplot_role48.asl"": 34, ""role_mainplot_role49.asl"": 34}",1.0357601377798653,1.8355977560004249,0.0011701080002239905,56.19668674468994,True,1,0
grid_phases_roles,309,Linux 7.2.3-arch1-2,x86_64,24,30.44,3.14.7,10,10,5,2,2,1,2,50,200,0,0,42,31935,1145644,53,33077,"{""playbook_playbook0.asl"": 26, ""playbook_playbook1.asl"": 26, ""director_mainplot.asl"": 31325, ""role_mainplot_role0.asl"": 34, ""role_mainplot_role1.asl"": 34, ""role_mainplot_role2.asl"": 34, ""role_mainplot_role3.asl"": 34, ""role_mainplot_role4.asl"": 34, ""role_mainplot_role5.asl"": 34, ""role_mainplot_role6.asl"": 34, ""role_mainplot_role7.asl"": 34, ""role_mainplot_role8.asl"": 34, ""role_mainplot_role9.asl"": 34, ""role_mainplot_role10.asl"": 34, ""role_mainplot_role11.asl"": 34, ""role_mainplot_role12.asl"": 34, ""role_mainplot_role13.asl"": 34, ""role_mainplot_role14.asl"": 34, ""role_mainplot_role15.asl"": 34, ""role_mainplot_role16.asl"": 34, ""role_mainplot_role17.asl"": 34, ""role_mainplot_role18.asl"": 34, ""role_mainplot_role19.asl"": 34, ""role_mainplot_role20.asl"": 34, ""role_mainplot_role21.asl"": 34, ""role_mainplot_role22.asl"": 34, ""role_mainplot_role23.asl"": 34, ""role_mainplot_role24.asl"": 34, ""role_mainplot_role25.asl"": 34, ""role_mainplot_role26.asl"": 34, ""role_mainplot_role27.asl"": 34, ""role_mainplot_role28.asl"": 34, ""role_mainplot_role29.asl"": 34, ""role_mainplot_role30.asl"": 34, ""role_mainplot_role31.asl"": 34, ""role_mainplot_role32.asl"": 34, ""role_mainplot_role33.asl"": 34, ""role_mainplot_role34.asl"": 34, ""role_mainplot_role35.asl"": 34, ""role_mainplot_role36.asl"": 34, ""role_mainplot_role37.asl"": 34, ""role_mainplot_role38.asl"": 34, ""role_mainplot_role39.asl"": 34, ""role_mainplot_role40.asl"": 34, ""role_mainplot_role41.asl"": 34, ""role_mainplot_role42.asl"": 34, ""role_mainplot_role43.asl"": 34, ""role_mainplot_role44.asl"": 34, ""role_mainplot_role45.asl"": 34, ""role_mainplot_role46.asl"": 34, ""role_mainplot_role47.asl"": 34, ""role_mainplot_role48.asl"": 34, ""role_mainplot_role49.asl"": 34}",1.0357601377798653,1.8569036670014611,0.0011311779999232385,56.19791507720947,True,1,0
grid_phases_roles,310,Linux 7.2.3-arch1-2,x86_64,24,30.44,3.14.7,10,10,5,2,2,1,2,100,200,0,0,42,61985,2266495,103,64777,"{""playbook_playbook0.asl"": 26, ""playbook_playbook1.asl"": 26, ""director_mainplot.asl"": 61325, ""role_mainplot_role0.asl"": 34, ""role_mainplot_role1.asl"": 34, ""role_mainplot_role2.asl"": 34, ""role_mainplot_role3.asl"": 34, ""role_mainplot_role4.asl"": 34, ""role_mainplot_role5.asl"": 34, ""role_mainplot_role6.asl"": 34, ""role_mainplot_role7.asl"": 34, ""role_mainplot_role8.asl"": 34, ""role_mainplot_role9.asl"": 34, ""role_mainplot_role10.asl"": 34, ""role_mainplot_role11.asl"": 34, ""role_mainplot_role12.asl"": 34, ""role_mainplot_role13.asl"": 34, ""role_mainplot_role14.asl"": 34, ""role_mainplot_role15.asl"": 34, ""role_mainplot_role16.asl"": 34, ""role_mainplot_role17.asl"": 34, ""role_mainplot_role18.asl"": 34, ""role_mainplot_role19.asl"": 34, ""role_mainplot_role20.asl"": 34, ""role_mainplot_role21.asl"": 34, ""role_mainplot_role22.asl"": 34, ""role_mainplot_role23.asl"": 34, ""role_mainplot_role24.asl"": 34, ""role_mainplot_role25.asl"": 34, ""role_mainplot_role26.asl"": 34, ""role_mainplot_role27.asl"": 34, ""role_mainplot_role28.asl"": 34, ""role_mainplot_role29.asl"": 34, ""role_mainplot_role30.asl"": 34, ""role_mainplot_role31.asl"": 34, ""role_mainplot_role32.asl"": 34, ""role_mainplot_role33.asl"": 34, ""role_mainplot_role34.asl"": 34, ""role_mainplot_role35.asl"": 34, ""role_mainplot_role36.asl"": 34, ""role_mainplot_role37.asl"": 34, ""role_mainplot_role38.asl"": 34, ""role_mainplot_role39.asl"": 34, ""role_mainplot_role40.asl"": 34, ""role_mainplot_role41.asl"": 34, ""role_mainplot_role42.asl"": 34, ""role_mainplot_role43.asl"": 34, ""role_mainplot_role44.asl"": 34, ""role_mainplot_role45.asl"": 34, ""role_mainplot_role46.asl"": 34, ""role_mainplot_role47.asl"": 34, ""role_mainplot_role48.asl"": 34, ""role_mainplot_role49.asl"": 34, ""role_mainplot_role50.asl"": 34, ""role_mainplot_role51.asl"": 34, ""role_mainplot_role52.asl"": 34, ""role_mainplot_role53.asl"": 34, ""role_mainplot_role54.asl"": 34, ""role_mainplot_role55.asl"": 34, ""role_mainplot_role56.asl"": 34, ""role_mainplot_role57.asl"": 34, ""role_mainplot_role58.asl"": 34, ""role_mainplot_role59.asl"": 34, ""role_mainplot_role60.asl"": 34, ""role_mainplot_role61.asl"": 34, ""role_mainplot_role62.asl"": 34, ""role_mainplot_role63.asl"": 34, ""role_mainplot_role64.asl"": 34, ""role_mainplot_role65.asl"": 34, ""role_mainplot_role66.asl"": 34, ""role_mainplot_role67.asl"": 34, ""role_mainplot_role68.asl"": 34, ""role_mainplot_role69.asl"": 34, ""role_mainplot_role70.asl"": 34, ""role_mainplot_role71.asl"": 34, ""role_mainplot_role72.asl"": 34, ""role_mainplot_role73.asl"": 34, ""role_mainplot_role74.asl"": 34, ""role_mainplot_role75.asl"": 34, ""role_mainplot_role76.asl"": 34, ""role_mainplot_role77.asl"": 34, ""role_mainplot_role78.asl"": 34, ""role_mainplot_role79.asl"": 34, ""role_mainplot_role80.asl"": 34, ""role_mainplot_role81.asl"": 34, ""role_mainplot_role82.asl"": 34, ""role_mainplot_role83.asl"": 34, ""role_mainplot_role84.asl"": 34, ""role_mainplot_role85.asl"": 34, ""role_mainplot_role86.asl"": 34, ""role_mainplot_role87.asl"": 34, ""role_mainplot_role88.asl"": 34, ""role_mainplot_role89.asl"": 34, ""role_mainplot_role90.asl"": 34, ""role_mainplot_role91.asl"": 34, ""role_mainplot_role92.asl"": 34, ""role_mainplot_role93.asl"": 34, ""role_mainplot_role94.asl"": 34, ""role_mainplot_role95.asl"": 34, ""role_mainplot_role96.asl"": 34, ""role_mainplot_role97.asl"": 34, ""role_mainplot_role98.asl"": 34, ""role_mainplot_role99.asl"": 34}",1.0450431556021618,3.785447443000521,0.002231626000138931,110.4153881072998,True,1,0
grid_phases_roles,311,Linux 7.2.3-arch1-2,x86_64,24,30.44,3.14.7,10,10,5,2,2,1,2,100,200,0,0,42,61985,2266495,103,64777,"{""playbook_playbook0.asl"": 26, ""playbook_playbook1.asl"": 26, ""director_mainplot.asl"": 61325, ""role_mainplot_role0.asl"": 34, ""role_mainplot_role1.asl"": 34, ""role_mainplot_role2.asl"": 34, ""role_mainplot_role3.asl"": 34, ""role_mainplot_role4.asl"": 34, ""role_mainplot_role5.asl"": 34, ""role_mainplot_role6.asl"": 34, ""role_mainplot_role7.asl"": 34, ""role_mainplot_role8.asl"": 34, ""role_mainplot_role9.asl"": 34, ""role_mainplot_role10.asl"": 34, ""role_mainplot_role11.asl"": 34, ""role_mainplot_role12.asl"": 34, ""role_mainplot_role13.asl"": 34, ""role_mainplot_role14.asl"": 34, ""role_mainplot_role15.asl"": 34, ""role_mainplot_role16.asl"": 34, ""role_mainplot_role17.asl"": 34, ""role_mainplot_role18.asl"": 34, ""role_mainplot_role19.asl"": 34, ""role_mainplot_role20.asl"": 34, ""role_mainplot_role21.asl"": 34, ""role_mainplot_role22.asl"": 34, ""role_mainplot_role23.asl"": 34, ""role_mainplot_role24.asl"": 34, ""role_mainplot_role25.asl"": 34, ""role_mainplot_role26.asl"": 34, ""role_mainplot_role27.asl"": 34, ""role_mainplot_role28.asl"": 34, ""role_mainplot_role29.asl"": 34, ""role_mainplot_role30.asl"": 34, ""role_mainplot_role31.asl"": 34, ""role_mainplot_role32.asl"": 34, ""role_mainplot_role33.asl"": 34, ""role_mainplot_role34.asl"": 34, ""role_mainplot_role35.asl"": 34, ""role_mainplot_role36.asl"": 34, ""role_mainplot_role37.asl"": 34, ""role_mainplot_role38.asl"": 34, ""role_mainplot_role39.asl"": 34, ""role_mainplot_role40.asl"": 34, ""role_mainplot_role41.asl"": 34, ""role_mainplot_role42.asl"": 34, ""role_mainplot_role43.asl"": 34, ""role_mainplot_role44.asl"": 34, ""role_mainplot_role45.asl"": 34, ""role_mainplot_role46.asl"": 34, ""role_mainplot_role47.asl"": 34, ""role_mainplot_role48.asl"": 34, ""role_mainplot_role49.asl"": 34, ""role_mainplot_role50.asl"": 34, ""role_mainplot_role51.asl"": 34, ""role_mainplot_role52.asl"": 34, ""role_mainplot_role53.asl"": 34, ""role_mainplot_role54.asl"": 34, ""role_mainplot_role55.asl"": 34, ""role_mainplot_role56.asl"": 34, ""role_mainplot_role57.asl"": 34, ""role_mainplot_role58.asl"": 34, ""role_mainplot_role59.asl"": 34, ""role_mainplot_role60.asl"": 34, ""role_mainplot_role61.asl"": 34, ""role_mainplot_role62.asl"": 34, ""role_mainplot_role63.asl"": 34, ""role_mainplot_role64.asl"": 34, ""role_mainplot_role65.asl"": 34, ""role_mainplot_role66.asl"": 34, ""role_mainplot_role67.asl"": 34, ""role_mainplot_role68.asl"": 34, ""role_mainplot_role69.asl"": 34, ""role_mainplot_role70.asl"": 34, ""role_mainplot_role71.asl"": 34, ""role_mainplot_role72.asl"": 34, ""role_mainplot_role73.asl"": 34, ""role_mainplot_role74.asl"": 34, ""role_mainplot_role75.asl"": 34, ""role_mainplot_role76.asl"": 34, ""role_mainplot_role77.asl"": 34, ""role_mainplot_role78.asl"": 34, ""role_mainplot_role79.asl"": 34, ""role_mainplot_role80.asl"": 34, ""role_mainplot_role81.asl"": 34, ""role_mainplot_role82.asl"": 34, ""role_mainplot_role83.asl"": 34, ""role_mainplot_role84.asl"": 34, ""role_mainplot_role85.asl"": 34, ""role_mainplot_role86.asl"": 34, ""role_mainplot_role87.asl"": 34, ""role_mainplot_role88.asl"": 34, ""role_mainplot_role89.asl"": 34, ""role_mainplot_role90.asl"": 34, ""role_mainplot_role91.asl"": 34, ""role_mainplot_role92.asl"": 34, ""role_mainplot_role93.asl"": 34, ""role_mainplot_role94.asl"": 34, ""role_mainplot_role95.asl"": 34, ""role_mainplot_role96.asl"": 34, ""role_mainplot_role97.asl"": 34, ""role_mainplot_role98.asl"": 34, ""role_mainplot_role99.asl"": 34}",1.0450431556021618,4.0832326149993605,0.0021900960000493797,110.41634941101074,True,1,0
grid_phases_roles,312,Linux 7.2.3-arch1-2,x86_64,24,30.44,3.14.7,10,10,5,2,2,1,2,100,200,0,0,42,61985,2266495,103,64777,"{""playbook_playbook0.asl"": 26, ""playbook_playbook1.asl"": 26, ""director_mainplot.asl"": 61325, ""role_mainplot_role0.asl"": 34, ""role_mainplot_role1.asl"": 34, ""role_mainplot_role2.asl"": 34, ""role_mainplot_role3.asl"": 34, ""role_mainplot_role4.asl"": 34, ""role_mainplot_role5.asl"": 34, ""role_mainplot_role6.asl"": 34, ""role_mainplot_role7.asl"": 34, ""role_mainplot_role8.asl"": 34, ""role_mainplot_role9.asl"": 34, ""role_mainplot_role10.asl"": 34, ""role_mainplot_role11.asl"": 34, ""role_mainplot_role12.asl"": 34, ""role_mainplot_role13.asl"": 34, ""role_mainplot_role14.asl"": 34, ""role_mainplot_role15.asl"": 34, ""role_mainplot_role16.asl"": 34, ""role_mainplot_role17.asl"": 34, ""role_mainplot_role18.asl"": 34, ""role_mainplot_role19.asl"": 34, ""role_mainplot_role20.asl"": 34, ""role_mainplot_role21.asl"": 34, ""role_mainplot_role22.asl"": 34, ""role_mainplot_role23.asl"": 34, ""role_mainplot_role24.asl"": 34, ""role_mainplot_role25.asl"": 34, ""role_mainplot_role26.asl"": 34, ""role_mainplot_role27.asl"": 34, ""role_mainplot_role28.asl"": 34, ""role_mainplot_role29.asl"": 34, ""role_mainplot_role30.asl"": 34, ""role_mainplot_role31.asl"": 34, ""role_mainplot_role32.asl"": 34, ""role_mainplot_role33.asl"": 34, ""role_mainplot_role34.asl"": 34, ""role_mainplot_role35.asl"": 34, ""role_mainplot_role36.asl"": 34, ""role_mainplot_role37.asl"": 34, ""role_mainplot_role38.asl"": 34, ""role_mainplot_role39.asl"": 34, ""role_mainplot_role40.asl"": 34, ""role_mainplot_role41.asl"": 34, ""role_mainplot_role42.asl"": 34, ""role_mainplot_role43.asl"": 34, ""role_mainplot_role44.asl"": 34, ""role_mainplot_role45.asl"": 34, ""role_mainplot_role46.asl"": 34, ""role_mainplot_role47.asl"": 34, ""role_mainplot_role48.asl"": 34, ""role_mainplot_role49.asl"": 34, ""role_mainplot_role50.asl"": 34, ""role_mainplot_role51.asl"": 34, ""role_mainplot_role52.asl"": 34, ""role_mainplot_role53.asl"": 34, ""role_mainplot_role54.asl"": 34, ""role_mainplot_role55.asl"": 34, ""role_mainplot_role56.asl"": 34, ""role_mainplot_role57.asl"": 34, ""role_mainplot_role58.asl"": 34, ""role_mainplot_role59.asl"": 34, ""role_mainplot_role60.asl"": 34, ""role_mainplot_role61.asl"": 34, ""role_mainplot_role62.asl"": 34, ""role_mainplot_role63.asl"": 34, ""role_mainplot_role64.asl"": 34, ""role_mainplot_role65.asl"": 34, ""role_mainplot_role66.asl"": 34, ""role_mainplot_role67.asl"": 34, ""role_mainplot_role68.asl"": 34, ""role_mainplot_role69.asl"": 34, ""role_mainplot_role70.asl"": 34, ""role_mainplot_role71.asl"": 34, ""role_mainplot_role72.asl"": 34, ""role_mainplot_role73.asl"": 34, ""role_mainplot_role74.asl"": 34, ""role_mainplot_role75.asl"": 34, ""role_mainplot_role76.asl"": 34, ""role_mainplot_role77.asl"": 34, ""role_mainplot_role78.asl"": 34, ""role_mainplot_role79.asl"": 34, ""role_mainplot_role80.asl"": 34, ""role_mainplot_role81.asl"": 34, ""role_mainplot_role82.asl"": 34, ""role_mainplot_role83.asl"": 34, ""role_mainplot_role84.asl"": 34, ""role_mainplot_role85.asl"": 34, ""role_mainplot_role86.asl"": 34, ""role_mainplot_role87.asl"": 34, ""role_mainplot_role88.asl"": 34, ""role_mainplot_role89.asl"": 34, ""role_mainplot_role90.asl"": 34, ""role_mainplot_role91.asl"": 34, ""role_mainplot_role92.asl"": 34, ""role_mainplot_role93.asl"": 34, ""role_mainplot_role94.asl"": 34, ""role_mainplot_role95.asl"": 34, ""role_mainplot_role96.asl"": 34, ""role_mainplot_role97.asl"": 34, ""role_mainplot_role98.asl"": 34, ""role_mainplot_role99.asl"": 34}",1.0450431556021618,3.8630749240001023,0.0021319660008884966,110.41634941101074,True,1,0
grid_phases_roles,313,Linux 7.2.3-arch1-2,x86_64,24,30.44,3.14.7,10,10,5,2,2,1,2,100,200,0,0,42,61985,2266495,103,64777,"{""playbook_playbook0.asl"": 26, ""playbook_playbook1.asl"": 26, ""director_mainplot.asl"": 61325, ""role_mainplot_role0.asl"": 34, ""role_mainplot_role1.asl"": 34, ""role_mainplot_role2.asl"": 34, ""role_mainplot_role3.asl"": 34, ""role_mainplot_role4.asl"": 34, ""role_mainplot_role5.asl"": 34, ""role_mainplot_role6.asl"": 34, ""role_mainplot_role7.asl"": 34, ""role_mainplot_role8.asl"": 34, ""role_mainplot_role9.asl"": 34, ""role_mainplot_role10.asl"": 34, ""role_mainplot_role11.asl"": 34, ""role_mainplot_role12.asl"": 34, ""role_mainplot_role13.asl"": 34, ""role_mainplot_role14.asl"": 34, ""role_mainplot_role15.asl"": 34, ""role_mainplot_role16.asl"": 34, ""role_mainplot_role17.asl"": 34, ""role_mainplot_role18.asl"": 34, ""role_mainplot_role19.asl"": 34, ""role_mainplot_role20.asl"": 34, ""role_mainplot_role21.asl"": 34, ""role_mainplot_role22.asl"": 34, ""role_mainplot_role23.asl"": 34, ""role_mainplot_role24.asl"": 34, ""role_mainplot_role25.asl"": 34, ""role_mainplot_role26.asl"": 34, ""role_mainplot_role27.asl"": 34, ""role_mainplot_role28.asl"": 34, ""role_mainplot_role29.asl"": 34, ""role_mainplot_role30.asl"": 34, ""role_mainplot_role31.asl"": 34, ""role_mainplot_role32.asl"": 34, ""role_mainplot_role33.asl"": 34, ""role_mainplot_role34.asl"": 34, ""role_mainplot_role35.asl"": 34, ""role_mainplot_role36.asl"": 34, ""role_mainplot_role37.asl"": 34, ""role_mainplot_role38.asl"": 34, ""role_mainplot_role39.asl"": 34, ""role_mainplot_role40.asl"": 34, ""role_mainplot_role41.asl"": 34, ""role_mainplot_role42.asl"": 34, ""role_mainplot_role43.asl"": 34, ""role_mainplot_role44.asl"": 34, ""role_mainplot_role45.asl"": 34, ""role_mainplot_role46.asl"": 34, ""role_mainplot_role47.asl"": 34, ""role_mainplot_role48.asl"": 34, ""role_mainplot_role49.asl"": 34, ""role_mainplot_role50.asl"": 34, ""role_mainplot_role51.asl"": 34, ""role_mainplot_role52.asl"": 34, ""role_mainplot_role53.asl"": 34, ""role_mainplot_role54.asl"": 34, ""role_mainplot_role55.asl"": 34, ""role_mainplot_role56.asl"": 34, ""role_mainplot_role57.asl"": 34, ""role_mainplot_role58.asl"": 34, ""role_mainplot_role59.asl"": 34, ""role_mainplot_role60.asl"": 34, ""role_mainplot_role61.asl"": 34, ""role_mainplot_role62.asl"": 34, ""role_mainplot_role63.asl"": 34, ""role_mainplot_role64.asl"": 34, ""role_mainplot_role65.asl"": 34, ""role_mainplot_role66.asl"": 34, ""role_mainplot_role67.asl"": 34, ""role_mainplot_role68.asl"": 34, ""role_mainplot_role69.asl"": 34, ""role_mainplot_role70.asl"": 34, ""role_mainplot_role71.asl"": 34, ""role_mainplot_role72.asl"": 34, ""role_mainplot_role73.asl"": 34, ""role_mainplot_role74.asl"": 34, ""role_mainplot_role75.asl"": 34, ""role_mainplot_role76.asl"": 34, ""role_mainplot_role77.asl"": 34, ""role_mainplot_role78.asl"": 34, ""role_mainplot_role79.asl"": 34, ""role_mainplot_role80.asl"": 34, ""role_mainplot_role81.asl"": 34, ""role_mainplot_role82.asl"": 34, ""role_mainplot_role83.asl"": 34, ""role_mainplot_role84.asl"": 34, ""role_mainplot_role85.asl"": 34, ""role_mainplot_role86.asl"": 34, ""role_mainplot_role87.asl"": 34, ""role_mainplot_role88.asl"": 34, ""role_mainplot_role89.asl"": 34, ""role_mainplot_role90.asl"": 34, ""role_mainplot_role91.asl"": 34, ""role_mainplot_role92.asl"": 34, ""role_mainplot_role93.asl"": 34, ""role_mainplot_role94.asl"": 34, ""role_mainplot_role95.asl"": 34, ""role_mainplot_role96.asl"": 34, ""role_mainplot_role97.asl"": 34, ""role_mainplot_role98.asl"": 34, ""role_mainplot_role99.asl"": 34}",1.0450431556021618,3.8243259499995474,0.002311906000613817,110.41618156433105,True,1,0
grid_phases_roles,314,Linux 7.2.3-arch1-2,x86_64,24,30.44,3.14.7,10,10,5,2,2,1,2,100,200,0,0,42,61985,2266495,103,64777,"{""playbook_playbook0.asl"": 26, ""playbook_playbook1.asl"": 26, ""director_mainplot.asl"": 61325, ""role_mainplot_role0.asl"": 34, ""role_mainplot_role1.asl"": 34, ""role_mainplot_role2.asl"": 34, ""role_mainplot_role3.asl"": 34, ""role_mainplot_role4.asl"": 34, ""role_mainplot_role5.asl"": 34, ""role_mainplot_role6.asl"": 34, ""role_mainplot_role7.asl"": 34, ""role_mainplot_role8.asl"": 34, ""role_mainplot_role9.asl"": 34, ""role_mainplot_role10.asl"": 34, ""role_mainplot_role11.asl"": 34, ""role_mainplot_role12.asl"": 34, ""role_mainplot_role13.asl"": 34, ""role_mainplot_role14.asl"": 34, ""role_mainplot_role15.asl"": 34, ""role_mainplot_role16.asl"": 34, ""role_mainplot_role17.asl"": 34, ""role_mainplot_role18.asl"": 34, ""role_mainplot_role19.asl"": 34, ""role_mainplot_role20.asl"": 34, ""role_mainplot_role21.asl"": 34, ""role_mainplot_role22.asl"": 34, ""role_mainplot_role23.asl"": 34, ""role_mainplot_role24.asl"": 34, ""role_mainplot_role25.asl"": 34, ""role_mainplot_role26.asl"": 34, ""role_mainplot_role27.asl"": 34, ""role_mainplot_role28.asl"": 34, ""role_mainplot_role29.asl"": 34, ""role_mainplot_role30.asl"": 34, ""role_mainplot_role31.asl"": 34, ""role_mainplot_role32.asl"": 34, ""role_mainplot_role33.asl"": 34, ""role_mainplot_role34.asl"": 34, ""role_mainplot_role35.asl"": 34, ""role_mainplot_role36.asl"": 34, ""role_mainplot_role37.asl"": 34, ""role_mainplot_role38.asl"": 34, ""role_mainplot_role39.asl"": 34, ""role_mainplot_role40.asl"": 34, ""role_mainplot_role41.asl"": 34, ""role_mainplot_role42.asl"": 34, ""role_mainplot_role43.asl"": 34, ""role_mainplot_role44.asl"": 34, ""role_mainplot_role45.asl"": 34, ""role_mainplot_role46.asl"": 34, ""role_mainplot_role47.asl"": 34, ""role_mainplot_role48.asl"": 34, ""role_mainplot_role49.asl"": 34, ""role_mainplot_role50.asl"": 34, ""role_mainplot_role51.asl"": 34, ""role_mainplot_role52.asl"": 34, ""role_mainplot_role53.asl"": 34, ""role_mainplot_role54.asl"": 34, ""role_mainplot_role55.asl"": 34, ""role_mainplot_role56.asl"": 34, ""role_mainplot_role57.asl"": 34, ""role_mainplot_role58.asl"": 34, ""role_mainplot_role59.asl"": 34, ""role_mainplot_role60.asl"": 34, ""role_mainplot_role61.asl"": 34, ""role_mainplot_role62.asl"": 34, ""role_mainplot_role63.asl"": 34, ""role_mainplot_role64.asl"": 34, ""role_mainplot_role65.asl"": 34, ""role_mainplot_role66.asl"": 34, ""role_mainplot_role67.asl"": 34, ""role_mainplot_role68.asl"": 34, ""role_mainplot_role69.asl"": 34, ""role_mainplot_role70.asl"": 34, ""role_mainplot_role71.asl"": 34, ""role_mainplot_role72.asl"": 34, ""role_mainplot_role73.asl"": 34, ""role_mainplot_role74.asl"": 34, ""role_mainplot_role75.asl"": 34, ""role_mainplot_role76.asl"": 34, ""role_mainplot_role77.asl"": 34, ""role_mainplot_role78.asl"": 34, ""role_mainplot_role79.asl"": 34, ""role_mainplot_role80.asl"": 34, ""role_mainplot_role81.asl"": 34, ""role_mainplot_role82.asl"": 34, ""role_mainplot_role83.asl"": 34, ""role_mainplot_role84.asl"": 34, ""role_mainplot_role85.asl"": 34, ""role_mainplot_role86.asl"": 34, ""role_mainplot_role87.asl"": 34, ""role_mainplot_role88.asl"": 34, ""role_mainplot_role89.asl"": 34, ""role_mainplot_role90.asl"": 34, ""role_mainplot_role91.asl"": 34, ""role_mainplot_role92.asl"": 34, ""role_mainplot_role93.asl"": 34, ""role_mainplot_role94.asl"": 34, ""role_mainplot_role95.asl"": 34, ""role_mainplot_role96.asl"": 34, ""role_mainplot_role97.asl"": 34, ""role_mainplot_role98.asl"": 34, ""role_mainplot_role99.asl"": 34}",1.0450431556021618,4.063333597001474,0.002258406000692048,110.41544151306152,True,1,0
grid_phases_roles,315,Linux 7.2.3-arch1-2,x86_64,24,30.44,3.14.7,10,10,5,2,2,1,2,200,200,0,0,42,122085,4548295,203,128177,"{""playbook_playbook0.asl"": 26, ""playbook_playbook1.asl"": 26, ""director_mainplot.asl"": 121325, ""role_mainplot_role0.asl"": 34, ""role_mainplot_role1.asl"": 34, ""role_mainplot_role2.asl"": 34, ""role_mainplot_role3.asl"": 34, ""role_mainplot_role4.asl"": 34, ""role_mainplot_role5.asl"": 34, ""role_mainplot_role6.asl"": 34, ""role_mainplot_role7.asl"": 34, ""role_mainplot_role8.asl"": 34, ""role_mainplot_role9.asl"": 34, ""role_mainplot_role10.asl"": 34, ""role_mainplot_role11.asl"": 34, ""role_mainplot_role12.asl"": 34, ""role_mainplot_role13.asl"": 34, ""role_mainplot_role14.asl"": 34, ""role_mainplot_role15.asl"": 34, ""role_mainplot_role16.asl"": 34, ""role_mainplot_role17.asl"": 34, ""role_mainplot_role18.asl"": 34, ""role_mainplot_role19.asl"": 34, ""role_mainplot_role20.asl"": 34, ""role_mainplot_role21.asl"": 34, ""role_mainplot_role22.asl"": 34, ""role_mainplot_role23.asl"": 34, ""role_mainplot_role24.asl"": 34, ""role_mainplot_role25.asl"": 34, ""role_mainplot_role26.asl"": 34, ""role_mainplot_role27.asl"": 34, ""role_mainplot_role28.asl"": 34, ""role_mainplot_role29.asl"": 34, ""role_mainplot_role30.asl"": 34, ""role_mainplot_role31.asl"": 34, ""role_mainplot_role32.asl"": 34, ""role_mainplot_role33.asl"": 34, ""role_mainplot_role34.asl"": 34, ""role_mainplot_role35.asl"": 34, ""role_mainplot_role36.asl"": 34, ""role_mainplot_role37.asl"": 34, ""role_mainplot_role38.asl"": 34, ""role_mainplot_role39.asl"": 34, ""role_mainplot_role40.asl"": 34, ""role_mainplot_role41.asl"": 34, ""role_mainplot_role42.asl"": 34, ""role_mainplot_role43.asl"": 34, ""role_mainplot_role44.asl"": 34, ""role_mainplot_role45.asl"": 34, ""role_mainplot_role46.asl"": 34, ""role_mainplot_role47.asl"": 34, ""role_mainplot_role48.asl"": 34, ""role_mainplot_role49.asl"": 34, ""role_mainplot_role50.asl"": 34, ""role_mainplot_role51.asl"": 34, ""role_mainplot_role52.asl"": 34, ""role_mainplot_role53.asl"": 34, ""role_mainplot_role54.asl"": 34, ""role_mainplot_role55.asl"": 34, ""role_mainplot_role56.asl"": 34, ""role_mainplot_role57.asl"": 34, ""role_mainplot_role58.asl"": 34, ""role_mainplot_role59.asl"": 34, ""role_mainplot_role60.asl"": 34, ""role_mainplot_role61.asl"": 34, ""role_mainplot_role62.asl"": 34, ""role_mainplot_role63.asl"": 34, ""role_mainplot_role64.asl"": 34, ""role_mainplot_role65.asl"": 34, ""role_mainplot_role66.asl"": 34, ""role_mainplot_role67.asl"": 34, ""role_mainplot_role68.asl"": 34, ""role_mainplot_role69.asl"": 34, ""role_mainplot_role70.asl"": 34, ""role_mainplot_role71.asl"": 34, ""role_mainplot_role72.asl"": 34, ""role_mainplot_role73.asl"": 34, ""role_mainplot_role74.asl"": 34, ""role_mainplot_role75.asl"": 34, ""role_mainplot_role76.asl"": 34, ""role_mainplot_role77.asl"": 34, ""role_mainplot_role78.asl"": 34, ""role_mainplot_role79.asl"": 34, ""role_mainplot_role80.asl"": 34, ""role_mainplot_role81.asl"": 34, ""role_mainplot_role82.asl"": 34, ""role_mainplot_role83.asl"": 34, ""role_mainplot_role84.asl"": 34, ""role_mainplot_role85.asl"": 34, ""role_mainplot_role86.asl"": 34, ""role_mainplot_role87.asl"": 34, ""role_mainplot_role88.asl"": 34, ""role_mainplot_role89.asl"": 34, ""role_mainplot_role90.asl"": 34, ""role_mainplot_role91.asl"": 34, ""role_mainplot_role92.asl"": 34, ""role_mainplot_role93.asl"": 34, ""role_mainplot_role94.asl"": 34, ""role_mainplot_role95.asl"": 34, ""role_mainplot_role96.asl"": 34, ""role_mainplot_role97.asl"": 34, ""role_mainplot_role98.asl"": 34, ""role_mainplot_role99.asl"": 34, ""role_mainplot_role100.asl"": 34, ""role_mainplot_role101.asl"": 34, ""role_mainplot_role102.asl"": 34, ""role_mainplot_role103.asl"": 34, ""role_mainplot_role104.asl"": 34, ""role_mainplot_role105.asl"": 34, ""role_mainplot_role106.asl"": 34, ""role_mainplot_role107.asl"": 34, ""role_mainplot_role108.asl"": 34, ""role_mainplot_role109.asl"": 34, ""role_mainplot_role110.asl"": 34, ""role_mainplot_role111.asl"": 34, ""role_mainplot_role112.asl"": 34, ""role_mainplot_role113.asl"": 34, ""role_mainplot_role114.asl"": 34, ""role_mainplot_role115.asl"": 34, ""role_mainplot_role116.asl"": 34, ""role_mainplot_role117.asl"": 34, ""role_mainplot_role118.asl"": 34, ""role_mainplot_role119.asl"": 34, ""role_mainplot_role120.asl"": 34, ""role_mainplot_role121.asl"": 34, ""role_mainplot_role122.asl"": 34, ""role_mainplot_role123.asl"": 34, ""role_mainplot_role124.asl"": 34, ""role_mainplot_role125.asl"": 34, ""role_mainplot_role126.asl"": 34, ""role_mainplot_role127.asl"": 34, ""role_mainplot_role128.asl"": 34, ""role_mainplot_role129.asl"": 34, ""role_mainplot_role130.asl"": 34, ""role_mainplot_role131.asl"": 34, ""role_mainplot_role132.asl"": 34, ""role_mainplot_role133.asl"": 34, ""role_mainplot_role134.asl"": 34, ""role_mainplot_role135.asl"": 34, ""role_mainplot_role136.asl"": 34, ""role_mainplot_role137.asl"": 34, ""role_mainplot_role138.asl"": 34, ""role_mainplot_role139.asl"": 34, ""role_mainplot_role140.asl"": 34, ""role_mainplot_role141.asl"": 34, ""role_mainplot_role142.asl"": 34, ""role_mainplot_role143.asl"": 34, ""role_mainplot_role144.asl"": 34, ""role_mainplot_role145.asl"": 34, ""role_mainplot_role146.asl"": 34, ""role_mainplot_role147.asl"": 34, ""role_mainplot_role148.asl"": 34, ""role_mainplot_role149.asl"": 34, ""role_mainplot_role150.asl"": 34, ""role_mainplot_role151.asl"": 34, ""role_mainplot_role152.asl"": 34, ""role_mainplot_role153.asl"": 34, ""role_mainplot_role154.asl"": 34, ""role_mainplot_role155.asl"": 34, ""role_mainplot_role156.asl"": 34, ""role_mainplot_role157.asl"": 34, ""role_mainplot_role158.asl"": 34, ""role_mainplot_role159.asl"": 34, ""role_mainplot_role160.asl"": 34, ""role_mainplot_role161.asl"": 34, ""role_mainplot_role162.asl"": 34, ""role_mainplot_role163.asl"": 34, ""role_mainplot_role164.asl"": 34, ""role_mainplot_role165.asl"": 34, ""role_mainplot_role166.asl"": 34, ""role_mainplot_role167.asl"": 34, ""role_mainplot_role168.asl"": 34, ""role_mainplot_role169.asl"": 34, ""role_mainplot_role170.asl"": 34, ""role_mainplot_role171.asl"": 34, ""role_mainplot_role172.asl"": 34, ""role_mainplot_role173.asl"": 34, ""role_mainplot_role174.asl"": 34, ""role_mainplot_role175.asl"": 34, ""role_mainplot_role176.asl"": 34, ""role_mainplot_role177.asl"": 34, ""role_mainplot_role178.asl"": 34, ""role_mainplot_role179.asl"": 34, ""role_mainplot_role180.asl"": 34, ""role_mainplot_role181.asl"": 34, ""role_mainplot_role182.asl"": 34, ""role_mainplot_role183.asl"": 34, ""role_mainplot_role184.asl"": 34, ""role_mainplot_role185.asl"": 34, ""role_mainplot_role186.asl"": 34, ""role_mainplot_role187.asl"": 34, ""role_mainplot_role188.asl"": 34, ""role_mainplot_role189.asl"": 34, ""role_mainplot_role190.asl"": 34, ""role_mainplot_role191.asl"": 34, ""role_mainplot_role192.asl"": 34, ""role_mainplot_role193.asl"": 34, ""role_mainplot_role194.asl"": 34, ""role_mainplot_role195.asl"": 34, ""role_mainplot_role196.asl"": 34, ""role_mainplot_role197.asl"": 34, ""role_mainplot_role198.asl"": 34, ""role_mainplot_role199.asl"": 34}",1.0498996600729,8.44321212900104,0.003959632998885354,219.0644359588623,True,1,0
grid_phases_roles,316,Linux 7.2.3-arch1-2,x86_64,24,30.44,3.14.7,10,10,5,2,2,1,2,200,200,0,0,42,122085,4548295,203,128177,"{""playbook_playbook0.asl"": 26, ""playbook_playbook1.asl"": 26, ""director_mainplot.asl"": 121325, ""role_mainplot_role0.asl"": 34, ""role_mainplot_role1.asl"": 34, ""role_mainplot_role2.asl"": 34, ""role_mainplot_role3.asl"": 34, ""role_mainplot_role4.asl"": 34, ""role_mainplot_role5.asl"": 34, ""role_mainplot_role6.asl"": 34, ""role_mainplot_role7.asl"": 34, ""role_mainplot_role8.asl"": 34, ""role_mainplot_role9.asl"": 34, ""role_mainplot_role10.asl"": 34, ""role_mainplot_role11.asl"": 34, ""role_mainplot_role12.asl"": 34, ""role_mainplot_role13.asl"": 34, ""role_mainplot_role14.asl"": 34, ""role_mainplot_role15.asl"": 34, ""role_mainplot_role16.asl"": 34, ""role_mainplot_role17.asl"": 34, ""role_mainplot_role18.asl"": 34, ""role_mainplot_role19.asl"": 34, ""role_mainplot_role20.asl"": 34, ""role_mainplot_role21.asl"": 34, ""role_mainplot_role22.asl"": 34, ""role_mainplot_role23.asl"": 34, ""role_mainplot_role24.asl"": 34, ""role_mainplot_role25.asl"": 34, ""role_mainplot_role26.asl"": 34, ""role_mainplot_role27.asl"": 34, ""role_mainplot_role28.asl"": 34, ""role_mainplot_role29.asl"": 34, ""role_mainplot_role30.asl"": 34, ""role_mainplot_role31.asl"": 34, ""role_mainplot_role32.asl"": 34, ""role_mainplot_role33.asl"": 34, ""role_mainplot_role34.asl"": 34, ""role_mainplot_role35.asl"": 34, ""role_mainplot_role36.asl"": 34, ""role_mainplot_role37.asl"": 34, ""role_mainplot_role38.asl"": 34, ""role_mainplot_role39.asl"": 34, ""role_mainplot_role40.asl"": 34, ""role_mainplot_role41.asl"": 34, ""role_mainplot_role42.asl"": 34, ""role_mainplot_role43.asl"": 34, ""role_mainplot_role44.asl"": 34, ""role_mainplot_role45.asl"": 34, ""role_mainplot_role46.asl"": 34, ""role_mainplot_role47.asl"": 34, ""role_mainplot_role48.asl"": 34, ""role_mainplot_role49.asl"": 34, ""role_mainplot_role50.asl"": 34, ""role_mainplot_role51.asl"": 34, ""role_mainplot_role52.asl"": 34, ""role_mainplot_role53.asl"": 34, ""role_mainplot_role54.asl"": 34, ""role_mainplot_role55.asl"": 34, ""role_mainplot_role56.asl"": 34, ""role_mainplot_role57.asl"": 34, ""role_mainplot_role58.asl"": 34, ""role_mainplot_role59.asl"": 34, ""role_mainplot_role60.asl"": 34, ""role_mainplot_role61.asl"": 34, ""role_mainplot_role62.asl"": 34, ""role_mainplot_role63.asl"": 34, ""role_mainplot_role64.asl"": 34, ""role_mainplot_role65.asl"": 34, ""role_mainplot_role66.asl"": 34, ""role_mainplot_role67.asl"": 34, ""role_mainplot_role68.asl"": 34, ""role_mainplot_role69.asl"": 34, ""role_mainplot_role70.asl"": 34, ""role_mainplot_role71.asl"": 34, ""role_mainplot_role72.asl"": 34, ""role_mainplot_role73.asl"": 34, ""role_mainplot_role74.asl"": 34, ""role_mainplot_role75.asl"": 34, ""role_mainplot_role76.asl"": 34, ""role_mainplot_role77.asl"": 34, ""role_mainplot_role78.asl"": 34, ""role_mainplot_role79.asl"": 34, ""role_mainplot_role80.asl"": 34, ""role_mainplot_role81.asl"": 34, ""role_mainplot_role82.asl"": 34, ""role_mainplot_role83.asl"": 34, ""role_mainplot_role84.asl"": 34, ""role_mainplot_role85.asl"": 34, ""role_mainplot_role86.asl"": 34, ""role_mainplot_role87.asl"": 34, ""role_mainplot_role88.asl"": 34, ""role_mainplot_role89.asl"": 34, ""role_mainplot_role90.asl"": 34, ""role_mainplot_role91.asl"": 34, ""role_mainplot_role92.asl"": 34, ""role_mainplot_role93.asl"": 34, ""role_mainplot_role94.asl"": 34, ""role_mainplot_role95.asl"": 34, ""role_mainplot_role96.asl"": 34, ""role_mainplot_role97.asl"": 34, ""role_mainplot_role98.asl"": 34, ""role_mainplot_role99.asl"": 34, ""role_mainplot_role100.asl"": 34, ""role_mainplot_role101.asl"": 34, ""role_mainplot_role102.asl"": 34, ""role_mainplot_role103.asl"": 34, ""role_mainplot_role104.asl"": 34, ""role_mainplot_role105.asl"": 34, ""role_mainplot_role106.asl"": 34, ""role_mainplot_role107.asl"": 34, ""role_mainplot_role108.asl"": 34, ""role_mainplot_role109.asl"": 34, ""role_mainplot_role110.asl"": 34, ""role_mainplot_role111.asl"": 34, ""role_mainplot_role112.asl"": 34, ""role_mainplot_role113.asl"": 34, ""role_mainplot_role114.asl"": 34, ""role_mainplot_role115.asl"": 34, ""role_mainplot_role116.asl"": 34, ""role_mainplot_role117.asl"": 34, ""role_mainplot_role118.asl"": 34, ""role_mainplot_role119.asl"": 34, ""role_mainplot_role120.asl"": 34, ""role_mainplot_role121.asl"": 34, ""role_mainplot_role122.asl"": 34, ""role_mainplot_role123.asl"": 34, ""role_mainplot_role124.asl"": 34, ""role_mainplot_role125.asl"": 34, ""role_mainplot_role126.asl"": 34, ""role_mainplot_role127.asl"": 34, ""role_mainplot_role128.asl"": 34, ""role_mainplot_role129.asl"": 34, ""role_mainplot_role130.asl"": 34, ""role_mainplot_role131.asl"": 34, ""role_mainplot_role132.asl"": 34, ""role_mainplot_role133.asl"": 34, ""role_mainplot_role134.asl"": 34, ""role_mainplot_role135.asl"": 34, ""role_mainplot_role136.asl"": 34, ""role_mainplot_role137.asl"": 34, ""role_mainplot_role138.asl"": 34, ""role_mainplot_role139.asl"": 34, ""role_mainplot_role140.asl"": 34, ""role_mainplot_role141.asl"": 34, ""role_mainplot_role142.asl"": 34, ""role_mainplot_role143.asl"": 34, ""role_mainplot_role144.asl"": 34, ""role_mainplot_role145.asl"": 34, ""role_mainplot_role146.asl"": 34, ""role_mainplot_role147.asl"": 34, ""role_mainplot_role148.asl"": 34, ""role_mainplot_role149.asl"": 34, ""role_mainplot_role150.asl"": 34, ""role_mainplot_role151.asl"": 34, ""role_mainplot_role152.asl"": 34, ""role_mainplot_role153.asl"": 34, ""role_mainplot_role154.asl"": 34, ""role_mainplot_role155.asl"": 34, ""role_mainplot_role156.asl"": 34, ""role_mainplot_role157.asl"": 34, ""role_mainplot_role158.asl"": 34, ""role_mainplot_role159.asl"": 34, ""role_mainplot_role160.asl"": 34, ""role_mainplot_role161.asl"": 34, ""role_mainplot_role162.asl"": 34, ""role_mainplot_role163.asl"": 34, ""role_mainplot_role164.asl"": 34, ""role_mainplot_role165.asl"": 34, ""role_mainplot_role166.asl"": 34, ""role_mainplot_role167.asl"": 34, ""role_mainplot_role168.asl"": 34, ""role_mainplot_role169.asl"": 34, ""role_mainplot_role170.asl"": 34, ""role_mainplot_role171.asl"": 34, ""role_mainplot_role172.asl"": 34, ""role_mainplot_role173.asl"": 34, ""role_mainplot_role174.asl"": 34, ""role_mainplot_role175.asl"": 34, ""role_mainplot_role176.asl"": 34, ""role_mainplot_role177.asl"": 34, ""role_mainplot_role178.asl"": 34, ""role_mainplot_role179.asl"": 34, ""role_mainplot_role180.asl"": 34, ""role_mainplot_role181.asl"": 34, ""role_mainplot_role182.asl"": 34, ""role_mainplot_role183.asl"": 34, ""role_mainplot_role184.asl"": 34, ""role_mainplot_role185.asl"": 34, ""role_mainplot_role186.asl"": 34, ""role_mainplot_role187.asl"": 34, ""role_mainplot_role188.asl"": 34, ""role_mainplot_role189.asl"": 34, ""role_mainplot_role190.asl"": 34, ""role_mainplot_role191.asl"": 34, ""role_mainplot_role192.asl"": 34, ""role_mainplot_role193.asl"": 34, ""role_mainplot_role194.asl"": 34, ""role_mainplot_role195.asl"": 34, ""role_mainplot_role196.asl"": 34, ""role_mainplot_role197.asl"": 34, ""role_mainplot_role198.asl"": 34, ""role_mainplot_role199.asl"": 34}",1.0498996600729,8.27889945500101,0.004268171998774051,219.0643825531006,True,1,0
grid_phases_roles,317,Linux 7.2.3-arch1-2,x86_64,24,30.44,3.14.7,10,10,5,2,2,1,2,200,200,0,0,42,122085,4548295,203,128177,"{""playbook_playbook0.asl"": 26, ""playbook_playbook1.asl"": 26, ""director_mainplot.asl"": 121325, ""role_mainplot_role0.asl"": 34, ""role_mainplot_role1.asl"": 34, ""role_mainplot_role2.asl"": 34, ""role_mainplot_role3.asl"": 34, ""role_mainplot_role4.asl"": 34, ""role_mainplot_role5.asl"": 34, ""role_mainplot_role6.asl"": 34, ""role_mainplot_role7.asl"": 34, ""role_mainplot_role8.asl"": 34, ""role_mainplot_role9.asl"": 34, ""role_mainplot_role10.asl"": 34, ""role_mainplot_role11.asl"": 34, ""role_mainplot_role12.asl"": 34, ""role_mainplot_role13.asl"": 34, ""role_mainplot_role14.asl"": 34, ""role_mainplot_role15.asl"": 34, ""role_mainplot_role16.asl"": 34, ""role_mainplot_role17.asl"": 34, ""role_mainplot_role18.asl"": 34, ""role_mainplot_role19.asl"": 34, ""role_mainplot_role20.asl"": 34, ""role_mainplot_role21.asl"": 34, ""role_mainplot_role22.asl"": 34, ""role_mainplot_role23.asl"": 34, ""role_mainplot_role24.asl"": 34, ""role_mainplot_role25.asl"": 34, ""role_mainplot_role26.asl"": 34, ""role_mainplot_role27.asl"": 34, ""role_mainplot_role28.asl"": 34, ""role_mainplot_role29.asl"": 34, ""role_mainplot_role30.asl"": 34, ""role_mainplot_role31.asl"": 34, ""role_mainplot_role32.asl"": 34, ""role_mainplot_role33.asl"": 34, ""role_mainplot_role34.asl"": 34, ""role_mainplot_role35.asl"": 34, ""role_mainplot_role36.asl"": 34, ""role_mainplot_role37.asl"": 34, ""role_mainplot_role38.asl"": 34, ""role_mainplot_role39.asl"": 34, ""role_mainplot_role40.asl"": 34, ""role_mainplot_role41.asl"": 34, ""role_mainplot_role42.asl"": 34, ""role_mainplot_role43.asl"": 34, ""role_mainplot_role44.asl"": 34, ""role_mainplot_role45.asl"": 34, ""role_mainplot_role46.asl"": 34, ""role_mainplot_role47.asl"": 34, ""role_mainplot_role48.asl"": 34, ""role_mainplot_role49.asl"": 34, ""role_mainplot_role50.asl"": 34, ""role_mainplot_role51.asl"": 34, ""role_mainplot_role52.asl"": 34, ""role_mainplot_role53.asl"": 34, ""role_mainplot_role54.asl"": 34, ""role_mainplot_role55.asl"": 34, ""role_mainplot_role56.asl"": 34, ""role_mainplot_role57.asl"": 34, ""role_mainplot_role58.asl"": 34, ""role_mainplot_role59.asl"": 34, ""role_mainplot_role60.asl"": 34, ""role_mainplot_role61.asl"": 34, ""role_mainplot_role62.asl"": 34, ""role_mainplot_role63.asl"": 34, ""role_mainplot_role64.asl"": 34, ""role_mainplot_role65.asl"": 34, ""role_mainplot_role66.asl"": 34, ""role_mainplot_role67.asl"": 34, ""role_mainplot_role68.asl"": 34, ""role_mainplot_role69.asl"": 34, ""role_mainplot_role70.asl"": 34, ""role_mainplot_role71.asl"": 34, ""role_mainplot_role72.asl"": 34, ""role_mainplot_role73.asl"": 34, ""role_mainplot_role74.asl"": 34, ""role_mainplot_role75.asl"": 34, ""role_mainplot_role76.asl"": 34, ""role_mainplot_role77.asl"": 34, ""role_mainplot_role78.asl"": 34, ""role_mainplot_role79.asl"": 34, ""role_mainplot_role80.asl"": 34, ""role_mainplot_role81.asl"": 34, ""role_mainplot_role82.asl"": 34, ""role_mainplot_role83.asl"": 34, ""role_mainplot_role84.asl"": 34, ""role_mainplot_role85.asl"": 34, ""role_mainplot_role86.asl"": 34, ""role_mainplot_role87.asl"": 34, ""role_mainplot_role88.asl"": 34, ""role_mainplot_role89.asl"": 34, ""role_mainplot_role90.asl"": 34, ""role_mainplot_role91.asl"": 34, ""role_mainplot_role92.asl"": 34, ""role_mainplot_role93.asl"": 34, ""role_mainplot_role94.asl"": 34, ""role_mainplot_role95.asl"": 34, ""role_mainplot_role96.asl"": 34, ""role_mainplot_role97.asl"": 34, ""role_mainplot_role98.asl"": 34, ""role_mainplot_role99.asl"": 34, ""role_mainplot_role100.asl"": 34, ""role_mainplot_role101.asl"": 34, ""role_mainplot_role102.asl"": 34, ""role_mainplot_role103.asl"": 34, ""role_mainplot_role104.asl"": 34, ""role_mainplot_role105.asl"": 34, ""role_mainplot_role106.asl"": 34, ""role_mainplot_role107.asl"": 34, ""role_mainplot_role108.asl"": 34, ""role_mainplot_role109.asl"": 34, ""role_mainplot_role110.asl"": 34, ""role_mainplot_role111.asl"": 34, ""role_mainplot_role112.asl"": 34, ""role_mainplot_role113.asl"": 34, ""role_mainplot_role114.asl"": 34, ""role_mainplot_role115.asl"": 34, ""role_mainplot_role116.asl"": 34, ""role_mainplot_role117.asl"": 34, ""role_mainplot_role118.asl"": 34, ""role_mainplot_role119.asl"": 34, ""role_mainplot_role120.asl"": 34, ""role_mainplot_role121.asl"": 34, ""role_mainplot_role122.asl"": 34, ""role_mainplot_role123.asl"": 34, ""role_mainplot_role124.asl"": 34, ""role_mainplot_role125.asl"": 34, ""role_mainplot_role126.asl"": 34, ""role_mainplot_role127.asl"": 34, ""role_mainplot_role128.asl"": 34, ""role_mainplot_role129.asl"": 34, ""role_mainplot_role130.asl"": 34, ""role_mainplot_role131.asl"": 34, ""role_mainplot_role132.asl"": 34, ""role_mainplot_role133.asl"": 34, ""role_mainplot_role134.asl"": 34, ""role_mainplot_role135.asl"": 34, ""role_mainplot_role136.asl"": 34, ""role_mainplot_role137.asl"": 34, ""role_mainplot_role138.asl"": 34, ""role_mainplot_role139.asl"": 34, ""role_mainplot_role140.asl"": 34, ""role_mainplot_role141.asl"": 34, ""role_mainplot_role142.asl"": 34, ""role_mainplot_role143.asl"": 34, ""role_mainplot_role144.asl"": 34, ""role_mainplot_role145.asl"": 34, ""role_mainplot_role146.asl"": 34, ""role_mainplot_role147.asl"": 34, ""role_mainplot_role148.asl"": 34, ""role_mainplot_role149.asl"": 34, ""role_mainplot_role150.asl"": 34, ""role_mainplot_role151.asl"": 34, ""role_mainplot_role152.asl"": 34, ""role_mainplot_role153.asl"": 34, ""role_mainplot_role154.asl"": 34, ""role_mainplot_role155.asl"": 34, ""role_mainplot_role156.asl"": 34, ""role_mainplot_role157.asl"": 34, ""role_mainplot_role158.asl"": 34, ""role_mainplot_role159.asl"": 34, ""role_mainplot_role160.asl"": 34, ""role_mainplot_role161.asl"": 34, ""role_mainplot_role162.asl"": 34, ""role_mainplot_role163.asl"": 34, ""role_mainplot_role164.asl"": 34, ""role_mainplot_role165.asl"": 34, ""role_mainplot_role166.asl"": 34, ""role_mainplot_role167.asl"": 34, ""role_mainplot_role168.asl"": 34, ""role_mainplot_role169.asl"": 34, ""role_mainplot_role170.asl"": 34, ""role_mainplot_role171.asl"": 34, ""role_mainplot_role172.asl"": 34, ""role_mainplot_role173.asl"": 34, ""role_mainplot_role174.asl"": 34, ""role_mainplot_role175.asl"": 34, ""role_mainplot_role176.asl"": 34, ""role_mainplot_role177.asl"": 34, ""role_mainplot_role178.asl"": 34, ""role_mainplot_role179.asl"": 34, ""role_mainplot_role180.asl"": 34, ""role_mainplot_role181.asl"": 34, ""role_mainplot_role182.asl"": 34, ""role_mainplot_role183.asl"": 34, ""role_mainplot_role184.asl"": 34, ""role_mainplot_role185.asl"": 34, ""role_mainplot_role186.asl"": 34, ""role_mainplot_role187.asl"": 34, ""role_mainplot_role188.asl"": 34, ""role_mainplot_role189.asl"": 34, ""role_mainplot_role190.asl"": 34, ""role_mainplot_role191.asl"": 34, ""role_mainplot_role192.asl"": 34, ""role_mainplot_role193.asl"": 34, ""role_mainplot_role194.asl"": 34, ""role_mainplot_role195.asl"": 34, ""role_mainplot_role196.asl"": 34, ""role_mainplot_role197.asl"": 34, ""role_mainplot_role198.asl"": 34, ""role_mainplot_role199.asl"": 34}",1.0498996600729,8.375336331000653,0.004246911999871372,219.06439018249512,True,1,0
grid_phases_roles,318,Linux 7.2.3-arch1-2,x86_64,24,30.44,3.14.7,10,10,5,2,2,1,2,200,200,0,0,42,122085,4548295,203,128177,"{""playbook_playbook0.asl"": 26, ""playbook_playbook1.asl"": 26, ""director_mainplot.asl"": 121325, ""role_mainplot_role0.asl"": 34, ""role_mainplot_role1.asl"": 34, ""role_mainplot_role2.asl"": 34, ""role_mainplot_role3.asl"": 34, ""role_mainplot_role4.asl"": 34, ""role_mainplot_role5.asl"": 34, ""role_mainplot_role6.asl"": 34, ""role_mainplot_role7.asl"": 34, ""role_mainplot_role8.asl"": 34, ""role_mainplot_role9.asl"": 34, ""role_mainplot_role10.asl"": 34, ""role_mainplot_role11.asl"": 34, ""role_mainplot_role12.asl"": 34, ""role_mainplot_role13.asl"": 34, ""role_mainplot_role14.asl"": 34, ""role_mainplot_role15.asl"": 34, ""role_mainplot_role16.asl"": 34, ""role_mainplot_role17.asl"": 34, ""role_mainplot_role18.asl"": 34, ""role_mainplot_role19.asl"": 34, ""role_mainplot_role20.asl"": 34, ""role_mainplot_role21.asl"": 34, ""role_mainplot_role22.asl"": 34, ""role_mainplot_role23.asl"": 34, ""role_mainplot_role24.asl"": 34, ""role_mainplot_role25.asl"": 34, ""role_mainplot_role26.asl"": 34, ""role_mainplot_role27.asl"": 34, ""role_mainplot_role28.asl"": 34, ""role_mainplot_role29.asl"": 34, ""role_mainplot_role30.asl"": 34, ""role_mainplot_role31.asl"": 34, ""role_mainplot_role32.asl"": 34, ""role_mainplot_role33.asl"": 34, ""role_mainplot_role34.asl"": 34, ""role_mainplot_role35.asl"": 34, ""role_mainplot_role36.asl"": 34, ""role_mainplot_role37.asl"": 34, ""role_mainplot_role38.asl"": 34, ""role_mainplot_role39.asl"": 34, ""role_mainplot_role40.asl"": 34, ""role_mainplot_role41.asl"": 34, ""role_mainplot_role42.asl"": 34, ""role_mainplot_role43.asl"": 34, ""role_mainplot_role44.asl"": 34, ""role_mainplot_role45.asl"": 34, ""role_mainplot_role46.asl"": 34, ""role_mainplot_role47.asl"": 34, ""role_mainplot_role48.asl"": 34, ""role_mainplot_role49.asl"": 34, ""role_mainplot_role50.asl"": 34, ""role_mainplot_role51.asl"": 34, ""role_mainplot_role52.asl"": 34, ""role_mainplot_role53.asl"": 34, ""role_mainplot_role54.asl"": 34, ""role_mainplot_role55.asl"": 34, ""role_mainplot_role56.asl"": 34, ""role_mainplot_role57.asl"": 34, ""role_mainplot_role58.asl"": 34, ""role_mainplot_role59.asl"": 34, ""role_mainplot_role60.asl"": 34, ""role_mainplot_role61.asl"": 34, ""role_mainplot_role62.asl"": 34, ""role_mainplot_role63.asl"": 34, ""role_mainplot_role64.asl"": 34, ""role_mainplot_role65.asl"": 34, ""role_mainplot_role66.asl"": 34, ""role_mainplot_role67.asl"": 34, ""role_mainplot_role68.asl"": 34, ""role_mainplot_role69.asl"": 34, ""role_mainplot_role70.asl"": 34, ""role_mainplot_role71.asl"": 34, ""role_mainplot_role72.asl"": 34, ""role_mainplot_role73.asl"": 34, ""role_mainplot_role74.asl"": 34, ""role_mainplot_role75.asl"": 34, ""role_mainplot_role76.asl"": 34, ""role_mainplot_role77.asl"": 34, ""role_mainplot_role78.asl"": 34, ""role_mainplot_role79.asl"": 34, ""role_mainplot_role80.asl"": 34, ""role_mainplot_role81.asl"": 34, ""role_mainplot_role82.asl"": 34, ""role_mainplot_role83.asl"": 34, ""role_mainplot_role84.asl"": 34, ""role_mainplot_role85.asl"": 34, ""role_mainplot_role86.asl"": 34, ""role_mainplot_role87.asl"": 34, ""role_mainplot_role88.asl"": 34, ""role_mainplot_role89.asl"": 34, ""role_mainplot_role90.asl"": 34, ""role_mainplot_role91.asl"": 34, ""role_mainplot_role92.asl"": 34, ""role_mainplot_role93.asl"": 34, ""role_mainplot_role94.asl"": 34, ""role_mainplot_role95.asl"": 34, ""role_mainplot_role96.asl"": 34, ""role_mainplot_role97.asl"": 34, ""role_mainplot_role98.asl"": 34, ""role_mainplot_role99.asl"": 34, ""role_mainplot_role100.asl"": 34, ""role_mainplot_role101.asl"": 34, ""role_mainplot_role102.asl"": 34, ""role_mainplot_role103.asl"": 34, ""role_mainplot_role104.asl"": 34, ""role_mainplot_role105.asl"": 34, ""role_mainplot_role106.asl"": 34, ""role_mainplot_role107.asl"": 34, ""role_mainplot_role108.asl"": 34, ""role_mainplot_role109.asl"": 34, ""role_mainplot_role110.asl"": 34, ""role_mainplot_role111.asl"": 34, ""role_mainplot_role112.asl"": 34, ""role_mainplot_role113.asl"": 34, ""role_mainplot_role114.asl"": 34, ""role_mainplot_role115.asl"": 34, ""role_mainplot_role116.asl"": 34, ""role_mainplot_role117.asl"": 34, ""role_mainplot_role118.asl"": 34, ""role_mainplot_role119.asl"": 34, ""role_mainplot_role120.asl"": 34, ""role_mainplot_role121.asl"": 34, ""role_mainplot_role122.asl"": 34, ""role_mainplot_role123.asl"": 34, ""role_mainplot_role124.asl"": 34, ""role_mainplot_role125.asl"": 34, ""role_mainplot_role126.asl"": 34, ""role_mainplot_role127.asl"": 34, ""role_mainplot_role128.asl"": 34, ""role_mainplot_role129.asl"": 34, ""role_mainplot_role130.asl"": 34, ""role_mainplot_role131.asl"": 34, ""role_mainplot_role132.asl"": 34, ""role_mainplot_role133.asl"": 34, ""role_mainplot_role134.asl"": 34, ""role_mainplot_role135.asl"": 34, ""role_mainplot_role136.asl"": 34, ""role_mainplot_role137.asl"": 34, ""role_mainplot_role138.asl"": 34, ""role_mainplot_role139.asl"": 34, ""role_mainplot_role140.asl"": 34, ""role_mainplot_role141.asl"": 34, ""role_mainplot_role142.asl"": 34, ""role_mainplot_role143.asl"": 34, ""role_mainplot_role144.asl"": 34, ""role_mainplot_role145.asl"": 34, ""role_mainplot_role146.asl"": 34, ""role_mainplot_role147.asl"": 34, ""role_mainplot_role148.asl"": 34, ""role_mainplot_role149.asl"": 34, ""role_mainplot_role150.asl"": 34, ""role_mainplot_role151.asl"": 34, ""role_mainplot_role152.asl"": 34, ""role_mainplot_role153.asl"": 34, ""role_mainplot_role154.asl"": 34, ""role_mainplot_role155.asl"": 34, ""role_mainplot_role156.asl"": 34, ""role_mainplot_role157.asl"": 34, ""role_mainplot_role158.asl"": 34, ""role_mainplot_role159.asl"": 34, ""role_mainplot_role160.asl"": 34, ""role_mainplot_role161.asl"": 34, ""role_mainplot_role162.asl"": 34, ""role_mainplot_role163.asl"": 34, ""role_mainplot_role164.asl"": 34, ""role_mainplot_role165.asl"": 34, ""role_mainplot_role166.asl"": 34, ""role_mainplot_role167.asl"": 34, ""role_mainplot_role168.asl"": 34, ""role_mainplot_role169.asl"": 34, ""role_mainplot_role170.asl"": 34, ""role_mainplot_role171.asl"": 34, ""role_mainplot_role172.asl"": 34, ""role_mainplot_role173.asl"": 34, ""role_mainplot_role174.asl"": 34, ""role_mainplot_role175.asl"": 34, ""role_mainplot_role176.asl"": 34, ""role_mainplot_role177.asl"": 34, ""role_mainplot_role178.asl"": 34, ""role_mainplot_role179.asl"": 34, ""role_mainplot_role180.asl"": 34, ""role_mainplot_role181.asl"": 34, ""role_mainplot_role182.asl"": 34, ""role_mainplot_role183.asl"": 34, ""role_mainplot_role184.asl"": 34, ""role_mainplot_role185.asl"": 34, ""role_mainplot_role186.asl"": 34, ""role_mainplot_role187.asl"": 34, ""role_mainplot_role188.asl"": 34, ""role_mainplot_role189.asl"": 34, ""role_mainplot_role190.asl"": 34, ""role_mainplot_role191.asl"": 34, ""role_mainplot_role192.asl"": 34, ""role_mainplot_role193.asl"": 34, ""role_mainplot_role194.asl"": 34, ""role_mainplot_role195.asl"": 34, ""role_mainplot_role196.asl"": 34, ""role_mainplot_role197.asl"": 34, ""role_mainplot_role198.asl"": 34, ""role_mainplot_role199.asl"": 34}",1.0498996600729,8.448014531999434,0.003996802999608917,219.0644359588623,True,1,0
grid_phases_roles,319,Linux 7.2.3-arch1-2,x86_64,24,30.44,3.14.7,10,10,5,2,2,1,2,200,200,0,0,42,122085,4548295,203,128177,"{""playbook_playbook0.asl"": 26, ""playbook_playbook1.asl"": 26, ""director_mainplot.asl"": 121325, ""role_mainplot_role0.asl"": 34, ""role_mainplot_role1.asl"": 34, ""role_mainplot_role2.asl"": 34, ""role_mainplot_role3.asl"": 34, ""role_mainplot_role4.asl"": 34, ""role_mainplot_role5.asl"": 34, ""role_mainplot_role6.asl"": 34, ""role_mainplot_role7.asl"": 34, ""role_mainplot_role8.asl"": 34, ""role_mainplot_role9.asl"": 34, ""role_mainplot_role10.asl"": 34, ""role_mainplot_role11.asl"": 34, ""role_mainplot_role12.asl"": 34, ""role_mainplot_role13.asl"": 34, ""role_mainplot_role14.asl"": 34, ""role_mainplot_role15.asl"": 34, ""role_mainplot_role16.asl"": 34, ""role_mainplot_role17.asl"": 34, ""role_mainplot_role18.asl"": 34, ""role_mainplot_role19.asl"": 34, ""role_mainplot_role20.asl"": 34, ""role_mainplot_role21.asl"": 34, ""role_mainplot_role22.asl"": 34, ""role_mainplot_role23.asl"": 34, ""role_mainplot_role24.asl"": 34, ""role_mainplot_role25.asl"": 34, ""role_mainplot_role26.asl"": 34, ""role_mainplot_role27.asl"": 34, ""role_mainplot_role28.asl"": 34, ""role_mainplot_role29.asl"": 34, ""role_mainplot_role30.asl"": 34, ""role_mainplot_role31.asl"": 34, ""role_mainplot_role32.asl"": 34, ""role_mainplot_role33.asl"": 34, ""role_mainplot_role34.asl"": 34, ""role_mainplot_role35.asl"": 34, ""role_mainplot_role36.asl"": 34, ""role_mainplot_role37.asl"": 34, ""role_mainplot_role38.asl"": 34, ""role_mainplot_role39.asl"": 34, ""role_mainplot_role40.asl"": 34, ""role_mainplot_role41.asl"": 34, ""role_mainplot_role42.asl"": 34, ""role_mainplot_role43.asl"": 34, ""role_mainplot_role44.asl"": 34, ""role_mainplot_role45.asl"": 34, ""role_mainplot_role46.asl"": 34, ""role_mainplot_role47.asl"": 34, ""role_mainplot_role48.asl"": 34, ""role_mainplot_role49.asl"": 34, ""role_mainplot_role50.asl"": 34, ""role_mainplot_role51.asl"": 34, ""role_mainplot_role52.asl"": 34, ""role_mainplot_role53.asl"": 34, ""role_mainplot_role54.asl"": 34, ""role_mainplot_role55.asl"": 34, ""role_mainplot_role56.asl"": 34, ""role_mainplot_role57.asl"": 34, ""role_mainplot_role58.asl"": 34, ""role_mainplot_role59.asl"": 34, ""role_mainplot_role60.asl"": 34, ""role_mainplot_role61.asl"": 34, ""role_mainplot_role62.asl"": 34, ""role_mainplot_role63.asl"": 34, ""role_mainplot_role64.asl"": 34, ""role_mainplot_role65.asl"": 34, ""role_mainplot_role66.asl"": 34, ""role_mainplot_role67.asl"": 34, ""role_mainplot_role68.asl"": 34, ""role_mainplot_role69.asl"": 34, ""role_mainplot_role70.asl"": 34, ""role_mainplot_role71.asl"": 34, ""role_mainplot_role72.asl"": 34, ""role_mainplot_role73.asl"": 34, ""role_mainplot_role74.asl"": 34, ""role_mainplot_role75.asl"": 34, ""role_mainplot_role76.asl"": 34, ""role_mainplot_role77.asl"": 34, ""role_mainplot_role78.asl"": 34, ""role_mainplot_role79.asl"": 34, ""role_mainplot_role80.asl"": 34, ""role_mainplot_role81.asl"": 34, ""role_mainplot_role82.asl"": 34, ""role_mainplot_role83.asl"": 34, ""role_mainplot_role84.asl"": 34, ""role_mainplot_role85.asl"": 34, ""role_mainplot_role86.asl"": 34, ""role_mainplot_role87.asl"": 34, ""role_mainplot_role88.asl"": 34, ""role_mainplot_role89.asl"": 34, ""role_mainplot_role90.asl"": 34, ""role_mainplot_role91.asl"": 34, ""role_mainplot_role92.asl"": 34, ""role_mainplot_role93.asl"": 34, ""role_mainplot_role94.asl"": 34, ""role_mainplot_role95.asl"": 34, ""role_mainplot_role96.asl"": 34, ""role_mainplot_role97.asl"": 34, ""role_mainplot_role98.asl"": 34, ""role_mainplot_role99.asl"": 34, ""role_mainplot_role100.asl"": 34, ""role_mainplot_role101.asl"": 34, ""role_mainplot_role102.asl"": 34, ""role_mainplot_role103.asl"": 34, ""role_mainplot_role104.asl"": 34, ""role_mainplot_role105.asl"": 34, ""role_mainplot_role106.asl"": 34, ""role_mainplot_role107.asl"": 34, ""role_mainplot_role108.asl"": 34, ""role_mainplot_role109.asl"": 34, ""role_mainplot_role110.asl"": 34, ""role_mainplot_role111.asl"": 34, ""role_mainplot_role112.asl"": 34, ""role_mainplot_role113.asl"": 34, ""role_mainplot_role114.asl"": 34, ""role_mainplot_role115.asl"": 34, ""role_mainplot_role116.asl"": 34, ""role_mainplot_role117.asl"": 34, ""role_mainplot_role118.asl"": 34, ""role_mainplot_role119.asl"": 34, ""role_mainplot_role120.asl"": 34, ""role_mainplot_role121.asl"": 34, ""role_mainplot_role122.asl"": 34, ""role_mainplot_role123.asl"": 34, ""role_mainplot_role124.asl"": 34, ""role_mainplot_role125.asl"": 34, ""role_mainplot_role126.asl"": 34, ""role_mainplot_role127.asl"": 34, ""role_mainplot_role128.asl"": 34, ""role_mainplot_role129.asl"": 34, ""role_mainplot_role130.asl"": 34, ""role_mainplot_role131.asl"": 34, ""role_mainplot_role132.asl"": 34, ""role_mainplot_role133.asl"": 34, ""role_mainplot_role134.asl"": 34, ""role_mainplot_role135.asl"": 34, ""role_mainplot_role136.asl"": 34, ""role_mainplot_role137.asl"": 34, ""role_mainplot_role138.asl"": 34, ""role_mainplot_role139.asl"": 34, ""role_mainplot_role140.asl"": 34, ""role_mainplot_role141.asl"": 34, ""role_mainplot_role142.asl"": 34, ""role_mainplot_role143.asl"": 34, ""role_mainplot_role144.asl"": 34, ""role_mainplot_role145.asl"": 34, ""role_mainplot_role146.asl"": 34, ""role_mainplot_role147.asl"": 34, ""role_mainplot_role148.asl"": 34, ""role_mainplot_role149.asl"": 34, ""role_mainplot_role150.asl"": 34, ""role_mainplot_role151.asl"": 34, ""role_mainplot_role152.asl"": 34, ""role_mainplot_role153.asl"": 34, ""role_mainplot_role154.asl"": 34, ""role_mainplot_role155.asl"": 34, ""role_mainplot_role156.asl"": 34, ""role_mainplot_role157.asl"": 34, ""role_mainplot_role158.asl"": 34, ""role_mainplot_role159.asl"": 34, ""role_mainplot_role160.asl"": 34, ""role_mainplot_role161.asl"": 34, ""role_mainplot_role162.asl"": 34, ""role_mainplot_role163.asl"": 34, ""role_mainplot_role164.asl"": 34, ""role_mainplot_role165.asl"": 34, ""role_mainplot_role166.asl"": 34, ""role_mainplot_role167.asl"": 34, ""role_mainplot_role168.asl"": 34, ""role_mainplot_role169.asl"": 34, ""role_mainplot_role170.asl"": 34, ""role_mainplot_role171.asl"": 34, ""role_mainplot_role172.asl"": 34, ""role_mainplot_role173.asl"": 34, ""role_mainplot_role174.asl"": 34, ""role_mainplot_role175.asl"": 34, ""role_mainplot_role176.asl"": 34, ""role_mainplot_role177.asl"": 34, ""role_mainplot_role178.asl"": 34, ""role_mainplot_role179.asl"": 34, ""role_mainplot_role180.asl"": 34, ""role_mainplot_role181.asl"": 34, ""role_mainplot_role182.asl"": 34, ""role_mainplot_role183.asl"": 34, ""role_mainplot_role184.asl"": 34, ""role_mainplot_role185.asl"": 34, ""role_mainplot_role186.asl"": 34, ""role_mainplot_role187.asl"": 34, ""role_mainplot_role188.asl"": 34, ""role_mainplot_role189.asl"": 34, ""role_mainplot_role190.asl"": 34, ""role_mainplot_role191.asl"": 34, ""role_mainplot_role192.asl"": 34, ""role_mainplot_role193.asl"": 34, ""role_mainplot_role194.asl"": 34, ""role_mainplot_role195.asl"": 34, ""role_mainplot_role196.asl"": 34, ""role_mainplot_role197.asl"": 34, ""role_mainplot_role198.asl"": 34, ""role_mainplot_role199.asl"": 34}",1.0498996600729,8.653379440000208,0.003975863000960089,219.06439018249512,True,1,0
