experiment,run_id,sys_os,sys_cpu,sys_cores,sys_ram_gb,sys_python,n_actions,n_events,n_facts,n_playbooks,n_plans_per_playbook,n_branches_per_plan,n_stmts_per_branch,n_roles,n_phases,n_subplot_breadth,n_subplot_depth,seed,input_loc,input_bytes,output_files,output_loc_total,output_loc_per_file,loc_ratio,compile_time_s,io_time_s,peak_ram_mb,success,warning_count,error_count
scale_import_edges,0,Linux 7.2.3-arch1-2,x86_64,24,30.44,3.14.7,10,10,5,2,2,1,2,2,2,0,0,42,800,13746,12,924,"{""director_p_0.asl"": 125, ""director_p_82.asl"": 125, ""director_p_90.asl"": 125, ""director_p_96.asl"": 125, ""director_p_98.asl"": 125, ""director_p_99.asl"": 125, ""role_p_0_r.asl"": 29, ""role_p_82_r.asl"": 29, ""role_p_90_r.asl"": 29, ""role_p_96_r.asl"": 29, ""role_p_98_r.asl"": 29, ""role_p_99_r.asl"": 29}",1.155,0.006017722000251524,0.00019059899932472035,0.1508941650390625,True,0,0
scale_import_edges,1,Linux 7.2.3-arch1-2,x86_64,24,30.44,3.14.7,10,10,5,2,2,1,2,2,2,0,0,42,800,13746,12,924,"{""director_p_0.asl"": 125, ""director_p_82.asl"": 125, ""director_p_90.asl"": 125, ""director_p_96.asl"": 125, ""director_p_98.asl"": 125, ""director_p_99.asl"": 125, ""role_p_0_r.asl"": 29, ""role_p_82_r.asl"": 29, ""role_p_90_r.asl"": 29, ""role_p_96_r.asl"": 29, ""role_p_98_r.asl"": 29, ""role_p_99_r.asl"": 29}",1.155,0.006139891000202624,0.00020360000053187832,0.15102291107177734,True,0,0
scale_import_edges,2,Linux 7.2.3-arch1-2,x86_64,24,30.44,3.14.7,10,10,5,2,2,1,2,2,2,0,0,42,800,13746,12,924,"{""director_p_0.asl"": 125, ""director_p_82.asl"": 125, ""director_p_90.asl"": 125, ""director_p_96.asl"": 125, ""director_p_98.asl"": 125, ""director_p_99.asl"": 125, ""role_p_0_r.asl"": 29, ""role_p_82_r.asl"": 29, ""role_p_90_r.asl"": 29, ""role_p_96_r.asl"": 29, ""role_p_98_r.asl"": 29, ""role_p_99_r.asl"": 29}",1.155,0.00588386099843774,0.00017708000086713582,0.15012264251708984,True,0,0
scale_import_edges,3,Linux 7.2.3-arch1-2,x86_64,24,30.44,3.14.7,10,10,5,2,2,1,2,2,2,0,0,42,800,13746,12,924,"{""director_p_0.asl"": 125, ""director_p_82.asl"": 125, ""director_p_90.asl"": 125, ""director_p_96.asl"": 125, ""director_p_98.asl"": 125, ""director_p_99.asl"": 125, ""role_p_0_r.asl"": 29, ""role_p_82_r.asl"": 29, ""role_p_90_r.asl"": 29, ""role_p_96_r.asl"": 29, ""role_p_98_r.asl"": 29, ""role_p_99_r.asl"": 29}",1.155,0.005893461999221472,0.0001748590002534911,0.15079402923583984,True,0,0
scale_import_edges,4,Linux 7.2.3-arch1-2,x86_64,24,30.44,3.14.7,10,10,5,2,2,1,2,2,2,0,0,42,800,13746,12,924,"{""director_p_0.asl"": 125, ""director_p_82.asl"": 125, ""director_p_90.asl"": 125, ""director_p_96.asl"": 125, ""director_p_98.asl"": 125, ""director_p_99.asl"": 125, ""role_p_0_r.asl"": 29, ""role_p_82_r.asl"": 29, ""role_p_90_r.asl"": 29, ""role_p_96_r.asl"": 29, ""role_p_98_r.asl"": 29, ""role_p_99_r.asl"": 29}",1.155,0.00592401200265158,0.00017542899877298623,0.15046024322509766,True,0,0
scale_import_edges,5,Linux 7.2.3-arch1-2,x86_64,24,30.44,3.14.7,10,10,5,2,2,1,2,2,2,0,0,42,898,16098,36,2772,"{""director_p_0.asl"": 125, ""director_p_82.asl"": 125, ""director_p_15.asl"": 125, ""director_p_92.asl"": 125, ""director_p_89.asl"": 125, ""director_p_91.asl"": 125, ""director_p_51.asl"": 125, ""director_p_97.asl"": 125, ""director_p_93.asl"": 125, ""director_p_95.asl"": 125, ""director_p_69.asl"": 125, ""director_p_56.asl"": 125, ""director_p_99.asl"": 125, ""director_p_98.asl"": 125, ""director_p_94.asl"": 125, ""director_p_86.asl"": 125, ""director_p_96.asl"": 125, ""director_p_87.asl"": 125, ""role_p_0_r.asl"": 29, ""role_p_82_r.asl"": 29, ""role_p_15_r.asl"": 29, ""role_p_92_r.asl"": 29, ""role_p_89_r.asl"": 29, ""role_p_91_r.asl"": 29, ""role_p_51_r.asl"": 29, ""role_p_97_r.asl"": 29, ""role_p_93_r.asl"": 29, ""role_p_95_r.asl"": 29, ""role_p_69_r.asl"": 29, ""role_p_56_r.asl"": 29, ""role_p_99_r.asl"": 29, ""role_p_98_r.asl"": 29, ""role_p_94_r.asl"": 29, ""role_p_86_r.asl"": 29, ""role_p_96_r.asl"": 29, ""role_p_87_r.asl"": 29}",3.086859688195991,0.012944580001203576,0.0004911579999316018,0.20382308959960938,True,0,0
scale_import_edges,6,Linux 7.2.3-arch1-2,x86_64,24,30.44,3.14.7,10,10,5,2,2,1,2,2,2,0,0,42,898,16098,36,2772,"{""director_p_0.asl"": 125, ""director_p_82.asl"": 125, ""director_p_15.asl"": 125, ""director_p_92.asl"": 125, ""director_p_89.asl"": 125, ""director_p_91.asl"": 125, ""director_p_51.asl"": 125, ""director_p_97.asl"": 125, ""director_p_93.asl"": 125, ""director_p_95.asl"": 125, ""director_p_69.asl"": 125, ""director_p_56.asl"": 125, ""director_p_99.asl"": 125, ""director_p_98.asl"": 125, ""director_p_94.asl"": 125, ""director_p_86.asl"": 125, ""director_p_96.asl"": 125, ""director_p_87.asl"": 125, ""role_p_0_r.asl"": 29, ""role_p_82_r.asl"": 29, ""role_p_15_r.asl"": 29, ""role_p_92_r.asl"": 29, ""role_p_89_r.asl"": 29, ""role_p_91_r.asl"": 29, ""role_p_51_r.asl"": 29, ""role_p_97_r.asl"": 29, ""role_p_93_r.asl"": 29, ""role_p_95_r.asl"": 29, ""role_p_69_r.asl"": 29, ""role_p_56_r.asl"": 29, ""role_p_99_r.asl"": 29, ""role_p_98_r.asl"": 29, ""role_p_94_r.asl"": 29, ""role_p_86_r.asl"": 29, ""role_p_96_r.asl"": 29, ""role_p_87_r.asl"": 29}",3.086859688195991,0.012842850999732036,0.0004837990018131677,0.20389556884765625,True,0,0
scale_import_edges,7,Linux 7.2.3-arch1-2,x86_64,24,30.44,3.14.7,10,10,5,2,2,1,2,2,2,0,0,42,898,16098,36,2772,"{""director_p_0.asl"": 125, ""director_p_82.asl"": 125, ""director_p_15.asl"": 125, ""director_p_92.asl"": 125, ""director_p_89.asl"": 125, ""director_p_91.asl"": 125, ""director_p_51.asl"": 125, ""director_p_97.asl"": 125, ""director_p_93.asl"": 125, ""director_p_95.asl"": 125, ""director_p_69.asl"": 125, ""director_p_56.asl"": 125, ""director_p_99.asl"": 125, ""director_p_98.asl"": 125, ""director_p_94.asl"": 125, ""director_p_86.asl"": 125, ""director_p_96.asl"": 125, ""director_p_87.asl"": 125, ""role_p_0_r.asl"": 29, ""role_p_82_r.asl"": 29, ""role_p_15_r.asl"": 29, ""role_p_92_r.asl"": 29, ""role_p_89_r.asl"": 29, ""role_p_91_r.asl"": 29, ""role_p_51_r.asl"": 29, ""role_p_97_r.asl"": 29, ""role_p_93_r.asl"": 29, ""role_p_95_r.asl"": 29, ""role_p_69_r.asl"": 29, ""role_p_56_r.asl"": 29, ""role_p_99_r.asl"": 29, ""role_p_98_r.asl"": 29, ""role_p_94_r.asl"": 29, ""role_p_86_r.asl"": 29, ""role_p_96_r.asl"": 29, ""role_p_87_r.asl"": 29}",3.086859688195991,0.012823810000554658,0.0004821479997190181,0.20360279083251953,True,0,0
scale_import_edges,8,Linux 7.2.3-arch1-2,x86_64,24,30.44,3.14.7,10,10,5,2,2,1,2,2,2,0,0,42,898,16098,36,2772,"{""director_p_0.asl"": 125, ""director_p_82.asl"": 125, ""director_p_15.asl"": 125, ""director_p_92.asl"": 125, ""director_p_89.asl"": 125, ""director_p_91.asl"": 125, ""director_p_51.asl"": 125, ""director_p_97.asl"": 125, ""director_p_93.asl"": 125, ""director_p_95.asl"": 125, ""director_p_69.asl"": 125, ""director_p_56.asl"": 125, ""director_p_99.asl"": 125, ""director_p_98.asl"": 125, ""director_p_94.asl"": 125, ""director_p_86.asl"": 125, ""director_p_96.asl"": 125, ""director_p_87.asl"": 125, ""role_p_0_r.asl"": 29, ""role_p_82_r.asl"": 29, ""role_p_15_r.asl"": 29, ""role_p_92_r.asl"": 29, ""role_p_89_r.asl"": 29, ""role_p_91_r.asl"": 29, ""role_p_51_r.asl"": 29, ""role_p_97_r.asl"": 29, ""role_p_93_r.asl"": 29, ""role_p_95_r.asl"": 29, ""role_p_69_r.asl"": 29, ""role_p_56_r.asl"": 29, ""role_p_99_r.asl"": 29, ""role_p_98_r.asl"": 29, ""role_p_94_r.asl"": 29, ""role_p_86_r.asl"": 29, ""role_p_96_r.asl"": 29, ""role_p_87_r.asl"": 29}",3.086859688195991,0.012946639999427134,0.00047797899969737045,0.20328426361083984,True,0,0
scale_import_edges,9,Linux 7.2.3-arch1-2,x86_64,24,30.44,3.14.7,10,10,5,2,2,1,2,2,2,0,0,42,898,16098,36,2772,"{""director_p_0.asl"": 125, ""director_p_82.asl"": 125, ""director_p_15.asl"": 125, ""director_p_92.asl"": 125, ""director_p_89.asl"": 125, ""director_p_91.asl"": 125, ""director_p_51.asl"": 125, ""director_p_97.asl"": 125, ""director_p_93.asl"": 125, ""director_p_95.asl"": 125, ""director_p_69.asl"": 125, ""director_p_56.asl"": 125, ""director_p_99.asl"": 125, ""director_p_98.asl"": 125, ""director_p_94.asl"": 125, ""director_p_86.asl"": 125, ""director_p_96.asl"": 125, ""director_p_87.asl"": 125, ""role_p_0_r.asl"": 29, ""role_p_82_r.asl"": 29, ""role_p_15_r.asl"": 29, ""role_p_92_r.asl"": 29, ""role_p_89_r.asl"": 29, ""role_p_91_r.asl"": 29, ""role_p_51_r.asl"": 29, ""role_p_97_r.asl"": 29, ""role_p_93_r.asl"": 29, ""role_p_95_r.asl"": 29, ""role_p_69_r.asl"": 29, ""role_p_56_r.asl"": 29, ""role_p_99_r.asl"": 29, ""role_p_98_r.asl"": 29, ""role_p_94_r.asl"": 29, ""role_p_86_r.asl"": 29, ""role_p_96_r.asl"": 29, ""role_p_87_r.asl"": 29}",3.086859688195991,0.012857900001108646,0.00047622800047975034,0.20400428771972656,True,0,0
scale_import_edges,10,Linux 7.2.3-arch1-2,x86_64,24,30.44,3.14.7,10,10,5,2,2,1,2,2,2,0,0,42,1186,23006,134,10318,"{""director_p_0.asl"": 125, ""director_p_82.asl"": 125, ""director_p_15.asl"": 125, ""director_p_4.asl"": 125, ""director_p_95.asl"": 125, ""director_p_36.asl"": 125, ""director_p_94.asl"": 125, ""director_p_96.asl"": 125, ""director_p_92.asl"": 125, ""director_p_99.asl"": 125, ""director_p_85.asl"": 125, ""director_p_74.asl"": 125, ""director_p_97.asl"": 125, ""director_p_62.asl"": 125, ""director_p_63.asl"": 125, ""director_p_34.asl"": 125, ""director_p_69.asl"": 125, ""director_p_8.asl"": 125, ""director_p_76.asl"": 125, ""director_p_98.asl"": 125, ""director_p_50.asl"": 125, ""director_p_71.asl"": 125, ""director_p_93.asl"": 125, ""director_p_89.asl"": 125, ""director_p_90.asl"": 125, ""director_p_83.asl"": 125, ""director_p_91.asl"": 125, ""director_p_77.asl"": 125, ""director_p_78.asl"": 125, ""director_p_65.asl"": 125, ""director_p_68.asl"": 125, ""director_p_84.asl"": 125, ""director_p_80.asl"": 125, ""director_p_79.asl"": 125, ""director_p_45.asl"": 125, ""director_p_43.asl"": 125, ""director_p_51.asl"": 125, ""director_p_86.asl"": 125, ""director_p_44.asl"": 125, ""director_p_28.asl"": 125, ""director_p_52.asl"": 125, ""director_p_22.asl"": 125, ""director_p_87.asl"": 125, ""director_p_81.asl"": 125, ""director_p_72.asl"": 125, ""director_p_57.asl"": 125, ""director_p_66.asl"": 125, ""director_p_75.asl"": 125, ""director_p_70.asl"": 125, ""director_p_54.asl"": 125, ""director_p_46.asl"": 125, ""director_p_48.asl"": 125, ""director_p_64.asl"": 125, ""director_p_60.asl"": 125, ""director_p_88.asl"": 125, ""director_p_58.asl"": 125, ""director_p_30.asl"": 125, ""director_p_41.asl"": 125, ""director_p_56.asl"": 125, ""director_p_40.asl"": 125, ""director_p_55.asl"": 125, ""director_p_73.asl"": 125, ""director_p_31.asl"": 125, ""director_p_53.asl"": 125, ""director_p_42.asl"": 125, ""director_p_67.asl"": 125, ""director_p_47.asl"": 125, ""role_p_0_r.asl"": 29, ""role_p_82_r.asl"": 29, ""role_p_15_r.asl"": 29, ""role_p_4_r.asl"": 29, ""role_p_95_r.asl"": 29, ""role_p_36_r.asl"": 29, ""role_p_94_r.asl"": 29, ""role_p_96_r.asl"": 29, ""role_p_92_r.asl"": 29, ""role_p_99_r.asl"": 29, ""role_p_85_r.asl"": 29, ""role_p_74_r.asl"": 29, ""role_p_97_r.asl"": 29, ""role_p_62_r.asl"": 29, ""role_p_63_r.asl"": 29, ""role_p_34_r.asl"": 29, ""role_p_69_r.asl"": 29, ""role_p_8_r.asl"": 29, ""role_p_76_r.asl"": 29, ""role_p_98_r.asl"": 29, ""role_p_50_r.asl"": 29, ""role_p_71_r.asl"": 29, ""role_p_93_r.asl"": 29, ""role_p_89_r.asl"": 29, ""role_p_90_r.asl"": 29, ""role_p_83_r.asl"": 29, ""role_p_91_r.asl"": 29, ""role_p_77_r.asl"": 29, ""role_p_78_r.asl"": 29, ""role_p_65_r.asl"": 29, ""role_p_68_r.asl"": 29, ""role_p_84_r.asl"": 29, ""role_p_80_r.asl"": 29, ""role_p_79_r.asl"": 29, ""role_p_45_r.asl"": 29, ""role_p_43_r.asl"": 29, ""role_p_51_r.asl"": 29, ""role_p_86_r.asl"": 29, ""role_p_44_r.asl"": 29, ""role_p_28_r.asl"": 29, ""role_p_52_r.asl"": 29, ""role_p_22_r.asl"": 29, ""role_p_87_r.asl"": 29, ""role_p_81_r.asl"": 29, ""role_p_72_r.asl"": 29, ""role_p_57_r.asl"": 29, ""role_p_66_r.asl"": 29, ""role_p_75_r.asl"": 29, ""role_p_70_r.asl"": 29, ""role_p_54_r.asl"": 29, ""role_p_46_r.asl"": 29, ""role_p_48_r.asl"": 29, ""role_p_64_r.asl"": 29, ""role_p_60_r.asl"": 29, ""role_p_88_r.asl"": 29, ""role_p_58_r.asl"": 29, ""role_p_30_r.asl"": 29, ""role_p_41_r.asl"": 29, ""role_p_56_r.asl"": 29, ""role_p_40_r.asl"": 29, ""role_p_55_r.asl"": 29, ""role_p_73_r.asl"": 29, ""role_p_31_r.asl"": 29, ""role_p_53_r.asl"": 29, ""role_p_42_r.asl"": 29, ""role_p_67_r.asl"": 29, ""role_p_47_r.asl"": 29}",8.69983136593592,0.05655033599759918,0.0017637040000408888,0.788599967956543,True,0,0
scale_import_edges,11,Linux 7.2.3-arch1-2,x86_64,24,30.44,3.14.7,10,10,5,2,2,1,2,2,2,0,0,42,1186,23006,134,10318,"{""director_p_0.asl"": 125, ""director_p_82.asl"": 125, ""director_p_15.asl"": 125, ""director_p_4.asl"": 125, ""director_p_95.asl"": 125, ""director_p_36.asl"": 125, ""director_p_94.asl"": 125, ""director_p_96.asl"": 125, ""director_p_92.asl"": 125, ""director_p_99.asl"": 125, ""director_p_85.asl"": 125, ""director_p_74.asl"": 125, ""director_p_97.asl"": 125, ""director_p_62.asl"": 125, ""director_p_63.asl"": 125, ""director_p_34.asl"": 125, ""director_p_69.asl"": 125, ""director_p_8.asl"": 125, ""director_p_76.asl"": 125, ""director_p_98.asl"": 125, ""director_p_50.asl"": 125, ""director_p_71.asl"": 125, ""director_p_93.asl"": 125, ""director_p_89.asl"": 125, ""director_p_90.asl"": 125, ""director_p_83.asl"": 125, ""director_p_91.asl"": 125, ""director_p_77.asl"": 125, ""director_p_78.asl"": 125, ""director_p_65.asl"": 125, ""director_p_68.asl"": 125, ""director_p_84.asl"": 125, ""director_p_80.asl"": 125, ""director_p_79.asl"": 125, ""director_p_45.asl"": 125, ""director_p_43.asl"": 125, ""director_p_51.asl"": 125, ""director_p_86.asl"": 125, ""director_p_44.asl"": 125, ""director_p_28.asl"": 125, ""director_p_52.asl"": 125, ""director_p_22.asl"": 125, ""director_p_87.asl"": 125, ""director_p_81.asl"": 125, ""director_p_72.asl"": 125, ""director_p_57.asl"": 125, ""director_p_66.asl"": 125, ""director_p_75.asl"": 125, ""director_p_70.asl"": 125, ""director_p_54.asl"": 125, ""director_p_46.asl"": 125, ""director_p_48.asl"": 125, ""director_p_64.asl"": 125, ""director_p_60.asl"": 125, ""director_p_88.asl"": 125, ""director_p_58.asl"": 125, ""director_p_30.asl"": 125, ""director_p_41.asl"": 125, ""director_p_56.asl"": 125, ""director_p_40.asl"": 125, ""director_p_55.asl"": 125, ""director_p_73.asl"": 125, ""director_p_31.asl"": 125, ""director_p_53.asl"": 125, ""director_p_42.asl"": 125, ""director_p_67.asl"": 125, ""director_p_47.asl"": 125, ""role_p_0_r.asl"": 29, ""role_p_82_r.asl"": 29, ""role_p_15_r.asl"": 29, ""role_p_4_r.asl"": 29, ""role_p_95_r.asl"": 29, ""role_p_36_r.asl"": 29, ""role_p_94_r.asl"": 29, ""role_p_96_r.asl"": 29, ""role_p_92_r.asl"": 29, ""role_p_99_r.asl"": 29, ""role_p_85_r.asl"": 29, ""role_p_74_r.asl"": 29, ""role_p_97_r.asl"": 29, ""role_p_62_r.asl"": 29, ""role_p_63_r.asl"": 29, ""role_p_34_r.asl"": 29, ""role_p_69_r.asl"": 29, ""role_p_8_r.asl"": 29, ""role_p_76_r.asl"": 29, ""role_p_98_r.asl"": 29, ""role_p_50_r.asl"": 29, ""role_p_71_r.asl"": 29, ""role_p_93_r.asl"": 29, ""role_p_89_r.asl"": 29, ""role_p_90_r.asl"": 29, ""role_p_83_r.asl"": 29, ""role_p_91_r.asl"": 29, ""role_p_77_r.asl"": 29, ""role_p_78_r.asl"": 29, ""role_p_65_r.asl"": 29, ""role_p_68_r.asl"": 29, ""role_p_84_r.asl"": 29, ""role_p_80_r.asl"": 29, ""role_p_79_r.asl"": 29, ""role_p_45_r.asl"": 29, ""role_p_43_r.asl"": 29, ""role_p_51_r.asl"": 29, ""role_p_86_r.asl"": 29, ""role_p_44_r.asl"": 29, ""role_p_28_r.asl"": 29, ""role_p_52_r.asl"": 29, ""role_p_22_r.asl"": 29, ""role_p_87_r.asl"": 29, ""role_p_81_r.asl"": 29, ""role_p_72_r.asl"": 29, ""role_p_57_r.asl"": 29, ""role_p_66_r.asl"": 29, ""role_p_75_r.asl"": 29, ""role_p_70_r.asl"": 29, ""role_p_54_r.asl"": 29, ""role_p_46_r.asl"": 29, ""role_p_48_r.asl"": 29, ""role_p_64_r.asl"": 29, ""role_p_60_r.asl"": 29, ""role_p_88_r.asl"": 29, ""role_p_58_r.asl"": 29, ""role_p_30_r.asl"": 29, ""role_p_41_r.asl"": 29, ""role_p_56_r.asl"": 29, ""role_p_40_r.asl"": 29, ""role_p_55_r.asl"": 29, ""role_p_73_r.asl"": 29, ""role_p_31_r.asl"": 29, ""role_p_53_r.asl"": 29, ""role_p_42_r.asl"": 29, ""role_p_67_r.asl"": 29, ""role_p_47_r.asl"": 29}",8.69983136593592,0.05646502700255951,0.0017590149982424919,0.7894392013549805,True,0,0
scale_import_edges,12,Linux 7.2.3-arch1-2,x86_64,24,30.44,3.14.7,10,10,5,2,2,1,2,2,2,0,0,42,1186,23006,134,10318,"{""director_p_0.asl"": 125, ""director_p_82.asl"": 125, ""director_p_15.asl"": 125, ""director_p_4.asl"": 125, ""director_p_95.asl"": 125, ""director_p_36.asl"": 125, ""director_p_94.asl"": 125, ""director_p_96.asl"": 125, ""director_p_92.asl"": 125, ""director_p_99.asl"": 125, ""director_p_85.asl"": 125, ""director_p_74.asl"": 125, ""director_p_97.asl"": 125, ""director_p_62.asl"": 125, ""director_p_63.asl"": 125, ""director_p_34.asl"": 125, ""director_p_69.asl"": 125, ""director_p_8.asl"": 125, ""director_p_76.asl"": 125, ""director_p_98.asl"": 125, ""director_p_50.asl"": 125, ""director_p_71.asl"": 125, ""director_p_93.asl"": 125, ""director_p_89.asl"": 125, ""director_p_90.asl"": 125, ""director_p_83.asl"": 125, ""director_p_91.asl"": 125, ""director_p_77.asl"": 125, ""director_p_78.asl"": 125, ""director_p_65.asl"": 125, ""director_p_68.asl"": 125, ""director_p_84.asl"": 125, ""director_p_80.asl"": 125, ""director_p_79.asl"": 125, ""director_p_45.asl"": 125, ""director_p_43.asl"": 125, ""director_p_51.asl"": 125, ""director_p_86.asl"": 125, ""director_p_44.asl"": 125, ""director_p_28.asl"": 125, ""director_p_52.asl"": 125, ""director_p_22.asl"": 125, ""director_p_87.asl"": 125, ""director_p_81.asl"": 125, ""director_p_72.asl"": 125, ""director_p_57.asl"": 125, ""director_p_66.asl"": 125, ""director_p_75.asl"": 125, ""director_p_70.asl"": 125, ""director_p_54.asl"": 125, ""director_p_46.asl"": 125, ""director_p_48.asl"": 125, ""director_p_64.asl"": 125, ""director_p_60.asl"": 125, ""director_p_88.asl"": 125, ""director_p_58.asl"": 125, ""director_p_30.asl"": 125, ""director_p_41.asl"": 125, ""director_p_56.asl"": 125, ""director_p_40.asl"": 125, ""director_p_55.asl"": 125, ""director_p_73.asl"": 125, ""director_p_31.asl"": 125, ""director_p_53.asl"": 125, ""director_p_42.asl"": 125, ""director_p_67.asl"": 125, ""director_p_47.asl"": 125, ""role_p_0_r.asl"": 29, ""role_p_82_r.asl"": 29, ""role_p_15_r.asl"": 29, ""role_p_4_r.asl"": 29, ""role_p_95_r.asl"": 29, ""role_p_36_r.asl"": 29, ""role_p_94_r.asl"": 29, ""role_p_96_r.asl"": 29, ""role_p_92_r.asl"": 29, ""role_p_99_r.asl"": 29, ""role_p_85_r.asl"": 29, ""role_p_74_r.asl"": 29, ""role_p_97_r.asl"": 29, ""role_p_62_r.asl"": 29, ""role_p_63_r.asl"": 29, ""role_p_34_r.asl"": 29, ""role_p_69_r.asl"": 29, ""role_p_8_r.asl"": 29, ""role_p_76_r.asl"": 29, ""role_p_98_r.asl"": 29, ""role_p_50_r.asl"": 29, ""role_p_71_r.asl"": 29, ""role_p_93_r.asl"": 29, ""role_p_89_r.asl"": 29, ""role_p_90_r.asl"": 29, ""role_p_83_r.asl"": 29, ""role_p_91_r.asl"": 29, ""role_p_77_r.asl"": 29, ""role_p_78_r.asl"": 29, ""role_p_65_r.asl"": 29, ""role_p_68_r.asl"": 29, ""role_p_84_r.asl"": 29, ""role_p_80_r.asl"": 29, ""role_p_79_r.asl"": 29, ""role_p_45_r.asl"": 29, ""role_p_43_r.asl"": 29, ""role_p_51_r.asl"": 29, ""role_p_86_r.asl"": 29, ""role_p_44_r.asl"": 29, ""role_p_28_r.asl"": 29, ""role_p_52_r.asl"": 29, ""role_p_22_r.asl"": 29, ""role_p_87_r.asl"": 29, ""role_p_81_r.asl"": 29, ""role_p_72_r.asl"": 29, ""role_p_57_r.asl"": 29, ""role_p_66_r.asl"": 29, ""role_p_75_r.asl"": 29, ""role_p_70_r.asl"": 29, ""role_p_54_r.asl"": 29, ""role_p_46_r.asl"": 29, ""role_p_48_r.asl"": 29, ""role_p_64_r.asl"": 29, ""role_p_60_r.asl"": 29, ""role_p_88_r.asl"": 29, ""role_p_58_r.asl"": 29, ""role_p_30_r.asl"": 29, ""role_p_41_r.asl"": 29, ""role_p_56_r.asl"": 29, ""role_p_40_r.asl"": 29, ""role_p_55_r.asl"": 29, ""role_p_73_r.asl"": 29, ""role_p_31_r.asl"": 29, ""role_p_53_r.asl"": 29, ""role_p_42_r.asl"": 29, ""role_p_67_r.asl"": 29, ""role_p_47_r.asl"": 29}",8.69983136593592,0.05630899700190639,0.0017569439987710211,0.7899379730224609,True,0,0
scale_import_edges,13,Linux 7.2.3-arch1-2,x86_64,24,30.44,3.14.7,10,10,5,2,2,1,2,2,2,0,0,42,1186,23006,134,10318,"{""director_p_0.asl"": 125, ""director_p_82.asl"": 125, ""director_p_15.asl"": 125, ""director_p_4.asl"": 125, ""director_p_95.asl"": 125, ""director_p_36.asl"": 125, ""director_p_94.asl"": 125, ""director_p_96.asl"": 125, ""director_p_92.asl"": 125, ""director_p_99.asl"": 125, ""director_p_85.asl"": 125, ""director_p_74.asl"": 125, ""director_p_97.asl"": 125, ""director_p_62.asl"": 125, ""director_p_63.asl"": 125, ""director_p_34.asl"": 125, ""director_p_69.asl"": 125, ""director_p_8.asl"": 125, ""director_p_76.asl"": 125, ""director_p_98.asl"": 125, ""director_p_50.asl"": 125, ""director_p_71.asl"": 125, ""director_p_93.asl"": 125, ""director_p_89.asl"": 125, ""director_p_90.asl"": 125, ""director_p_83.asl"": 125, ""director_p_91.asl"": 125, ""director_p_77.asl"": 125, ""director_p_78.asl"": 125, ""director_p_65.asl"": 125, ""director_p_68.asl"": 125, ""director_p_84.asl"": 125, ""director_p_80.asl"": 125, ""director_p_79.asl"": 125, ""director_p_45.asl"": 125, ""director_p_43.asl"": 125, ""director_p_51.asl"": 125, ""director_p_86.asl"": 125, ""director_p_44.asl"": 125, ""director_p_28.asl"": 125, ""director_p_52.asl"": 125, ""director_p_22.asl"": 125, ""director_p_87.asl"": 125, ""director_p_81.asl"": 125, ""director_p_72.asl"": 125, ""director_p_57.asl"": 125, ""director_p_66.asl"": 125, ""director_p_75.asl"": 125, ""director_p_70.asl"": 125, ""director_p_54.asl"": 125, ""director_p_46.asl"": 125, ""director_p_48.asl"": 125, ""director_p_64.asl"": 125, ""director_p_60.asl"": 125, ""director_p_88.asl"": 125, ""director_p_58.asl"": 125, ""director_p_30.asl"": 125, ""director_p_41.asl"": 125, ""director_p_56.asl"": 125, ""director_p_40.asl"": 125, ""director_p_55.asl"": 125, ""director_p_73.asl"": 125, ""director_p_31.asl"": 125, ""director_p_53.asl"": 125, ""director_p_42.asl"": 125, ""director_p_67.asl"": 125, ""director_p_47.asl"": 125, ""role_p_0_r.asl"": 29, ""role_p_82_r.asl"": 29, ""role_p_15_r.asl"": 29, ""role_p_4_r.asl"": 29, ""role_p_95_r.asl"": 29, ""role_p_36_r.asl"": 29, ""role_p_94_r.asl"": 29, ""role_p_96_r.asl"": 29, ""role_p_92_r.asl"": 29, ""role_p_99_r.asl"": 29, ""role_p_85_r.asl"": 29, ""role_p_74_r.asl"": 29, ""role_p_97_r.asl"": 29, ""role_p_62_r.asl"": 29, ""role_p_63_r.asl"": 29, ""role_p_34_r.asl"": 29, ""role_p_69_r.asl"": 29, ""role_p_8_r.asl"": 29, ""role_p_76_r.asl"": 29, ""role_p_98_r.asl"": 29, ""role_p_50_r.asl"": 29, ""role_p_71_r.asl"": 29, ""role_p_93_r.asl"": 29, ""role_p_89_r.asl"": 29, ""role_p_90_r.asl"": 29, ""role_p_83_r.asl"": 29, ""role_p_91_r.asl"": 29, ""role_p_77_r.asl"": 29, ""role_p_78_r.asl"": 29, ""role_p_65_r.asl"": 29, ""role_p_68_r.asl"": 29, ""role_p_84_r.asl"": 29, ""role_p_80_r.asl"": 29, ""role_p_79_r.asl"": 29, ""role_p_45_r.asl"": 29, ""role_p_43_r.asl"": 29, ""role_p_51_r.asl"": 29, ""role_p_86_r.asl"": 29, ""role_p_44_r.asl"": 29, ""role_p_28_r.asl"": 29, ""role_p_52_r.asl"": 29, ""role_p_22_r.asl"": 29, ""role_p_87_r.asl"": 29, ""role_p_81_r.asl"": 29, ""role_p_72_r.asl"": 29, ""role_p_57_r.asl"": 29, ""role_p_66_r.asl"": 29, ""role_p_75_r.asl"": 29, ""role_p_70_r.asl"": 29, ""role_p_54_r.asl"": 29, ""role_p_46_r.asl"": 29, ""role_p_48_r.asl"": 29, ""role_p_64_r.asl"": 29, ""role_p_60_r.asl"": 29, ""role_p_88_r.asl"": 29, ""role_p_58_r.asl"": 29, ""role_p_30_r.asl"": 29, ""role_p_41_r.asl"": 29, ""role_p_56_r.asl"": 29, ""role_p_40_r.asl"": 29, ""role_p_55_r.asl"": 29, ""role_p_73_r.asl"": 29, ""role_p_31_r.asl"": 29, ""role_p_53_r.asl"": 29, ""role_p_42_r.asl"": 29, ""role_p_67_r.asl"": 29, ""role_p_47_r.asl"": 29}",8.69983136593592,0.05654935499842395,0.0017603939995751716,0.7860479354858398,True,0,0
scale_import_edges,14,Linux 7.2.3-arch1-2,x86_64,24,30.44,3.14.7,10,10,5,2,2,1,2,2,2,0,0,42,1186,23006,134,10318,"{""director_p_0.asl"": 125, ""director_p_82.asl"": 125, ""director_p_15.asl"": 125, ""director_p_4.asl"": 125, ""director_p_95.asl"": 125, ""director_p_36.asl"": 125, ""director_p_94.asl"": 125, ""director_p_96.asl"": 125, ""director_p_92.asl"": 125, ""director_p_99.asl"": 125, ""director_p_85.asl"": 125, ""director_p_74.asl"": 125, ""director_p_97.asl"": 125, ""director_p_62.asl"": 125, ""director_p_63.asl"": 125, ""director_p_34.asl"": 125, ""director_p_69.asl"": 125, ""director_p_8.asl"": 125, ""director_p_76.asl"": 125, ""director_p_98.asl"": 125, ""director_p_50.asl"": 125, ""director_p_71.asl"": 125, ""director_p_93.asl"": 125, ""director_p_89.asl"": 125, ""director_p_90.asl"": 125, ""director_p_83.asl"": 125, ""director_p_91.asl"": 125, ""director_p_77.asl"": 125, ""director_p_78.asl"": 125, ""director_p_65.asl"": 125, ""director_p_68.asl"": 125, ""director_p_84.asl"": 125, ""director_p_80.asl"": 125, ""director_p_79.asl"": 125, ""director_p_45.asl"": 125, ""director_p_43.asl"": 125, ""director_p_51.asl"": 125, ""director_p_86.asl"": 125, ""director_p_44.asl"": 125, ""director_p_28.asl"": 125, ""director_p_52.asl"": 125, ""director_p_22.asl"": 125, ""director_p_87.asl"": 125, ""director_p_81.asl"": 125, ""director_p_72.asl"": 125, ""director_p_57.asl"": 125, ""director_p_66.asl"": 125, ""director_p_75.asl"": 125, ""director_p_70.asl"": 125, ""director_p_54.asl"": 125, ""director_p_46.asl"": 125, ""director_p_48.asl"": 125, ""director_p_64.asl"": 125, ""director_p_60.asl"": 125, ""director_p_88.asl"": 125, ""director_p_58.asl"": 125, ""director_p_30.asl"": 125, ""director_p_41.asl"": 125, ""director_p_56.asl"": 125, ""director_p_40.asl"": 125, ""director_p_55.asl"": 125, ""director_p_73.asl"": 125, ""director_p_31.asl"": 125, ""director_p_53.asl"": 125, ""director_p_42.asl"": 125, ""director_p_67.asl"": 125, ""director_p_47.asl"": 125, ""role_p_0_r.asl"": 29, ""role_p_82_r.asl"": 29, ""role_p_15_r.asl"": 29, ""role_p_4_r.asl"": 29, ""role_p_95_r.asl"": 29, ""role_p_36_r.asl"": 29, ""role_p_94_r.asl"": 29, ""role_p_96_r.asl"": 29, ""role_p_92_r.asl"": 29, ""role_p_99_r.asl"": 29, ""role_p_85_r.asl"": 29, ""role_p_74_r.asl"": 29, ""role_p_97_r.asl"": 29, ""role_p_62_r.asl"": 29, ""role_p_63_r.asl"": 29, ""role_p_34_r.asl"": 29, ""role_p_69_r.asl"": 29, ""role_p_8_r.asl"": 29, ""role_p_76_r.asl"": 29, ""role_p_98_r.asl"": 29, ""role_p_50_r.asl"": 29, ""role_p_71_r.asl"": 29, ""role_p_93_r.asl"": 29, ""role_p_89_r.asl"": 29, ""role_p_90_r.asl"": 29, ""role_p_83_r.asl"": 29, ""role_p_91_r.asl"": 29, ""role_p_77_r.asl"": 29, ""role_p_78_r.asl"": 29, ""role_p_65_r.asl"": 29, ""role_p_68_r.asl"": 29, ""role_p_84_r.asl"": 29, ""role_p_80_r.asl"": 29, ""role_p_79_r.asl"": 29, ""role_p_45_r.asl"": 29, ""role_p_43_r.asl"": 29, ""role_p_51_r.asl"": 29, ""role_p_86_r.asl"": 29, ""role_p_44_r.asl"": 29, ""role_p_28_r.asl"": 29, ""role_p_52_r.asl"": 29, ""role_p_22_r.asl"": 29, ""role_p_87_r.asl"": 29, ""role_p_81_r.asl"": 29, ""role_p_72_r.asl"": 29, ""role_p_57_r.asl"": 29, ""role_p_66_r.asl"": 29, ""role_p_75_r.asl"": 29, ""role_p_70_r.asl"": 29, ""role_p_54_r.asl"": 29, ""role_p_46_r.asl"": 29, ""role_p_48_r.asl"": 29, ""role_p_64_r.asl"": 29, ""role_p_60_r.asl"": 29, ""role_p_88_r.asl"": 29, ""role_p_58_r.asl"": 29, ""role_p_30_r.asl"": 29, ""role_p_41_r.asl"": 29, ""role_p_56_r.asl"": 29, ""role_p_40_r.asl"": 29, ""role_p_55_r.asl"": 29, ""role_p_73_r.asl"": 29, ""role_p_31_r.asl"": 29, ""role_p_53_r.asl"": 29, ""role_p_42_r.asl"": 29, ""role_p_67_r.asl"": 29, ""role_p_47_r.asl"": 29}",8.69983136593592,0.056477816000551684,0.0017501850015833043,0.7879762649536133,True,0,0
scale_import_edges,15,Linux 7.2.3-arch1-2,x86_64,24,30.44,3.14.7,10,10,5,2,2,1,2,2,2,0,0,42,1646,34046,166,12782,"{""director_p_0.asl"": 125, ""director_p_82.asl"": 125, ""director_p_15.asl"": 125, ""director_p_4.asl"": 125, ""director_p_95.asl"": 125, ""director_p_36.asl"": 125, ""director_p_32.asl"": 125, ""director_p_29.asl"": 125, ""director_p_18.asl"": 125, ""director_p_14.asl"": 125, ""director_p_87.asl"": 125, ""director_p_94.asl"": 125, ""director_p_97.asl"": 125, ""director_p_98.asl"": 125, ""director_p_96.asl"": 125, ""director_p_86.asl"": 125, ""director_p_84.asl"": 125, ""director_p_99.asl"": 125, ""director_p_88.asl"": 125, ""director_p_93.asl"": 125, ""director_p_30.asl"": 125, ""director_p_50.asl"": 125, ""director_p_59.asl"": 125, ""director_p_53.asl"": 125, ""director_p_71.asl"": 125, ""director_p_74.asl"": 125, ""director_p_16.asl"": 125, ""director_p_48.asl"": 125, ""director_p_17.asl"": 125, ""director_p_49.asl"": 125, ""director_p_38.asl"": 125, ""director_p_10.asl"": 125, ""director_p_37.asl"": 125, ""director_p_79.asl"": 125, ""director_p_89.asl"": 125, ""director_p_72.asl"": 125, ""director_p_56.asl"": 125, ""director_p_43.asl"": 125, ""director_p_45.asl"": 125, ""director_p_44.asl"": 125, ""director_p_73.asl"": 125, ""director_p_63.asl"": 125, ""director_p_66.asl"": 125, ""director_p_83.asl"": 125, ""director_p_41.asl"": 125, ""director_p_75.asl"": 125, ""director_p_52.asl"": 125, ""director_p_62.asl"": 125, ""director_p_70.asl"": 125, ""director_p_91.asl"": 125, ""director_p_33.asl"": 125, ""director_p_58.asl"": 125, ""director_p_26.asl"": 125, ""director_p_81.asl"": 125, ""director_p_27.asl"": 125, ""director_p_23.asl"": 125, ""director_p_64.asl"": 125, ""director_p_47.asl"": 125, ""director_p_85.asl"": 125, ""director_p_92.asl"": 125, ""director_p_90.asl"": 125, ""director_p_54.asl"": 125, ""director_p_39.asl"": 125, ""director_p_61.asl"": 125, ""director_p_67.asl"": 125, ""director_p_78.asl"": 125, ""director_p_51.asl"": 125, ""director_p_76.asl"": 125, ""director_p_65.asl"": 125, ""director_p_80.asl"": 125, ""director_p_77.asl"": 125, ""director_p_55.asl"": 125, ""director_p_42.asl"": 125, ""director_p_60.asl"": 125, ""director_p_20.asl"": 125, ""director_p_57.asl"": 125, ""director_p_40.asl"": 125, ""director_p_19.asl"": 125, ""director_p_69.asl"": 125, ""director_p_46.asl"": 125, ""director_p_68.asl"": 125, ""director_p_35.asl"": 125, ""director_p_28.asl"": 125, ""role_p_0_r.asl"": 29, ""role_p_82_r.asl"": 29, ""role_p_15_r.asl"": 29, ""role_p_4_r.asl"": 29, ""role_p_95_r.asl"": 29, ""role_p_36_r.asl"": 29, ""role_p_32_r.asl"": 29, ""role_p_29_r.asl"": 29, ""role_p_18_r.asl"": 29, ""role_p_14_r.asl"": 29, ""role_p_87_r.asl"": 29, ""role_p_94_r.asl"": 29, ""role_p_97_r.asl"": 29, ""role_p_98_r.asl"": 29, ""role_p_96_r.asl"": 29, ""role_p_86_r.asl"": 29, ""role_p_84_r.asl"": 29, ""role_p_99_r.asl"": 29, ""role_p_88_r.asl"": 29, ""role_p_93_r.asl"": 29, ""role_p_30_r.asl"": 29, ""role_p_50_r.asl"": 29, ""role_p_59_r.asl"": 29, ""role_p_53_r.asl"": 29, ""role_p_71_r.asl"": 29, ""role_p_74_r.asl"": 29, ""role_p_16_r.asl"": 29, ""role_p_48_r.asl"": 29, ""role_p_17_r.asl"": 29, ""role_p_49_r.asl"": 29, ""role_p_38_r.asl"": 29, ""role_p_10_r.asl"": 29, ""role_p_37_r.asl"": 29, ""role_p_79_r.asl"": 29, ""role_p_89_r.asl"": 29, ""role_p_72_r.asl"": 29, ""role_p_56_r.asl"": 29, ""role_p_43_r.asl"": 29, ""role_p_45_r.asl"": 29, ""role_p_44_r.asl"": 29, ""role_p_73_r.asl"": 29, ""role_p_63_r.asl"": 29, ""role_p_66_r.asl"": 29, ""role_p_83_r.asl"": 29, ""role_p_41_r.asl"": 29, ""role_p_75_r.asl"": 29, ""role_p_52_r.asl"": 29, ""role_p_62_r.asl"": 29, ""role_p_70_r.asl"": 29, ""role_p_91_r.asl"": 29, ""role_p_33_r.asl"": 29, ""role_p_58_r.asl"": 29, ""role_p_26_r.asl"": 29, ""role_p_81_r.asl"": 29, ""role_p_27_r.asl"": 29, ""role_p_23_r.asl"": 29, ""role_p_64_r.asl"": 29, ""role_p_47_r.asl"": 29, ""role_p_85_r.asl"": 29, ""role_p_92_r.asl"": 29, ""role_p_90_r.asl"": 29, ""role_p_54_r.asl"": 29, ""role_p_39_r.asl"": 29, ""role_p_61_r.asl"": 29, ""role_p_67_r.asl"": 29, ""role_p_78_r.asl"": 29, ""role_p_51_r.asl"": 29, ""role_p_76_r.asl"": 29, ""role_p_65_r.asl"": 29, ""role_p_80_r.asl"": 29, ""role_p_77_r.asl"": 29, ""role_p_55_r.asl"": 29, ""role_p_42_r.asl"": 29, ""role_p_60_r.asl"": 29, ""role_p_20_r.asl"": 29, ""role_p_57_r.asl"": 29, ""role_p_40_r.asl"": 29, ""role_p_19_r.asl"": 29, ""role_p_69_r.asl"": 29, ""role_p_46_r.asl"": 29, ""role_p_68_r.asl"": 29, ""role_p_35_r.asl"": 29, ""role_p_28_r.asl"": 29}",7.765492102065614,0.10486425800263532,0.002185153996833833,1.0969085693359375,True,0,0
scale_import_edges,16,Linux 7.2.3-arch1-2,x86_64,24,30.44,3.14.7,10,10,5,2,2,1,2,2,2,0,0,42,1646,34046,166,12782,"{""director_p_0.asl"": 125, ""director_p_82.asl"": 125, ""director_p_15.asl"": 125, ""director_p_4.asl"": 125, ""director_p_95.asl"": 125, ""director_p_36.asl"": 125, ""director_p_32.asl"": 125, ""director_p_29.asl"": 125, ""director_p_18.asl"": 125, ""director_p_14.asl"": 125, ""director_p_87.asl"": 125, ""director_p_94.asl"": 125, ""director_p_97.asl"": 125, ""director_p_98.asl"": 125, ""director_p_96.asl"": 125, ""director_p_86.asl"": 125, ""director_p_84.asl"": 125, ""director_p_99.asl"": 125, ""director_p_88.asl"": 125, ""director_p_93.asl"": 125, ""director_p_30.asl"": 125, ""director_p_50.asl"": 125, ""director_p_59.asl"": 125, ""director_p_53.asl"": 125, ""director_p_71.asl"": 125, ""director_p_74.asl"": 125, ""director_p_16.asl"": 125, ""director_p_48.asl"": 125, ""director_p_17.asl"": 125, ""director_p_49.asl"": 125, ""director_p_38.asl"": 125, ""director_p_10.asl"": 125, ""director_p_37.asl"": 125, ""director_p_79.asl"": 125, ""director_p_89.asl"": 125, ""director_p_72.asl"": 125, ""director_p_56.asl"": 125, ""director_p_43.asl"": 125, ""director_p_45.asl"": 125, ""director_p_44.asl"": 125, ""director_p_73.asl"": 125, ""director_p_63.asl"": 125, ""director_p_66.asl"": 125, ""director_p_83.asl"": 125, ""director_p_41.asl"": 125, ""director_p_75.asl"": 125, ""director_p_52.asl"": 125, ""director_p_62.asl"": 125, ""director_p_70.asl"": 125, ""director_p_91.asl"": 125, ""director_p_33.asl"": 125, ""director_p_58.asl"": 125, ""director_p_26.asl"": 125, ""director_p_81.asl"": 125, ""director_p_27.asl"": 125, ""director_p_23.asl"": 125, ""director_p_64.asl"": 125, ""director_p_47.asl"": 125, ""director_p_85.asl"": 125, ""director_p_92.asl"": 125, ""director_p_90.asl"": 125, ""director_p_54.asl"": 125, ""director_p_39.asl"": 125, ""director_p_61.asl"": 125, ""director_p_67.asl"": 125, ""director_p_78.asl"": 125, ""director_p_51.asl"": 125, ""director_p_76.asl"": 125, ""director_p_65.asl"": 125, ""director_p_80.asl"": 125, ""director_p_77.asl"": 125, ""director_p_55.asl"": 125, ""director_p_42.asl"": 125, ""director_p_60.asl"": 125, ""director_p_20.asl"": 125, ""director_p_57.asl"": 125, ""director_p_40.asl"": 125, ""director_p_19.asl"": 125, ""director_p_69.asl"": 125, ""director_p_46.asl"": 125, ""director_p_68.asl"": 125, ""director_p_35.asl"": 125, ""director_p_28.asl"": 125, ""role_p_0_r.asl"": 29, ""role_p_82_r.asl"": 29, ""role_p_15_r.asl"": 29, ""role_p_4_r.asl"": 29, ""role_p_95_r.asl"": 29, ""role_p_36_r.asl"": 29, ""role_p_32_r.asl"": 29, ""role_p_29_r.asl"": 29, ""role_p_18_r.asl"": 29, ""role_p_14_r.asl"": 29, ""role_p_87_r.asl"": 29, ""role_p_94_r.asl"": 29, ""role_p_97_r.asl"": 29, ""role_p_98_r.asl"": 29, ""role_p_96_r.asl"": 29, ""role_p_86_r.asl"": 29, ""role_p_84_r.asl"": 29, ""role_p_99_r.asl"": 29, ""role_p_88_r.asl"": 29, ""role_p_93_r.asl"": 29, ""role_p_30_r.asl"": 29, ""role_p_50_r.asl"": 29, ""role_p_59_r.asl"": 29, ""role_p_53_r.asl"": 29, ""role_p_71_r.asl"": 29, ""role_p_74_r.asl"": 29, ""role_p_16_r.asl"": 29, ""role_p_48_r.asl"": 29, ""role_p_17_r.asl"": 29, ""role_p_49_r.asl"": 29, ""role_p_38_r.asl"": 29, ""role_p_10_r.asl"": 29, ""role_p_37_r.asl"": 29, ""role_p_79_r.asl"": 29, ""role_p_89_r.asl"": 29, ""role_p_72_r.asl"": 29, ""role_p_56_r.asl"": 29, ""role_p_43_r.asl"": 29, ""role_p_45_r.asl"": 29, ""role_p_44_r.asl"": 29, ""role_p_73_r.asl"": 29, ""role_p_63_r.asl"": 29, ""role_p_66_r.asl"": 29, ""role_p_83_r.asl"": 29, ""role_p_41_r.asl"": 29, ""role_p_75_r.asl"": 29, ""role_p_52_r.asl"": 29, ""role_p_62_r.asl"": 29, ""role_p_70_r.asl"": 29, ""role_p_91_r.asl"": 29, ""role_p_33_r.asl"": 29, ""role_p_58_r.asl"": 29, ""role_p_26_r.asl"": 29, ""role_p_81_r.asl"": 29, ""role_p_27_r.asl"": 29, ""role_p_23_r.asl"": 29, ""role_p_64_r.asl"": 29, ""role_p_47_r.asl"": 29, ""role_p_85_r.asl"": 29, ""role_p_92_r.asl"": 29, ""role_p_90_r.asl"": 29, ""role_p_54_r.asl"": 29, ""role_p_39_r.asl"": 29, ""role_p_61_r.asl"": 29, ""role_p_67_r.asl"": 29, ""role_p_78_r.asl"": 29, ""role_p_51_r.asl"": 29, ""role_p_76_r.asl"": 29, ""role_p_65_r.asl"": 29, ""role_p_80_r.asl"": 29, ""role_p_77_r.asl"": 29, ""role_p_55_r.asl"": 29, ""role_p_42_r.asl"": 29, ""role_p_60_r.asl"": 29, ""role_p_20_r.asl"": 29, ""role_p_57_r.asl"": 29, ""role_p_40_r.asl"": 29, ""role_p_19_r.asl"": 29, ""role_p_69_r.asl"": 29, ""role_p_46_r.asl"": 29, ""role_p_68_r.asl"": 29, ""role_p_35_r.asl"": 29, ""role_p_28_r.asl"": 29}",7.765492102065614,0.10426838900093571,0.002167493999877479,1.100687026977539,True,0,0
scale_import_edges,17,Linux 7.2.3-arch1-2,x86_64,24,30.44,3.14.7,10,10,5,2,2,1,2,2,2,0,0,42,1646,34046,166,12782,"{""director_p_0.asl"": 125, ""director_p_82.asl"": 125, ""director_p_15.asl"": 125, ""director_p_4.asl"": 125, ""director_p_95.asl"": 125, ""director_p_36.asl"": 125, ""director_p_32.asl"": 125, ""director_p_29.asl"": 125, ""director_p_18.asl"": 125, ""director_p_14.asl"": 125, ""director_p_87.asl"": 125, ""director_p_94.asl"": 125, ""director_p_97.asl"": 125, ""director_p_98.asl"": 125, ""director_p_96.asl"": 125, ""director_p_86.asl"": 125, ""director_p_84.asl"": 125, ""director_p_99.asl"": 125, ""director_p_88.asl"": 125, ""director_p_93.asl"": 125, ""director_p_30.asl"": 125, ""director_p_50.asl"": 125, ""director_p_59.asl"": 125, ""director_p_53.asl"": 125, ""director_p_71.asl"": 125, ""director_p_74.asl"": 125, ""director_p_16.asl"": 125, ""director_p_48.asl"": 125, ""director_p_17.asl"": 125, ""director_p_49.asl"": 125, ""director_p_38.asl"": 125, ""director_p_10.asl"": 125, ""director_p_37.asl"": 125, ""director_p_79.asl"": 125, ""director_p_89.asl"": 125, ""director_p_72.asl"": 125, ""director_p_56.asl"": 125, ""director_p_43.asl"": 125, ""director_p_45.asl"": 125, ""director_p_44.asl"": 125, ""director_p_73.asl"": 125, ""director_p_63.asl"": 125, ""director_p_66.asl"": 125, ""director_p_83.asl"": 125, ""director_p_41.asl"": 125, ""director_p_75.asl"": 125, ""director_p_52.asl"": 125, ""director_p_62.asl"": 125, ""director_p_70.asl"": 125, ""director_p_91.asl"": 125, ""director_p_33.asl"": 125, ""director_p_58.asl"": 125, ""director_p_26.asl"": 125, ""director_p_81.asl"": 125, ""director_p_27.asl"": 125, ""director_p_23.asl"": 125, ""director_p_64.asl"": 125, ""director_p_47.asl"": 125, ""director_p_85.asl"": 125, ""director_p_92.asl"": 125, ""director_p_90.asl"": 125, ""director_p_54.asl"": 125, ""director_p_39.asl"": 125, ""director_p_61.asl"": 125, ""director_p_67.asl"": 125, ""director_p_78.asl"": 125, ""director_p_51.asl"": 125, ""director_p_76.asl"": 125, ""director_p_65.asl"": 125, ""director_p_80.asl"": 125, ""director_p_77.asl"": 125, ""director_p_55.asl"": 125, ""director_p_42.asl"": 125, ""director_p_60.asl"": 125, ""director_p_20.asl"": 125, ""director_p_57.asl"": 125, ""director_p_40.asl"": 125, ""director_p_19.asl"": 125, ""director_p_69.asl"": 125, ""director_p_46.asl"": 125, ""director_p_68.asl"": 125, ""director_p_35.asl"": 125, ""director_p_28.asl"": 125, ""role_p_0_r.asl"": 29, ""role_p_82_r.asl"": 29, ""role_p_15_r.asl"": 29, ""role_p_4_r.asl"": 29, ""role_p_95_r.asl"": 29, ""role_p_36_r.asl"": 29, ""role_p_32_r.asl"": 29, ""role_p_29_r.asl"": 29, ""role_p_18_r.asl"": 29, ""role_p_14_r.asl"": 29, ""role_p_87_r.asl"": 29, ""role_p_94_r.asl"": 29, ""role_p_97_r.asl"": 29, ""role_p_98_r.asl"": 29, ""role_p_96_r.asl"": 29, ""role_p_86_r.asl"": 29, ""role_p_84_r.asl"": 29, ""role_p_99_r.asl"": 29, ""role_p_88_r.asl"": 29, ""role_p_93_r.asl"": 29, ""role_p_30_r.asl"": 29, ""role_p_50_r.asl"": 29, ""role_p_59_r.asl"": 29, ""role_p_53_r.asl"": 29, ""role_p_71_r.asl"": 29, ""role_p_74_r.asl"": 29, ""role_p_16_r.asl"": 29, ""role_p_48_r.asl"": 29, ""role_p_17_r.asl"": 29, ""role_p_49_r.asl"": 29, ""role_p_38_r.asl"": 29, ""role_p_10_r.asl"": 29, ""role_p_37_r.asl"": 29, ""role_p_79_r.asl"": 29, ""role_p_89_r.asl"": 29, ""role_p_72_r.asl"": 29, ""role_p_56_r.asl"": 29, ""role_p_43_r.asl"": 29, ""role_p_45_r.asl"": 29, ""role_p_44_r.asl"": 29, ""role_p_73_r.asl"": 29, ""role_p_63_r.asl"": 29, ""role_p_66_r.asl"": 29, ""role_p_83_r.asl"": 29, ""role_p_41_r.asl"": 29, ""role_p_75_r.asl"": 29, ""role_p_52_r.asl"": 29, ""role_p_62_r.asl"": 29, ""role_p_70_r.asl"": 29, ""role_p_91_r.asl"": 29, ""role_p_33_r.asl"": 29, ""role_p_58_r.asl"": 29, ""role_p_26_r.asl"": 29, ""role_p_81_r.asl"": 29, ""role_p_27_r.asl"": 29, ""role_p_23_r.asl"": 29, ""role_p_64_r.asl"": 29, ""role_p_47_r.asl"": 29, ""role_p_85_r.asl"": 29, ""role_p_92_r.asl"": 29, ""role_p_90_r.asl"": 29, ""role_p_54_r.asl"": 29, ""role_p_39_r.asl"": 29, ""role_p_61_r.asl"": 29, ""role_p_67_r.asl"": 29, ""role_p_78_r.asl"": 29, ""role_p_51_r.asl"": 29, ""role_p_76_r.asl"": 29, ""role_p_65_r.asl"": 29, ""role_p_80_r.asl"": 29, ""role_p_77_r.asl"": 29, ""role_p_55_r.asl"": 29, ""role_p_42_r.asl"": 29, ""role_p_60_r.asl"": 29, ""role_p_20_r.asl"": 29, ""role_p_57_r.asl"": 29, ""role_p_40_r.asl"": 29, ""role_p_19_r.asl"": 29, ""role_p_69_r.asl"": 29, ""role_p_46_r.asl"": 29, ""role_p_68_r.asl"": 29, ""role_p_35_r.asl"": 29, ""role_p_28_r.asl"": 29}",7.765492102065614,0.10387216099843499,0.00216356300006737,1.0976448059082031,True,0,0
scale_import_edges,18,Linux 7.2.3-arch1-2,x86_64,24,30.44,3.14.7,10,10,5,2,2,1,2,2,2,0,0,42,1646,34046,166,12782,"{""director_p_0.asl"": 125, ""director_p_82.asl"": 125, ""director_p_15.asl"": 125, ""director_p_4.asl"": 125, ""director_p_95.asl"": 125, ""director_p_36.asl"": 125, ""director_p_32.asl"": 125, ""director_p_29.asl"": 125, ""director_p_18.asl"": 125, ""director_p_14.asl"": 125, ""director_p_87.asl"": 125, ""director_p_94.asl"": 125, ""director_p_97.asl"": 125, ""director_p_98.asl"": 125, ""director_p_96.asl"": 125, ""director_p_86.asl"": 125, ""director_p_84.asl"": 125, ""director_p_99.asl"": 125, ""director_p_88.asl"": 125, ""director_p_93.asl"": 125, ""director_p_30.asl"": 125, ""director_p_50.asl"": 125, ""director_p_59.asl"": 125, ""director_p_53.asl"": 125, ""director_p_71.asl"": 125, ""director_p_74.asl"": 125, ""director_p_16.asl"": 125, ""director_p_48.asl"": 125, ""director_p_17.asl"": 125, ""director_p_49.asl"": 125, ""director_p_38.asl"": 125, ""director_p_10.asl"": 125, ""director_p_37.asl"": 125, ""director_p_79.asl"": 125, ""director_p_89.asl"": 125, ""director_p_72.asl"": 125, ""director_p_56.asl"": 125, ""director_p_43.asl"": 125, ""director_p_45.asl"": 125, ""director_p_44.asl"": 125, ""director_p_73.asl"": 125, ""director_p_63.asl"": 125, ""director_p_66.asl"": 125, ""director_p_83.asl"": 125, ""director_p_41.asl"": 125, ""director_p_75.asl"": 125, ""director_p_52.asl"": 125, ""director_p_62.asl"": 125, ""director_p_70.asl"": 125, ""director_p_91.asl"": 125, ""director_p_33.asl"": 125, ""director_p_58.asl"": 125, ""director_p_26.asl"": 125, ""director_p_81.asl"": 125, ""director_p_27.asl"": 125, ""director_p_23.asl"": 125, ""director_p_64.asl"": 125, ""director_p_47.asl"": 125, ""director_p_85.asl"": 125, ""director_p_92.asl"": 125, ""director_p_90.asl"": 125, ""director_p_54.asl"": 125, ""director_p_39.asl"": 125, ""director_p_61.asl"": 125, ""director_p_67.asl"": 125, ""director_p_78.asl"": 125, ""director_p_51.asl"": 125, ""director_p_76.asl"": 125, ""director_p_65.asl"": 125, ""director_p_80.asl"": 125, ""director_p_77.asl"": 125, ""director_p_55.asl"": 125, ""director_p_42.asl"": 125, ""director_p_60.asl"": 125, ""director_p_20.asl"": 125, ""director_p_57.asl"": 125, ""director_p_40.asl"": 125, ""director_p_19.asl"": 125, ""director_p_69.asl"": 125, ""director_p_46.asl"": 125, ""director_p_68.asl"": 125, ""director_p_35.asl"": 125, ""director_p_28.asl"": 125, ""role_p_0_r.asl"": 29, ""role_p_82_r.asl"": 29, ""role_p_15_r.asl"": 29, ""role_p_4_r.asl"": 29, ""role_p_95_r.asl"": 29, ""role_p_36_r.asl"": 29, ""role_p_32_r.asl"": 29, ""role_p_29_r.asl"": 29, ""role_p_18_r.asl"": 29, ""role_p_14_r.asl"": 29, ""role_p_87_r.asl"": 29, ""role_p_94_r.asl"": 29, ""role_p_97_r.asl"": 29, ""role_p_98_r.asl"": 29, ""role_p_96_r.asl"": 29, ""role_p_86_r.asl"": 29, ""role_p_84_r.asl"": 29, ""role_p_99_r.asl"": 29, ""role_p_88_r.asl"": 29, ""role_p_93_r.asl"": 29, ""role_p_30_r.asl"": 29, ""role_p_50_r.asl"": 29, ""role_p_59_r.asl"": 29, ""role_p_53_r.asl"": 29, ""role_p_71_r.asl"": 29, ""role_p_74_r.asl"": 29, ""role_p_16_r.asl"": 29, ""role_p_48_r.asl"": 29, ""role_p_17_r.asl"": 29, ""role_p_49_r.asl"": 29, ""role_p_38_r.asl"": 29, ""role_p_10_r.asl"": 29, ""role_p_37_r.asl"": 29, ""role_p_79_r.asl"": 29, ""role_p_89_r.asl"": 29, ""role_p_72_r.asl"": 29, ""role_p_56_r.asl"": 29, ""role_p_43_r.asl"": 29, ""role_p_45_r.asl"": 29, ""role_p_44_r.asl"": 29, ""role_p_73_r.asl"": 29, ""role_p_63_r.asl"": 29, ""role_p_66_r.asl"": 29, ""role_p_83_r.asl"": 29, ""role_p_41_r.asl"": 29, ""role_p_75_r.asl"": 29, ""role_p_52_r.asl"": 29, ""role_p_62_r.asl"": 29, ""role_p_70_r.asl"": 29, ""role_p_91_r.asl"": 29, ""role_p_33_r.asl"": 29, ""role_p_58_r.asl"": 29, ""role_p_26_r.asl"": 29, ""role_p_81_r.asl"": 29, ""role_p_27_r.asl"": 29, ""role_p_23_r.asl"": 29, ""role_p_64_r.asl"": 29, ""role_p_47_r.asl"": 29, ""role_p_85_r.asl"": 29, ""role_p_92_r.asl"": 29, ""role_p_90_r.asl"": 29, ""role_p_54_r.asl"": 29, ""role_p_39_r.asl"": 29, ""role_p_61_r.asl"": 29, ""role_p_67_r.asl"": 29, ""role_p_78_r.asl"": 29, ""role_p_51_r.asl"": 29, ""role_p_76_r.asl"": 29, ""role_p_65_r.asl"": 29, ""role_p_80_r.asl"": 29, ""role_p_77_r.asl"": 29, ""role_p_55_r.asl"": 29, ""role_p_42_r.asl"": 29, ""role_p_60_r.asl"": 29, ""role_p_20_r.asl"": 29, ""role_p_57_r.asl"": 29, ""role_p_40_r.asl"": 29, ""role_p_19_r.asl"": 29, ""role_p_69_r.asl"": 29, ""role_p_46_r.asl"": 29, ""role_p_68_r.asl"": 29, ""role_p_35_r.asl"": 29, ""role_p_28_r.asl"": 29}",7.765492102065614,0.10760691900213715,0.0022383930008800235,1.0971908569335938,True,0,0
scale_import_edges,19,Linux 7.2.3-arch1-2,x86_64,24,30.44,3.14.7,10,10,5,2,2,1,2,2,2,0,0,42,1646,34046,166,12782,"{""director_p_0.asl"": 125, ""director_p_82.asl"": 125, ""director_p_15.asl"": 125, ""director_p_4.asl"": 125, ""director_p_95.asl"": 125, ""director_p_36.asl"": 125, ""director_p_32.asl"": 125, ""director_p_29.asl"": 125, ""director_p_18.asl"": 125, ""director_p_14.asl"": 125, ""director_p_87.asl"": 125, ""director_p_94.asl"": 125, ""director_p_97.asl"": 125, ""director_p_98.asl"": 125, ""director_p_96.asl"": 125, ""director_p_86.asl"": 125, ""director_p_84.asl"": 125, ""director_p_99.asl"": 125, ""director_p_88.asl"": 125, ""director_p_93.asl"": 125, ""director_p_30.asl"": 125, ""director_p_50.asl"": 125, ""director_p_59.asl"": 125, ""director_p_53.asl"": 125, ""director_p_71.asl"": 125, ""director_p_74.asl"": 125, ""director_p_16.asl"": 125, ""director_p_48.asl"": 125, ""director_p_17.asl"": 125, ""director_p_49.asl"": 125, ""director_p_38.asl"": 125, ""director_p_10.asl"": 125, ""director_p_37.asl"": 125, ""director_p_79.asl"": 125, ""director_p_89.asl"": 125, ""director_p_72.asl"": 125, ""director_p_56.asl"": 125, ""director_p_43.asl"": 125, ""director_p_45.asl"": 125, ""director_p_44.asl"": 125, ""director_p_73.asl"": 125, ""director_p_63.asl"": 125, ""director_p_66.asl"": 125, ""director_p_83.asl"": 125, ""director_p_41.asl"": 125, ""director_p_75.asl"": 125, ""director_p_52.asl"": 125, ""director_p_62.asl"": 125, ""director_p_70.asl"": 125, ""director_p_91.asl"": 125, ""director_p_33.asl"": 125, ""director_p_58.asl"": 125, ""director_p_26.asl"": 125, ""director_p_81.asl"": 125, ""director_p_27.asl"": 125, ""director_p_23.asl"": 125, ""director_p_64.asl"": 125, ""director_p_47.asl"": 125, ""director_p_85.asl"": 125, ""director_p_92.asl"": 125, ""director_p_90.asl"": 125, ""director_p_54.asl"": 125, ""director_p_39.asl"": 125, ""director_p_61.asl"": 125, ""director_p_67.asl"": 125, ""director_p_78.asl"": 125, ""director_p_51.asl"": 125, ""director_p_76.asl"": 125, ""director_p_65.asl"": 125, ""director_p_80.asl"": 125, ""director_p_77.asl"": 125, ""director_p_55.asl"": 125, ""director_p_42.asl"": 125, ""director_p_60.asl"": 125, ""director_p_20.asl"": 125, ""director_p_57.asl"": 125, ""director_p_40.asl"": 125, ""director_p_19.asl"": 125, ""director_p_69.asl"": 125, ""director_p_46.asl"": 125, ""director_p_68.asl"": 125, ""director_p_35.asl"": 125, ""director_p_28.asl"": 125, ""role_p_0_r.asl"": 29, ""role_p_82_r.asl"": 29, ""role_p_15_r.asl"": 29, ""role_p_4_r.asl"": 29, ""role_p_95_r.asl"": 29, ""role_p_36_r.asl"": 29, ""role_p_32_r.asl"": 29, ""role_p_29_r.asl"": 29, ""role_p_18_r.asl"": 29, ""role_p_14_r.asl"": 29, ""role_p_87_r.asl"": 29, ""role_p_94_r.asl"": 29, ""role_p_97_r.asl"": 29, ""role_p_98_r.asl"": 29, ""role_p_96_r.asl"": 29, ""role_p_86_r.asl"": 29, ""role_p_84_r.asl"": 29, ""role_p_99_r.asl"": 29, ""role_p_88_r.asl"": 29, ""role_p_93_r.asl"": 29, ""role_p_30_r.asl"": 29, ""role_p_50_r.asl"": 29, ""role_p_59_r.asl"": 29, ""role_p_53_r.asl"": 29, ""role_p_71_r.asl"": 29, ""role_p_74_r.asl"": 29, ""role_p_16_r.asl"": 29, ""role_p_48_r.asl"": 29, ""role_p_17_r.asl"": 29, ""role_p_49_r.asl"": 29, ""role_p_38_r.asl"": 29, ""role_p_10_r.asl"": 29, ""role_p_37_r.asl"": 29, ""role_p_79_r.asl"": 29, ""role_p_89_r.asl"": 29, ""role_p_72_r.asl"": 29, ""role_p_56_r.asl"": 29, ""role_p_43_r.asl"": 29, ""role_p_45_r.asl"": 29, ""role_p_44_r.asl"": 29, ""role_p_73_r.asl"": 29, ""role_p_63_r.asl"": 29, ""role_p_66_r.asl"": 29, ""role_p_83_r.asl"": 29, ""role_p_41_r.asl"": 29, ""role_p_75_r.asl"": 29, ""role_p_52_r.asl"": 29, ""role_p_62_r.asl"": 29, ""role_p_70_r.asl"": 29, ""role_p_91_r.asl"": 29, ""role_p_33_r.asl"": 29, ""role_p_58_r.asl"": 29, ""role_p_26_r.asl"": 29, ""role_p_81_r.asl"": 29, ""role_p_27_r.asl"": 29, ""role_p_23_r.asl"": 29, ""role_p_64_r.asl"": 29, ""role_p_47_r.asl"": 29, ""role_p_85_r.asl"": 29, ""role_p_92_r.asl"": 29, ""role_p_90_r.asl"": 29, ""role_p_54_r.asl"": 29, ""role_p_39_r.asl"": 29, ""role_p_61_r.asl"": 29, ""role_p_67_r.asl"": 29, ""role_p_78_r.asl"": 29, ""role_p_51_r.asl"": 29, ""role_p_76_r.asl"": 29, ""role_p_65_r.asl"": 29, ""role_p_80_r.asl"": 29, ""role_p_77_r.asl"": 29, ""role_p_55_r.asl"": 29, ""role_p_42_r.asl"": 29, ""role_p_60_r.asl"": 29, ""role_p_20_r.asl"": 29, ""role_p_57_r.asl"": 29, ""role_p_40_r.asl"": 29, ""role_p_19_r.asl"": 29, ""role_p_69_r.asl"": 29, ""role_p_46_r.asl"": 29, ""role_p_68_r.asl"": 29, ""role_p_35_r.asl"": 29, ""role_p_28_r.asl"": 29}",7.765492102065614,0.10513020699727349,0.0022605830017710105,1.0976972579956055,True,0,0
scale_import_edges,20,Linux 7.2.3-arch1-2,x86_64,24,30.44,3.14.7,10,10,5,2,2,1,2,2,2,0,0,42,2876,63561,184,14168,"{""director_p_0.asl"": 125, ""director_p_82.asl"": 125, ""director_p_15.asl"": 125, ""director_p_4.asl"": 125, ""director_p_95.asl"": 125, ""director_p_36.asl"": 125, ""director_p_32.asl"": 125, ""director_p_29.asl"": 125, ""director_p_18.asl"": 125, ""director_p_14.asl"": 125, ""director_p_87.asl"": 125, ""director_p_70.asl"": 125, ""director_p_12.asl"": 125, ""director_p_76.asl"": 125, ""director_p_55.asl"": 125, ""director_p_5.asl"": 125, ""director_p_97.asl"": 125, ""director_p_88.asl"": 125, ""director_p_28.asl"": 125, ""director_p_30.asl"": 125, ""director_p_65.asl"": 125, ""director_p_78.asl"": 125, ""director_p_84.asl"": 125, ""director_p_72.asl"": 125, ""director_p_26.asl"": 125, ""director_p_89.asl"": 125, ""director_p_98.asl"": 125, ""director_p_91.asl"": 125, ""director_p_94.asl"": 125, ""director_p_90.asl"": 125, ""director_p_86.asl"": 125, ""director_p_93.asl"": 125, ""director_p_96.asl"": 125, ""director_p_99.asl"": 125, ""director_p_83.asl"": 125, ""director_p_85.asl"": 125, ""director_p_92.asl"": 125, ""director_p_22.asl"": 125, ""director_p_27.asl"": 125, ""director_p_51.asl"": 125, ""director_p_21.asl"": 125, ""director_p_16.asl"": 125, ""director_p_58.asl"": 125, ""director_p_49.asl"": 125, ""director_p_17.asl"": 125, ""director_p_25.asl"": 125, ""director_p_35.asl"": 125, ""director_p_20.asl"": 125, ""director_p_63.asl"": 125, ""director_p_34.asl"": 125, ""director_p_43.asl"": 125, ""director_p_24.asl"": 125, ""director_p_13.asl"": 125, ""director_p_77.asl"": 125, ""director_p_45.asl"": 125, ""director_p_68.asl"": 125, ""director_p_23.asl"": 125, ""director_p_38.asl"": 125, ""director_p_73.asl"": 125, ""director_p_79.asl"": 125, ""director_p_59.asl"": 125, ""director_p_81.asl"": 125, ""director_p_56.asl"": 125, ""director_p_33.asl"": 125, ""director_p_47.asl"": 125, ""director_p_52.asl"": 125, ""director_p_48.asl"": 125, ""director_p_41.asl"": 125, ""director_p_37.asl"": 125, ""director_p_75.asl"": 125, ""director_p_67.asl"": 125, ""director_p_39.asl"": 125, ""director_p_66.asl"": 125, ""director_p_53.asl"": 125, ""director_p_74.asl"": 125, ""director_p_62.asl"": 125, ""director_p_40.asl"": 125, ""director_p_80.asl"": 125, ""director_p_44.asl"": 125, ""director_p_46.asl"": 125, ""director_p_50.asl"": 125, ""director_p_71.asl"": 125, ""director_p_64.asl"": 125, ""director_p_69.asl"": 125, ""director_p_54.asl"": 125, ""director_p_31.asl"": 125, ""director_p_61.asl"": 125, ""director_p_19.asl"": 125, ""director_p_42.asl"": 125, ""director_p_60.asl"": 125, ""director_p_57.asl"": 125, ""director_p_7.asl"": 125, ""role_p_0_r.asl"": 29, ""role_p_82_r.asl"": 29, ""role_p_15_r.asl"": 29, ""role_p_4_r.asl"": 29, ""role_p_95_r.asl"": 29, ""role_p_36_r.asl"": 29, ""role_p_32_r.asl"": 29, ""role_p_29_r.asl"": 29, ""role_p_18_r.asl"": 29, ""role_p_14_r.asl"": 29, ""role_p_87_r.asl"": 29, ""role_p_70_r.asl"": 29, ""role_p_12_r.asl"": 29, ""role_p_76_r.asl"": 29, ""role_p_55_r.asl"": 29, ""role_p_5_r.asl"": 29, ""role_p_97_r.asl"": 29, ""role_p_88_r.asl"": 29, ""role_p_28_r.asl"": 29, ""role_p_30_r.asl"": 29, ""role_p_65_r.asl"": 29, ""role_p_78_r.asl"": 29, ""role_p_84_r.asl"": 29, ""role_p_72_r.asl"": 29, ""role_p_26_r.asl"": 29, ""role_p_89_r.asl"": 29, ""role_p_98_r.asl"": 29, ""role_p_91_r.asl"": 29, ""role_p_94_r.asl"": 29, ""role_p_90_r.asl"": 29, ""role_p_86_r.asl"": 29, ""role_p_93_r.asl"": 29, ""role_p_96_r.asl"": 29, ""role_p_99_r.asl"": 29, ""role_p_83_r.asl"": 29, ""role_p_85_r.asl"": 29, ""role_p_92_r.asl"": 29, ""role_p_22_r.asl"": 29, ""role_p_27_r.asl"": 29, ""role_p_51_r.asl"": 29, ""role_p_21_r.asl"": 29, ""role_p_16_r.asl"": 29, ""role_p_58_r.asl"": 29, ""role_p_49_r.asl"": 29, ""role_p_17_r.asl"": 29, ""role_p_25_r.asl"": 29, ""role_p_35_r.asl"": 29, ""role_p_20_r.asl"": 29, ""role_p_63_r.asl"": 29, ""role_p_34_r.asl"": 29, ""role_p_43_r.asl"": 29, ""role_p_24_r.asl"": 29, ""role_p_13_r.asl"": 29, ""role_p_77_r.asl"": 29, ""role_p_45_r.asl"": 29, ""role_p_68_r.asl"": 29, ""role_p_23_r.asl"": 29, ""role_p_38_r.asl"": 29, ""role_p_73_r.asl"": 29, ""role_p_79_r.asl"": 29, ""role_p_59_r.asl"": 29, ""role_p_81_r.asl"": 29, ""role_p_56_r.asl"": 29, ""role_p_33_r.asl"": 29, ""role_p_47_r.asl"": 29, ""role_p_52_r.asl"": 29, ""role_p_48_r.asl"": 29, ""role_p_41_r.asl"": 29, ""role_p_37_r.asl"": 29, ""role_p_75_r.asl"": 29, ""role_p_67_r.asl"": 29, ""role_p_39_r.asl"": 29, ""role_p_66_r.asl"": 29, ""role_p_53_r.asl"": 29, ""role_p_74_r.asl"": 29, ""role_p_62_r.asl"": 29, ""role_p_40_r.asl"": 29, ""role_p_80_r.asl"": 29, ""role_p_44_r.asl"": 29, ""role_p_46_r.asl"": 29, ""role_p_50_r.asl"": 29, ""role_p_71_r.asl"": 29, ""role_p_64_r.asl"": 29, ""role_p_69_r.asl"": 29, ""role_p_54_r.asl"": 29, ""role_p_31_r.asl"": 29, ""role_p_61_r.asl"": 29, ""role_p_19_r.asl"": 29, ""role_p_42_r.asl"": 29, ""role_p_60_r.asl"": 29, ""role_p_57_r.asl"": 29, ""role_p_7_r.asl"": 29}",4.926286509040334,0.21746968099978403,0.002436621998640476,1.6551847457885742,True,0,0
scale_import_edges,21,Linux 7.2.3-arch1-2,x86_64,24,30.44,3.14.7,10,10,5,2,2,1,2,2,2,0,0,42,2876,63561,184,14168,"{""director_p_0.asl"": 125, ""director_p_82.asl"": 125, ""director_p_15.asl"": 125, ""director_p_4.asl"": 125, ""director_p_95.asl"": 125, ""director_p_36.asl"": 125, ""director_p_32.asl"": 125, ""director_p_29.asl"": 125, ""director_p_18.asl"": 125, ""director_p_14.asl"": 125, ""director_p_87.asl"": 125, ""director_p_70.asl"": 125, ""director_p_12.asl"": 125, ""director_p_76.asl"": 125, ""director_p_55.asl"": 125, ""director_p_5.asl"": 125, ""director_p_97.asl"": 125, ""director_p_88.asl"": 125, ""director_p_28.asl"": 125, ""director_p_30.asl"": 125, ""director_p_65.asl"": 125, ""director_p_78.asl"": 125, ""director_p_84.asl"": 125, ""director_p_72.asl"": 125, ""director_p_26.asl"": 125, ""director_p_89.asl"": 125, ""director_p_98.asl"": 125, ""director_p_91.asl"": 125, ""director_p_94.asl"": 125, ""director_p_90.asl"": 125, ""director_p_86.asl"": 125, ""director_p_93.asl"": 125, ""director_p_96.asl"": 125, ""director_p_99.asl"": 125, ""director_p_83.asl"": 125, ""director_p_85.asl"": 125, ""director_p_92.asl"": 125, ""director_p_22.asl"": 125, ""director_p_27.asl"": 125, ""director_p_51.asl"": 125, ""director_p_21.asl"": 125, ""director_p_16.asl"": 125, ""director_p_58.asl"": 125, ""director_p_49.asl"": 125, ""director_p_17.asl"": 125, ""director_p_25.asl"": 125, ""director_p_35.asl"": 125, ""director_p_20.asl"": 125, ""director_p_63.asl"": 125, ""director_p_34.asl"": 125, ""director_p_43.asl"": 125, ""director_p_24.asl"": 125, ""director_p_13.asl"": 125, ""director_p_77.asl"": 125, ""director_p_45.asl"": 125, ""director_p_68.asl"": 125, ""director_p_23.asl"": 125, ""director_p_38.asl"": 125, ""director_p_73.asl"": 125, ""director_p_79.asl"": 125, ""director_p_59.asl"": 125, ""director_p_81.asl"": 125, ""director_p_56.asl"": 125, ""director_p_33.asl"": 125, ""director_p_47.asl"": 125, ""director_p_52.asl"": 125, ""director_p_48.asl"": 125, ""director_p_41.asl"": 125, ""director_p_37.asl"": 125, ""director_p_75.asl"": 125, ""director_p_67.asl"": 125, ""director_p_39.asl"": 125, ""director_p_66.asl"": 125, ""director_p_53.asl"": 125, ""director_p_74.asl"": 125, ""director_p_62.asl"": 125, ""director_p_40.asl"": 125, ""director_p_80.asl"": 125, ""director_p_44.asl"": 125, ""director_p_46.asl"": 125, ""director_p_50.asl"": 125, ""director_p_71.asl"": 125, ""director_p_64.asl"": 125, ""director_p_69.asl"": 125, ""director_p_54.asl"": 125, ""director_p_31.asl"": 125, ""director_p_61.asl"": 125, ""director_p_19.asl"": 125, ""director_p_42.asl"": 125, ""director_p_60.asl"": 125, ""director_p_57.asl"": 125, ""director_p_7.asl"": 125, ""role_p_0_r.asl"": 29, ""role_p_82_r.asl"": 29, ""role_p_15_r.asl"": 29, ""role_p_4_r.asl"": 29, ""role_p_95_r.asl"": 29, ""role_p_36_r.asl"": 29, ""role_p_32_r.asl"": 29, ""role_p_29_r.asl"": 29, ""role_p_18_r.asl"": 29, ""role_p_14_r.asl"": 29, ""role_p_87_r.asl"": 29, ""role_p_70_r.asl"": 29, ""role_p_12_r.asl"": 29, ""role_p_76_r.asl"": 29, ""role_p_55_r.asl"": 29, ""role_p_5_r.asl"": 29, ""role_p_97_r.asl"": 29, ""role_p_88_r.asl"": 29, ""role_p_28_r.asl"": 29, ""role_p_30_r.asl"": 29, ""role_p_65_r.asl"": 29, ""role_p_78_r.asl"": 29, ""role_p_84_r.asl"": 29, ""role_p_72_r.asl"": 29, ""role_p_26_r.asl"": 29, ""role_p_89_r.asl"": 29, ""role_p_98_r.asl"": 29, ""role_p_91_r.asl"": 29, ""role_p_94_r.asl"": 29, ""role_p_90_r.asl"": 29, ""role_p_86_r.asl"": 29, ""role_p_93_r.asl"": 29, ""role_p_96_r.asl"": 29, ""role_p_99_r.asl"": 29, ""role_p_83_r.asl"": 29, ""role_p_85_r.asl"": 29, ""role_p_92_r.asl"": 29, ""role_p_22_r.asl"": 29, ""role_p_27_r.asl"": 29, ""role_p_51_r.asl"": 29, ""role_p_21_r.asl"": 29, ""role_p_16_r.asl"": 29, ""role_p_58_r.asl"": 29, ""role_p_49_r.asl"": 29, ""role_p_17_r.asl"": 29, ""role_p_25_r.asl"": 29, ""role_p_35_r.asl"": 29, ""role_p_20_r.asl"": 29, ""role_p_63_r.asl"": 29, ""role_p_34_r.asl"": 29, ""role_p_43_r.asl"": 29, ""role_p_24_r.asl"": 29, ""role_p_13_r.asl"": 29, ""role_p_77_r.asl"": 29, ""role_p_45_r.asl"": 29, ""role_p_68_r.asl"": 29, ""role_p_23_r.asl"": 29, ""role_p_38_r.asl"": 29, ""role_p_73_r.asl"": 29, ""role_p_79_r.asl"": 29, ""role_p_59_r.asl"": 29, ""role_p_81_r.asl"": 29, ""role_p_56_r.asl"": 29, ""role_p_33_r.asl"": 29, ""role_p_47_r.asl"": 29, ""role_p_52_r.asl"": 29, ""role_p_48_r.asl"": 29, ""role_p_41_r.asl"": 29, ""role_p_37_r.asl"": 29, ""role_p_75_r.asl"": 29, ""role_p_67_r.asl"": 29, ""role_p_39_r.asl"": 29, ""role_p_66_r.asl"": 29, ""role_p_53_r.asl"": 29, ""role_p_74_r.asl"": 29, ""role_p_62_r.asl"": 29, ""role_p_40_r.asl"": 29, ""role_p_80_r.asl"": 29, ""role_p_44_r.asl"": 29, ""role_p_46_r.asl"": 29, ""role_p_50_r.asl"": 29, ""role_p_71_r.asl"": 29, ""role_p_64_r.asl"": 29, ""role_p_69_r.asl"": 29, ""role_p_54_r.asl"": 29, ""role_p_31_r.asl"": 29, ""role_p_61_r.asl"": 29, ""role_p_19_r.asl"": 29, ""role_p_42_r.asl"": 29, ""role_p_60_r.asl"": 29, ""role_p_57_r.asl"": 29, ""role_p_7_r.asl"": 29}",4.926286509040334,0.22079811100047664,0.002489382000931073,1.560734748840332,True,0,0
scale_import_edges,22,Linux 7.2.3-arch1-2,x86_64,24,30.44,3.14.7,10,10,5,2,2,1,2,2,2,0,0,42,2876,63561,184,14168,"{""director_p_0.asl"": 125, ""director_p_82.asl"": 125, ""director_p_15.asl"": 125, ""director_p_4.asl"": 125, ""director_p_95.asl"": 125, ""director_p_36.asl"": 125, ""director_p_32.asl"": 125, ""director_p_29.asl"": 125, ""director_p_18.asl"": 125, ""director_p_14.asl"": 125, ""director_p_87.asl"": 125, ""director_p_70.asl"": 125, ""director_p_12.asl"": 125, ""director_p_76.asl"": 125, ""director_p_55.asl"": 125, ""director_p_5.asl"": 125, ""director_p_97.asl"": 125, ""director_p_88.asl"": 125, ""director_p_28.asl"": 125, ""director_p_30.asl"": 125, ""director_p_65.asl"": 125, ""director_p_78.asl"": 125, ""director_p_84.asl"": 125, ""director_p_72.asl"": 125, ""director_p_26.asl"": 125, ""director_p_89.asl"": 125, ""director_p_98.asl"": 125, ""director_p_91.asl"": 125, ""director_p_94.asl"": 125, ""director_p_90.asl"": 125, ""director_p_86.asl"": 125, ""director_p_93.asl"": 125, ""director_p_96.asl"": 125, ""director_p_99.asl"": 125, ""director_p_83.asl"": 125, ""director_p_85.asl"": 125, ""director_p_92.asl"": 125, ""director_p_22.asl"": 125, ""director_p_27.asl"": 125, ""director_p_51.asl"": 125, ""director_p_21.asl"": 125, ""director_p_16.asl"": 125, ""director_p_58.asl"": 125, ""director_p_49.asl"": 125, ""director_p_17.asl"": 125, ""director_p_25.asl"": 125, ""director_p_35.asl"": 125, ""director_p_20.asl"": 125, ""director_p_63.asl"": 125, ""director_p_34.asl"": 125, ""director_p_43.asl"": 125, ""director_p_24.asl"": 125, ""director_p_13.asl"": 125, ""director_p_77.asl"": 125, ""director_p_45.asl"": 125, ""director_p_68.asl"": 125, ""director_p_23.asl"": 125, ""director_p_38.asl"": 125, ""director_p_73.asl"": 125, ""director_p_79.asl"": 125, ""director_p_59.asl"": 125, ""director_p_81.asl"": 125, ""director_p_56.asl"": 125, ""director_p_33.asl"": 125, ""director_p_47.asl"": 125, ""director_p_52.asl"": 125, ""director_p_48.asl"": 125, ""director_p_41.asl"": 125, ""director_p_37.asl"": 125, ""director_p_75.asl"": 125, ""director_p_67.asl"": 125, ""director_p_39.asl"": 125, ""director_p_66.asl"": 125, ""director_p_53.asl"": 125, ""director_p_74.asl"": 125, ""director_p_62.asl"": 125, ""director_p_40.asl"": 125, ""director_p_80.asl"": 125, ""director_p_44.asl"": 125, ""director_p_46.asl"": 125, ""director_p_50.asl"": 125, ""director_p_71.asl"": 125, ""director_p_64.asl"": 125, ""director_p_69.asl"": 125, ""director_p_54.asl"": 125, ""director_p_31.asl"": 125, ""director_p_61.asl"": 125, ""director_p_19.asl"": 125, ""director_p_42.asl"": 125, ""director_p_60.asl"": 125, ""director_p_57.asl"": 125, ""director_p_7.asl"": 125, ""role_p_0_r.asl"": 29, ""role_p_82_r.asl"": 29, ""role_p_15_r.asl"": 29, ""role_p_4_r.asl"": 29, ""role_p_95_r.asl"": 29, ""role_p_36_r.asl"": 29, ""role_p_32_r.asl"": 29, ""role_p_29_r.asl"": 29, ""role_p_18_r.asl"": 29, ""role_p_14_r.asl"": 29, ""role_p_87_r.asl"": 29, ""role_p_70_r.asl"": 29, ""role_p_12_r.asl"": 29, ""role_p_76_r.asl"": 29, ""role_p_55_r.asl"": 29, ""role_p_5_r.asl"": 29, ""role_p_97_r.asl"": 29, ""role_p_88_r.asl"": 29, ""role_p_28_r.asl"": 29, ""role_p_30_r.asl"": 29, ""role_p_65_r.asl"": 29, ""role_p_78_r.asl"": 29, ""role_p_84_r.asl"": 29, ""role_p_72_r.asl"": 29, ""role_p_26_r.asl"": 29, ""role_p_89_r.asl"": 29, ""role_p_98_r.asl"": 29, ""role_p_91_r.asl"": 29, ""role_p_94_r.asl"": 29, ""role_p_90_r.asl"": 29, ""role_p_86_r.asl"": 29, ""role_p_93_r.asl"": 29, ""role_p_96_r.asl"": 29, ""role_p_99_r.asl"": 29, ""role_p_83_r.asl"": 29, ""role_p_85_r.asl"": 29, ""role_p_92_r.asl"": 29, ""role_p_22_r.asl"": 29, ""role_p_27_r.asl"": 29, ""role_p_51_r.asl"": 29, ""role_p_21_r.asl"": 29, ""role_p_16_r.asl"": 29, ""role_p_58_r.asl"": 29, ""role_p_49_r.asl"": 29, ""role_p_17_r.asl"": 29, ""role_p_25_r.asl"": 29, ""role_p_35_r.asl"": 29, ""role_p_20_r.asl"": 29, ""role_p_63_r.asl"": 29, ""role_p_34_r.asl"": 29, ""role_p_43_r.asl"": 29, ""role_p_24_r.asl"": 29, ""role_p_13_r.asl"": 29, ""role_p_77_r.asl"": 29, ""role_p_45_r.asl"": 29, ""role_p_68_r.asl"": 29, ""role_p_23_r.asl"": 29, ""role_p_38_r.asl"": 29, ""role_p_73_r.asl"": 29, ""role_p_79_r.asl"": 29, ""role_p_59_r.asl"": 29, ""role_p_81_r.asl"": 29, ""role_p_56_r.asl"": 29, ""role_p_33_r.asl"": 29, ""role_p_47_r.asl"": 29, ""role_p_52_r.asl"": 29, ""role_p_48_r.asl"": 29, ""role_p_41_r.asl"": 29, ""role_p_37_r.asl"": 29, ""role_p_75_r.asl"": 29, ""role_p_67_r.asl"": 29, ""role_p_39_r.asl"": 29, ""role_p_66_r.asl"": 29, ""role_p_53_r.asl"": 29, ""role_p_74_r.asl"": 29, ""role_p_62_r.asl"": 29, ""role_p_40_r.asl"": 29, ""role_p_80_r.asl"": 29, ""role_p_44_r.asl"": 29, ""role_p_46_r.asl"": 29, ""role_p_50_r.asl"": 29, ""role_p_71_r.asl"": 29, ""role_p_64_r.asl"": 29, ""role_p_69_r.asl"": 29, ""role_p_54_r.asl"": 29, ""role_p_31_r.asl"": 29, ""role_p_61_r.asl"": 29, ""role_p_19_r.asl"": 29, ""role_p_42_r.asl"": 29, ""role_p_60_r.asl"": 29, ""role_p_57_r.asl"": 29, ""role_p_7_r.asl"": 29}",4.926286509040334,0.2145480699982727,0.0024320630000147503,1.5610160827636719,True,0,0
scale_import_edges,23,Linux 7.2.3-arch1-2,x86_64,24,30.44,3.14.7,10,10,5,2,2,1,2,2,2,0,0,42,2876,63561,184,14168,"{""director_p_0.asl"": 125, ""director_p_82.asl"": 125, ""director_p_15.asl"": 125, ""director_p_4.asl"": 125, ""director_p_95.asl"": 125, ""director_p_36.asl"": 125, ""director_p_32.asl"": 125, ""director_p_29.asl"": 125, ""director_p_18.asl"": 125, ""director_p_14.asl"": 125, ""director_p_87.asl"": 125, ""director_p_70.asl"": 125, ""director_p_12.asl"": 125, ""director_p_76.asl"": 125, ""director_p_55.asl"": 125, ""director_p_5.asl"": 125, ""director_p_97.asl"": 125, ""director_p_88.asl"": 125, ""director_p_28.asl"": 125, ""director_p_30.asl"": 125, ""director_p_65.asl"": 125, ""director_p_78.asl"": 125, ""director_p_84.asl"": 125, ""director_p_72.asl"": 125, ""director_p_26.asl"": 125, ""director_p_89.asl"": 125, ""director_p_98.asl"": 125, ""director_p_91.asl"": 125, ""director_p_94.asl"": 125, ""director_p_90.asl"": 125, ""director_p_86.asl"": 125, ""director_p_93.asl"": 125, ""director_p_96.asl"": 125, ""director_p_99.asl"": 125, ""director_p_83.asl"": 125, ""director_p_85.asl"": 125, ""director_p_92.asl"": 125, ""director_p_22.asl"": 125, ""director_p_27.asl"": 125, ""director_p_51.asl"": 125, ""director_p_21.asl"": 125, ""director_p_16.asl"": 125, ""director_p_58.asl"": 125, ""director_p_49.asl"": 125, ""director_p_17.asl"": 125, ""director_p_25.asl"": 125, ""director_p_35.asl"": 125, ""director_p_20.asl"": 125, ""director_p_63.asl"": 125, ""director_p_34.asl"": 125, ""director_p_43.asl"": 125, ""director_p_24.asl"": 125, ""director_p_13.asl"": 125, ""director_p_77.asl"": 125, ""director_p_45.asl"": 125, ""director_p_68.asl"": 125, ""director_p_23.asl"": 125, ""director_p_38.asl"": 125, ""director_p_73.asl"": 125, ""director_p_79.asl"": 125, ""director_p_59.asl"": 125, ""director_p_81.asl"": 125, ""director_p_56.asl"": 125, ""director_p_33.asl"": 125, ""director_p_47.asl"": 125, ""director_p_52.asl"": 125, ""director_p_48.asl"": 125, ""director_p_41.asl"": 125, ""director_p_37.asl"": 125, ""director_p_75.asl"": 125, ""director_p_67.asl"": 125, ""director_p_39.asl"": 125, ""director_p_66.asl"": 125, ""director_p_53.asl"": 125, ""director_p_74.asl"": 125, ""director_p_62.asl"": 125, ""director_p_40.asl"": 125, ""director_p_80.asl"": 125, ""director_p_44.asl"": 125, ""director_p_46.asl"": 125, ""director_p_50.asl"": 125, ""director_p_71.asl"": 125, ""director_p_64.asl"": 125, ""director_p_69.asl"": 125, ""director_p_54.asl"": 125, ""director_p_31.asl"": 125, ""director_p_61.asl"": 125, ""director_p_19.asl"": 125, ""director_p_42.asl"": 125, ""director_p_60.asl"": 125, ""director_p_57.asl"": 125, ""director_p_7.asl"": 125, ""role_p_0_r.asl"": 29, ""role_p_82_r.asl"": 29, ""role_p_15_r.asl"": 29, ""role_p_4_r.asl"": 29, ""role_p_95_r.asl"": 29, ""role_p_36_r.asl"": 29, ""role_p_32_r.asl"": 29, ""role_p_29_r.asl"": 29, ""role_p_18_r.asl"": 29, ""role_p_14_r.asl"": 29, ""role_p_87_r.asl"": 29, ""role_p_70_r.asl"": 29, ""role_p_12_r.asl"": 29, ""role_p_76_r.asl"": 29, ""role_p_55_r.asl"": 29, ""role_p_5_r.asl"": 29, ""role_p_97_r.asl"": 29, ""role_p_88_r.asl"": 29, ""role_p_28_r.asl"": 29, ""role_p_30_r.asl"": 29, ""role_p_65_r.asl"": 29, ""role_p_78_r.asl"": 29, ""role_p_84_r.asl"": 29, ""role_p_72_r.asl"": 29, ""role_p_26_r.asl"": 29, ""role_p_89_r.asl"": 29, ""role_p_98_r.asl"": 29, ""role_p_91_r.asl"": 29, ""role_p_94_r.asl"": 29, ""role_p_90_r.asl"": 29, ""role_p_86_r.asl"": 29, ""role_p_93_r.asl"": 29, ""role_p_96_r.asl"": 29, ""role_p_99_r.asl"": 29, ""role_p_83_r.asl"": 29, ""role_p_85_r.asl"": 29, ""role_p_92_r.asl"": 29, ""role_p_22_r.asl"": 29, ""role_p_27_r.asl"": 29, ""role_p_51_r.asl"": 29, ""role_p_21_r.asl"": 29, ""role_p_16_r.asl"": 29, ""role_p_58_r.asl"": 29, ""role_p_49_r.asl"": 29, ""role_p_17_r.asl"": 29, ""role_p_25_r.asl"": 29, ""role_p_35_r.asl"": 29, ""role_p_20_r.asl"": 29, ""role_p_63_r.asl"": 29, ""role_p_34_r.asl"": 29, ""role_p_43_r.asl"": 29, ""role_p_24_r.asl"": 29, ""role_p_13_r.asl"": 29, ""role_p_77_r.asl"": 29, ""role_p_45_r.asl"": 29, ""role_p_68_r.asl"": 29, ""role_p_23_r.asl"": 29, ""role_p_38_r.asl"": 29, ""role_p_73_r.asl"": 29, ""role_p_79_r.asl"": 29, ""role_p_59_r.asl"": 29, ""role_p_81_r.asl"": 29, ""role_p_56_r.asl"": 29, ""role_p_33_r.asl"": 29, ""role_p_47_r.asl"": 29, ""role_p_52_r.asl"": 29, ""role_p_48_r.asl"": 29, ""role_p_41_r.asl"": 29, ""role_p_37_r.asl"": 29, ""role_p_75_r.asl"": 29, ""role_p_67_r.asl"": 29, ""role_p_39_r.asl"": 29, ""role_p_66_r.asl"": 29, ""role_p_53_r.asl"": 29, ""role_p_74_r.asl"": 29, ""role_p_62_r.asl"": 29, ""role_p_40_r.asl"": 29, ""role_p_80_r.asl"": 29, ""role_p_44_r.asl"": 29, ""role_p_46_r.asl"": 29, ""role_p_50_r.asl"": 29, ""role_p_71_r.asl"": 29, ""role_p_64_r.asl"": 29, ""role_p_69_r.asl"": 29, ""role_p_54_r.asl"": 29, ""role_p_31_r.asl"": 29, ""role_p_61_r.asl"": 29, ""role_p_19_r.asl"": 29, ""role_p_42_r.asl"": 29, ""role_p_60_r.asl"": 29, ""role_p_57_r.asl"": 29, ""role_p_7_r.asl"": 29}",4.926286509040334,0.21528583799954504,0.00244866199864191,1.5580863952636719,True,0,0
scale_import_edges,24,Linux 7.2.3-arch1-2,x86_64,24,30.44,3.14.7,10,10,5,2,2,1,2,2,2,0,0,42,2876,63561,184,14168,"{""director_p_0.asl"": 125, ""director_p_82.asl"": 125, ""director_p_15.asl"": 125, ""director_p_4.asl"": 125, ""director_p_95.asl"": 125, ""director_p_36.asl"": 125, ""director_p_32.asl"": 125, ""director_p_29.asl"": 125, ""director_p_18.asl"": 125, ""director_p_14.asl"": 125, ""director_p_87.asl"": 125, ""director_p_70.asl"": 125, ""director_p_12.asl"": 125, ""director_p_76.asl"": 125, ""director_p_55.asl"": 125, ""director_p_5.asl"": 125, ""director_p_97.asl"": 125, ""director_p_88.asl"": 125, ""director_p_28.asl"": 125, ""director_p_30.asl"": 125, ""director_p_65.asl"": 125, ""director_p_78.asl"": 125, ""director_p_84.asl"": 125, ""director_p_72.asl"": 125, ""director_p_26.asl"": 125, ""director_p_89.asl"": 125, ""director_p_98.asl"": 125, ""director_p_91.asl"": 125, ""director_p_94.asl"": 125, ""director_p_90.asl"": 125, ""director_p_86.asl"": 125, ""director_p_93.asl"": 125, ""director_p_96.asl"": 125, ""director_p_99.asl"": 125, ""director_p_83.asl"": 125, ""director_p_85.asl"": 125, ""director_p_92.asl"": 125, ""director_p_22.asl"": 125, ""director_p_27.asl"": 125, ""director_p_51.asl"": 125, ""director_p_21.asl"": 125, ""director_p_16.asl"": 125, ""director_p_58.asl"": 125, ""director_p_49.asl"": 125, ""director_p_17.asl"": 125, ""director_p_25.asl"": 125, ""director_p_35.asl"": 125, ""director_p_20.asl"": 125, ""director_p_63.asl"": 125, ""director_p_34.asl"": 125, ""director_p_43.asl"": 125, ""director_p_24.asl"": 125, ""director_p_13.asl"": 125, ""director_p_77.asl"": 125, ""director_p_45.asl"": 125, ""director_p_68.asl"": 125, ""director_p_23.asl"": 125, ""director_p_38.asl"": 125, ""director_p_73.asl"": 125, ""director_p_79.asl"": 125, ""director_p_59.asl"": 125, ""director_p_81.asl"": 125, ""director_p_56.asl"": 125, ""director_p_33.asl"": 125, ""director_p_47.asl"": 125, ""director_p_52.asl"": 125, ""director_p_48.asl"": 125, ""director_p_41.asl"": 125, ""director_p_37.asl"": 125, ""director_p_75.asl"": 125, ""director_p_67.asl"": 125, ""director_p_39.asl"": 125, ""director_p_66.asl"": 125, ""director_p_53.asl"": 125, ""director_p_74.asl"": 125, ""director_p_62.asl"": 125, ""director_p_40.asl"": 125, ""director_p_80.asl"": 125, ""director_p_44.asl"": 125, ""director_p_46.asl"": 125, ""director_p_50.asl"": 125, ""director_p_71.asl"": 125, ""director_p_64.asl"": 125, ""director_p_69.asl"": 125, ""director_p_54.asl"": 125, ""director_p_31.asl"": 125, ""director_p_61.asl"": 125, ""director_p_19.asl"": 125, ""director_p_42.asl"": 125, ""director_p_60.asl"": 125, ""director_p_57.asl"": 125, ""director_p_7.asl"": 125, ""role_p_0_r.asl"": 29, ""role_p_82_r.asl"": 29, ""role_p_15_r.asl"": 29, ""role_p_4_r.asl"": 29, ""role_p_95_r.asl"": 29, ""role_p_36_r.asl"": 29, ""role_p_32_r.asl"": 29, ""role_p_29_r.asl"": 29, ""role_p_18_r.asl"": 29, ""role_p_14_r.asl"": 29, ""role_p_87_r.asl"": 29, ""role_p_70_r.asl"": 29, ""role_p_12_r.asl"": 29, ""role_p_76_r.asl"": 29, ""role_p_55_r.asl"": 29, ""role_p_5_r.asl"": 29, ""role_p_97_r.asl"": 29, ""role_p_88_r.asl"": 29, ""role_p_28_r.asl"": 29, ""role_p_30_r.asl"": 29, ""role_p_65_r.asl"": 29, ""role_p_78_r.asl"": 29, ""role_p_84_r.asl"": 29, ""role_p_72_r.asl"": 29, ""role_p_26_r.asl"": 29, ""role_p_89_r.asl"": 29, ""role_p_98_r.asl"": 29, ""role_p_91_r.asl"": 29, ""role_p_94_r.asl"": 29, ""role_p_90_r.asl"": 29, ""role_p_86_r.asl"": 29, ""role_p_93_r.asl"": 29, ""role_p_96_r.asl"": 29, ""role_p_99_r.asl"": 29, ""role_p_83_r.asl"": 29, ""role_p_85_r.asl"": 29, ""role_p_92_r.asl"": 29, ""role_p_22_r.asl"": 29, ""role_p_27_r.asl"": 29, ""role_p_51_r.asl"": 29, ""role_p_21_r.asl"": 29, ""role_p_16_r.asl"": 29, ""role_p_58_r.asl"": 29, ""role_p_49_r.asl"": 29, ""role_p_17_r.asl"": 29, ""role_p_25_r.asl"": 29, ""role_p_35_r.asl"": 29, ""role_p_20_r.asl"": 29, ""role_p_63_r.asl"": 29, ""role_p_34_r.asl"": 29, ""role_p_43_r.asl"": 29, ""role_p_24_r.asl"": 29, ""role_p_13_r.asl"": 29, ""role_p_77_r.asl"": 29, ""role_p_45_r.asl"": 29, ""role_p_68_r.asl"": 29, ""role_p_23_r.asl"": 29, ""role_p_38_r.asl"": 29, ""role_p_73_r.asl"": 29, ""role_p_79_r.asl"": 29, ""role_p_59_r.asl"": 29, ""role_p_81_r.asl"": 29, ""role_p_56_r.asl"": 29, ""role_p_33_r.asl"": 29, ""role_p_47_r.asl"": 29, ""role_p_52_r.asl"": 29, ""role_p_48_r.asl"": 29, ""role_p_41_r.asl"": 29, ""role_p_37_r.asl"": 29, ""role_p_75_r.asl"": 29, ""role_p_67_r.asl"": 29, ""role_p_39_r.asl"": 29, ""role_p_66_r.asl"": 29, ""role_p_53_r.asl"": 29, ""role_p_74_r.asl"": 29, ""role_p_62_r.asl"": 29, ""role_p_40_r.asl"": 29, ""role_p_80_r.asl"": 29, ""role_p_44_r.asl"": 29, ""role_p_46_r.asl"": 29, ""role_p_50_r.asl"": 29, ""role_p_71_r.asl"": 29, ""role_p_64_r.asl"": 29, ""role_p_69_r.asl"": 29, ""role_p_54_r.asl"": 29, ""role_p_31_r.asl"": 29, ""role_p_61_r.asl"": 29, ""role_p_19_r.asl"": 29, ""role_p_42_r.asl"": 29, ""role_p_60_r.asl"": 29, ""role_p_57_r.asl"": 29, ""role_p_7_r.asl"": 29}",4.926286509040334,0.222181916997215,0.0024512029995094053,1.5784673690795898,True,0,0
scale_import_edges,25,Linux 7.2.3-arch1-2,x86_64,24,30.44,3.14.7,10,10,5,2,2,1,2,2,2,0,0,42,4426,100745,198,15246,"{""director_p_0.asl"": 125, ""director_p_82.asl"": 125, ""director_p_15.asl"": 125, ""director_p_4.asl"": 125, ""director_p_95.asl"": 125, ""director_p_36.asl"": 125, ""director_p_32.asl"": 125, ""director_p_29.asl"": 125, ""director_p_18.asl"": 125, ""director_p_14.asl"": 125, ""director_p_87.asl"": 125, ""director_p_70.asl"": 125, ""director_p_12.asl"": 125, ""director_p_76.asl"": 125, ""director_p_55.asl"": 125, ""director_p_5.asl"": 125, ""director_p_97.asl"": 125, ""director_p_88.asl"": 125, ""director_p_28.asl"": 125, ""director_p_30.asl"": 125, ""director_p_65.asl"": 125, ""director_p_78.asl"": 125, ""director_p_84.asl"": 125, ""director_p_72.asl"": 125, ""director_p_26.asl"": 125, ""director_p_89.asl"": 125, ""director_p_54.asl"": 125, ""director_p_93.asl"": 125, ""director_p_58.asl"": 125, ""director_p_96.asl"": 125, ""director_p_1.asl"": 125, ""director_p_21.asl"": 125, ""director_p_86.asl"": 125, ""director_p_44.asl"": 125, ""director_p_71.asl"": 125, ""director_p_20.asl"": 125, ""director_p_99.asl"": 125, ""director_p_62.asl"": 125, ""director_p_49.asl"": 125, ""director_p_22.asl"": 125, ""director_p_7.asl"": 125, ""director_p_6.asl"": 125, ""director_p_25.asl"": 125, ""director_p_60.asl"": 125, ""director_p_23.asl"": 125, ""director_p_68.asl"": 125, ""director_p_56.asl"": 125, ""director_p_39.asl"": 125, ""director_p_17.asl"": 125, ""director_p_3.asl"": 125, ""director_p_47.asl"": 125, ""director_p_85.asl"": 125, ""director_p_92.asl"": 125, ""director_p_94.asl"": 125, ""director_p_83.asl"": 125, ""director_p_98.asl"": 125, ""director_p_90.asl"": 125, ""director_p_91.asl"": 125, ""director_p_31.asl"": 125, ""director_p_63.asl"": 125, ""director_p_24.asl"": 125, ""director_p_80.asl"": 125, ""director_p_59.asl"": 125, ""director_p_69.asl"": 125, ""director_p_74.asl"": 125, ""director_p_35.asl"": 125, ""director_p_27.asl"": 125, ""director_p_57.asl"": 125, ""director_p_33.asl"": 125, ""director_p_67.asl"": 125, ""director_p_50.asl"": 125, ""director_p_46.asl"": 125, ""director_p_45.asl"": 125, ""director_p_43.asl"": 125, ""director_p_77.asl"": 125, ""director_p_53.asl"": 125, ""director_p_81.asl"": 125, ""director_p_64.asl"": 125, ""director_p_66.asl"": 125, ""director_p_52.asl"": 125, ""director_p_73.asl"": 125, ""director_p_40.asl"": 125, ""director_p_37.asl"": 125, ""director_p_38.asl"": 125, ""director_p_61.asl"": 125, ""director_p_13.asl"": 125, ""director_p_48.asl"": 125, ""director_p_75.asl"": 125, ""director_p_34.asl"": 125, ""director_p_9.asl"": 125, ""director_p_51.asl"": 125, ""director_p_41.asl"": 125, ""director_p_11.asl"": 125, ""director_p_79.asl"": 125, ""director_p_42.asl"": 125, ""director_p_19.asl"": 125, ""director_p_16.asl"": 125, ""director_p_10.asl"": 125, ""director_p_8.asl"": 125, ""role_p_0_r.asl"": 29, ""role_p_82_r.asl"": 29, ""role_p_15_r.asl"": 29, ""role_p_4_r.asl"": 29, ""role_p_95_r.asl"": 29, ""role_p_36_r.asl"": 29, ""role_p_32_r.asl"": 29, ""role_p_29_r.asl"": 29, ""role_p_18_r.asl"": 29, ""role_p_14_r.asl"": 29, ""role_p_87_r.asl"": 29, ""role_p_70_r.asl"": 29, ""role_p_12_r.asl"": 29, ""role_p_76_r.asl"": 29, ""role_p_55_r.asl"": 29, ""role_p_5_r.asl"": 29, ""role_p_97_r.asl"": 29, ""role_p_88_r.asl"": 29, ""role_p_28_r.asl"": 29, ""role_p_30_r.asl"": 29, ""role_p_65_r.asl"": 29, ""role_p_78_r.asl"": 29, ""role_p_84_r.asl"": 29, ""role_p_72_r.asl"": 29, ""role_p_26_r.asl"": 29, ""role_p_89_r.asl"": 29, ""role_p_54_r.asl"": 29, ""role_p_93_r.asl"": 29, ""role_p_58_r.asl"": 29, ""role_p_96_r.asl"": 29, ""role_p_1_r.asl"": 29, ""role_p_21_r.asl"": 29, ""role_p_86_r.asl"": 29, ""role_p_44_r.asl"": 29, ""role_p_71_r.asl"": 29, ""role_p_20_r.asl"": 29, ""role_p_99_r.asl"": 29, ""role_p_62_r.asl"": 29, ""role_p_49_r.asl"": 29, ""role_p_22_r.asl"": 29, ""role_p_7_r.asl"": 29, ""role_p_6_r.asl"": 29, ""role_p_25_r.asl"": 29, ""role_p_60_r.asl"": 29, ""role_p_23_r.asl"": 29, ""role_p_68_r.asl"": 29, ""role_p_56_r.asl"": 29, ""role_p_39_r.asl"": 29, ""role_p_17_r.asl"": 29, ""role_p_3_r.asl"": 29, ""role_p_47_r.asl"": 29, ""role_p_85_r.asl"": 29, ""role_p_92_r.asl"": 29, ""role_p_94_r.asl"": 29, ""role_p_83_r.asl"": 29, ""role_p_98_r.asl"": 29, ""role_p_90_r.asl"": 29, ""role_p_91_r.asl"": 29, ""role_p_31_r.asl"": 29, ""role_p_63_r.asl"": 29, ""role_p_24_r.asl"": 29, ""role_p_80_r.asl"": 29, ""role_p_59_r.asl"": 29, ""role_p_69_r.asl"": 29, ""role_p_74_r.asl"": 29, ""role_p_35_r.asl"": 29, ""role_p_27_r.asl"": 29, ""role_p_57_r.asl"": 29, ""role_p_33_r.asl"": 29, ""role_p_67_r.asl"": 29, ""role_p_50_r.asl"": 29, ""role_p_46_r.asl"": 29, ""role_p_45_r.asl"": 29, ""role_p_43_r.asl"": 29, ""role_p_77_r.asl"": 29, ""role_p_53_r.asl"": 29, ""role_p_81_r.asl"": 29, ""role_p_64_r.asl"": 29, ""role_p_66_r.asl"": 29, ""role_p_52_r.asl"": 29, ""role_p_73_r.asl"": 29, ""role_p_40_r.asl"": 29, ""role_p_37_r.asl"": 29, ""role_p_38_r.asl"": 29, ""role_p_61_r.asl"": 29, ""role_p_13_r.asl"": 29, ""role_p_48_r.asl"": 29, ""role_p_75_r.asl"": 29, ""role_p_34_r.asl"": 29, ""role_p_9_r.asl"": 29, ""role_p_51_r.asl"": 29, ""role_p_41_r.asl"": 29, ""role_p_11_r.asl"": 29, ""role_p_79_r.asl"": 29, ""role_p_42_r.asl"": 29, ""role_p_19_r.asl"": 29, ""role_p_16_r.asl"": 29, ""role_p_10_r.asl"": 29, ""role_p_8_r.asl"": 29}",3.4446452779032986,0.37376162000145996,0.002650361999258166,3.01155948638916,True,0,0
scale_import_edges,26,Linux 7.2.3-arch1-2,x86_64,24,30.44,3.14.7,10,10,5,2,2,1,2,2,2,0,0,42,4426,100745,198,15246,"{""director_p_0.asl"": 125, ""director_p_82.asl"": 125, ""director_p_15.asl"": 125, ""director_p_4.asl"": 125, ""director_p_95.asl"": 125, ""director_p_36.asl"": 125, ""director_p_32.asl"": 125, ""director_p_29.asl"": 125, ""director_p_18.asl"": 125, ""director_p_14.asl"": 125, ""director_p_87.asl"": 125, ""director_p_70.asl"": 125, ""director_p_12.asl"": 125, ""director_p_76.asl"": 125, ""director_p_55.asl"": 125, ""director_p_5.asl"": 125, ""director_p_97.asl"": 125, ""director_p_88.asl"": 125, ""director_p_28.asl"": 125, ""director_p_30.asl"": 125, ""director_p_65.asl"": 125, ""director_p_78.asl"": 125, ""director_p_84.asl"": 125, ""director_p_72.asl"": 125, ""director_p_26.asl"": 125, ""director_p_89.asl"": 125, ""director_p_54.asl"": 125, ""director_p_93.asl"": 125, ""director_p_58.asl"": 125, ""director_p_96.asl"": 125, ""director_p_1.asl"": 125, ""director_p_21.asl"": 125, ""director_p_86.asl"": 125, ""director_p_44.asl"": 125, ""director_p_71.asl"": 125, ""director_p_20.asl"": 125, ""director_p_99.asl"": 125, ""director_p_62.asl"": 125, ""director_p_49.asl"": 125, ""director_p_22.asl"": 125, ""director_p_7.asl"": 125, ""director_p_6.asl"": 125, ""director_p_25.asl"": 125, ""director_p_60.asl"": 125, ""director_p_23.asl"": 125, ""director_p_68.asl"": 125, ""director_p_56.asl"": 125, ""director_p_39.asl"": 125, ""director_p_17.asl"": 125, ""director_p_3.asl"": 125, ""director_p_47.asl"": 125, ""director_p_85.asl"": 125, ""director_p_92.asl"": 125, ""director_p_94.asl"": 125, ""director_p_83.asl"": 125, ""director_p_98.asl"": 125, ""director_p_90.asl"": 125, ""director_p_91.asl"": 125, ""director_p_31.asl"": 125, ""director_p_63.asl"": 125, ""director_p_24.asl"": 125, ""director_p_80.asl"": 125, ""director_p_59.asl"": 125, ""director_p_69.asl"": 125, ""director_p_74.asl"": 125, ""director_p_35.asl"": 125, ""director_p_27.asl"": 125, ""director_p_57.asl"": 125, ""director_p_33.asl"": 125, ""director_p_67.asl"": 125, ""director_p_50.asl"": 125, ""director_p_46.asl"": 125, ""director_p_45.asl"": 125, ""director_p_43.asl"": 125, ""director_p_77.asl"": 125, ""director_p_53.asl"": 125, ""director_p_81.asl"": 125, ""director_p_64.asl"": 125, ""director_p_66.asl"": 125, ""director_p_52.asl"": 125, ""director_p_73.asl"": 125, ""director_p_40.asl"": 125, ""director_p_37.asl"": 125, ""director_p_38.asl"": 125, ""director_p_61.asl"": 125, ""director_p_13.asl"": 125, ""director_p_48.asl"": 125, ""director_p_75.asl"": 125, ""director_p_34.asl"": 125, ""director_p_9.asl"": 125, ""director_p_51.asl"": 125, ""director_p_41.asl"": 125, ""director_p_11.asl"": 125, ""director_p_79.asl"": 125, ""director_p_42.asl"": 125, ""director_p_19.asl"": 125, ""director_p_16.asl"": 125, ""director_p_10.asl"": 125, ""director_p_8.asl"": 125, ""role_p_0_r.asl"": 29, ""role_p_82_r.asl"": 29, ""role_p_15_r.asl"": 29, ""role_p_4_r.asl"": 29, ""role_p_95_r.asl"": 29, ""role_p_36_r.asl"": 29, ""role_p_32_r.asl"": 29, ""role_p_29_r.asl"": 29, ""role_p_18_r.asl"": 29, ""role_p_14_r.asl"": 29, ""role_p_87_r.asl"": 29, ""role_p_70_r.asl"": 29, ""role_p_12_r.asl"": 29, ""role_p_76_r.asl"": 29, ""role_p_55_r.asl"": 29, ""role_p_5_r.asl"": 29, ""role_p_97_r.asl"": 29, ""role_p_88_r.asl"": 29, ""role_p_28_r.asl"": 29, ""role_p_30_r.asl"": 29, ""role_p_65_r.asl"": 29, ""role_p_78_r.asl"": 29, ""role_p_84_r.asl"": 29, ""role_p_72_r.asl"": 29, ""role_p_26_r.asl"": 29, ""role_p_89_r.asl"": 29, ""role_p_54_r.asl"": 29, ""role_p_93_r.asl"": 29, ""role_p_58_r.asl"": 29, ""role_p_96_r.asl"": 29, ""role_p_1_r.asl"": 29, ""role_p_21_r.asl"": 29, ""role_p_86_r.asl"": 29, ""role_p_44_r.asl"": 29, ""role_p_71_r.asl"": 29, ""role_p_20_r.asl"": 29, ""role_p_99_r.asl"": 29, ""role_p_62_r.asl"": 29, ""role_p_49_r.asl"": 29, ""role_p_22_r.asl"": 29, ""role_p_7_r.asl"": 29, ""role_p_6_r.asl"": 29, ""role_p_25_r.asl"": 29, ""role_p_60_r.asl"": 29, ""role_p_23_r.asl"": 29, ""role_p_68_r.asl"": 29, ""role_p_56_r.asl"": 29, ""role_p_39_r.asl"": 29, ""role_p_17_r.asl"": 29, ""role_p_3_r.asl"": 29, ""role_p_47_r.asl"": 29, ""role_p_85_r.asl"": 29, ""role_p_92_r.asl"": 29, ""role_p_94_r.asl"": 29, ""role_p_83_r.asl"": 29, ""role_p_98_r.asl"": 29, ""role_p_90_r.asl"": 29, ""role_p_91_r.asl"": 29, ""role_p_31_r.asl"": 29, ""role_p_63_r.asl"": 29, ""role_p_24_r.asl"": 29, ""role_p_80_r.asl"": 29, ""role_p_59_r.asl"": 29, ""role_p_69_r.asl"": 29, ""role_p_74_r.asl"": 29, ""role_p_35_r.asl"": 29, ""role_p_27_r.asl"": 29, ""role_p_57_r.asl"": 29, ""role_p_33_r.asl"": 29, ""role_p_67_r.asl"": 29, ""role_p_50_r.asl"": 29, ""role_p_46_r.asl"": 29, ""role_p_45_r.asl"": 29, ""role_p_43_r.asl"": 29, ""role_p_77_r.asl"": 29, ""role_p_53_r.asl"": 29, ""role_p_81_r.asl"": 29, ""role_p_64_r.asl"": 29, ""role_p_66_r.asl"": 29, ""role_p_52_r.asl"": 29, ""role_p_73_r.asl"": 29, ""role_p_40_r.asl"": 29, ""role_p_37_r.asl"": 29, ""role_p_38_r.asl"": 29, ""role_p_61_r.asl"": 29, ""role_p_13_r.asl"": 29, ""role_p_48_r.asl"": 29, ""role_p_75_r.asl"": 29, ""role_p_34_r.asl"": 29, ""role_p_9_r.asl"": 29, ""role_p_51_r.asl"": 29, ""role_p_41_r.asl"": 29, ""role_p_11_r.asl"": 29, ""role_p_79_r.asl"": 29, ""role_p_42_r.asl"": 29, ""role_p_19_r.asl"": 29, ""role_p_16_r.asl"": 29, ""role_p_10_r.asl"": 29, ""role_p_8_r.asl"": 29}",3.4446452779032986,0.37353999199694954,0.0026235820005240384,2.8571386337280273,True,0,0
scale_import_edges,27,Linux 7.2.3-arch1-2,x86_64,24,30.44,3.14.7,10,10,5,2,2,1,2,2,2,0,0,42,4426,100745,198,15246,"{""director_p_0.asl"": 125, ""director_p_82.asl"": 125, ""director_p_15.asl"": 125, ""director_p_4.asl"": 125, ""director_p_95.asl"": 125, ""director_p_36.asl"": 125, ""director_p_32.asl"": 125, ""director_p_29.asl"": 125, ""director_p_18.asl"": 125, ""director_p_14.asl"": 125, ""director_p_87.asl"": 125, ""director_p_70.asl"": 125, ""director_p_12.asl"": 125, ""director_p_76.asl"": 125, ""director_p_55.asl"": 125, ""director_p_5.asl"": 125, ""director_p_97.asl"": 125, ""director_p_88.asl"": 125, ""director_p_28.asl"": 125, ""director_p_30.asl"": 125, ""director_p_65.asl"": 125, ""director_p_78.asl"": 125, ""director_p_84.asl"": 125, ""director_p_72.asl"": 125, ""director_p_26.asl"": 125, ""director_p_89.asl"": 125, ""director_p_54.asl"": 125, ""director_p_93.asl"": 125, ""director_p_58.asl"": 125, ""director_p_96.asl"": 125, ""director_p_1.asl"": 125, ""director_p_21.asl"": 125, ""director_p_86.asl"": 125, ""director_p_44.asl"": 125, ""director_p_71.asl"": 125, ""director_p_20.asl"": 125, ""director_p_99.asl"": 125, ""director_p_62.asl"": 125, ""director_p_49.asl"": 125, ""director_p_22.asl"": 125, ""director_p_7.asl"": 125, ""director_p_6.asl"": 125, ""director_p_25.asl"": 125, ""director_p_60.asl"": 125, ""director_p_23.asl"": 125, ""director_p_68.asl"": 125, ""director_p_56.asl"": 125, ""director_p_39.asl"": 125, ""director_p_17.asl"": 125, ""director_p_3.asl"": 125, ""director_p_47.asl"": 125, ""director_p_85.asl"": 125, ""director_p_92.asl"": 125, ""director_p_94.asl"": 125, ""director_p_83.asl"": 125, ""director_p_98.asl"": 125, ""director_p_90.asl"": 125, ""director_p_91.asl"": 125, ""director_p_31.asl"": 125, ""director_p_63.asl"": 125, ""director_p_24.asl"": 125, ""director_p_80.asl"": 125, ""director_p_59.asl"": 125, ""director_p_69.asl"": 125, ""director_p_74.asl"": 125, ""director_p_35.asl"": 125, ""director_p_27.asl"": 125, ""director_p_57.asl"": 125, ""director_p_33.asl"": 125, ""director_p_67.asl"": 125, ""director_p_50.asl"": 125, ""director_p_46.asl"": 125, ""director_p_45.asl"": 125, ""director_p_43.asl"": 125, ""director_p_77.asl"": 125, ""director_p_53.asl"": 125, ""director_p_81.asl"": 125, ""director_p_64.asl"": 125, ""director_p_66.asl"": 125, ""director_p_52.asl"": 125, ""director_p_73.asl"": 125, ""director_p_40.asl"": 125, ""director_p_37.asl"": 125, ""director_p_38.asl"": 125, ""director_p_61.asl"": 125, ""director_p_13.asl"": 125, ""director_p_48.asl"": 125, ""director_p_75.asl"": 125, ""director_p_34.asl"": 125, ""director_p_9.asl"": 125, ""director_p_51.asl"": 125, ""director_p_41.asl"": 125, ""director_p_11.asl"": 125, ""director_p_79.asl"": 125, ""director_p_42.asl"": 125, ""director_p_19.asl"": 125, ""director_p_16.asl"": 125, ""director_p_10.asl"": 125, ""director_p_8.asl"": 125, ""role_p_0_r.asl"": 29, ""role_p_82_r.asl"": 29, ""role_p_15_r.asl"": 29, ""role_p_4_r.asl"": 29, ""role_p_95_r.asl"": 29, ""role_p_36_r.asl"": 29, ""role_p_32_r.asl"": 29, ""role_p_29_r.asl"": 29, ""role_p_18_r.asl"": 29, ""role_p_14_r.asl"": 29, ""role_p_87_r.asl"": 29, ""role_p_70_r.asl"": 29, ""role_p_12_r.asl"": 29, ""role_p_76_r.asl"": 29, ""role_p_55_r.asl"": 29, ""role_p_5_r.asl"": 29, ""role_p_97_r.asl"": 29, ""role_p_88_r.asl"": 29, ""role_p_28_r.asl"": 29, ""role_p_30_r.asl"": 29, ""role_p_65_r.asl"": 29, ""role_p_78_r.asl"": 29, ""role_p_84_r.asl"": 29, ""role_p_72_r.asl"": 29, ""role_p_26_r.asl"": 29, ""role_p_89_r.asl"": 29, ""role_p_54_r.asl"": 29, ""role_p_93_r.asl"": 29, ""role_p_58_r.asl"": 29, ""role_p_96_r.asl"": 29, ""role_p_1_r.asl"": 29, ""role_p_21_r.asl"": 29, ""role_p_86_r.asl"": 29, ""role_p_44_r.asl"": 29, ""role_p_71_r.asl"": 29, ""role_p_20_r.asl"": 29, ""role_p_99_r.asl"": 29, ""role_p_62_r.asl"": 29, ""role_p_49_r.asl"": 29, ""role_p_22_r.asl"": 29, ""role_p_7_r.asl"": 29, ""role_p_6_r.asl"": 29, ""role_p_25_r.asl"": 29, ""role_p_60_r.asl"": 29, ""role_p_23_r.asl"": 29, ""role_p_68_r.asl"": 29, ""role_p_56_r.asl"": 29, ""role_p_39_r.asl"": 29, ""role_p_17_r.asl"": 29, ""role_p_3_r.asl"": 29, ""role_p_47_r.asl"": 29, ""role_p_85_r.asl"": 29, ""role_p_92_r.asl"": 29, ""role_p_94_r.asl"": 29, ""role_p_83_r.asl"": 29, ""role_p_98_r.asl"": 29, ""role_p_90_r.asl"": 29, ""role_p_91_r.asl"": 29, ""role_p_31_r.asl"": 29, ""role_p_63_r.asl"": 29, ""role_p_24_r.asl"": 29, ""role_p_80_r.asl"": 29, ""role_p_59_r.asl"": 29, ""role_p_69_r.asl"": 29, ""role_p_74_r.asl"": 29, ""role_p_35_r.asl"": 29, ""role_p_27_r.asl"": 29, ""role_p_57_r.asl"": 29, ""role_p_33_r.asl"": 29, ""role_p_67_r.asl"": 29, ""role_p_50_r.asl"": 29, ""role_p_46_r.asl"": 29, ""role_p_45_r.asl"": 29, ""role_p_43_r.asl"": 29, ""role_p_77_r.asl"": 29, ""role_p_53_r.asl"": 29, ""role_p_81_r.asl"": 29, ""role_p_64_r.asl"": 29, ""role_p_66_r.asl"": 29, ""role_p_52_r.asl"": 29, ""role_p_73_r.asl"": 29, ""role_p_40_r.asl"": 29, ""role_p_37_r.asl"": 29, ""role_p_38_r.asl"": 29, ""role_p_61_r.asl"": 29, ""role_p_13_r.asl"": 29, ""role_p_48_r.asl"": 29, ""role_p_75_r.asl"": 29, ""role_p_34_r.asl"": 29, ""role_p_9_r.asl"": 29, ""role_p_51_r.asl"": 29, ""role_p_41_r.asl"": 29, ""role_p_11_r.asl"": 29, ""role_p_79_r.asl"": 29, ""role_p_42_r.asl"": 29, ""role_p_19_r.asl"": 29, ""role_p_16_r.asl"": 29, ""role_p_10_r.asl"": 29, ""role_p_8_r.asl"": 29}",3.4446452779032986,0.37423207000028924,0.0026760209984786343,2.8581838607788086,True,0,0
scale_import_edges,28,Linux 7.2.3-arch1-2,x86_64,24,30.44,3.14.7,10,10,5,2,2,1,2,2,2,0,0,42,4426,100745,198,15246,"{""director_p_0.asl"": 125, ""director_p_82.asl"": 125, ""director_p_15.asl"": 125, ""director_p_4.asl"": 125, ""director_p_95.asl"": 125, ""director_p_36.asl"": 125, ""director_p_32.asl"": 125, ""director_p_29.asl"": 125, ""director_p_18.asl"": 125, ""director_p_14.asl"": 125, ""director_p_87.asl"": 125, ""director_p_70.asl"": 125, ""director_p_12.asl"": 125, ""director_p_76.asl"": 125, ""director_p_55.asl"": 125, ""director_p_5.asl"": 125, ""director_p_97.asl"": 125, ""director_p_88.asl"": 125, ""director_p_28.asl"": 125, ""director_p_30.asl"": 125, ""director_p_65.asl"": 125, ""director_p_78.asl"": 125, ""director_p_84.asl"": 125, ""director_p_72.asl"": 125, ""director_p_26.asl"": 125, ""director_p_89.asl"": 125, ""director_p_54.asl"": 125, ""director_p_93.asl"": 125, ""director_p_58.asl"": 125, ""director_p_96.asl"": 125, ""director_p_1.asl"": 125, ""director_p_21.asl"": 125, ""director_p_86.asl"": 125, ""director_p_44.asl"": 125, ""director_p_71.asl"": 125, ""director_p_20.asl"": 125, ""director_p_99.asl"": 125, ""director_p_62.asl"": 125, ""director_p_49.asl"": 125, ""director_p_22.asl"": 125, ""director_p_7.asl"": 125, ""director_p_6.asl"": 125, ""director_p_25.asl"": 125, ""director_p_60.asl"": 125, ""director_p_23.asl"": 125, ""director_p_68.asl"": 125, ""director_p_56.asl"": 125, ""director_p_39.asl"": 125, ""director_p_17.asl"": 125, ""director_p_3.asl"": 125, ""director_p_47.asl"": 125, ""director_p_85.asl"": 125, ""director_p_92.asl"": 125, ""director_p_94.asl"": 125, ""director_p_83.asl"": 125, ""director_p_98.asl"": 125, ""director_p_90.asl"": 125, ""director_p_91.asl"": 125, ""director_p_31.asl"": 125, ""director_p_63.asl"": 125, ""director_p_24.asl"": 125, ""director_p_80.asl"": 125, ""director_p_59.asl"": 125, ""director_p_69.asl"": 125, ""director_p_74.asl"": 125, ""director_p_35.asl"": 125, ""director_p_27.asl"": 125, ""director_p_57.asl"": 125, ""director_p_33.asl"": 125, ""director_p_67.asl"": 125, ""director_p_50.asl"": 125, ""director_p_46.asl"": 125, ""director_p_45.asl"": 125, ""director_p_43.asl"": 125, ""director_p_77.asl"": 125, ""director_p_53.asl"": 125, ""director_p_81.asl"": 125, ""director_p_64.asl"": 125, ""director_p_66.asl"": 125, ""director_p_52.asl"": 125, ""director_p_73.asl"": 125, ""director_p_40.asl"": 125, ""director_p_37.asl"": 125, ""director_p_38.asl"": 125, ""director_p_61.asl"": 125, ""director_p_13.asl"": 125, ""director_p_48.asl"": 125, ""director_p_75.asl"": 125, ""director_p_34.asl"": 125, ""director_p_9.asl"": 125, ""director_p_51.asl"": 125, ""director_p_41.asl"": 125, ""director_p_11.asl"": 125, ""director_p_79.asl"": 125, ""director_p_42.asl"": 125, ""director_p_19.asl"": 125, ""director_p_16.asl"": 125, ""director_p_10.asl"": 125, ""director_p_8.asl"": 125, ""role_p_0_r.asl"": 29, ""role_p_82_r.asl"": 29, ""role_p_15_r.asl"": 29, ""role_p_4_r.asl"": 29, ""role_p_95_r.asl"": 29, ""role_p_36_r.asl"": 29, ""role_p_32_r.asl"": 29, ""role_p_29_r.asl"": 29, ""role_p_18_r.asl"": 29, ""role_p_14_r.asl"": 29, ""role_p_87_r.asl"": 29, ""role_p_70_r.asl"": 29, ""role_p_12_r.asl"": 29, ""role_p_76_r.asl"": 29, ""role_p_55_r.asl"": 29, ""role_p_5_r.asl"": 29, ""role_p_97_r.asl"": 29, ""role_p_88_r.asl"": 29, ""role_p_28_r.asl"": 29, ""role_p_30_r.asl"": 29, ""role_p_65_r.asl"": 29, ""role_p_78_r.asl"": 29, ""role_p_84_r.asl"": 29, ""role_p_72_r.asl"": 29, ""role_p_26_r.asl"": 29, ""role_p_89_r.asl"": 29, ""role_p_54_r.asl"": 29, ""role_p_93_r.asl"": 29, ""role_p_58_r.asl"": 29, ""role_p_96_r.asl"": 29, ""role_p_1_r.asl"": 29, ""role_p_21_r.asl"": 29, ""role_p_86_r.asl"": 29, ""role_p_44_r.asl"": 29, ""role_p_71_r.asl"": 29, ""role_p_20_r.asl"": 29, ""role_p_99_r.asl"": 29, ""role_p_62_r.asl"": 29, ""role_p_49_r.asl"": 29, ""role_p_22_r.asl"": 29, ""role_p_7_r.asl"": 29, ""role_p_6_r.asl"": 29, ""role_p_25_r.asl"": 29, ""role_p_60_r.asl"": 29, ""role_p_23_r.asl"": 29, ""role_p_68_r.asl"": 29, ""role_p_56_r.asl"": 29, ""role_p_39_r.asl"": 29, ""role_p_17_r.asl"": 29, ""role_p_3_r.asl"": 29, ""role_p_47_r.asl"": 29, ""role_p_85_r.asl"": 29, ""role_p_92_r.asl"": 29, ""role_p_94_r.asl"": 29, ""role_p_83_r.asl"": 29, ""role_p_98_r.asl"": 29, ""role_p_90_r.asl"": 29, ""role_p_91_r.asl"": 29, ""role_p_31_r.asl"": 29, ""role_p_63_r.asl"": 29, ""role_p_24_r.asl"": 29, ""role_p_80_r.asl"": 29, ""role_p_59_r.asl"": 29, ""role_p_69_r.asl"": 29, ""role_p_74_r.asl"": 29, ""role_p_35_r.asl"": 29, ""role_p_27_r.asl"": 29, ""role_p_57_r.asl"": 29, ""role_p_33_r.asl"": 29, ""role_p_67_r.asl"": 29, ""role_p_50_r.asl"": 29, ""role_p_46_r.asl"": 29, ""role_p_45_r.asl"": 29, ""role_p_43_r.asl"": 29, ""role_p_77_r.asl"": 29, ""role_p_53_r.asl"": 29, ""role_p_81_r.asl"": 29, ""role_p_64_r.asl"": 29, ""role_p_66_r.asl"": 29, ""role_p_52_r.asl"": 29, ""role_p_73_r.asl"": 29, ""role_p_40_r.asl"": 29, ""role_p_37_r.asl"": 29, ""role_p_38_r.asl"": 29, ""role_p_61_r.asl"": 29, ""role_p_13_r.asl"": 29, ""role_p_48_r.asl"": 29, ""role_p_75_r.asl"": 29, ""role_p_34_r.asl"": 29, ""role_p_9_r.asl"": 29, ""role_p_51_r.asl"": 29, ""role_p_41_r.asl"": 29, ""role_p_11_r.asl"": 29, ""role_p_79_r.asl"": 29, ""role_p_42_r.asl"": 29, ""role_p_19_r.asl"": 29, ""role_p_16_r.asl"": 29, ""role_p_10_r.asl"": 29, ""role_p_8_r.asl"": 29}",3.4446452779032986,0.38008713200179045,0.0026809219998540357,2.854304313659668,True,0,0
scale_import_edges,29,Linux 7.2.3-arch1-2,x86_64,24,30.44,3.14.7,10,10,5,2,2,1,2,2,2,0,0,42,4426,100745,198,15246,"{""director_p_0.asl"": 125, ""director_p_82.asl"": 125, ""director_p_15.asl"": 125, ""director_p_4.asl"": 125, ""director_p_95.asl"": 125, ""director_p_36.asl"": 125, ""director_p_32.asl"": 125, ""director_p_29.asl"": 125, ""director_p_18.asl"": 125, ""director_p_14.asl"": 125, ""director_p_87.asl"": 125, ""director_p_70.asl"": 125, ""director_p_12.asl"": 125, ""director_p_76.asl"": 125, ""director_p_55.asl"": 125, ""director_p_5.asl"": 125, ""director_p_97.asl"": 125, ""director_p_88.asl"": 125, ""director_p_28.asl"": 125, ""director_p_30.asl"": 125, ""director_p_65.asl"": 125, ""director_p_78.asl"": 125, ""director_p_84.asl"": 125, ""director_p_72.asl"": 125, ""director_p_26.asl"": 125, ""director_p_89.asl"": 125, ""director_p_54.asl"": 125, ""director_p_93.asl"": 125, ""director_p_58.asl"": 125, ""director_p_96.asl"": 125, ""director_p_1.asl"": 125, ""director_p_21.asl"": 125, ""director_p_86.asl"": 125, ""director_p_44.asl"": 125, ""director_p_71.asl"": 125, ""director_p_20.asl"": 125, ""director_p_99.asl"": 125, ""director_p_62.asl"": 125, ""director_p_49.asl"": 125, ""director_p_22.asl"": 125, ""director_p_7.asl"": 125, ""director_p_6.asl"": 125, ""director_p_25.asl"": 125, ""director_p_60.asl"": 125, ""director_p_23.asl"": 125, ""director_p_68.asl"": 125, ""director_p_56.asl"": 125, ""director_p_39.asl"": 125, ""director_p_17.asl"": 125, ""director_p_3.asl"": 125, ""director_p_47.asl"": 125, ""director_p_85.asl"": 125, ""director_p_92.asl"": 125, ""director_p_94.asl"": 125, ""director_p_83.asl"": 125, ""director_p_98.asl"": 125, ""director_p_90.asl"": 125, ""director_p_91.asl"": 125, ""director_p_31.asl"": 125, ""director_p_63.asl"": 125, ""director_p_24.asl"": 125, ""director_p_80.asl"": 125, ""director_p_59.asl"": 125, ""director_p_69.asl"": 125, ""director_p_74.asl"": 125, ""director_p_35.asl"": 125, ""director_p_27.asl"": 125, ""director_p_57.asl"": 125, ""director_p_33.asl"": 125, ""director_p_67.asl"": 125, ""director_p_50.asl"": 125, ""director_p_46.asl"": 125, ""director_p_45.asl"": 125, ""director_p_43.asl"": 125, ""director_p_77.asl"": 125, ""director_p_53.asl"": 125, ""director_p_81.asl"": 125, ""director_p_64.asl"": 125, ""director_p_66.asl"": 125, ""director_p_52.asl"": 125, ""director_p_73.asl"": 125, ""director_p_40.asl"": 125, ""director_p_37.asl"": 125, ""director_p_38.asl"": 125, ""director_p_61.asl"": 125, ""director_p_13.asl"": 125, ""director_p_48.asl"": 125, ""director_p_75.asl"": 125, ""director_p_34.asl"": 125, ""director_p_9.asl"": 125, ""director_p_51.asl"": 125, ""director_p_41.asl"": 125, ""director_p_11.asl"": 125, ""director_p_79.asl"": 125, ""director_p_42.asl"": 125, ""director_p_19.asl"": 125, ""director_p_16.asl"": 125, ""director_p_10.asl"": 125, ""director_p_8.asl"": 125, ""role_p_0_r.asl"": 29, ""role_p_82_r.asl"": 29, ""role_p_15_r.asl"": 29, ""role_p_4_r.asl"": 29, ""role_p_95_r.asl"": 29, ""role_p_36_r.asl"": 29, ""role_p_32_r.asl"": 29, ""role_p_29_r.asl"": 29, ""role_p_18_r.asl"": 29, ""role_p_14_r.asl"": 29, ""role_p_87_r.asl"": 29, ""role_p_70_r.asl"": 29, ""role_p_12_r.asl"": 29, ""role_p_76_r.asl"": 29, ""role_p_55_r.asl"": 29, ""role_p_5_r.asl"": 29, ""role_p_97_r.asl"": 29, ""role_p_88_r.asl"": 29, ""role_p_28_r.asl"": 29, ""role_p_30_r.asl"": 29, ""role_p_65_r.asl"": 29, ""role_p_78_r.asl"": 29, ""role_p_84_r.asl"": 29, ""role_p_72_r.asl"": 29, ""role_p_26_r.asl"": 29, ""role_p_89_r.asl"": 29, ""role_p_54_r.asl"": 29, ""role_p_93_r.asl"": 29, ""role_p_58_r.asl"": 29, ""role_p_96_r.asl"": 29, ""role_p_1_r.asl"": 29, ""role_p_21_r.asl"": 29, ""role_p_86_r.asl"": 29, ""role_p_44_r.asl"": 29, ""role_p_71_r.asl"": 29, ""role_p_20_r.asl"": 29, ""role_p_99_r.asl"": 29, ""role_p_62_r.asl"": 29, ""role_p_49_r.asl"": 29, ""role_p_22_r.asl"": 29, ""role_p_7_r.asl"": 29, ""role_p_6_r.asl"": 29, ""role_p_25_r.asl"": 29, ""role_p_60_r.asl"": 29, ""role_p_23_r.asl"": 29, ""role_p_68_r.asl"": 29, ""role_p_56_r.asl"": 29, ""role_p_39_r.asl"": 29, ""role_p_17_r.asl"": 29, ""role_p_3_r.asl"": 29, ""role_p_47_r.asl"": 29, ""role_p_85_r.asl"": 29, ""role_p_92_r.asl"": 29, ""role_p_94_r.asl"": 29, ""role_p_83_r.asl"": 29, ""role_p_98_r.asl"": 29, ""role_p_90_r.asl"": 29, ""role_p_91_r.asl"": 29, ""role_p_31_r.asl"": 29, ""role_p_63_r.asl"": 29, ""role_p_24_r.asl"": 29, ""role_p_80_r.asl"": 29, ""role_p_59_r.asl"": 29, ""role_p_69_r.asl"": 29, ""role_p_74_r.asl"": 29, ""role_p_35_r.asl"": 29, ""role_p_27_r.asl"": 29, ""role_p_57_r.asl"": 29, ""role_p_33_r.asl"": 29, ""role_p_67_r.asl"": 29, ""role_p_50_r.asl"": 29, ""role_p_46_r.asl"": 29, ""role_p_45_r.asl"": 29, ""role_p_43_r.asl"": 29, ""role_p_77_r.asl"": 29, ""role_p_53_r.asl"": 29, ""role_p_81_r.asl"": 29, ""role_p_64_r.asl"": 29, ""role_p_66_r.asl"": 29, ""role_p_52_r.asl"": 29, ""role_p_73_r.asl"": 29, ""role_p_40_r.asl"": 29, ""role_p_37_r.asl"": 29, ""role_p_38_r.asl"": 29, ""role_p_61_r.asl"": 29, ""role_p_13_r.asl"": 29, ""role_p_48_r.asl"": 29, ""role_p_75_r.asl"": 29, ""role_p_34_r.asl"": 29, ""role_p_9_r.asl"": 29, ""role_p_51_r.asl"": 29, ""role_p_41_r.asl"": 29, ""role_p_11_r.asl"": 29, ""role_p_79_r.asl"": 29, ""role_p_42_r.asl"": 29, ""role_p_19_r.asl"": 29, ""role_p_16_r.asl"": 29, ""role_p_10_r.asl"": 29, ""role_p_8_r.asl"": 29}",3.4446452779032986,0.37286981500074035,0.002942211001936812,2.8578920364379883,True,0,0
