experiment,run_id,sys_os,sys_cpu,sys_cores,sys_ram_gb,sys_python,n_actions,n_events,n_facts,n_playbooks,n_plans_per_playbook,n_branches_per_plan,n_stmts_per_branch,n_roles,n_phases,n_subplot_breadth,n_subplot_depth,seed,input_loc,input_bytes,output_files,output_loc_total,output_loc_per_file,loc_ratio,compile_time_s,io_time_s,peak_ram_mb,success,warning_count,error_count
grid_playbook_logic,0,Linux 7.2.3-arch1-2,x86_64,24,30.44,3.14.7,10,10,5,2,2,1,2,2,2,0,0,42,117,2267,5,269,"{""playbook_playbook0.asl"": 26, ""playbook_playbook1.asl"": 26, ""director_mainplot.asl"": 149, ""role_mainplot_role0.asl"": 34, ""role_mainplot_role1.asl"": 34}",2.299145299145299,0.004001692999736406,9.070000123756472e-05,0.1290111541748047,True,9,0
grid_playbook_logic,1,Linux 7.2.3-arch1-2,x86_64,24,30.44,3.14.7,10,10,5,2,2,1,2,2,2,0,0,42,117,2267,5,269,"{""playbook_playbook0.asl"": 26, ""playbook_playbook1.asl"": 26, ""director_mainplot.asl"": 149, ""role_mainplot_role0.asl"": 34, ""role_mainplot_role1.asl"": 34}",2.299145299145299,0.0037855529990338255,8.909999996831175e-05,0.1289348602294922,True,9,0
grid_playbook_logic,2,Linux 7.2.3-arch1-2,x86_64,24,30.44,3.14.7,10,10,5,2,2,1,2,2,2,0,0,42,117,2267,5,269,"{""playbook_playbook0.asl"": 26, ""playbook_playbook1.asl"": 26, ""director_mainplot.asl"": 149, ""role_mainplot_role0.asl"": 34, ""role_mainplot_role1.asl"": 34}",2.299145299145299,0.003881062000800739,8.899000022211112e-05,0.1289348602294922,True,9,0
grid_playbook_logic,3,Linux 7.2.3-arch1-2,x86_64,24,30.44,3.14.7,10,10,5,2,2,1,2,2,2,0,0,42,117,2267,5,269,"{""playbook_playbook0.asl"": 26, ""playbook_playbook1.asl"": 26, ""director_mainplot.asl"": 149, ""role_mainplot_role0.asl"": 34, ""role_mainplot_role1.asl"": 34}",2.299145299145299,0.003810772999713663,8.818000060273334e-05,0.1289348602294922,True,9,0
grid_playbook_logic,4,Linux 7.2.3-arch1-2,x86_64,24,30.44,3.14.7,10,10,5,2,2,1,2,2,2,0,0,42,117,2267,5,269,"{""playbook_playbook0.asl"": 26, ""playbook_playbook1.asl"": 26, ""director_mainplot.asl"": 149, ""role_mainplot_role0.asl"": 34, ""role_mainplot_role1.asl"": 34}",2.299145299145299,0.0037916029996267753,8.900899956643116e-05,0.1289348602294922,True,9,0
grid_playbook_logic,5,Linux 7.2.3-arch1-2,x86_64,24,30.44,3.14.7,10,10,5,2,5,1,2,2,2,0,0,42,153,2951,5,323,"{""playbook_playbook0.asl"": 53, ""playbook_playbook1.asl"": 53, ""director_mainplot.asl"": 149, ""role_mainplot_role0.asl"": 34, ""role_mainplot_role1.asl"": 34}",2.111111111111111,0.005468440000186092,9.001900070870761e-05,0.1999797821044922,True,0,0
grid_playbook_logic,6,Linux 7.2.3-arch1-2,x86_64,24,30.44,3.14.7,10,10,5,2,5,1,2,2,2,0,0,42,153,2951,5,323,"{""playbook_playbook0.asl"": 53, ""playbook_playbook1.asl"": 53, ""director_mainplot.asl"": 149, ""role_mainplot_role0.asl"": 34, ""role_mainplot_role1.asl"": 34}",2.111111111111111,0.005481919999510865,9.934999980032444e-05,0.1999797821044922,True,0,0
grid_playbook_logic,7,Linux 7.2.3-arch1-2,x86_64,24,30.44,3.14.7,10,10,5,2,5,1,2,2,2,0,0,42,153,2951,5,323,"{""playbook_playbook0.asl"": 53, ""playbook_playbook1.asl"": 53, ""director_mainplot.asl"": 149, ""role_mainplot_role0.asl"": 34, ""role_mainplot_role1.asl"": 34}",2.111111111111111,0.005472639999425155,9.028000022226479e-05,0.1999797821044922,True,0,0
grid_playbook_logic,8,Linux 7.2.3-arch1-2,x86_64,24,30.44,3.14.7,10,10,5,2,5,1,2,2,2,0,0,42,153,2951,5,323,"{""playbook_playbook0.asl"": 53, ""playbook_playbook1.asl"": 53, ""director_mainplot.asl"": 149, ""role_mainplot_role0.asl"": 34, ""role_mainplot_role1.asl"": 34}",2.111111111111111,0.005512920000910526,9.592999958840664e-05,0.1999797821044922,True,0,0
grid_playbook_logic,9,Linux 7.2.3-arch1-2,x86_64,24,30.44,3.14.7,10,10,5,2,5,1,2,2,2,0,0,42,153,2951,5,323,"{""playbook_playbook0.asl"": 53, ""playbook_playbook1.asl"": 53, ""director_mainplot.asl"": 149, ""role_mainplot_role0.asl"": 34, ""role_mainplot_role1.asl"": 34}",2.111111111111111,0.005468270001074416,9.069000043382403e-05,0.1999797821044922,True,0,0
grid_playbook_logic,10,Linux 7.2.3-arch1-2,x86_64,24,30.44,3.14.7,10,10,5,2,10,1,2,2,2,0,0,42,213,4092,5,413,"{""playbook_playbook0.asl"": 98, ""playbook_playbook1.asl"": 98, ""director_mainplot.asl"": 149, ""role_mainplot_role0.asl"": 34, ""role_mainplot_role1.asl"": 34}",1.9389671361502347,0.008269883999673766,8.865999916451983e-05,0.31581783294677734,True,0,0
grid_playbook_logic,11,Linux 7.2.3-arch1-2,x86_64,24,30.44,3.14.7,10,10,5,2,10,1,2,2,2,0,0,42,213,4092,5,413,"{""playbook_playbook0.asl"": 98, ""playbook_playbook1.asl"": 98, ""director_mainplot.asl"": 149, ""role_mainplot_role0.asl"": 34, ""role_mainplot_role1.asl"": 34}",1.9389671361502347,0.00834231400040153,9.344999853055924e-05,0.31581783294677734,True,0,0
grid_playbook_logic,12,Linux 7.2.3-arch1-2,x86_64,24,30.44,3.14.7,10,10,5,2,10,1,2,2,2,0,0,42,213,4092,5,413,"{""playbook_playbook0.asl"": 98, ""playbook_playbook1.asl"": 98, ""director_mainplot.asl"": 149, ""role_mainplot_role0.asl"": 34, ""role_mainplot_role1.asl"": 34}",1.9389671361502347,0.0082476850002422,9.05699998838827e-05,0.31581783294677734,True,0,0
grid_playbook_logic,13,Linux 7.2.3-arch1-2,x86_64,24,30.44,3.14.7,10,10,5,2,10,1,2,2,2,0,0,42,213,4092,5,413,"{""playbook_playbook0.asl"": 98, ""playbook_playbook1.asl"": 98, ""director_mainplot.asl"": 149, ""role_mainplot_role0.asl"": 34, ""role_mainplot_role1.asl"": 34}",1.9389671361502347,0.008275815000160947,9.041900011652615e-05,0.31581783294677734,True,0,0
grid_playbook_logic,14,Linux 7.2.3-arch1-2,x86_64,24,30.44,3.14.7,10,10,5,2,10,1,2,2,2,0,0,42,213,4092,5,413,"{""playbook_playbook0.asl"": 98, ""playbook_playbook1.asl"": 98, ""director_mainplot.asl"": 149, ""role_mainplot_role0.asl"": 34, ""role_mainplot_role1.asl"": 34}",1.9389671361502347,0.008228684999266989,8.903999878384639e-05,0.31581783294677734,True,0,0
grid_playbook_logic,15,Linux 7.2.3-arch1-2,x86_64,24,30.44,3.14.7,10,10,5,2,25,1,2,2,2,0,0,42,393,7512,5,683,"{""playbook_playbook0.asl"": 233, ""playbook_playbook1.asl"": 233, ""director_mainplot.asl"": 149, ""role_mainplot_role0.asl"": 34, ""role_mainplot_role1.asl"": 34}",1.737913486005089,0.01679902899923036,0.00010098900020238943,0.6673269271850586,True,0,0
grid_playbook_logic,16,Linux 7.2.3-arch1-2,x86_64,24,30.44,3.14.7,10,10,5,2,25,1,2,2,2,0,0,42,393,7512,5,683,"{""playbook_playbook0.asl"": 233, ""playbook_playbook1.asl"": 233, ""director_mainplot.asl"": 149, ""role_mainplot_role0.asl"": 34, ""role_mainplot_role1.asl"": 34}",1.737913486005089,0.016874688999450882,9.430899990547914e-05,0.6672964096069336,True,0,0
grid_playbook_logic,17,Linux 7.2.3-arch1-2,x86_64,24,30.44,3.14.7,10,10,5,2,25,1,2,2,2,0,0,42,393,7512,5,683,"{""playbook_playbook0.asl"": 233, ""playbook_playbook1.asl"": 233, ""director_mainplot.asl"": 149, ""role_mainplot_role0.asl"": 34, ""role_mainplot_role1.asl"": 34}",1.737913486005089,0.016730778999772156,9.4449998869095e-05,0.6672964096069336,True,0,0
grid_playbook_logic,18,Linux 7.2.3-arch1-2,x86_64,24,30.44,3.14.7,10,10,5,2,25,1,2,2,2,0,0,42,393,7512,5,683,"{""playbook_playbook0.asl"": 233, ""playbook_playbook1.asl"": 233, ""director_mainplot.asl"": 149, ""role_mainplot_role0.asl"": 34, ""role_mainplot_role1.asl"": 34}",1.737913486005089,0.017978506000872585,0.00012013000014121644,0.6672964096069336,True,0,0
grid_playbook_logic,19,Linux 7.2.3-arch1-2,x86_64,24,30.44,3.14.7,10,10,5,2,25,1,2,2,2,0,0,42,393,7512,5,683,"{""playbook_playbook0.asl"": 233, ""playbook_playbook1.asl"": 233, ""director_mainplot.asl"": 149, ""role_mainplot_role0.asl"": 34, ""role_mainplot_role1.asl"": 34}",1.737913486005089,0.018056225999316666,0.00010665999980119523,0.6672964096069336,True,0,0
grid_playbook_logic,20,Linux 7.2.3-arch1-2,x86_64,24,30.44,3.14.7,10,10,5,2,50,1,2,2,2,0,0,42,693,13212,5,1133,"{""playbook_playbook0.asl"": 458, ""playbook_playbook1.asl"": 458, ""director_mainplot.asl"": 149, ""role_mainplot_role0.asl"": 34, ""role_mainplot_role1.asl"": 34}",1.6349206349206349,0.03050620300018636,0.00010040900087915361,1.2564916610717773,True,0,0
grid_playbook_logic,21,Linux 7.2.3-arch1-2,x86_64,24,30.44,3.14.7,10,10,5,2,50,1,2,2,2,0,0,42,693,13212,5,1133,"{""playbook_playbook0.asl"": 458, ""playbook_playbook1.asl"": 458, ""director_mainplot.asl"": 149, ""role_mainplot_role0.asl"": 34, ""role_mainplot_role1.asl"": 34}",1.6349206349206349,0.030625583000073675,9.695000153442379e-05,1.2564916610717773,True,0,0
grid_playbook_logic,22,Linux 7.2.3-arch1-2,x86_64,24,30.44,3.14.7,10,10,5,2,50,1,2,2,2,0,0,42,693,13212,5,1133,"{""playbook_playbook0.asl"": 458, ""playbook_playbook1.asl"": 458, ""director_mainplot.asl"": 149, ""role_mainplot_role0.asl"": 34, ""role_mainplot_role1.asl"": 34}",1.6349206349206349,0.030301914001029218,9.740899986354634e-05,1.2564916610717773,True,0,0
grid_playbook_logic,23,Linux 7.2.3-arch1-2,x86_64,24,30.44,3.14.7,10,10,5,2,50,1,2,2,2,0,0,42,693,13212,5,1133,"{""playbook_playbook0.asl"": 458, ""playbook_playbook1.asl"": 458, ""director_mainplot.asl"": 149, ""role_mainplot_role0.asl"": 34, ""role_mainplot_role1.asl"": 34}",1.6349206349206349,0.03031445400119992,9.712899918667972e-05,1.2564916610717773,True,0,0
grid_playbook_logic,24,Linux 7.2.3-arch1-2,x86_64,24,30.44,3.14.7,10,10,5,2,50,1,2,2,2,0,0,42,693,13212,5,1133,"{""playbook_playbook0.asl"": 458, ""playbook_playbook1.asl"": 458, ""director_mainplot.asl"": 149, ""role_mainplot_role0.asl"": 34, ""role_mainplot_role1.asl"": 34}",1.6349206349206349,0.030325484000059078,9.664000026532449e-05,1.2564916610717773,True,0,0
grid_playbook_logic,25,Linux 7.2.3-arch1-2,x86_64,24,30.44,3.14.7,10,10,5,5,2,1,2,2,2,0,0,42,159,3014,8,347,"{""playbook_playbook0.asl"": 26, ""playbook_playbook1.asl"": 26, ""playbook_playbook2.asl"": 26, ""playbook_playbook3.asl"": 26, ""playbook_playbook4.asl"": 26, ""director_mainplot.asl"": 149, ""role_mainplot_role0.asl"": 34, ""role_mainplot_role1.asl"": 34}",2.1823899371069184,0.005593529998805025,0.00012572999912663363,0.20396041870117188,True,3,0
grid_playbook_logic,26,Linux 7.2.3-arch1-2,x86_64,24,30.44,3.14.7,10,10,5,5,2,1,2,2,2,0,0,42,159,3014,8,347,"{""playbook_playbook0.asl"": 26, ""playbook_playbook1.asl"": 26, ""playbook_playbook2.asl"": 26, ""playbook_playbook3.asl"": 26, ""playbook_playbook4.asl"": 26, ""director_mainplot.asl"": 149, ""role_mainplot_role0.asl"": 34, ""role_mainplot_role1.asl"": 34}",2.1823899371069184,0.005599479000011343,0.00013325000145414378,0.20399093627929688,True,3,0
grid_playbook_logic,27,Linux 7.2.3-arch1-2,x86_64,24,30.44,3.14.7,10,10,5,5,2,1,2,2,2,0,0,42,159,3014,8,347,"{""playbook_playbook0.asl"": 26, ""playbook_playbook1.asl"": 26, ""playbook_playbook2.asl"": 26, ""playbook_playbook3.asl"": 26, ""playbook_playbook4.asl"": 26, ""director_mainplot.asl"": 149, ""role_mainplot_role0.asl"": 34, ""role_mainplot_role1.asl"": 34}",2.1823899371069184,0.005620859999908134,0.00013541999942390248,0.20399093627929688,True,3,0
grid_playbook_logic,28,Linux 7.2.3-arch1-2,x86_64,24,30.44,3.14.7,10,10,5,5,2,1,2,2,2,0,0,42,159,3014,8,347,"{""playbook_playbook0.asl"": 26, ""playbook_playbook1.asl"": 26, ""playbook_playbook2.asl"": 26, ""playbook_playbook3.asl"": 26, ""playbook_playbook4.asl"": 26, ""director_mainplot.asl"": 149, ""role_mainplot_role0.asl"": 34, ""role_mainplot_role1.asl"": 34}",2.1823899371069184,0.005635909999909927,0.00012453900126274675,0.20399093627929688,True,3,0
grid_playbook_logic,29,Linux 7.2.3-arch1-2,x86_64,24,30.44,3.14.7,10,10,5,5,2,1,2,2,2,0,0,42,159,3014,8,347,"{""playbook_playbook0.asl"": 26, ""playbook_playbook1.asl"": 26, ""playbook_playbook2.asl"": 26, ""playbook_playbook3.asl"": 26, ""playbook_playbook4.asl"": 26, ""director_mainplot.asl"": 149, ""role_mainplot_role0.asl"": 34, ""role_mainplot_role1.asl"": 34}",2.1823899371069184,0.005638558999635279,0.00012462999984563794,0.20399093627929688,True,3,0
grid_playbook_logic,30,Linux 7.2.3-arch1-2,x86_64,24,30.44,3.14.7,10,10,5,5,5,1,2,2,2,0,0,42,249,4724,8,482,"{""playbook_playbook0.asl"": 53, ""playbook_playbook1.asl"": 53, ""playbook_playbook2.asl"": 53, ""playbook_playbook3.asl"": 53, ""playbook_playbook4.asl"": 53, ""director_mainplot.asl"": 149, ""role_mainplot_role0.asl"": 34, ""role_mainplot_role1.asl"": 34}",1.9357429718875503,0.009892531001241878,0.00012847000107285567,0.3781585693359375,True,3,0
grid_playbook_logic,31,Linux 7.2.3-arch1-2,x86_64,24,30.44,3.14.7,10,10,5,5,5,1,2,2,2,0,0,42,249,4724,8,482,"{""playbook_playbook0.asl"": 53, ""playbook_playbook1.asl"": 53, ""playbook_playbook2.asl"": 53, ""playbook_playbook3.asl"": 53, ""playbook_playbook4.asl"": 53, ""director_mainplot.asl"": 149, ""role_mainplot_role0.asl"": 34, ""role_mainplot_role1.asl"": 34}",1.9357429718875503,0.009961880999981076,0.0001291900007345248,0.3781585693359375,True,3,0
grid_playbook_logic,32,Linux 7.2.3-arch1-2,x86_64,24,30.44,3.14.7,10,10,5,5,5,1,2,2,2,0,0,42,249,4724,8,482,"{""playbook_playbook0.asl"": 53, ""playbook_playbook1.asl"": 53, ""playbook_playbook2.asl"": 53, ""playbook_playbook3.asl"": 53, ""playbook_playbook4.asl"": 53, ""director_mainplot.asl"": 149, ""role_mainplot_role0.asl"": 34, ""role_mainplot_role1.asl"": 34}",1.9357429718875503,0.009918850999383722,0.00012756999967677984,0.3781585693359375,True,3,0
grid_playbook_logic,33,Linux 7.2.3-arch1-2,x86_64,24,30.44,3.14.7,10,10,5,5,5,1,2,2,2,0,0,42,249,4724,8,482,"{""playbook_playbook0.asl"": 53, ""playbook_playbook1.asl"": 53, ""playbook_playbook2.asl"": 53, ""playbook_playbook3.asl"": 53, ""playbook_playbook4.asl"": 53, ""director_mainplot.asl"": 149, ""role_mainplot_role0.asl"": 34, ""role_mainplot_role1.asl"": 34}",1.9357429718875503,0.009867280999969807,0.0001282600005652057,0.3781585693359375,True,3,0
grid_playbook_logic,34,Linux 7.2.3-arch1-2,x86_64,24,30.44,3.14.7,10,10,5,5,5,1,2,2,2,0,0,42,249,4724,8,482,"{""playbook_playbook0.asl"": 53, ""playbook_playbook1.asl"": 53, ""playbook_playbook2.asl"": 53, ""playbook_playbook3.asl"": 53, ""playbook_playbook4.asl"": 53, ""director_mainplot.asl"": 149, ""role_mainplot_role0.asl"": 34, ""role_mainplot_role1.asl"": 34}",1.9357429718875503,0.009881021000182955,0.00012719999904220458,0.3781585693359375,True,3,0
grid_playbook_logic,35,Linux 7.2.3-arch1-2,x86_64,24,30.44,3.14.7,10,10,5,5,10,1,2,2,2,0,0,42,399,7575,8,707,"{""playbook_playbook0.asl"": 98, ""playbook_playbook1.asl"": 98, ""playbook_playbook2.asl"": 98, ""playbook_playbook3.asl"": 98, ""playbook_playbook4.asl"": 98, ""director_mainplot.asl"": 149, ""role_mainplot_role0.asl"": 34, ""role_mainplot_role1.asl"": 34}",1.7719298245614035,0.016832917999636265,0.00012909999895782676,0.6715517044067383,True,3,0
grid_playbook_logic,36,Linux 7.2.3-arch1-2,x86_64,24,30.44,3.14.7,10,10,5,5,10,1,2,2,2,0,0,42,399,7575,8,707,"{""playbook_playbook0.asl"": 98, ""playbook_playbook1.asl"": 98, ""playbook_playbook2.asl"": 98, ""playbook_playbook3.asl"": 98, ""playbook_playbook4.asl"": 98, ""director_mainplot.asl"": 149, ""role_mainplot_role0.asl"": 34, ""role_mainplot_role1.asl"": 34}",1.7719298245614035,0.016904187999898568,0.00013224999929661863,0.6715211868286133,True,3,0
grid_playbook_logic,37,Linux 7.2.3-arch1-2,x86_64,24,30.44,3.14.7,10,10,5,5,10,1,2,2,2,0,0,42,399,7575,8,707,"{""playbook_playbook0.asl"": 98, ""playbook_playbook1.asl"": 98, ""playbook_playbook2.asl"": 98, ""playbook_playbook3.asl"": 98, ""playbook_playbook4.asl"": 98, ""director_mainplot.asl"": 149, ""role_mainplot_role0.asl"": 34, ""role_mainplot_role1.asl"": 34}",1.7719298245614035,0.016839879001054214,0.00012736000098811928,0.6715211868286133,True,3,0
grid_playbook_logic,38,Linux 7.2.3-arch1-2,x86_64,24,30.44,3.14.7,10,10,5,5,10,1,2,2,2,0,0,42,399,7575,8,707,"{""playbook_playbook0.asl"": 98, ""playbook_playbook1.asl"": 98, ""playbook_playbook2.asl"": 98, ""playbook_playbook3.asl"": 98, ""playbook_playbook4.asl"": 98, ""director_mainplot.asl"": 149, ""role_mainplot_role0.asl"": 34, ""role_mainplot_role1.asl"": 34}",1.7719298245614035,0.016876808000233723,0.0001288700004806742,0.6715211868286133,True,3,0
grid_playbook_logic,39,Linux 7.2.3-arch1-2,x86_64,24,30.44,3.14.7,10,10,5,5,10,1,2,2,2,0,0,42,399,7575,8,707,"{""playbook_playbook0.asl"": 98, ""playbook_playbook1.asl"": 98, ""playbook_playbook2.asl"": 98, ""playbook_playbook3.asl"": 98, ""playbook_playbook4.asl"": 98, ""director_mainplot.asl"": 149, ""role_mainplot_role0.asl"": 34, ""role_mainplot_role1.asl"": 34}",1.7719298245614035,0.016936058998908265,0.00012845899982494302,0.6715211868286133,True,3,0
grid_playbook_logic,40,Linux 7.2.3-arch1-2,x86_64,24,30.44,3.14.7,10,10,5,5,25,1,2,2,2,0,0,42,849,16125,8,1382,"{""playbook_playbook0.asl"": 233, ""playbook_playbook1.asl"": 233, ""playbook_playbook2.asl"": 233, ""playbook_playbook3.asl"": 233, ""playbook_playbook4.asl"": 233, ""director_mainplot.asl"": 149, ""role_mainplot_role0.asl"": 34, ""role_mainplot_role1.asl"": 34}",1.6277974087161367,0.037812280001162435,0.00013634999959322158,1.5548105239868164,True,3,0
grid_playbook_logic,41,Linux 7.2.3-arch1-2,x86_64,24,30.44,3.14.7,10,10,5,5,25,1,2,2,2,0,0,42,849,16125,8,1382,"{""playbook_playbook0.asl"": 233, ""playbook_playbook1.asl"": 233, ""playbook_playbook2.asl"": 233, ""playbook_playbook3.asl"": 233, ""playbook_playbook4.asl"": 233, ""director_mainplot.asl"": 149, ""role_mainplot_role0.asl"": 34, ""role_mainplot_role1.asl"": 34}",1.6277974087161367,0.03755853000075149,0.00013543000022764318,1.5548105239868164,True,3,0
grid_playbook_logic,42,Linux 7.2.3-arch1-2,x86_64,24,30.44,3.14.7,10,10,5,5,25,1,2,2,2,0,0,42,849,16125,8,1382,"{""playbook_playbook0.asl"": 233, ""playbook_playbook1.asl"": 233, ""playbook_playbook2.asl"": 233, ""playbook_playbook3.asl"": 233, ""playbook_playbook4.asl"": 233, ""director_mainplot.asl"": 149, ""role_mainplot_role0.asl"": 34, ""role_mainplot_role1.asl"": 34}",1.6277974087161367,0.03802710899981321,0.00013427900012175087,1.5548105239868164,True,3,0
grid_playbook_logic,43,Linux 7.2.3-arch1-2,x86_64,24,30.44,3.14.7,10,10,5,5,25,1,2,2,2,0,0,42,849,16125,8,1382,"{""playbook_playbook0.asl"": 233, ""playbook_playbook1.asl"": 233, ""playbook_playbook2.asl"": 233, ""playbook_playbook3.asl"": 233, ""playbook_playbook4.asl"": 233, ""director_mainplot.asl"": 149, ""role_mainplot_role0.asl"": 34, ""role_mainplot_role1.asl"": 34}",1.6277974087161367,0.03745830099978775,0.0001423700014129281,1.5548105239868164,True,3,0
grid_playbook_logic,44,Linux 7.2.3-arch1-2,x86_64,24,30.44,3.14.7,10,10,5,5,25,1,2,2,2,0,0,42,849,16125,8,1382,"{""playbook_playbook0.asl"": 233, ""playbook_playbook1.asl"": 233, ""playbook_playbook2.asl"": 233, ""playbook_playbook3.asl"": 233, ""playbook_playbook4.asl"": 233, ""director_mainplot.asl"": 149, ""role_mainplot_role0.asl"": 34, ""role_mainplot_role1.asl"": 34}",1.6277974087161367,0.037501110000448534,0.0001408099997206591,1.5548105239868164,True,3,0
grid_playbook_logic,45,Linux 7.2.3-arch1-2,x86_64,24,30.44,3.14.7,10,10,5,5,50,1,2,2,2,0,0,42,1599,30375,8,2507,"{""playbook_playbook0.asl"": 458, ""playbook_playbook1.asl"": 458, ""playbook_playbook2.asl"": 458, ""playbook_playbook3.asl"": 458, ""playbook_playbook4.asl"": 458, ""director_mainplot.asl"": 149, ""role_mainplot_role0.asl"": 34, ""role_mainplot_role1.asl"": 34}",1.567854909318324,0.07322901400038972,0.00014653000107500702,3.0280580520629883,True,3,0
grid_playbook_logic,46,Linux 7.2.3-arch1-2,x86_64,24,30.44,3.14.7,10,10,5,5,50,1,2,2,2,0,0,42,1599,30375,8,2507,"{""playbook_playbook0.asl"": 458, ""playbook_playbook1.asl"": 458, ""playbook_playbook2.asl"": 458, ""playbook_playbook3.asl"": 458, ""playbook_playbook4.asl"": 458, ""director_mainplot.asl"": 149, ""role_mainplot_role0.asl"": 34, ""role_mainplot_role1.asl"": 34}",1.567854909318324,0.0728177239998331,0.00014365899914992042,3.0280580520629883,True,3,0
grid_playbook_logic,47,Linux 7.2.3-arch1-2,x86_64,24,30.44,3.14.7,10,10,5,5,50,1,2,2,2,0,0,42,1599,30375,8,2507,"{""playbook_playbook0.asl"": 458, ""playbook_playbook1.asl"": 458, ""playbook_playbook2.asl"": 458, ""playbook_playbook3.asl"": 458, ""playbook_playbook4.asl"": 458, ""director_mainplot.asl"": 149, ""role_mainplot_role0.asl"": 34, ""role_mainplot_role1.asl"": 34}",1.567854909318324,0.07217770600072981,0.00014620000001741573,3.0280580520629883,True,3,0
grid_playbook_logic,48,Linux 7.2.3-arch1-2,x86_64,24,30.44,3.14.7,10,10,5,5,50,1,2,2,2,0,0,42,1599,30375,8,2507,"{""playbook_playbook0.asl"": 458, ""playbook_playbook1.asl"": 458, ""playbook_playbook2.asl"": 458, ""playbook_playbook3.asl"": 458, ""playbook_playbook4.asl"": 458, ""director_mainplot.asl"": 149, ""role_mainplot_role0.asl"": 34, ""role_mainplot_role1.asl"": 34}",1.567854909318324,0.07363132300088182,0.00014570999883289915,3.0280580520629883,True,3,0
grid_playbook_logic,49,Linux 7.2.3-arch1-2,x86_64,24,30.44,3.14.7,10,10,5,5,50,1,2,2,2,0,0,42,1599,30375,8,2507,"{""playbook_playbook0.asl"": 458, ""playbook_playbook1.asl"": 458, ""playbook_playbook2.asl"": 458, ""playbook_playbook3.asl"": 458, ""playbook_playbook4.asl"": 458, ""director_mainplot.asl"": 149, ""role_mainplot_role0.asl"": 34, ""role_mainplot_role1.asl"": 34}",1.567854909318324,0.07226045499919564,0.00015667899970139842,3.0280580520629883,True,3,0
grid_playbook_logic,50,Linux 7.2.3-arch1-2,x86_64,24,30.44,3.14.7,10,10,5,10,2,1,2,2,2,0,0,42,229,4260,13,477,"{""playbook_playbook0.asl"": 26, ""playbook_playbook1.asl"": 26, ""playbook_playbook2.asl"": 26, ""playbook_playbook3.asl"": 26, ""playbook_playbook4.asl"": 26, ""playbook_playbook5.asl"": 26, ""playbook_playbook6.asl"": 26, ""playbook_playbook7.asl"": 26, ""playbook_playbook8.asl"": 26, ""playbook_playbook9.asl"": 26, ""director_mainplot.asl"": 149, ""role_mainplot_role0.asl"": 34, ""role_mainplot_role1.asl"": 34}",2.0829694323144103,0.00861144400005287,0.000195798998902319,0.32684993743896484,True,8,0
grid_playbook_logic,51,Linux 7.2.3-arch1-2,x86_64,24,30.44,3.14.7,10,10,5,10,2,1,2,2,2,0,0,42,229,4260,13,477,"{""playbook_playbook0.asl"": 26, ""playbook_playbook1.asl"": 26, ""playbook_playbook2.asl"": 26, ""playbook_playbook3.asl"": 26, ""playbook_playbook4.asl"": 26, ""playbook_playbook5.asl"": 26, ""playbook_playbook6.asl"": 26, ""playbook_playbook7.asl"": 26, ""playbook_playbook8.asl"": 26, ""playbook_playbook9.asl"": 26, ""director_mainplot.asl"": 149, ""role_mainplot_role0.asl"": 34, ""role_mainplot_role1.asl"": 34}",2.0829694323144103,0.008625383999969927,0.00019467899983283132,0.32688045501708984,True,8,0
grid_playbook_logic,52,Linux 7.2.3-arch1-2,x86_64,24,30.44,3.14.7,10,10,5,10,2,1,2,2,2,0,0,42,229,4260,13,477,"{""playbook_playbook0.asl"": 26, ""playbook_playbook1.asl"": 26, ""playbook_playbook2.asl"": 26, ""playbook_playbook3.asl"": 26, ""playbook_playbook4.asl"": 26, ""playbook_playbook5.asl"": 26, ""playbook_playbook6.asl"": 26, ""playbook_playbook7.asl"": 26, ""playbook_playbook8.asl"": 26, ""playbook_playbook9.asl"": 26, ""director_mainplot.asl"": 149, ""role_mainplot_role0.asl"": 34, ""role_mainplot_role1.asl"": 34}",2.0829694323144103,0.008579323999583721,0.0001946400007000193,0.32688045501708984,True,8,0
grid_playbook_logic,53,Linux 7.2.3-arch1-2,x86_64,24,30.44,3.14.7,10,10,5,10,2,1,2,2,2,0,0,42,229,4260,13,477,"{""playbook_playbook0.asl"": 26, ""playbook_playbook1.asl"": 26, ""playbook_playbook2.asl"": 26, ""playbook_playbook3.asl"": 26, ""playbook_playbook4.asl"": 26, ""playbook_playbook5.asl"": 26, ""playbook_playbook6.asl"": 26, ""playbook_playbook7.asl"": 26, ""playbook_playbook8.asl"": 26, ""playbook_playbook9.asl"": 26, ""director_mainplot.asl"": 149, ""role_mainplot_role0.asl"": 34, ""role_mainplot_role1.asl"": 34}",2.0829694323144103,0.00861967399941932,0.00019290000091132242,0.32688045501708984,True,8,0
grid_playbook_logic,54,Linux 7.2.3-arch1-2,x86_64,24,30.44,3.14.7,10,10,5,10,2,1,2,2,2,0,0,42,229,4260,13,477,"{""playbook_playbook0.asl"": 26, ""playbook_playbook1.asl"": 26, ""playbook_playbook2.asl"": 26, ""playbook_playbook3.asl"": 26, ""playbook_playbook4.asl"": 26, ""playbook_playbook5.asl"": 26, ""playbook_playbook6.asl"": 26, ""playbook_playbook7.asl"": 26, ""playbook_playbook8.asl"": 26, ""playbook_playbook9.asl"": 26, ""director_mainplot.asl"": 149, ""role_mainplot_role0.asl"": 34, ""role_mainplot_role1.asl"": 34}",2.0829694323144103,0.008599044000220601,0.0001925290016515646,0.32688045501708984,True,8,0
grid_playbook_logic,55,Linux 7.2.3-arch1-2,x86_64,24,30.44,3.14.7,10,10,5,10,5,1,2,2,2,0,0,42,409,7680,13,747,"{""playbook_playbook0.asl"": 53, ""playbook_playbook1.asl"": 53, ""playbook_playbook2.asl"": 53, ""playbook_playbook3.asl"": 53, ""playbook_playbook4.asl"": 53, ""playbook_playbook5.asl"": 53, ""playbook_playbook6.asl"": 53, ""playbook_playbook7.asl"": 53, ""playbook_playbook8.asl"": 53, ""playbook_playbook9.asl"": 53, ""director_mainplot.asl"": 149, ""role_mainplot_role0.asl"": 34, ""role_mainplot_role1.asl"": 34}",1.82640586797066,0.017003037999529624,0.00019272999998065643,0.6796407699584961,True,8,0
grid_playbook_logic,56,Linux 7.2.3-arch1-2,x86_64,24,30.44,3.14.7,10,10,5,10,5,1,2,2,2,0,0,42,409,7680,13,747,"{""playbook_playbook0.asl"": 53, ""playbook_playbook1.asl"": 53, ""playbook_playbook2.asl"": 53, ""playbook_playbook3.asl"": 53, ""playbook_playbook4.asl"": 53, ""playbook_playbook5.asl"": 53, ""playbook_playbook6.asl"": 53, ""playbook_playbook7.asl"": 53, ""playbook_playbook8.asl"": 53, ""playbook_playbook9.asl"": 53, ""director_mainplot.asl"": 149, ""role_mainplot_role0.asl"": 34, ""role_mainplot_role1.asl"": 34}",1.82640586797066,0.017020438999679754,0.00019505900127114728,0.6796102523803711,True,8,0
grid_playbook_logic,57,Linux 7.2.3-arch1-2,x86_64,24,30.44,3.14.7,10,10,5,10,5,1,2,2,2,0,0,42,409,7680,13,747,"{""playbook_playbook0.asl"": 53, ""playbook_playbook1.asl"": 53, ""playbook_playbook2.asl"": 53, ""playbook_playbook3.asl"": 53, ""playbook_playbook4.asl"": 53, ""playbook_playbook5.asl"": 53, ""playbook_playbook6.asl"": 53, ""playbook_playbook7.asl"": 53, ""playbook_playbook8.asl"": 53, ""playbook_playbook9.asl"": 53, ""director_mainplot.asl"": 149, ""role_mainplot_role0.asl"": 34, ""role_mainplot_role1.asl"": 34}",1.82640586797066,0.017020908000631607,0.00018712000019149855,0.6796102523803711,True,8,0
grid_playbook_logic,58,Linux 7.2.3-arch1-2,x86_64,24,30.44,3.14.7,10,10,5,10,5,1,2,2,2,0,0,42,409,7680,13,747,"{""playbook_playbook0.asl"": 53, ""playbook_playbook1.asl"": 53, ""playbook_playbook2.asl"": 53, ""playbook_playbook3.asl"": 53, ""playbook_playbook4.asl"": 53, ""playbook_playbook5.asl"": 53, ""playbook_playbook6.asl"": 53, ""playbook_playbook7.asl"": 53, ""playbook_playbook8.asl"": 53, ""playbook_playbook9.asl"": 53, ""director_mainplot.asl"": 149, ""role_mainplot_role0.asl"": 34, ""role_mainplot_role1.asl"": 34}",1.82640586797066,0.01706652800021402,0.00018692900084715802,0.6796102523803711,True,8,0
grid_playbook_logic,59,Linux 7.2.3-arch1-2,x86_64,24,30.44,3.14.7,10,10,5,10,5,1,2,2,2,0,0,42,409,7680,13,747,"{""playbook_playbook0.asl"": 53, ""playbook_playbook1.asl"": 53, ""playbook_playbook2.asl"": 53, ""playbook_playbook3.asl"": 53, ""playbook_playbook4.asl"": 53, ""playbook_playbook5.asl"": 53, ""playbook_playbook6.asl"": 53, ""playbook_playbook7.asl"": 53, ""playbook_playbook8.asl"": 53, ""playbook_playbook9.asl"": 53, ""director_mainplot.asl"": 149, ""role_mainplot_role0.asl"": 34, ""role_mainplot_role1.asl"": 34}",1.82640586797066,0.017106127999795717,0.00019138899915560614,0.6796102523803711,True,8,0
grid_playbook_logic,60,Linux 7.2.3-arch1-2,x86_64,24,30.44,3.14.7,10,10,5,10,10,1,2,2,2,0,0,42,709,13381,13,1197,"{""playbook_playbook0.asl"": 98, ""playbook_playbook1.asl"": 98, ""playbook_playbook2.asl"": 98, ""playbook_playbook3.asl"": 98, ""playbook_playbook4.asl"": 98, ""playbook_playbook5.asl"": 98, ""playbook_playbook6.asl"": 98, ""playbook_playbook7.asl"": 98, ""playbook_playbook8.asl"": 98, ""playbook_playbook9.asl"": 98, ""director_mainplot.asl"": 149, ""role_mainplot_role0.asl"": 34, ""role_mainplot_role1.asl"": 34}",1.688293370944993,0.030914551998648676,0.00019906000125047285,1.2678909301757812,True,8,0
grid_playbook_logic,61,Linux 7.2.3-arch1-2,x86_64,24,30.44,3.14.7,10,10,5,10,10,1,2,2,2,0,0,42,709,13381,13,1197,"{""playbook_playbook0.asl"": 98, ""playbook_playbook1.asl"": 98, ""playbook_playbook2.asl"": 98, ""playbook_playbook3.asl"": 98, ""playbook_playbook4.asl"": 98, ""playbook_playbook5.asl"": 98, ""playbook_playbook6.asl"": 98, ""playbook_playbook7.asl"": 98, ""playbook_playbook8.asl"": 98, ""playbook_playbook9.asl"": 98, ""director_mainplot.asl"": 149, ""role_mainplot_role0.asl"": 34, ""role_mainplot_role1.asl"": 34}",1.688293370944993,0.030723193000085303,0.00018963000002258923,1.2678909301757812,True,8,0
grid_playbook_logic,62,Linux 7.2.3-arch1-2,x86_64,24,30.44,3.14.7,10,10,5,10,10,1,2,2,2,0,0,42,709,13381,13,1197,"{""playbook_playbook0.asl"": 98, ""playbook_playbook1.asl"": 98, ""playbook_playbook2.asl"": 98, ""playbook_playbook3.asl"": 98, ""playbook_playbook4.asl"": 98, ""playbook_playbook5.asl"": 98, ""playbook_playbook6.asl"": 98, ""playbook_playbook7.asl"": 98, ""playbook_playbook8.asl"": 98, ""playbook_playbook9.asl"": 98, ""director_mainplot.asl"": 149, ""role_mainplot_role0.asl"": 34, ""role_mainplot_role1.asl"": 34}",1.688293370944993,0.0310619729989412,0.00018855000053008553,1.2678909301757812,True,8,0
grid_playbook_logic,63,Linux 7.2.3-arch1-2,x86_64,24,30.44,3.14.7,10,10,5,10,10,1,2,2,2,0,0,42,709,13381,13,1197,"{""playbook_playbook0.asl"": 98, ""playbook_playbook1.asl"": 98, ""playbook_playbook2.asl"": 98, ""playbook_playbook3.asl"": 98, ""playbook_playbook4.asl"": 98, ""playbook_playbook5.asl"": 98, ""playbook_playbook6.asl"": 98, ""playbook_playbook7.asl"": 98, ""playbook_playbook8.asl"": 98, ""playbook_playbook9.asl"": 98, ""director_mainplot.asl"": 149, ""role_mainplot_role0.asl"": 34, ""role_mainplot_role1.asl"": 34}",1.688293370944993,0.0308571129990014,0.0001882899996417109,1.2678909301757812,True,8,0
grid_playbook_logic,64,Linux 7.2.3-arch1-2,x86_64,24,30.44,3.14.7,10,10,5,10,10,1,2,2,2,0,0,42,709,13381,13,1197,"{""playbook_playbook0.asl"": 98, ""playbook_playbook1.asl"": 98, ""playbook_playbook2.asl"": 98, ""playbook_playbook3.asl"": 98, ""playbook_playbook4.asl"": 98, ""playbook_playbook5.asl"": 98, ""playbook_playbook6.asl"": 98, ""playbook_playbook7.asl"": 98, ""playbook_playbook8.asl"": 98, ""playbook_playbook9.asl"": 98, ""director_mainplot.asl"": 149, ""role_mainplot_role0.asl"": 34, ""role_mainplot_role1.asl"": 34}",1.688293370944993,0.030837233000056585,0.00018839000040316023,1.2678909301757812,True,8,0
grid_playbook_logic,65,Linux 7.2.3-arch1-2,x86_64,24,30.44,3.14.7,10,10,5,10,25,1,2,2,2,0,0,42,1609,30481,13,2547,"{""playbook_playbook0.asl"": 233, ""playbook_playbook1.asl"": 233, ""playbook_playbook2.asl"": 233, ""playbook_playbook3.asl"": 233, ""playbook_playbook4.asl"": 233, ""playbook_playbook5.asl"": 233, ""playbook_playbook6.asl"": 233, ""playbook_playbook7.asl"": 233, ""playbook_playbook8.asl"": 233, ""playbook_playbook9.asl"": 233, ""director_mainplot.asl"": 149, ""role_mainplot_role0.asl"": 34, ""role_mainplot_role1.asl"": 34}",1.5829707893101306,0.07377789300153381,0.00021210000159044284,3.0353546142578125,True,8,0
grid_playbook_logic,66,Linux 7.2.3-arch1-2,x86_64,24,30.44,3.14.7,10,10,5,10,25,1,2,2,2,0,0,42,1609,30481,13,2547,"{""playbook_playbook0.asl"": 233, ""playbook_playbook1.asl"": 233, ""playbook_playbook2.asl"": 233, ""playbook_playbook3.asl"": 233, ""playbook_playbook4.asl"": 233, ""playbook_playbook5.asl"": 233, ""playbook_playbook6.asl"": 233, ""playbook_playbook7.asl"": 233, ""playbook_playbook8.asl"": 233, ""playbook_playbook9.asl"": 233, ""director_mainplot.asl"": 149, ""role_mainplot_role0.asl"": 34, ""role_mainplot_role1.asl"": 34}",1.5829707893101306,0.0735984129987628,0.00020740900072269142,3.0353546142578125,True,8,0
grid_playbook_logic,67,Linux 7.2.3-arch1-2,x86_64,24,30.44,3.14.7,10,10,5,10,25,1,2,2,2,0,0,42,1609,30481,13,2547,"{""playbook_playbook0.asl"": 233, ""playbook_playbook1.asl"": 233, ""playbook_playbook2.asl"": 233, ""playbook_playbook3.asl"": 233, ""playbook_playbook4.asl"": 233, ""playbook_playbook5.asl"": 233, ""playbook_playbook6.asl"": 233, ""playbook_playbook7.asl"": 233, ""playbook_playbook8.asl"": 233, ""playbook_playbook9.asl"": 233, ""director_mainplot.asl"": 149, ""role_mainplot_role0.asl"": 34, ""role_mainplot_role1.asl"": 34}",1.5829707893101306,0.07232056499924511,0.00020228900029906072,3.0353546142578125,True,8,0
grid_playbook_logic,68,Linux 7.2.3-arch1-2,x86_64,24,30.44,3.14.7,10,10,5,10,25,1,2,2,2,0,0,42,1609,30481,13,2547,"{""playbook_playbook0.asl"": 233, ""playbook_playbook1.asl"": 233, ""playbook_playbook2.asl"": 233, ""playbook_playbook3.asl"": 233, ""playbook_playbook4.asl"": 233, ""playbook_playbook5.asl"": 233, ""playbook_playbook6.asl"": 233, ""playbook_playbook7.asl"": 233, ""playbook_playbook8.asl"": 233, ""playbook_playbook9.asl"": 233, ""director_mainplot.asl"": 149, ""role_mainplot_role0.asl"": 34, ""role_mainplot_role1.asl"": 34}",1.5829707893101306,0.07342405300005339,0.0002276700015499955,3.0353546142578125,True,8,0
grid_playbook_logic,69,Linux 7.2.3-arch1-2,x86_64,24,30.44,3.14.7,10,10,5,10,25,1,2,2,2,0,0,42,1609,30481,13,2547,"{""playbook_playbook0.asl"": 233, ""playbook_playbook1.asl"": 233, ""playbook_playbook2.asl"": 233, ""playbook_playbook3.asl"": 233, ""playbook_playbook4.asl"": 233, ""playbook_playbook5.asl"": 233, ""playbook_playbook6.asl"": 233, ""playbook_playbook7.asl"": 233, ""playbook_playbook8.asl"": 233, ""playbook_playbook9.asl"": 233, ""director_mainplot.asl"": 149, ""role_mainplot_role0.asl"": 34, ""role_mainplot_role1.asl"": 34}",1.5829707893101306,0.07312054400063062,0.00020602999939001165,3.0353546142578125,True,8,0
grid_playbook_logic,70,Linux 7.2.3-arch1-2,x86_64,24,30.44,3.14.7,10,10,5,10,50,1,2,2,2,0,0,42,3109,58981,13,4797,"{""playbook_playbook0.asl"": 458, ""playbook_playbook1.asl"": 458, ""playbook_playbook2.asl"": 458, ""playbook_playbook3.asl"": 458, ""playbook_playbook4.asl"": 458, ""playbook_playbook5.asl"": 458, ""playbook_playbook6.asl"": 458, ""playbook_playbook7.asl"": 458, ""playbook_playbook8.asl"": 458, ""playbook_playbook9.asl"": 458, ""director_mainplot.asl"": 149, ""role_mainplot_role0.asl"": 34, ""role_mainplot_role1.asl"": 34}",1.5429398520424573,0.1443462509996607,0.00023313999918173067,5.978858947753906,True,8,0
grid_playbook_logic,71,Linux 7.2.3-arch1-2,x86_64,24,30.44,3.14.7,10,10,5,10,50,1,2,2,2,0,0,42,3109,58981,13,4797,"{""playbook_playbook0.asl"": 458, ""playbook_playbook1.asl"": 458, ""playbook_playbook2.asl"": 458, ""playbook_playbook3.asl"": 458, ""playbook_playbook4.asl"": 458, ""playbook_playbook5.asl"": 458, ""playbook_playbook6.asl"": 458, ""playbook_playbook7.asl"": 458, ""playbook_playbook8.asl"": 458, ""playbook_playbook9.asl"": 458, ""director_mainplot.asl"": 149, ""role_mainplot_role0.asl"": 34, ""role_mainplot_role1.asl"": 34}",1.5429398520424573,0.1448758300011832,0.0002356000004510861,5.978858947753906,True,8,0
grid_playbook_logic,72,Linux 7.2.3-arch1-2,x86_64,24,30.44,3.14.7,10,10,5,10,50,1,2,2,2,0,0,42,3109,58981,13,4797,"{""playbook_playbook0.asl"": 458, ""playbook_playbook1.asl"": 458, ""playbook_playbook2.asl"": 458, ""playbook_playbook3.asl"": 458, ""playbook_playbook4.asl"": 458, ""playbook_playbook5.asl"": 458, ""playbook_playbook6.asl"": 458, ""playbook_playbook7.asl"": 458, ""playbook_playbook8.asl"": 458, ""playbook_playbook9.asl"": 458, ""director_mainplot.asl"": 149, ""role_mainplot_role0.asl"": 34, ""role_mainplot_role1.asl"": 34}",1.5429398520424573,0.14376946199990925,0.00023064999913913198,5.978858947753906,True,8,0
grid_playbook_logic,73,Linux 7.2.3-arch1-2,x86_64,24,30.44,3.14.7,10,10,5,10,50,1,2,2,2,0,0,42,3109,58981,13,4797,"{""playbook_playbook0.asl"": 458, ""playbook_playbook1.asl"": 458, ""playbook_playbook2.asl"": 458, ""playbook_playbook3.asl"": 458, ""playbook_playbook4.asl"": 458, ""playbook_playbook5.asl"": 458, ""playbook_playbook6.asl"": 458, ""playbook_playbook7.asl"": 458, ""playbook_playbook8.asl"": 458, ""playbook_playbook9.asl"": 458, ""director_mainplot.asl"": 149, ""role_mainplot_role0.asl"": 34, ""role_mainplot_role1.asl"": 34}",1.5429398520424573,0.14274398400084465,0.00022745000023860484,5.978858947753906,True,8,0
grid_playbook_logic,74,Linux 7.2.3-arch1-2,x86_64,24,30.44,3.14.7,10,10,5,10,50,1,2,2,2,0,0,42,3109,58981,13,4797,"{""playbook_playbook0.asl"": 458, ""playbook_playbook1.asl"": 458, ""playbook_playbook2.asl"": 458, ""playbook_playbook3.asl"": 458, ""playbook_playbook4.asl"": 458, ""playbook_playbook5.asl"": 458, ""playbook_playbook6.asl"": 458, ""playbook_playbook7.asl"": 458, ""playbook_playbook8.asl"": 458, ""playbook_playbook9.asl"": 458, ""director_mainplot.asl"": 149, ""role_mainplot_role0.asl"": 34, ""role_mainplot_role1.asl"": 34}",1.5429398520424573,0.14400907200069923,0.0002483490006852662,5.978858947753906,True,8,0
grid_playbook_logic,75,Linux 7.2.3-arch1-2,x86_64,24,30.44,3.14.7,10,10,5,25,2,1,2,2,2,0,0,42,439,8010,28,867,"{""playbook_playbook0.asl"": 26, ""playbook_playbook1.asl"": 26, ""playbook_playbook10.asl"": 26, ""playbook_playbook11.asl"": 26, ""playbook_playbook12.asl"": 26, ""playbook_playbook13.asl"": 26, ""playbook_playbook14.asl"": 26, ""playbook_playbook15.asl"": 26, ""playbook_playbook16.asl"": 26, ""playbook_playbook17.asl"": 26, ""playbook_playbook18.asl"": 26, ""playbook_playbook19.asl"": 26, ""playbook_playbook2.asl"": 26, ""playbook_playbook20.asl"": 26, ""playbook_playbook21.asl"": 26, ""playbook_playbook22.asl"": 26, ""playbook_playbook23.asl"": 26, ""playbook_playbook24.asl"": 26, ""playbook_playbook3.asl"": 26, ""playbook_playbook4.asl"": 26, ""playbook_playbook5.asl"": 26, ""playbook_playbook6.asl"": 26, ""playbook_playbook7.asl"": 26, ""playbook_playbook8.asl"": 26, ""playbook_playbook9.asl"": 26, ""director_mainplot.asl"": 149, ""role_mainplot_role0.asl"": 34, ""role_mainplot_role1.asl"": 34}",1.9749430523917995,0.017929576000824454,0.00038831900019431487,0.7006387710571289,True,23,0
grid_playbook_logic,76,Linux 7.2.3-arch1-2,x86_64,24,30.44,3.14.7,10,10,5,25,2,1,2,2,2,0,0,42,439,8010,28,867,"{""playbook_playbook0.asl"": 26, ""playbook_playbook1.asl"": 26, ""playbook_playbook10.asl"": 26, ""playbook_playbook11.asl"": 26, ""playbook_playbook12.asl"": 26, ""playbook_playbook13.asl"": 26, ""playbook_playbook14.asl"": 26, ""playbook_playbook15.asl"": 26, ""playbook_playbook16.asl"": 26, ""playbook_playbook17.asl"": 26, ""playbook_playbook18.asl"": 26, ""playbook_playbook19.asl"": 26, ""playbook_playbook2.asl"": 26, ""playbook_playbook20.asl"": 26, ""playbook_playbook21.asl"": 26, ""playbook_playbook22.asl"": 26, ""playbook_playbook23.asl"": 26, ""playbook_playbook24.asl"": 26, ""playbook_playbook3.asl"": 26, ""playbook_playbook4.asl"": 26, ""playbook_playbook5.asl"": 26, ""playbook_playbook6.asl"": 26, ""playbook_playbook7.asl"": 26, ""playbook_playbook8.asl"": 26, ""playbook_playbook9.asl"": 26, ""director_mainplot.asl"": 149, ""role_mainplot_role0.asl"": 34, ""role_mainplot_role1.asl"": 34}",1.9749430523917995,0.017975146000026143,0.00037455900019267574,0.7006387710571289,True,23,0
grid_playbook_logic,77,Linux 7.2.3-arch1-2,x86_64,24,30.44,3.14.7,10,10,5,25,2,1,2,2,2,0,0,42,439,8010,28,867,"{""playbook_playbook0.asl"": 26, ""playbook_playbook1.asl"": 26, ""playbook_playbook10.asl"": 26, ""playbook_playbook11.asl"": 26, ""playbook_playbook12.asl"": 26, ""playbook_playbook13.asl"": 26, ""playbook_playbook14.asl"": 26, ""playbook_playbook15.asl"": 26, ""playbook_playbook16.asl"": 26, ""playbook_playbook17.asl"": 26, ""playbook_playbook18.asl"": 26, ""playbook_playbook19.asl"": 26, ""playbook_playbook2.asl"": 26, ""playbook_playbook20.asl"": 26, ""playbook_playbook21.asl"": 26, ""playbook_playbook22.asl"": 26, ""playbook_playbook23.asl"": 26, ""playbook_playbook24.asl"": 26, ""playbook_playbook3.asl"": 26, ""playbook_playbook4.asl"": 26, ""playbook_playbook5.asl"": 26, ""playbook_playbook6.asl"": 26, ""playbook_playbook7.asl"": 26, ""playbook_playbook8.asl"": 26, ""playbook_playbook9.asl"": 26, ""director_mainplot.asl"": 149, ""role_mainplot_role0.asl"": 34, ""role_mainplot_role1.asl"": 34}",1.9749430523917995,0.01785605700024462,0.0003711300014401786,0.7006387710571289,True,23,0
grid_playbook_logic,78,Linux 7.2.3-arch1-2,x86_64,24,30.44,3.14.7,10,10,5,25,2,1,2,2,2,0,0,42,439,8010,28,867,"{""playbook_playbook0.asl"": 26, ""playbook_playbook1.asl"": 26, ""playbook_playbook10.asl"": 26, ""playbook_playbook11.asl"": 26, ""playbook_playbook12.asl"": 26, ""playbook_playbook13.asl"": 26, ""playbook_playbook14.asl"": 26, ""playbook_playbook15.asl"": 26, ""playbook_playbook16.asl"": 26, ""playbook_playbook17.asl"": 26, ""playbook_playbook18.asl"": 26, ""playbook_playbook19.asl"": 26, ""playbook_playbook2.asl"": 26, ""playbook_playbook20.asl"": 26, ""playbook_playbook21.asl"": 26, ""playbook_playbook22.asl"": 26, ""playbook_playbook23.asl"": 26, ""playbook_playbook24.asl"": 26, ""playbook_playbook3.asl"": 26, ""playbook_playbook4.asl"": 26, ""playbook_playbook5.asl"": 26, ""playbook_playbook6.asl"": 26, ""playbook_playbook7.asl"": 26, ""playbook_playbook8.asl"": 26, ""playbook_playbook9.asl"": 26, ""director_mainplot.asl"": 149, ""role_mainplot_role0.asl"": 34, ""role_mainplot_role1.asl"": 34}",1.9749430523917995,0.01782330700007151,0.00036585900124919135,0.7006387710571289,True,23,0
grid_playbook_logic,79,Linux 7.2.3-arch1-2,x86_64,24,30.44,3.14.7,10,10,5,25,2,1,2,2,2,0,0,42,439,8010,28,867,"{""playbook_playbook0.asl"": 26, ""playbook_playbook1.asl"": 26, ""playbook_playbook10.asl"": 26, ""playbook_playbook11.asl"": 26, ""playbook_playbook12.asl"": 26, ""playbook_playbook13.asl"": 26, ""playbook_playbook14.asl"": 26, ""playbook_playbook15.asl"": 26, ""playbook_playbook16.asl"": 26, ""playbook_playbook17.asl"": 26, ""playbook_playbook18.asl"": 26, ""playbook_playbook19.asl"": 26, ""playbook_playbook2.asl"": 26, ""playbook_playbook20.asl"": 26, ""playbook_playbook21.asl"": 26, ""playbook_playbook22.asl"": 26, ""playbook_playbook23.asl"": 26, ""playbook_playbook24.asl"": 26, ""playbook_playbook3.asl"": 26, ""playbook_playbook4.asl"": 26, ""playbook_playbook5.asl"": 26, ""playbook_playbook6.asl"": 26, ""playbook_playbook7.asl"": 26, ""playbook_playbook8.asl"": 26, ""playbook_playbook9.asl"": 26, ""director_mainplot.asl"": 149, ""role_mainplot_role0.asl"": 34, ""role_mainplot_role1.asl"": 34}",1.9749430523917995,0.017822097001044312,0.0003703990005305968,0.7006387710571289,True,23,0
grid_playbook_logic,80,Linux 7.2.3-arch1-2,x86_64,24,30.44,3.14.7,10,10,5,25,5,1,2,2,2,0,0,42,889,16560,28,1542,"{""playbook_playbook0.asl"": 53, ""playbook_playbook1.asl"": 53, ""playbook_playbook10.asl"": 53, ""playbook_playbook11.asl"": 53, ""playbook_playbook12.asl"": 53, ""playbook_playbook13.asl"": 53, ""playbook_playbook14.asl"": 53, ""playbook_playbook15.asl"": 53, ""playbook_playbook16.asl"": 53, ""playbook_playbook17.asl"": 53, ""playbook_playbook18.asl"": 53, ""playbook_playbook19.asl"": 53, ""playbook_playbook2.asl"": 53, ""playbook_playbook20.asl"": 53, ""playbook_playbook21.asl"": 53, ""playbook_playbook22.asl"": 53, ""playbook_playbook23.asl"": 53, ""playbook_playbook24.asl"": 53, ""playbook_playbook3.asl"": 53, ""playbook_playbook4.asl"": 53, ""playbook_playbook5.asl"": 53, ""playbook_playbook6.asl"": 53, ""playbook_playbook7.asl"": 53, ""playbook_playbook8.asl"": 53, ""playbook_playbook9.asl"": 53, ""director_mainplot.asl"": 149, ""role_mainplot_role0.asl"": 34, ""role_mainplot_role1.asl"": 34}",1.734533183352081,0.03868074799902388,0.00036680899938801304,1.585209846496582,True,23,0
grid_playbook_logic,81,Linux 7.2.3-arch1-2,x86_64,24,30.44,3.14.7,10,10,5,25,5,1,2,2,2,0,0,42,889,16560,28,1542,"{""playbook_playbook0.asl"": 53, ""playbook_playbook1.asl"": 53, ""playbook_playbook10.asl"": 53, ""playbook_playbook11.asl"": 53, ""playbook_playbook12.asl"": 53, ""playbook_playbook13.asl"": 53, ""playbook_playbook14.asl"": 53, ""playbook_playbook15.asl"": 53, ""playbook_playbook16.asl"": 53, ""playbook_playbook17.asl"": 53, ""playbook_playbook18.asl"": 53, ""playbook_playbook19.asl"": 53, ""playbook_playbook2.asl"": 53, ""playbook_playbook20.asl"": 53, ""playbook_playbook21.asl"": 53, ""playbook_playbook22.asl"": 53, ""playbook_playbook23.asl"": 53, ""playbook_playbook24.asl"": 53, ""playbook_playbook3.asl"": 53, ""playbook_playbook4.asl"": 53, ""playbook_playbook5.asl"": 53, ""playbook_playbook6.asl"": 53, ""playbook_playbook7.asl"": 53, ""playbook_playbook8.asl"": 53, ""playbook_playbook9.asl"": 53, ""director_mainplot.asl"": 149, ""role_mainplot_role0.asl"": 34, ""role_mainplot_role1.asl"": 34}",1.734533183352081,0.038676217998727225,0.0003697399988595862,1.585209846496582,True,23,0
grid_playbook_logic,82,Linux 7.2.3-arch1-2,x86_64,24,30.44,3.14.7,10,10,5,25,5,1,2,2,2,0,0,42,889,16560,28,1542,"{""playbook_playbook0.asl"": 53, ""playbook_playbook1.asl"": 53, ""playbook_playbook10.asl"": 53, ""playbook_playbook11.asl"": 53, ""playbook_playbook12.asl"": 53, ""playbook_playbook13.asl"": 53, ""playbook_playbook14.asl"": 53, ""playbook_playbook15.asl"": 53, ""playbook_playbook16.asl"": 53, ""playbook_playbook17.asl"": 53, ""playbook_playbook18.asl"": 53, ""playbook_playbook19.asl"": 53, ""playbook_playbook2.asl"": 53, ""playbook_playbook20.asl"": 53, ""playbook_playbook21.asl"": 53, ""playbook_playbook22.asl"": 53, ""playbook_playbook23.asl"": 53, ""playbook_playbook24.asl"": 53, ""playbook_playbook3.asl"": 53, ""playbook_playbook4.asl"": 53, ""playbook_playbook5.asl"": 53, ""playbook_playbook6.asl"": 53, ""playbook_playbook7.asl"": 53, ""playbook_playbook8.asl"": 53, ""playbook_playbook9.asl"": 53, ""director_mainplot.asl"": 149, ""role_mainplot_role0.asl"": 34, ""role_mainplot_role1.asl"": 34}",1.734533183352081,0.038522677999935695,0.00036865899892291054,1.585209846496582,True,23,0
grid_playbook_logic,83,Linux 7.2.3-arch1-2,x86_64,24,30.44,3.14.7,10,10,5,25,5,1,2,2,2,0,0,42,889,16560,28,1542,"{""playbook_playbook0.asl"": 53, ""playbook_playbook1.asl"": 53, ""playbook_playbook10.asl"": 53, ""playbook_playbook11.asl"": 53, ""playbook_playbook12.asl"": 53, ""playbook_playbook13.asl"": 53, ""playbook_playbook14.asl"": 53, ""playbook_playbook15.asl"": 53, ""playbook_playbook16.asl"": 53, ""playbook_playbook17.asl"": 53, ""playbook_playbook18.asl"": 53, ""playbook_playbook19.asl"": 53, ""playbook_playbook2.asl"": 53, ""playbook_playbook20.asl"": 53, ""playbook_playbook21.asl"": 53, ""playbook_playbook22.asl"": 53, ""playbook_playbook23.asl"": 53, ""playbook_playbook24.asl"": 53, ""playbook_playbook3.asl"": 53, ""playbook_playbook4.asl"": 53, ""playbook_playbook5.asl"": 53, ""playbook_playbook6.asl"": 53, ""playbook_playbook7.asl"": 53, ""playbook_playbook8.asl"": 53, ""playbook_playbook9.asl"": 53, ""director_mainplot.asl"": 149, ""role_mainplot_role0.asl"": 34, ""role_mainplot_role1.asl"": 34}",1.734533183352081,0.038530918000105885,0.0003738590003194986,1.585209846496582,True,23,0
grid_playbook_logic,84,Linux 7.2.3-arch1-2,x86_64,24,30.44,3.14.7,10,10,5,25,5,1,2,2,2,0,0,42,889,16560,28,1542,"{""playbook_playbook0.asl"": 53, ""playbook_playbook1.asl"": 53, ""playbook_playbook10.asl"": 53, ""playbook_playbook11.asl"": 53, ""playbook_playbook12.asl"": 53, ""playbook_playbook13.asl"": 53, ""playbook_playbook14.asl"": 53, ""playbook_playbook15.asl"": 53, ""playbook_playbook16.asl"": 53, ""playbook_playbook17.asl"": 53, ""playbook_playbook18.asl"": 53, ""playbook_playbook19.asl"": 53, ""playbook_playbook2.asl"": 53, ""playbook_playbook20.asl"": 53, ""playbook_playbook21.asl"": 53, ""playbook_playbook22.asl"": 53, ""playbook_playbook23.asl"": 53, ""playbook_playbook24.asl"": 53, ""playbook_playbook3.asl"": 53, ""playbook_playbook4.asl"": 53, ""playbook_playbook5.asl"": 53, ""playbook_playbook6.asl"": 53, ""playbook_playbook7.asl"": 53, ""playbook_playbook8.asl"": 53, ""playbook_playbook9.asl"": 53, ""director_mainplot.asl"": 149, ""role_mainplot_role0.asl"": 34, ""role_mainplot_role1.asl"": 34}",1.734533183352081,0.03861411799880443,0.00037016900023445487,1.585209846496582,True,23,0
grid_playbook_logic,85,Linux 7.2.3-arch1-2,x86_64,24,30.44,3.14.7,10,10,5,25,10,1,2,2,2,0,0,42,1639,30811,28,2667,"{""playbook_playbook0.asl"": 98, ""playbook_playbook1.asl"": 98, ""playbook_playbook10.asl"": 98, ""playbook_playbook11.asl"": 98, ""playbook_playbook12.asl"": 98, ""playbook_playbook13.asl"": 98, ""playbook_playbook14.asl"": 98, ""playbook_playbook15.asl"": 98, ""playbook_playbook16.asl"": 98, ""playbook_playbook17.asl"": 98, ""playbook_playbook18.asl"": 98, ""playbook_playbook19.asl"": 98, ""playbook_playbook2.asl"": 98, ""playbook_playbook20.asl"": 98, ""playbook_playbook21.asl"": 98, ""playbook_playbook22.asl"": 98, ""playbook_playbook23.asl"": 98, ""playbook_playbook24.asl"": 98, ""playbook_playbook3.asl"": 98, ""playbook_playbook4.asl"": 98, ""playbook_playbook5.asl"": 98, ""playbook_playbook6.asl"": 98, ""playbook_playbook7.asl"": 98, ""playbook_playbook8.asl"": 98, ""playbook_playbook9.asl"": 98, ""director_mainplot.asl"": 149, ""role_mainplot_role0.asl"": 34, ""role_mainplot_role1.asl"": 34}",1.6272117144600367,0.07451283099908323,0.00042172999928880017,3.0564746856689453,True,23,0
grid_playbook_logic,86,Linux 7.2.3-arch1-2,x86_64,24,30.44,3.14.7,10,10,5,25,10,1,2,2,2,0,0,42,1639,30811,28,2667,"{""playbook_playbook0.asl"": 98, ""playbook_playbook1.asl"": 98, ""playbook_playbook10.asl"": 98, ""playbook_playbook11.asl"": 98, ""playbook_playbook12.asl"": 98, ""playbook_playbook13.asl"": 98, ""playbook_playbook14.asl"": 98, ""playbook_playbook15.asl"": 98, ""playbook_playbook16.asl"": 98, ""playbook_playbook17.asl"": 98, ""playbook_playbook18.asl"": 98, ""playbook_playbook19.asl"": 98, ""playbook_playbook2.asl"": 98, ""playbook_playbook20.asl"": 98, ""playbook_playbook21.asl"": 98, ""playbook_playbook22.asl"": 98, ""playbook_playbook23.asl"": 98, ""playbook_playbook24.asl"": 98, ""playbook_playbook3.asl"": 98, ""playbook_playbook4.asl"": 98, ""playbook_playbook5.asl"": 98, ""playbook_playbook6.asl"": 98, ""playbook_playbook7.asl"": 98, ""playbook_playbook8.asl"": 98, ""playbook_playbook9.asl"": 98, ""director_mainplot.asl"": 149, ""role_mainplot_role0.asl"": 34, ""role_mainplot_role1.asl"": 34}",1.6272117144600367,0.0730062540005747,0.0003809590016317088,3.0564746856689453,True,23,0
grid_playbook_logic,87,Linux 7.2.3-arch1-2,x86_64,24,30.44,3.14.7,10,10,5,25,10,1,2,2,2,0,0,42,1639,30811,28,2667,"{""playbook_playbook0.asl"": 98, ""playbook_playbook1.asl"": 98, ""playbook_playbook10.asl"": 98, ""playbook_playbook11.asl"": 98, ""playbook_playbook12.asl"": 98, ""playbook_playbook13.asl"": 98, ""playbook_playbook14.asl"": 98, ""playbook_playbook15.asl"": 98, ""playbook_playbook16.asl"": 98, ""playbook_playbook17.asl"": 98, ""playbook_playbook18.asl"": 98, ""playbook_playbook19.asl"": 98, ""playbook_playbook2.asl"": 98, ""playbook_playbook20.asl"": 98, ""playbook_playbook21.asl"": 98, ""playbook_playbook22.asl"": 98, ""playbook_playbook23.asl"": 98, ""playbook_playbook24.asl"": 98, ""playbook_playbook3.asl"": 98, ""playbook_playbook4.asl"": 98, ""playbook_playbook5.asl"": 98, ""playbook_playbook6.asl"": 98, ""playbook_playbook7.asl"": 98, ""playbook_playbook8.asl"": 98, ""playbook_playbook9.asl"": 98, ""director_mainplot.asl"": 149, ""role_mainplot_role0.asl"": 34, ""role_mainplot_role1.asl"": 34}",1.6272117144600367,0.07351794299938774,0.0003767889993468998,3.0564746856689453,True,23,0
grid_playbook_logic,88,Linux 7.2.3-arch1-2,x86_64,24,30.44,3.14.7,10,10,5,25,10,1,2,2,2,0,0,42,1639,30811,28,2667,"{""playbook_playbook0.asl"": 98, ""playbook_playbook1.asl"": 98, ""playbook_playbook10.asl"": 98, ""playbook_playbook11.asl"": 98, ""playbook_playbook12.asl"": 98, ""playbook_playbook13.asl"": 98, ""playbook_playbook14.asl"": 98, ""playbook_playbook15.asl"": 98, ""playbook_playbook16.asl"": 98, ""playbook_playbook17.asl"": 98, ""playbook_playbook18.asl"": 98, ""playbook_playbook19.asl"": 98, ""playbook_playbook2.asl"": 98, ""playbook_playbook20.asl"": 98, ""playbook_playbook21.asl"": 98, ""playbook_playbook22.asl"": 98, ""playbook_playbook23.asl"": 98, ""playbook_playbook24.asl"": 98, ""playbook_playbook3.asl"": 98, ""playbook_playbook4.asl"": 98, ""playbook_playbook5.asl"": 98, ""playbook_playbook6.asl"": 98, ""playbook_playbook7.asl"": 98, ""playbook_playbook8.asl"": 98, ""playbook_playbook9.asl"": 98, ""director_mainplot.asl"": 149, ""role_mainplot_role0.asl"": 34, ""role_mainplot_role1.asl"": 34}",1.6272117144600367,0.07375066200074798,0.0003746090005734004,3.0564746856689453,True,23,0
grid_playbook_logic,89,Linux 7.2.3-arch1-2,x86_64,24,30.44,3.14.7,10,10,5,25,10,1,2,2,2,0,0,42,1639,30811,28,2667,"{""playbook_playbook0.asl"": 98, ""playbook_playbook1.asl"": 98, ""playbook_playbook10.asl"": 98, ""playbook_playbook11.asl"": 98, ""playbook_playbook12.asl"": 98, ""playbook_playbook13.asl"": 98, ""playbook_playbook14.asl"": 98, ""playbook_playbook15.asl"": 98, ""playbook_playbook16.asl"": 98, ""playbook_playbook17.asl"": 98, ""playbook_playbook18.asl"": 98, ""playbook_playbook19.asl"": 98, ""playbook_playbook2.asl"": 98, ""playbook_playbook20.asl"": 98, ""playbook_playbook21.asl"": 98, ""playbook_playbook22.asl"": 98, ""playbook_playbook23.asl"": 98, ""playbook_playbook24.asl"": 98, ""playbook_playbook3.asl"": 98, ""playbook_playbook4.asl"": 98, ""playbook_playbook5.asl"": 98, ""playbook_playbook6.asl"": 98, ""playbook_playbook7.asl"": 98, ""playbook_playbook8.asl"": 98, ""playbook_playbook9.asl"": 98, ""director_mainplot.asl"": 149, ""role_mainplot_role0.asl"": 34, ""role_mainplot_role1.asl"": 34}",1.6272117144600367,0.07408545200087246,0.00039856900002632756,3.0564746856689453,True,23,0
grid_playbook_logic,90,Linux 7.2.3-arch1-2,x86_64,24,30.44,3.14.7,10,10,5,25,25,1,2,2,2,0,0,42,3889,73561,28,6042,"{""playbook_playbook0.asl"": 233, ""playbook_playbook1.asl"": 233, ""playbook_playbook10.asl"": 233, ""playbook_playbook11.asl"": 233, ""playbook_playbook12.asl"": 233, ""playbook_playbook13.asl"": 233, ""playbook_playbook14.asl"": 233, ""playbook_playbook15.asl"": 233, ""playbook_playbook16.asl"": 233, ""playbook_playbook17.asl"": 233, ""playbook_playbook18.asl"": 233, ""playbook_playbook19.asl"": 233, ""playbook_playbook2.asl"": 233, ""playbook_playbook20.asl"": 233, ""playbook_playbook21.asl"": 233, ""playbook_playbook22.asl"": 233, ""playbook_playbook23.asl"": 233, ""playbook_playbook24.asl"": 233, ""playbook_playbook3.asl"": 233, ""playbook_playbook4.asl"": 233, ""playbook_playbook5.asl"": 233, ""playbook_playbook6.asl"": 233, ""playbook_playbook7.asl"": 233, ""playbook_playbook8.asl"": 233, ""playbook_playbook9.asl"": 233, ""director_mainplot.asl"": 149, ""role_mainplot_role0.asl"": 34, ""role_mainplot_role1.asl"": 34}",1.5536127539213165,0.18061987300097826,0.00044805899960920215,7.473440170288086,True,23,0
grid_playbook_logic,91,Linux 7.2.3-arch1-2,x86_64,24,30.44,3.14.7,10,10,5,25,25,1,2,2,2,0,0,42,3889,73561,28,6042,"{""playbook_playbook0.asl"": 233, ""playbook_playbook1.asl"": 233, ""playbook_playbook10.asl"": 233, ""playbook_playbook11.asl"": 233, ""playbook_playbook12.asl"": 233, ""playbook_playbook13.asl"": 233, ""playbook_playbook14.asl"": 233, ""playbook_playbook15.asl"": 233, ""playbook_playbook16.asl"": 233, ""playbook_playbook17.asl"": 233, ""playbook_playbook18.asl"": 233, ""playbook_playbook19.asl"": 233, ""playbook_playbook2.asl"": 233, ""playbook_playbook20.asl"": 233, ""playbook_playbook21.asl"": 233, ""playbook_playbook22.asl"": 233, ""playbook_playbook23.asl"": 233, ""playbook_playbook24.asl"": 233, ""playbook_playbook3.asl"": 233, ""playbook_playbook4.asl"": 233, ""playbook_playbook5.asl"": 233, ""playbook_playbook6.asl"": 233, ""playbook_playbook7.asl"": 233, ""playbook_playbook8.asl"": 233, ""playbook_playbook9.asl"": 233, ""director_mainplot.asl"": 149, ""role_mainplot_role0.asl"": 34, ""role_mainplot_role1.asl"": 34}",1.5536127539213165,0.17808978799985198,0.00045502899956773035,7.473440170288086,True,23,0
grid_playbook_logic,92,Linux 7.2.3-arch1-2,x86_64,24,30.44,3.14.7,10,10,5,25,25,1,2,2,2,0,0,42,3889,73561,28,6042,"{""playbook_playbook0.asl"": 233, ""playbook_playbook1.asl"": 233, ""playbook_playbook10.asl"": 233, ""playbook_playbook11.asl"": 233, ""playbook_playbook12.asl"": 233, ""playbook_playbook13.asl"": 233, ""playbook_playbook14.asl"": 233, ""playbook_playbook15.asl"": 233, ""playbook_playbook16.asl"": 233, ""playbook_playbook17.asl"": 233, ""playbook_playbook18.asl"": 233, ""playbook_playbook19.asl"": 233, ""playbook_playbook2.asl"": 233, ""playbook_playbook20.asl"": 233, ""playbook_playbook21.asl"": 233, ""playbook_playbook22.asl"": 233, ""playbook_playbook23.asl"": 233, ""playbook_playbook24.asl"": 233, ""playbook_playbook3.asl"": 233, ""playbook_playbook4.asl"": 233, ""playbook_playbook5.asl"": 233, ""playbook_playbook6.asl"": 233, ""playbook_playbook7.asl"": 233, ""playbook_playbook8.asl"": 233, ""playbook_playbook9.asl"": 233, ""director_mainplot.asl"": 149, ""role_mainplot_role0.asl"": 34, ""role_mainplot_role1.asl"": 34}",1.5536127539213165,0.1797966650010494,0.00043272899893054273,7.473440170288086,True,23,0
grid_playbook_logic,93,Linux 7.2.3-arch1-2,x86_64,24,30.44,3.14.7,10,10,5,25,25,1,2,2,2,0,0,42,3889,73561,28,6042,"{""playbook_playbook0.asl"": 233, ""playbook_playbook1.asl"": 233, ""playbook_playbook10.asl"": 233, ""playbook_playbook11.asl"": 233, ""playbook_playbook12.asl"": 233, ""playbook_playbook13.asl"": 233, ""playbook_playbook14.asl"": 233, ""playbook_playbook15.asl"": 233, ""playbook_playbook16.asl"": 233, ""playbook_playbook17.asl"": 233, ""playbook_playbook18.asl"": 233, ""playbook_playbook19.asl"": 233, ""playbook_playbook2.asl"": 233, ""playbook_playbook20.asl"": 233, ""playbook_playbook21.asl"": 233, ""playbook_playbook22.asl"": 233, ""playbook_playbook23.asl"": 233, ""playbook_playbook24.asl"": 233, ""playbook_playbook3.asl"": 233, ""playbook_playbook4.asl"": 233, ""playbook_playbook5.asl"": 233, ""playbook_playbook6.asl"": 233, ""playbook_playbook7.asl"": 233, ""playbook_playbook8.asl"": 233, ""playbook_playbook9.asl"": 233, ""director_mainplot.asl"": 149, ""role_mainplot_role0.asl"": 34, ""role_mainplot_role1.asl"": 34}",1.5536127539213165,0.18155029199988348,0.00043855900003109127,7.473440170288086,True,23,0
grid_playbook_logic,94,Linux 7.2.3-arch1-2,x86_64,24,30.44,3.14.7,10,10,5,25,25,1,2,2,2,0,0,42,3889,73561,28,6042,"{""playbook_playbook0.asl"": 233, ""playbook_playbook1.asl"": 233, ""playbook_playbook10.asl"": 233, ""playbook_playbook11.asl"": 233, ""playbook_playbook12.asl"": 233, ""playbook_playbook13.asl"": 233, ""playbook_playbook14.asl"": 233, ""playbook_playbook15.asl"": 233, ""playbook_playbook16.asl"": 233, ""playbook_playbook17.asl"": 233, ""playbook_playbook18.asl"": 233, ""playbook_playbook19.asl"": 233, ""playbook_playbook2.asl"": 233, ""playbook_playbook20.asl"": 233, ""playbook_playbook21.asl"": 233, ""playbook_playbook22.asl"": 233, ""playbook_playbook23.asl"": 233, ""playbook_playbook24.asl"": 233, ""playbook_playbook3.asl"": 233, ""playbook_playbook4.asl"": 233, ""playbook_playbook5.asl"": 233, ""playbook_playbook6.asl"": 233, ""playbook_playbook7.asl"": 233, ""playbook_playbook8.asl"": 233, ""playbook_playbook9.asl"": 233, ""director_mainplot.asl"": 149, ""role_mainplot_role0.asl"": 34, ""role_mainplot_role1.asl"": 34}",1.5536127539213165,0.17980103500121913,0.00043359899973438587,7.473440170288086,True,23,0
grid_playbook_logic,95,Linux 7.2.3-arch1-2,x86_64,24,30.44,3.14.7,10,10,5,25,50,1,2,2,2,0,0,42,7639,144811,28,11667,"{""playbook_playbook0.asl"": 458, ""playbook_playbook1.asl"": 458, ""playbook_playbook10.asl"": 458, ""playbook_playbook11.asl"": 458, ""playbook_playbook12.asl"": 458, ""playbook_playbook13.asl"": 458, ""playbook_playbook14.asl"": 458, ""playbook_playbook15.asl"": 458, ""playbook_playbook16.asl"": 458, ""playbook_playbook17.asl"": 458, ""playbook_playbook18.asl"": 458, ""playbook_playbook19.asl"": 458, ""playbook_playbook2.asl"": 458, ""playbook_playbook20.asl"": 458, ""playbook_playbook21.asl"": 458, ""playbook_playbook22.asl"": 458, ""playbook_playbook23.asl"": 458, ""playbook_playbook24.asl"": 458, ""playbook_playbook3.asl"": 458, ""playbook_playbook4.asl"": 458, ""playbook_playbook5.asl"": 458, ""playbook_playbook6.asl"": 458, ""playbook_playbook7.asl"": 458, ""playbook_playbook8.asl"": 458, ""playbook_playbook9.asl"": 458, ""director_mainplot.asl"": 149, ""role_mainplot_role0.asl"": 34, ""role_mainplot_role1.asl"": 34}",1.5272941484487499,0.3617548859983799,0.00048136899931705557,14.836992263793945,True,23,0
grid_playbook_logic,96,Linux 7.2.3-arch1-2,x86_64,24,30.44,3.14.7,10,10,5,25,50,1,2,2,2,0,0,42,7639,144811,28,11667,"{""playbook_playbook0.asl"": 458, ""playbook_playbook1.asl"": 458, ""playbook_playbook10.asl"": 458, ""playbook_playbook11.asl"": 458, ""playbook_playbook12.asl"": 458, ""playbook_playbook13.asl"": 458, ""playbook_playbook14.asl"": 458, ""playbook_playbook15.asl"": 458, ""playbook_playbook16.asl"": 458, ""playbook_playbook17.asl"": 458, ""playbook_playbook18.asl"": 458, ""playbook_playbook19.asl"": 458, ""playbook_playbook2.asl"": 458, ""playbook_playbook20.asl"": 458, ""playbook_playbook21.asl"": 458, ""playbook_playbook22.asl"": 458, ""playbook_playbook23.asl"": 458, ""playbook_playbook24.asl"": 458, ""playbook_playbook3.asl"": 458, ""playbook_playbook4.asl"": 458, ""playbook_playbook5.asl"": 458, ""playbook_playbook6.asl"": 458, ""playbook_playbook7.asl"": 458, ""playbook_playbook8.asl"": 458, ""playbook_playbook9.asl"": 458, ""director_mainplot.asl"": 149, ""role_mainplot_role0.asl"": 34, ""role_mainplot_role1.asl"": 34}",1.5272941484487499,0.3763961999993626,0.0004895990005024942,14.836992263793945,True,23,0
grid_playbook_logic,97,Linux 7.2.3-arch1-2,x86_64,24,30.44,3.14.7,10,10,5,25,50,1,2,2,2,0,0,42,7639,144811,28,11667,"{""playbook_playbook0.asl"": 458, ""playbook_playbook1.asl"": 458, ""playbook_playbook10.asl"": 458, ""playbook_playbook11.asl"": 458, ""playbook_playbook12.asl"": 458, ""playbook_playbook13.asl"": 458, ""playbook_playbook14.asl"": 458, ""playbook_playbook15.asl"": 458, ""playbook_playbook16.asl"": 458, ""playbook_playbook17.asl"": 458, ""playbook_playbook18.asl"": 458, ""playbook_playbook19.asl"": 458, ""playbook_playbook2.asl"": 458, ""playbook_playbook20.asl"": 458, ""playbook_playbook21.asl"": 458, ""playbook_playbook22.asl"": 458, ""playbook_playbook23.asl"": 458, ""playbook_playbook24.asl"": 458, ""playbook_playbook3.asl"": 458, ""playbook_playbook4.asl"": 458, ""playbook_playbook5.asl"": 458, ""playbook_playbook6.asl"": 458, ""playbook_playbook7.asl"": 458, ""playbook_playbook8.asl"": 458, ""playbook_playbook9.asl"": 458, ""director_mainplot.asl"": 149, ""role_mainplot_role0.asl"": 34, ""role_mainplot_role1.asl"": 34}",1.5272941484487499,0.36117295700023533,0.000485869999465649,14.836992263793945,True,23,0
grid_playbook_logic,98,Linux 7.2.3-arch1-2,x86_64,24,30.44,3.14.7,10,10,5,25,50,1,2,2,2,0,0,42,7639,144811,28,11667,"{""playbook_playbook0.asl"": 458, ""playbook_playbook1.asl"": 458, ""playbook_playbook10.asl"": 458, ""playbook_playbook11.asl"": 458, ""playbook_playbook12.asl"": 458, ""playbook_playbook13.asl"": 458, ""playbook_playbook14.asl"": 458, ""playbook_playbook15.asl"": 458, ""playbook_playbook16.asl"": 458, ""playbook_playbook17.asl"": 458, ""playbook_playbook18.asl"": 458, ""playbook_playbook19.asl"": 458, ""playbook_playbook2.asl"": 458, ""playbook_playbook20.asl"": 458, ""playbook_playbook21.asl"": 458, ""playbook_playbook22.asl"": 458, ""playbook_playbook23.asl"": 458, ""playbook_playbook24.asl"": 458, ""playbook_playbook3.asl"": 458, ""playbook_playbook4.asl"": 458, ""playbook_playbook5.asl"": 458, ""playbook_playbook6.asl"": 458, ""playbook_playbook7.asl"": 458, ""playbook_playbook8.asl"": 458, ""playbook_playbook9.asl"": 458, ""director_mainplot.asl"": 149, ""role_mainplot_role0.asl"": 34, ""role_mainplot_role1.asl"": 34}",1.5272941484487499,0.4124795420011651,0.00048213899935944937,14.83873176574707,True,23,0
grid_playbook_logic,99,Linux 7.2.3-arch1-2,x86_64,24,30.44,3.14.7,10,10,5,25,50,1,2,2,2,0,0,42,7639,144811,28,11667,"{""playbook_playbook0.asl"": 458, ""playbook_playbook1.asl"": 458, ""playbook_playbook10.asl"": 458, ""playbook_playbook11.asl"": 458, ""playbook_playbook12.asl"": 458, ""playbook_playbook13.asl"": 458, ""playbook_playbook14.asl"": 458, ""playbook_playbook15.asl"": 458, ""playbook_playbook16.asl"": 458, ""playbook_playbook17.asl"": 458, ""playbook_playbook18.asl"": 458, ""playbook_playbook19.asl"": 458, ""playbook_playbook2.asl"": 458, ""playbook_playbook20.asl"": 458, ""playbook_playbook21.asl"": 458, ""playbook_playbook22.asl"": 458, ""playbook_playbook23.asl"": 458, ""playbook_playbook24.asl"": 458, ""playbook_playbook3.asl"": 458, ""playbook_playbook4.asl"": 458, ""playbook_playbook5.asl"": 458, ""playbook_playbook6.asl"": 458, ""playbook_playbook7.asl"": 458, ""playbook_playbook8.asl"": 458, ""playbook_playbook9.asl"": 458, ""director_mainplot.asl"": 149, ""role_mainplot_role0.asl"": 34, ""role_mainplot_role1.asl"": 34}",1.5272941484487499,0.3699149509993731,0.0004934589996992145,14.836992263793945,True,23,0
grid_playbook_logic,100,Linux 7.2.3-arch1-2,x86_64,24,30.44,3.14.7,10,10,5,50,2,1,2,2,2,0,0,42,789,14260,53,1517,"{""playbook_playbook0.asl"": 26, ""playbook_playbook1.asl"": 26, ""playbook_playbook10.asl"": 26, ""playbook_playbook11.asl"": 26, ""playbook_playbook12.asl"": 26, ""playbook_playbook13.asl"": 26, ""playbook_playbook14.asl"": 26, ""playbook_playbook15.asl"": 26, ""playbook_playbook16.asl"": 26, ""playbook_playbook17.asl"": 26, ""playbook_playbook18.asl"": 26, ""playbook_playbook19.asl"": 26, ""playbook_playbook2.asl"": 26, ""playbook_playbook20.asl"": 26, ""playbook_playbook21.asl"": 26, ""playbook_playbook22.asl"": 26, ""playbook_playbook23.asl"": 26, ""playbook_playbook24.asl"": 26, ""playbook_playbook25.asl"": 26, ""playbook_playbook26.asl"": 26, ""playbook_playbook27.asl"": 26, ""playbook_playbook28.asl"": 26, ""playbook_playbook29.asl"": 26, ""playbook_playbook3.asl"": 26, ""playbook_playbook30.asl"": 26, ""playbook_playbook31.asl"": 26, ""playbook_playbook32.asl"": 26, ""playbook_playbook33.asl"": 26, ""playbook_playbook34.asl"": 26, ""playbook_playbook35.asl"": 26, ""playbook_playbook36.asl"": 26, ""playbook_playbook37.asl"": 26, ""playbook_playbook38.asl"": 26, ""playbook_playbook39.asl"": 26, ""playbook_playbook4.asl"": 26, ""playbook_playbook40.asl"": 26, ""playbook_playbook41.asl"": 26, ""playbook_playbook42.asl"": 26, ""playbook_playbook43.asl"": 26, ""playbook_playbook44.asl"": 26, ""playbook_playbook45.asl"": 26, ""playbook_playbook46.asl"": 26, ""playbook_playbook47.asl"": 26, ""playbook_playbook48.asl"": 26, ""playbook_playbook49.asl"": 26, ""playbook_playbook5.asl"": 26, ""playbook_playbook6.asl"": 26, ""playbook_playbook7.asl"": 26, ""playbook_playbook8.asl"": 26, ""playbook_playbook9.asl"": 26, ""director_mainplot.asl"": 149, ""role_mainplot_role0.asl"": 34, ""role_mainplot_role1.asl"": 34}",1.9226869455006337,0.03341876800004684,0.0007605480004713172,1.3256969451904297,True,48,0
grid_playbook_logic,101,Linux 7.2.3-arch1-2,x86_64,24,30.44,3.14.7,10,10,5,50,2,1,2,2,2,0,0,42,789,14260,53,1517,"{""playbook_playbook0.asl"": 26, ""playbook_playbook1.asl"": 26, ""playbook_playbook10.asl"": 26, ""playbook_playbook11.asl"": 26, ""playbook_playbook12.asl"": 26, ""playbook_playbook13.asl"": 26, ""playbook_playbook14.asl"": 26, ""playbook_playbook15.asl"": 26, ""playbook_playbook16.asl"": 26, ""playbook_playbook17.asl"": 26, ""playbook_playbook18.asl"": 26, ""playbook_playbook19.asl"": 26, ""playbook_playbook2.asl"": 26, ""playbook_playbook20.asl"": 26, ""playbook_playbook21.asl"": 26, ""playbook_playbook22.asl"": 26, ""playbook_playbook23.asl"": 26, ""playbook_playbook24.asl"": 26, ""playbook_playbook25.asl"": 26, ""playbook_playbook26.asl"": 26, ""playbook_playbook27.asl"": 26, ""playbook_playbook28.asl"": 26, ""playbook_playbook29.asl"": 26, ""playbook_playbook3.asl"": 26, ""playbook_playbook30.asl"": 26, ""playbook_playbook31.asl"": 26, ""playbook_playbook32.asl"": 26, ""playbook_playbook33.asl"": 26, ""playbook_playbook34.asl"": 26, ""playbook_playbook35.asl"": 26, ""playbook_playbook36.asl"": 26, ""playbook_playbook37.asl"": 26, ""playbook_playbook38.asl"": 26, ""playbook_playbook39.asl"": 26, ""playbook_playbook4.asl"": 26, ""playbook_playbook40.asl"": 26, ""playbook_playbook41.asl"": 26, ""playbook_playbook42.asl"": 26, ""playbook_playbook43.asl"": 26, ""playbook_playbook44.asl"": 26, ""playbook_playbook45.asl"": 26, ""playbook_playbook46.asl"": 26, ""playbook_playbook47.asl"": 26, ""playbook_playbook48.asl"": 26, ""playbook_playbook49.asl"": 26, ""playbook_playbook5.asl"": 26, ""playbook_playbook6.asl"": 26, ""playbook_playbook7.asl"": 26, ""playbook_playbook8.asl"": 26, ""playbook_playbook9.asl"": 26, ""director_mainplot.asl"": 149, ""role_mainplot_role0.asl"": 34, ""role_mainplot_role1.asl"": 34}",1.9226869455006337,0.033484146999398945,0.0007263079987751553,1.3256969451904297,True,48,0
grid_playbook_logic,102,Linux 7.2.3-arch1-2,x86_64,24,30.44,3.14.7,10,10,5,50,2,1,2,2,2,0,0,42,789,14260,53,1517,"{""playbook_playbook0.asl"": 26, ""playbook_playbook1.asl"": 26, ""playbook_playbook10.asl"": 26, ""playbook_playbook11.asl"": 26, ""playbook_playbook12.asl"": 26, ""playbook_playbook13.asl"": 26, ""playbook_playbook14.asl"": 26, ""playbook_playbook15.asl"": 26, ""playbook_playbook16.asl"": 26, ""playbook_playbook17.asl"": 26, ""playbook_playbook18.asl"": 26, ""playbook_playbook19.asl"": 26, ""playbook_playbook2.asl"": 26, ""playbook_playbook20.asl"": 26, ""playbook_playbook21.asl"": 26, ""playbook_playbook22.asl"": 26, ""playbook_playbook23.asl"": 26, ""playbook_playbook24.asl"": 26, ""playbook_playbook25.asl"": 26, ""playbook_playbook26.asl"": 26, ""playbook_playbook27.asl"": 26, ""playbook_playbook28.asl"": 26, ""playbook_playbook29.asl"": 26, ""playbook_playbook3.asl"": 26, ""playbook_playbook30.asl"": 26, ""playbook_playbook31.asl"": 26, ""playbook_playbook32.asl"": 26, ""playbook_playbook33.asl"": 26, ""playbook_playbook34.asl"": 26, ""playbook_playbook35.asl"": 26, ""playbook_playbook36.asl"": 26, ""playbook_playbook37.asl"": 26, ""playbook_playbook38.asl"": 26, ""playbook_playbook39.asl"": 26, ""playbook_playbook4.asl"": 26, ""playbook_playbook40.asl"": 26, ""playbook_playbook41.asl"": 26, ""playbook_playbook42.asl"": 26, ""playbook_playbook43.asl"": 26, ""playbook_playbook44.asl"": 26, ""playbook_playbook45.asl"": 26, ""playbook_playbook46.asl"": 26, ""playbook_playbook47.asl"": 26, ""playbook_playbook48.asl"": 26, ""playbook_playbook49.asl"": 26, ""playbook_playbook5.asl"": 26, ""playbook_playbook6.asl"": 26, ""playbook_playbook7.asl"": 26, ""playbook_playbook8.asl"": 26, ""playbook_playbook9.asl"": 26, ""director_mainplot.asl"": 149, ""role_mainplot_role0.asl"": 34, ""role_mainplot_role1.asl"": 34}",1.9226869455006337,0.03311786800077243,0.0007249289992614649,1.3256969451904297,True,48,0
grid_playbook_logic,103,Linux 7.2.3-arch1-2,x86_64,24,30.44,3.14.7,10,10,5,50,2,1,2,2,2,0,0,42,789,14260,53,1517,"{""playbook_playbook0.asl"": 26, ""playbook_playbook1.asl"": 26, ""playbook_playbook10.asl"": 26, ""playbook_playbook11.asl"": 26, ""playbook_playbook12.asl"": 26, ""playbook_playbook13.asl"": 26, ""playbook_playbook14.asl"": 26, ""playbook_playbook15.asl"": 26, ""playbook_playbook16.asl"": 26, ""playbook_playbook17.asl"": 26, ""playbook_playbook18.asl"": 26, ""playbook_playbook19.asl"": 26, ""playbook_playbook2.asl"": 26, ""playbook_playbook20.asl"": 26, ""playbook_playbook21.asl"": 26, ""playbook_playbook22.asl"": 26, ""playbook_playbook23.asl"": 26, ""playbook_playbook24.asl"": 26, ""playbook_playbook25.asl"": 26, ""playbook_playbook26.asl"": 26, ""playbook_playbook27.asl"": 26, ""playbook_playbook28.asl"": 26, ""playbook_playbook29.asl"": 26, ""playbook_playbook3.asl"": 26, ""playbook_playbook30.asl"": 26, ""playbook_playbook31.asl"": 26, ""playbook_playbook32.asl"": 26, ""playbook_playbook33.asl"": 26, ""playbook_playbook34.asl"": 26, ""playbook_playbook35.asl"": 26, ""playbook_playbook36.asl"": 26, ""playbook_playbook37.asl"": 26, ""playbook_playbook38.asl"": 26, ""playbook_playbook39.asl"": 26, ""playbook_playbook4.asl"": 26, ""playbook_playbook40.asl"": 26, ""playbook_playbook41.asl"": 26, ""playbook_playbook42.asl"": 26, ""playbook_playbook43.asl"": 26, ""playbook_playbook44.asl"": 26, ""playbook_playbook45.asl"": 26, ""playbook_playbook46.asl"": 26, ""playbook_playbook47.asl"": 26, ""playbook_playbook48.asl"": 26, ""playbook_playbook49.asl"": 26, ""playbook_playbook5.asl"": 26, ""playbook_playbook6.asl"": 26, ""playbook_playbook7.asl"": 26, ""playbook_playbook8.asl"": 26, ""playbook_playbook9.asl"": 26, ""director_mainplot.asl"": 149, ""role_mainplot_role0.asl"": 34, ""role_mainplot_role1.asl"": 34}",1.9226869455006337,0.03324116799922194,0.0007267780001711799,1.3256969451904297,True,48,0
grid_playbook_logic,104,Linux 7.2.3-arch1-2,x86_64,24,30.44,3.14.7,10,10,5,50,2,1,2,2,2,0,0,42,789,14260,53,1517,"{""playbook_playbook0.asl"": 26, ""playbook_playbook1.asl"": 26, ""playbook_playbook10.asl"": 26, ""playbook_playbook11.asl"": 26, ""playbook_playbook12.asl"": 26, ""playbook_playbook13.asl"": 26, ""playbook_playbook14.asl"": 26, ""playbook_playbook15.asl"": 26, ""playbook_playbook16.asl"": 26, ""playbook_playbook17.asl"": 26, ""playbook_playbook18.asl"": 26, ""playbook_playbook19.asl"": 26, ""playbook_playbook2.asl"": 26, ""playbook_playbook20.asl"": 26, ""playbook_playbook21.asl"": 26, ""playbook_playbook22.asl"": 26, ""playbook_playbook23.asl"": 26, ""playbook_playbook24.asl"": 26, ""playbook_playbook25.asl"": 26, ""playbook_playbook26.asl"": 26, ""playbook_playbook27.asl"": 26, ""playbook_playbook28.asl"": 26, ""playbook_playbook29.asl"": 26, ""playbook_playbook3.asl"": 26, ""playbook_playbook30.asl"": 26, ""playbook_playbook31.asl"": 26, ""playbook_playbook32.asl"": 26, ""playbook_playbook33.asl"": 26, ""playbook_playbook34.asl"": 26, ""playbook_playbook35.asl"": 26, ""playbook_playbook36.asl"": 26, ""playbook_playbook37.asl"": 26, ""playbook_playbook38.asl"": 26, ""playbook_playbook39.asl"": 26, ""playbook_playbook4.asl"": 26, ""playbook_playbook40.asl"": 26, ""playbook_playbook41.asl"": 26, ""playbook_playbook42.asl"": 26, ""playbook_playbook43.asl"": 26, ""playbook_playbook44.asl"": 26, ""playbook_playbook45.asl"": 26, ""playbook_playbook46.asl"": 26, ""playbook_playbook47.asl"": 26, ""playbook_playbook48.asl"": 26, ""playbook_playbook49.asl"": 26, ""playbook_playbook5.asl"": 26, ""playbook_playbook6.asl"": 26, ""playbook_playbook7.asl"": 26, ""playbook_playbook8.asl"": 26, ""playbook_playbook9.asl"": 26, ""director_mainplot.asl"": 149, ""role_mainplot_role0.asl"": 34, ""role_mainplot_role1.asl"": 34}",1.9226869455006337,0.03376529700108222,0.0007761390006635338,1.3256969451904297,True,48,0
grid_playbook_logic,105,Linux 7.2.3-arch1-2,x86_64,24,30.44,3.14.7,10,10,5,50,5,1,2,2,2,0,0,42,1689,31360,53,2867,"{""playbook_playbook0.asl"": 53, ""playbook_playbook1.asl"": 53, ""playbook_playbook10.asl"": 53, ""playbook_playbook11.asl"": 53, ""playbook_playbook12.asl"": 53, ""playbook_playbook13.asl"": 53, ""playbook_playbook14.asl"": 53, ""playbook_playbook15.asl"": 53, ""playbook_playbook16.asl"": 53, ""playbook_playbook17.asl"": 53, ""playbook_playbook18.asl"": 53, ""playbook_playbook19.asl"": 53, ""playbook_playbook2.asl"": 53, ""playbook_playbook20.asl"": 53, ""playbook_playbook21.asl"": 53, ""playbook_playbook22.asl"": 53, ""playbook_playbook23.asl"": 53, ""playbook_playbook24.asl"": 53, ""playbook_playbook25.asl"": 53, ""playbook_playbook26.asl"": 53, ""playbook_playbook27.asl"": 53, ""playbook_playbook28.asl"": 53, ""playbook_playbook29.asl"": 53, ""playbook_playbook3.asl"": 53, ""playbook_playbook30.asl"": 53, ""playbook_playbook31.asl"": 53, ""playbook_playbook32.asl"": 53, ""playbook_playbook33.asl"": 53, ""playbook_playbook34.asl"": 53, ""playbook_playbook35.asl"": 53, ""playbook_playbook36.asl"": 53, ""playbook_playbook37.asl"": 53, ""playbook_playbook38.asl"": 53, ""playbook_playbook39.asl"": 53, ""playbook_playbook4.asl"": 53, ""playbook_playbook40.asl"": 53, ""playbook_playbook41.asl"": 53, ""playbook_playbook42.asl"": 53, ""playbook_playbook43.asl"": 53, ""playbook_playbook44.asl"": 53, ""playbook_playbook45.asl"": 53, ""playbook_playbook46.asl"": 53, ""playbook_playbook47.asl"": 53, ""playbook_playbook48.asl"": 53, ""playbook_playbook49.asl"": 53, ""playbook_playbook5.asl"": 53, ""playbook_playbook6.asl"": 53, ""playbook_playbook7.asl"": 53, ""playbook_playbook8.asl"": 53, ""playbook_playbook9.asl"": 53, ""director_mainplot.asl"": 149, ""role_mainplot_role0.asl"": 34, ""role_mainplot_role1.asl"": 34}",1.6974541148608644,0.07791808499860053,0.0007173689991759602,3.094320297241211,True,48,0
grid_playbook_logic,106,Linux 7.2.3-arch1-2,x86_64,24,30.44,3.14.7,10,10,5,50,5,1,2,2,2,0,0,42,1689,31360,53,2867,"{""playbook_playbook0.asl"": 53, ""playbook_playbook1.asl"": 53, ""playbook_playbook10.asl"": 53, ""playbook_playbook11.asl"": 53, ""playbook_playbook12.asl"": 53, ""playbook_playbook13.asl"": 53, ""playbook_playbook14.asl"": 53, ""playbook_playbook15.asl"": 53, ""playbook_playbook16.asl"": 53, ""playbook_playbook17.asl"": 53, ""playbook_playbook18.asl"": 53, ""playbook_playbook19.asl"": 53, ""playbook_playbook2.asl"": 53, ""playbook_playbook20.asl"": 53, ""playbook_playbook21.asl"": 53, ""playbook_playbook22.asl"": 53, ""playbook_playbook23.asl"": 53, ""playbook_playbook24.asl"": 53, ""playbook_playbook25.asl"": 53, ""playbook_playbook26.asl"": 53, ""playbook_playbook27.asl"": 53, ""playbook_playbook28.asl"": 53, ""playbook_playbook29.asl"": 53, ""playbook_playbook3.asl"": 53, ""playbook_playbook30.asl"": 53, ""playbook_playbook31.asl"": 53, ""playbook_playbook32.asl"": 53, ""playbook_playbook33.asl"": 53, ""playbook_playbook34.asl"": 53, ""playbook_playbook35.asl"": 53, ""playbook_playbook36.asl"": 53, ""playbook_playbook37.asl"": 53, ""playbook_playbook38.asl"": 53, ""playbook_playbook39.asl"": 53, ""playbook_playbook4.asl"": 53, ""playbook_playbook40.asl"": 53, ""playbook_playbook41.asl"": 53, ""playbook_playbook42.asl"": 53, ""playbook_playbook43.asl"": 53, ""playbook_playbook44.asl"": 53, ""playbook_playbook45.asl"": 53, ""playbook_playbook46.asl"": 53, ""playbook_playbook47.asl"": 53, ""playbook_playbook48.asl"": 53, ""playbook_playbook49.asl"": 53, ""playbook_playbook5.asl"": 53, ""playbook_playbook6.asl"": 53, ""playbook_playbook7.asl"": 53, ""playbook_playbook8.asl"": 53, ""playbook_playbook9.asl"": 53, ""director_mainplot.asl"": 149, ""role_mainplot_role0.asl"": 34, ""role_mainplot_role1.asl"": 34}",1.6974541148608644,0.07626273799905903,0.0006999189990892773,3.094320297241211,True,48,0
grid_playbook_logic,107,Linux 7.2.3-arch1-2,x86_64,24,30.44,3.14.7,10,10,5,50,5,1,2,2,2,0,0,42,1689,31360,53,2867,"{""playbook_playbook0.asl"": 53, ""playbook_playbook1.asl"": 53, ""playbook_playbook10.asl"": 53, ""playbook_playbook11.asl"": 53, ""playbook_playbook12.asl"": 53, ""playbook_playbook13.asl"": 53, ""playbook_playbook14.asl"": 53, ""playbook_playbook15.asl"": 53, ""playbook_playbook16.asl"": 53, ""playbook_playbook17.asl"": 53, ""playbook_playbook18.asl"": 53, ""playbook_playbook19.asl"": 53, ""playbook_playbook2.asl"": 53, ""playbook_playbook20.asl"": 53, ""playbook_playbook21.asl"": 53, ""playbook_playbook22.asl"": 53, ""playbook_playbook23.asl"": 53, ""playbook_playbook24.asl"": 53, ""playbook_playbook25.asl"": 53, ""playbook_playbook26.asl"": 53, ""playbook_playbook27.asl"": 53, ""playbook_playbook28.asl"": 53, ""playbook_playbook29.asl"": 53, ""playbook_playbook3.asl"": 53, ""playbook_playbook30.asl"": 53, ""playbook_playbook31.asl"": 53, ""playbook_playbook32.asl"": 53, ""playbook_playbook33.asl"": 53, ""playbook_playbook34.asl"": 53, ""playbook_playbook35.asl"": 53, ""playbook_playbook36.asl"": 53, ""playbook_playbook37.asl"": 53, ""playbook_playbook38.asl"": 53, ""playbook_playbook39.asl"": 53, ""playbook_playbook4.asl"": 53, ""playbook_playbook40.asl"": 53, ""playbook_playbook41.asl"": 53, ""playbook_playbook42.asl"": 53, ""playbook_playbook43.asl"": 53, ""playbook_playbook44.asl"": 53, ""playbook_playbook45.asl"": 53, ""playbook_playbook46.asl"": 53, ""playbook_playbook47.asl"": 53, ""playbook_playbook48.asl"": 53, ""playbook_playbook49.asl"": 53, ""playbook_playbook5.asl"": 53, ""playbook_playbook6.asl"": 53, ""playbook_playbook7.asl"": 53, ""playbook_playbook8.asl"": 53, ""playbook_playbook9.asl"": 53, ""director_mainplot.asl"": 149, ""role_mainplot_role0.asl"": 34, ""role_mainplot_role1.asl"": 34}",1.6974541148608644,0.07649750800010224,0.0006898989995534066,3.094320297241211,True,48,0
grid_playbook_logic,108,Linux 7.2.3-arch1-2,x86_64,24,30.44,3.14.7,10,10,5,50,5,1,2,2,2,0,0,42,1689,31360,53,2867,"{""playbook_playbook0.asl"": 53, ""playbook_playbook1.asl"": 53, ""playbook_playbook10.asl"": 53, ""playbook_playbook11.asl"": 53, ""playbook_playbook12.asl"": 53, ""playbook_playbook13.asl"": 53, ""playbook_playbook14.asl"": 53, ""playbook_playbook15.asl"": 53, ""playbook_playbook16.asl"": 53, ""playbook_playbook17.asl"": 53, ""playbook_playbook18.asl"": 53, ""playbook_playbook19.asl"": 53, ""playbook_playbook2.asl"": 53, ""playbook_playbook20.asl"": 53, ""playbook_playbook21.asl"": 53, ""playbook_playbook22.asl"": 53, ""playbook_playbook23.asl"": 53, ""playbook_playbook24.asl"": 53, ""playbook_playbook25.asl"": 53, ""playbook_playbook26.asl"": 53, ""playbook_playbook27.asl"": 53, ""playbook_playbook28.asl"": 53, ""playbook_playbook29.asl"": 53, ""playbook_playbook3.asl"": 53, ""playbook_playbook30.asl"": 53, ""playbook_playbook31.asl"": 53, ""playbook_playbook32.asl"": 53, ""playbook_playbook33.asl"": 53, ""playbook_playbook34.asl"": 53, ""playbook_playbook35.asl"": 53, ""playbook_playbook36.asl"": 53, ""playbook_playbook37.asl"": 53, ""playbook_playbook38.asl"": 53, ""playbook_playbook39.asl"": 53, ""playbook_playbook4.asl"": 53, ""playbook_playbook40.asl"": 53, ""playbook_playbook41.asl"": 53, ""playbook_playbook42.asl"": 53, ""playbook_playbook43.asl"": 53, ""playbook_playbook44.asl"": 53, ""playbook_playbook45.asl"": 53, ""playbook_playbook46.asl"": 53, ""playbook_playbook47.asl"": 53, ""playbook_playbook48.asl"": 53, ""playbook_playbook49.asl"": 53, ""playbook_playbook5.asl"": 53, ""playbook_playbook6.asl"": 53, ""playbook_playbook7.asl"": 53, ""playbook_playbook8.asl"": 53, ""playbook_playbook9.asl"": 53, ""director_mainplot.asl"": 149, ""role_mainplot_role0.asl"": 34, ""role_mainplot_role1.asl"": 34}",1.6974541148608644,0.07540070000140986,0.0007181580003816634,3.094320297241211,True,48,0
grid_playbook_logic,109,Linux 7.2.3-arch1-2,x86_64,24,30.44,3.14.7,10,10,5,50,5,1,2,2,2,0,0,42,1689,31360,53,2867,"{""playbook_playbook0.asl"": 53, ""playbook_playbook1.asl"": 53, ""playbook_playbook10.asl"": 53, ""playbook_playbook11.asl"": 53, ""playbook_playbook12.asl"": 53, ""playbook_playbook13.asl"": 53, ""playbook_playbook14.asl"": 53, ""playbook_playbook15.asl"": 53, ""playbook_playbook16.asl"": 53, ""playbook_playbook17.asl"": 53, ""playbook_playbook18.asl"": 53, ""playbook_playbook19.asl"": 53, ""playbook_playbook2.asl"": 53, ""playbook_playbook20.asl"": 53, ""playbook_playbook21.asl"": 53, ""playbook_playbook22.asl"": 53, ""playbook_playbook23.asl"": 53, ""playbook_playbook24.asl"": 53, ""playbook_playbook25.asl"": 53, ""playbook_playbook26.asl"": 53, ""playbook_playbook27.asl"": 53, ""playbook_playbook28.asl"": 53, ""playbook_playbook29.asl"": 53, ""playbook_playbook3.asl"": 53, ""playbook_playbook30.asl"": 53, ""playbook_playbook31.asl"": 53, ""playbook_playbook32.asl"": 53, ""playbook_playbook33.asl"": 53, ""playbook_playbook34.asl"": 53, ""playbook_playbook35.asl"": 53, ""playbook_playbook36.asl"": 53, ""playbook_playbook37.asl"": 53, ""playbook_playbook38.asl"": 53, ""playbook_playbook39.asl"": 53, ""playbook_playbook4.asl"": 53, ""playbook_playbook40.asl"": 53, ""playbook_playbook41.asl"": 53, ""playbook_playbook42.asl"": 53, ""playbook_playbook43.asl"": 53, ""playbook_playbook44.asl"": 53, ""playbook_playbook45.asl"": 53, ""playbook_playbook46.asl"": 53, ""playbook_playbook47.asl"": 53, ""playbook_playbook48.asl"": 53, ""playbook_playbook49.asl"": 53, ""playbook_playbook5.asl"": 53, ""playbook_playbook6.asl"": 53, ""playbook_playbook7.asl"": 53, ""playbook_playbook8.asl"": 53, ""playbook_playbook9.asl"": 53, ""director_mainplot.asl"": 149, ""role_mainplot_role0.asl"": 34, ""role_mainplot_role1.asl"": 34}",1.6974541148608644,0.08491958199920191,0.0007094979991961736,3.095212936401367,True,48,0
grid_playbook_logic,110,Linux 7.2.3-arch1-2,x86_64,24,30.44,3.14.7,10,10,5,50,10,1,2,2,2,0,0,42,3189,59861,53,5117,"{""playbook_playbook0.asl"": 98, ""playbook_playbook1.asl"": 98, ""playbook_playbook10.asl"": 98, ""playbook_playbook11.asl"": 98, ""playbook_playbook12.asl"": 98, ""playbook_playbook13.asl"": 98, ""playbook_playbook14.asl"": 98, ""playbook_playbook15.asl"": 98, ""playbook_playbook16.asl"": 98, ""playbook_playbook17.asl"": 98, ""playbook_playbook18.asl"": 98, ""playbook_playbook19.asl"": 98, ""playbook_playbook2.asl"": 98, ""playbook_playbook20.asl"": 98, ""playbook_playbook21.asl"": 98, ""playbook_playbook22.asl"": 98, ""playbook_playbook23.asl"": 98, ""playbook_playbook24.asl"": 98, ""playbook_playbook25.asl"": 98, ""playbook_playbook26.asl"": 98, ""playbook_playbook27.asl"": 98, ""playbook_playbook28.asl"": 98, ""playbook_playbook29.asl"": 98, ""playbook_playbook3.asl"": 98, ""playbook_playbook30.asl"": 98, ""playbook_playbook31.asl"": 98, ""playbook_playbook32.asl"": 98, ""playbook_playbook33.asl"": 98, ""playbook_playbook34.asl"": 98, ""playbook_playbook35.asl"": 98, ""playbook_playbook36.asl"": 98, ""playbook_playbook37.asl"": 98, ""playbook_playbook38.asl"": 98, ""playbook_playbook39.asl"": 98, ""playbook_playbook4.asl"": 98, ""playbook_playbook40.asl"": 98, ""playbook_playbook41.asl"": 98, ""playbook_playbook42.asl"": 98, ""playbook_playbook43.asl"": 98, ""playbook_playbook44.asl"": 98, ""playbook_playbook45.asl"": 98, ""playbook_playbook46.asl"": 98, ""playbook_playbook47.asl"": 98, ""playbook_playbook48.asl"": 98, ""playbook_playbook49.asl"": 98, ""playbook_playbook5.asl"": 98, ""playbook_playbook6.asl"": 98, ""playbook_playbook7.asl"": 98, ""playbook_playbook8.asl"": 98, ""playbook_playbook9.asl"": 98, ""director_mainplot.asl"": 149, ""role_mainplot_role0.asl"": 34, ""role_mainplot_role1.asl"": 34}",1.6045782376920665,0.14980241100056446,0.000740329000109341,6.035819053649902,True,48,0
grid_playbook_logic,111,Linux 7.2.3-arch1-2,x86_64,24,30.44,3.14.7,10,10,5,50,10,1,2,2,2,0,0,42,3189,59861,53,5117,"{""playbook_playbook0.asl"": 98, ""playbook_playbook1.asl"": 98, ""playbook_playbook10.asl"": 98, ""playbook_playbook11.asl"": 98, ""playbook_playbook12.asl"": 98, ""playbook_playbook13.asl"": 98, ""playbook_playbook14.asl"": 98, ""playbook_playbook15.asl"": 98, ""playbook_playbook16.asl"": 98, ""playbook_playbook17.asl"": 98, ""playbook_playbook18.asl"": 98, ""playbook_playbook19.asl"": 98, ""playbook_playbook2.asl"": 98, ""playbook_playbook20.asl"": 98, ""playbook_playbook21.asl"": 98, ""playbook_playbook22.asl"": 98, ""playbook_playbook23.asl"": 98, ""playbook_playbook24.asl"": 98, ""playbook_playbook25.asl"": 98, ""playbook_playbook26.asl"": 98, ""playbook_playbook27.asl"": 98, ""playbook_playbook28.asl"": 98, ""playbook_playbook29.asl"": 98, ""playbook_playbook3.asl"": 98, ""playbook_playbook30.asl"": 98, ""playbook_playbook31.asl"": 98, ""playbook_playbook32.asl"": 98, ""playbook_playbook33.asl"": 98, ""playbook_playbook34.asl"": 98, ""playbook_playbook35.asl"": 98, ""playbook_playbook36.asl"": 98, ""playbook_playbook37.asl"": 98, ""playbook_playbook38.asl"": 98, ""playbook_playbook39.asl"": 98, ""playbook_playbook4.asl"": 98, ""playbook_playbook40.asl"": 98, ""playbook_playbook41.asl"": 98, ""playbook_playbook42.asl"": 98, ""playbook_playbook43.asl"": 98, ""playbook_playbook44.asl"": 98, ""playbook_playbook45.asl"": 98, ""playbook_playbook46.asl"": 98, ""playbook_playbook47.asl"": 98, ""playbook_playbook48.asl"": 98, ""playbook_playbook49.asl"": 98, ""playbook_playbook5.asl"": 98, ""playbook_playbook6.asl"": 98, ""playbook_playbook7.asl"": 98, ""playbook_playbook8.asl"": 98, ""playbook_playbook9.asl"": 98, ""director_mainplot.asl"": 149, ""role_mainplot_role0.asl"": 34, ""role_mainplot_role1.asl"": 34}",1.6045782376920665,0.14779365499998676,0.0007214190009108279,6.035628318786621,True,48,0
grid_playbook_logic,112,Linux 7.2.3-arch1-2,x86_64,24,30.44,3.14.7,10,10,5,50,10,1,2,2,2,0,0,42,3189,59861,53,5117,"{""playbook_playbook0.asl"": 98, ""playbook_playbook1.asl"": 98, ""playbook_playbook10.asl"": 98, ""playbook_playbook11.asl"": 98, ""playbook_playbook12.asl"": 98, ""playbook_playbook13.asl"": 98, ""playbook_playbook14.asl"": 98, ""playbook_playbook15.asl"": 98, ""playbook_playbook16.asl"": 98, ""playbook_playbook17.asl"": 98, ""playbook_playbook18.asl"": 98, ""playbook_playbook19.asl"": 98, ""playbook_playbook2.asl"": 98, ""playbook_playbook20.asl"": 98, ""playbook_playbook21.asl"": 98, ""playbook_playbook22.asl"": 98, ""playbook_playbook23.asl"": 98, ""playbook_playbook24.asl"": 98, ""playbook_playbook25.asl"": 98, ""playbook_playbook26.asl"": 98, ""playbook_playbook27.asl"": 98, ""playbook_playbook28.asl"": 98, ""playbook_playbook29.asl"": 98, ""playbook_playbook3.asl"": 98, ""playbook_playbook30.asl"": 98, ""playbook_playbook31.asl"": 98, ""playbook_playbook32.asl"": 98, ""playbook_playbook33.asl"": 98, ""playbook_playbook34.asl"": 98, ""playbook_playbook35.asl"": 98, ""playbook_playbook36.asl"": 98, ""playbook_playbook37.asl"": 98, ""playbook_playbook38.asl"": 98, ""playbook_playbook39.asl"": 98, ""playbook_playbook4.asl"": 98, ""playbook_playbook40.asl"": 98, ""playbook_playbook41.asl"": 98, ""playbook_playbook42.asl"": 98, ""playbook_playbook43.asl"": 98, ""playbook_playbook44.asl"": 98, ""playbook_playbook45.asl"": 98, ""playbook_playbook46.asl"": 98, ""playbook_playbook47.asl"": 98, ""playbook_playbook48.asl"": 98, ""playbook_playbook49.asl"": 98, ""playbook_playbook5.asl"": 98, ""playbook_playbook6.asl"": 98, ""playbook_playbook7.asl"": 98, ""playbook_playbook8.asl"": 98, ""playbook_playbook9.asl"": 98, ""director_mainplot.asl"": 149, ""role_mainplot_role0.asl"": 34, ""role_mainplot_role1.asl"": 34}",1.6045782376920665,0.1488306030005333,0.000729958999727387,6.035628318786621,True,48,0
grid_playbook_logic,113,Linux 7.2.3-arch1-2,x86_64,24,30.44,3.14.7,10,10,5,50,10,1,2,2,2,0,0,42,3189,59861,53,5117,"{""playbook_playbook0.asl"": 98, ""playbook_playbook1.asl"": 98, ""playbook_playbook10.asl"": 98, ""playbook_playbook11.asl"": 98, ""playbook_playbook12.asl"": 98, ""playbook_playbook13.asl"": 98, ""playbook_playbook14.asl"": 98, ""playbook_playbook15.asl"": 98, ""playbook_playbook16.asl"": 98, ""playbook_playbook17.asl"": 98, ""playbook_playbook18.asl"": 98, ""playbook_playbook19.asl"": 98, ""playbook_playbook2.asl"": 98, ""playbook_playbook20.asl"": 98, ""playbook_playbook21.asl"": 98, ""playbook_playbook22.asl"": 98, ""playbook_playbook23.asl"": 98, ""playbook_playbook24.asl"": 98, ""playbook_playbook25.asl"": 98, ""playbook_playbook26.asl"": 98, ""playbook_playbook27.asl"": 98, ""playbook_playbook28.asl"": 98, ""playbook_playbook29.asl"": 98, ""playbook_playbook3.asl"": 98, ""playbook_playbook30.asl"": 98, ""playbook_playbook31.asl"": 98, ""playbook_playbook32.asl"": 98, ""playbook_playbook33.asl"": 98, ""playbook_playbook34.asl"": 98, ""playbook_playbook35.asl"": 98, ""playbook_playbook36.asl"": 98, ""playbook_playbook37.asl"": 98, ""playbook_playbook38.asl"": 98, ""playbook_playbook39.asl"": 98, ""playbook_playbook4.asl"": 98, ""playbook_playbook40.asl"": 98, ""playbook_playbook41.asl"": 98, ""playbook_playbook42.asl"": 98, ""playbook_playbook43.asl"": 98, ""playbook_playbook44.asl"": 98, ""playbook_playbook45.asl"": 98, ""playbook_playbook46.asl"": 98, ""playbook_playbook47.asl"": 98, ""playbook_playbook48.asl"": 98, ""playbook_playbook49.asl"": 98, ""playbook_playbook5.asl"": 98, ""playbook_playbook6.asl"": 98, ""playbook_playbook7.asl"": 98, ""playbook_playbook8.asl"": 98, ""playbook_playbook9.asl"": 98, ""director_mainplot.asl"": 149, ""role_mainplot_role0.asl"": 34, ""role_mainplot_role1.asl"": 34}",1.6045782376920665,0.14610736800023005,0.0007132880000426667,6.035628318786621,True,48,0
grid_playbook_logic,114,Linux 7.2.3-arch1-2,x86_64,24,30.44,3.14.7,10,10,5,50,10,1,2,2,2,0,0,42,3189,59861,53,5117,"{""playbook_playbook0.asl"": 98, ""playbook_playbook1.asl"": 98, ""playbook_playbook10.asl"": 98, ""playbook_playbook11.asl"": 98, ""playbook_playbook12.asl"": 98, ""playbook_playbook13.asl"": 98, ""playbook_playbook14.asl"": 98, ""playbook_playbook15.asl"": 98, ""playbook_playbook16.asl"": 98, ""playbook_playbook17.asl"": 98, ""playbook_playbook18.asl"": 98, ""playbook_playbook19.asl"": 98, ""playbook_playbook2.asl"": 98, ""playbook_playbook20.asl"": 98, ""playbook_playbook21.asl"": 98, ""playbook_playbook22.asl"": 98, ""playbook_playbook23.asl"": 98, ""playbook_playbook24.asl"": 98, ""playbook_playbook25.asl"": 98, ""playbook_playbook26.asl"": 98, ""playbook_playbook27.asl"": 98, ""playbook_playbook28.asl"": 98, ""playbook_playbook29.asl"": 98, ""playbook_playbook3.asl"": 98, ""playbook_playbook30.asl"": 98, ""playbook_playbook31.asl"": 98, ""playbook_playbook32.asl"": 98, ""playbook_playbook33.asl"": 98, ""playbook_playbook34.asl"": 98, ""playbook_playbook35.asl"": 98, ""playbook_playbook36.asl"": 98, ""playbook_playbook37.asl"": 98, ""playbook_playbook38.asl"": 98, ""playbook_playbook39.asl"": 98, ""playbook_playbook4.asl"": 98, ""playbook_playbook40.asl"": 98, ""playbook_playbook41.asl"": 98, ""playbook_playbook42.asl"": 98, ""playbook_playbook43.asl"": 98, ""playbook_playbook44.asl"": 98, ""playbook_playbook45.asl"": 98, ""playbook_playbook46.asl"": 98, ""playbook_playbook47.asl"": 98, ""playbook_playbook48.asl"": 98, ""playbook_playbook49.asl"": 98, ""playbook_playbook5.asl"": 98, ""playbook_playbook6.asl"": 98, ""playbook_playbook7.asl"": 98, ""playbook_playbook8.asl"": 98, ""playbook_playbook9.asl"": 98, ""director_mainplot.asl"": 149, ""role_mainplot_role0.asl"": 34, ""role_mainplot_role1.asl"": 34}",1.6045782376920665,0.1478711050003767,0.0007194090012490051,6.035628318786621,True,48,0
grid_playbook_logic,115,Linux 7.2.3-arch1-2,x86_64,24,30.44,3.14.7,10,10,5,50,25,1,2,2,2,0,0,42,7689,145361,53,11867,"{""playbook_playbook0.asl"": 233, ""playbook_playbook1.asl"": 233, ""playbook_playbook10.asl"": 233, ""playbook_playbook11.asl"": 233, ""playbook_playbook12.asl"": 233, ""playbook_playbook13.asl"": 233, ""playbook_playbook14.asl"": 233, ""playbook_playbook15.asl"": 233, ""playbook_playbook16.asl"": 233, ""playbook_playbook17.asl"": 233, ""playbook_playbook18.asl"": 233, ""playbook_playbook19.asl"": 233, ""playbook_playbook2.asl"": 233, ""playbook_playbook20.asl"": 233, ""playbook_playbook21.asl"": 233, ""playbook_playbook22.asl"": 233, ""playbook_playbook23.asl"": 233, ""playbook_playbook24.asl"": 233, ""playbook_playbook25.asl"": 233, ""playbook_playbook26.asl"": 233, ""playbook_playbook27.asl"": 233, ""playbook_playbook28.asl"": 233, ""playbook_playbook29.asl"": 233, ""playbook_playbook3.asl"": 233, ""playbook_playbook30.asl"": 233, ""playbook_playbook31.asl"": 233, ""playbook_playbook32.asl"": 233, ""playbook_playbook33.asl"": 233, ""playbook_playbook34.asl"": 233, ""playbook_playbook35.asl"": 233, ""playbook_playbook36.asl"": 233, ""playbook_playbook37.asl"": 233, ""playbook_playbook38.asl"": 233, ""playbook_playbook39.asl"": 233, ""playbook_playbook4.asl"": 233, ""playbook_playbook40.asl"": 233, ""playbook_playbook41.asl"": 233, ""playbook_playbook42.asl"": 233, ""playbook_playbook43.asl"": 233, ""playbook_playbook44.asl"": 233, ""playbook_playbook45.asl"": 233, ""playbook_playbook46.asl"": 233, ""playbook_playbook47.asl"": 233, ""playbook_playbook48.asl"": 233, ""playbook_playbook49.asl"": 233, ""playbook_playbook5.asl"": 233, ""playbook_playbook6.asl"": 233, ""playbook_playbook7.asl"": 233, ""playbook_playbook8.asl"": 233, ""playbook_playbook9.asl"": 233, ""director_mainplot.asl"": 149, ""role_mainplot_role0.asl"": 34, ""role_mainplot_role1.asl"": 34}",1.543373650669788,0.3870273390002694,0.0008151490001182538,14.874045372009277,True,48,0
grid_playbook_logic,116,Linux 7.2.3-arch1-2,x86_64,24,30.44,3.14.7,10,10,5,50,25,1,2,2,2,0,0,42,7689,145361,53,11867,"{""playbook_playbook0.asl"": 233, ""playbook_playbook1.asl"": 233, ""playbook_playbook10.asl"": 233, ""playbook_playbook11.asl"": 233, ""playbook_playbook12.asl"": 233, ""playbook_playbook13.asl"": 233, ""playbook_playbook14.asl"": 233, ""playbook_playbook15.asl"": 233, ""playbook_playbook16.asl"": 233, ""playbook_playbook17.asl"": 233, ""playbook_playbook18.asl"": 233, ""playbook_playbook19.asl"": 233, ""playbook_playbook2.asl"": 233, ""playbook_playbook20.asl"": 233, ""playbook_playbook21.asl"": 233, ""playbook_playbook22.asl"": 233, ""playbook_playbook23.asl"": 233, ""playbook_playbook24.asl"": 233, ""playbook_playbook25.asl"": 233, ""playbook_playbook26.asl"": 233, ""playbook_playbook27.asl"": 233, ""playbook_playbook28.asl"": 233, ""playbook_playbook29.asl"": 233, ""playbook_playbook3.asl"": 233, ""playbook_playbook30.asl"": 233, ""playbook_playbook31.asl"": 233, ""playbook_playbook32.asl"": 233, ""playbook_playbook33.asl"": 233, ""playbook_playbook34.asl"": 233, ""playbook_playbook35.asl"": 233, ""playbook_playbook36.asl"": 233, ""playbook_playbook37.asl"": 233, ""playbook_playbook38.asl"": 233, ""playbook_playbook39.asl"": 233, ""playbook_playbook4.asl"": 233, ""playbook_playbook40.asl"": 233, ""playbook_playbook41.asl"": 233, ""playbook_playbook42.asl"": 233, ""playbook_playbook43.asl"": 233, ""playbook_playbook44.asl"": 233, ""playbook_playbook45.asl"": 233, ""playbook_playbook46.asl"": 233, ""playbook_playbook47.asl"": 233, ""playbook_playbook48.asl"": 233, ""playbook_playbook49.asl"": 233, ""playbook_playbook5.asl"": 233, ""playbook_playbook6.asl"": 233, ""playbook_playbook7.asl"": 233, ""playbook_playbook8.asl"": 233, ""playbook_playbook9.asl"": 233, ""director_mainplot.asl"": 149, ""role_mainplot_role0.asl"": 34, ""role_mainplot_role1.asl"": 34}",1.543373650669788,0.3896158439983992,0.0008189180007320829,14.873442649841309,True,48,0
grid_playbook_logic,117,Linux 7.2.3-arch1-2,x86_64,24,30.44,3.14.7,10,10,5,50,25,1,2,2,2,0,0,42,7689,145361,53,11867,"{""playbook_playbook0.asl"": 233, ""playbook_playbook1.asl"": 233, ""playbook_playbook10.asl"": 233, ""playbook_playbook11.asl"": 233, ""playbook_playbook12.asl"": 233, ""playbook_playbook13.asl"": 233, ""playbook_playbook14.asl"": 233, ""playbook_playbook15.asl"": 233, ""playbook_playbook16.asl"": 233, ""playbook_playbook17.asl"": 233, ""playbook_playbook18.asl"": 233, ""playbook_playbook19.asl"": 233, ""playbook_playbook2.asl"": 233, ""playbook_playbook20.asl"": 233, ""playbook_playbook21.asl"": 233, ""playbook_playbook22.asl"": 233, ""playbook_playbook23.asl"": 233, ""playbook_playbook24.asl"": 233, ""playbook_playbook25.asl"": 233, ""playbook_playbook26.asl"": 233, ""playbook_playbook27.asl"": 233, ""playbook_playbook28.asl"": 233, ""playbook_playbook29.asl"": 233, ""playbook_playbook3.asl"": 233, ""playbook_playbook30.asl"": 233, ""playbook_playbook31.asl"": 233, ""playbook_playbook32.asl"": 233, ""playbook_playbook33.asl"": 233, ""playbook_playbook34.asl"": 233, ""playbook_playbook35.asl"": 233, ""playbook_playbook36.asl"": 233, ""playbook_playbook37.asl"": 233, ""playbook_playbook38.asl"": 233, ""playbook_playbook39.asl"": 233, ""playbook_playbook4.asl"": 233, ""playbook_playbook40.asl"": 233, ""playbook_playbook41.asl"": 233, ""playbook_playbook42.asl"": 233, ""playbook_playbook43.asl"": 233, ""playbook_playbook44.asl"": 233, ""playbook_playbook45.asl"": 233, ""playbook_playbook46.asl"": 233, ""playbook_playbook47.asl"": 233, ""playbook_playbook48.asl"": 233, ""playbook_playbook49.asl"": 233, ""playbook_playbook5.asl"": 233, ""playbook_playbook6.asl"": 233, ""playbook_playbook7.asl"": 233, ""playbook_playbook8.asl"": 233, ""playbook_playbook9.asl"": 233, ""director_mainplot.asl"": 149, ""role_mainplot_role0.asl"": 34, ""role_mainplot_role1.asl"": 34}",1.543373650669788,0.3701283499995043,0.0007892390003689798,14.873251914978027,True,48,0
grid_playbook_logic,118,Linux 7.2.3-arch1-2,x86_64,24,30.44,3.14.7,10,10,5,50,25,1,2,2,2,0,0,42,7689,145361,53,11867,"{""playbook_playbook0.asl"": 233, ""playbook_playbook1.asl"": 233, ""playbook_playbook10.asl"": 233, ""playbook_playbook11.asl"": 233, ""playbook_playbook12.asl"": 233, ""playbook_playbook13.asl"": 233, ""playbook_playbook14.asl"": 233, ""playbook_playbook15.asl"": 233, ""playbook_playbook16.asl"": 233, ""playbook_playbook17.asl"": 233, ""playbook_playbook18.asl"": 233, ""playbook_playbook19.asl"": 233, ""playbook_playbook2.asl"": 233, ""playbook_playbook20.asl"": 233, ""playbook_playbook21.asl"": 233, ""playbook_playbook22.asl"": 233, ""playbook_playbook23.asl"": 233, ""playbook_playbook24.asl"": 233, ""playbook_playbook25.asl"": 233, ""playbook_playbook26.asl"": 233, ""playbook_playbook27.asl"": 233, ""playbook_playbook28.asl"": 233, ""playbook_playbook29.asl"": 233, ""playbook_playbook3.asl"": 233, ""playbook_playbook30.asl"": 233, ""playbook_playbook31.asl"": 233, ""playbook_playbook32.asl"": 233, ""playbook_playbook33.asl"": 233, ""playbook_playbook34.asl"": 233, ""playbook_playbook35.asl"": 233, ""playbook_playbook36.asl"": 233, ""playbook_playbook37.asl"": 233, ""playbook_playbook38.asl"": 233, ""playbook_playbook39.asl"": 233, ""playbook_playbook4.asl"": 233, ""playbook_playbook40.asl"": 233, ""playbook_playbook41.asl"": 233, ""playbook_playbook42.asl"": 233, ""playbook_playbook43.asl"": 233, ""playbook_playbook44.asl"": 233, ""playbook_playbook45.asl"": 233, ""playbook_playbook46.asl"": 233, ""playbook_playbook47.asl"": 233, ""playbook_playbook48.asl"": 233, ""playbook_playbook49.asl"": 233, ""playbook_playbook5.asl"": 233, ""playbook_playbook6.asl"": 233, ""playbook_playbook7.asl"": 233, ""playbook_playbook8.asl"": 233, ""playbook_playbook9.asl"": 233, ""director_mainplot.asl"": 149, ""role_mainplot_role0.asl"": 34, ""role_mainplot_role1.asl"": 34}",1.543373650669788,0.3860184910008684,0.0008157089996529976,14.874144554138184,True,48,0
grid_playbook_logic,119,Linux 7.2.3-arch1-2,x86_64,24,30.44,3.14.7,10,10,5,50,25,1,2,2,2,0,0,42,7689,145361,53,11867,"{""playbook_playbook0.asl"": 233, ""playbook_playbook1.asl"": 233, ""playbook_playbook10.asl"": 233, ""playbook_playbook11.asl"": 233, ""playbook_playbook12.asl"": 233, ""playbook_playbook13.asl"": 233, ""playbook_playbook14.asl"": 233, ""playbook_playbook15.asl"": 233, ""playbook_playbook16.asl"": 233, ""playbook_playbook17.asl"": 233, ""playbook_playbook18.asl"": 233, ""playbook_playbook19.asl"": 233, ""playbook_playbook2.asl"": 233, ""playbook_playbook20.asl"": 233, ""playbook_playbook21.asl"": 233, ""playbook_playbook22.asl"": 233, ""playbook_playbook23.asl"": 233, ""playbook_playbook24.asl"": 233, ""playbook_playbook25.asl"": 233, ""playbook_playbook26.asl"": 233, ""playbook_playbook27.asl"": 233, ""playbook_playbook28.asl"": 233, ""playbook_playbook29.asl"": 233, ""playbook_playbook3.asl"": 233, ""playbook_playbook30.asl"": 233, ""playbook_playbook31.asl"": 233, ""playbook_playbook32.asl"": 233, ""playbook_playbook33.asl"": 233, ""playbook_playbook34.asl"": 233, ""playbook_playbook35.asl"": 233, ""playbook_playbook36.asl"": 233, ""playbook_playbook37.asl"": 233, ""playbook_playbook38.asl"": 233, ""playbook_playbook39.asl"": 233, ""playbook_playbook4.asl"": 233, ""playbook_playbook40.asl"": 233, ""playbook_playbook41.asl"": 233, ""playbook_playbook42.asl"": 233, ""playbook_playbook43.asl"": 233, ""playbook_playbook44.asl"": 233, ""playbook_playbook45.asl"": 233, ""playbook_playbook46.asl"": 233, ""playbook_playbook47.asl"": 233, ""playbook_playbook48.asl"": 233, ""playbook_playbook49.asl"": 233, ""playbook_playbook5.asl"": 233, ""playbook_playbook6.asl"": 233, ""playbook_playbook7.asl"": 233, ""playbook_playbook8.asl"": 233, ""playbook_playbook9.asl"": 233, ""director_mainplot.asl"": 149, ""role_mainplot_role0.asl"": 34, ""role_mainplot_role1.asl"": 34}",1.543373650669788,0.37388753300001554,0.0008063389996095793,14.873442649841309,True,48,0
grid_playbook_logic,120,Linux 7.2.3-arch1-2,x86_64,24,30.44,3.14.7,10,10,5,50,50,1,2,2,2,0,0,42,15189,287861,53,23117,"{""playbook_playbook0.asl"": 458, ""playbook_playbook1.asl"": 458, ""playbook_playbook10.asl"": 458, ""playbook_playbook11.asl"": 458, ""playbook_playbook12.asl"": 458, ""playbook_playbook13.asl"": 458, ""playbook_playbook14.asl"": 458, ""playbook_playbook15.asl"": 458, ""playbook_playbook16.asl"": 458, ""playbook_playbook17.asl"": 458, ""playbook_playbook18.asl"": 458, ""playbook_playbook19.asl"": 458, ""playbook_playbook2.asl"": 458, ""playbook_playbook20.asl"": 458, ""playbook_playbook21.asl"": 458, ""playbook_playbook22.asl"": 458, ""playbook_playbook23.asl"": 458, ""playbook_playbook24.asl"": 458, ""playbook_playbook25.asl"": 458, ""playbook_playbook26.asl"": 458, ""playbook_playbook27.asl"": 458, ""playbook_playbook28.asl"": 458, ""playbook_playbook29.asl"": 458, ""playbook_playbook3.asl"": 458, ""playbook_playbook30.asl"": 458, ""playbook_playbook31.asl"": 458, ""playbook_playbook32.asl"": 458, ""playbook_playbook33.asl"": 458, ""playbook_playbook34.asl"": 458, ""playbook_playbook35.asl"": 458, ""playbook_playbook36.asl"": 458, ""playbook_playbook37.asl"": 458, ""playbook_playbook38.asl"": 458, ""playbook_playbook39.asl"": 458, ""playbook_playbook4.asl"": 458, ""playbook_playbook40.asl"": 458, ""playbook_playbook41.asl"": 458, ""playbook_playbook42.asl"": 458, ""playbook_playbook43.asl"": 458, ""playbook_playbook44.asl"": 458, ""playbook_playbook45.asl"": 458, ""playbook_playbook46.asl"": 458, ""playbook_playbook47.asl"": 458, ""playbook_playbook48.asl"": 458, ""playbook_playbook49.asl"": 458, ""playbook_playbook5.asl"": 458, ""playbook_playbook6.asl"": 458, ""playbook_playbook7.asl"": 458, ""playbook_playbook8.asl"": 458, ""playbook_playbook9.asl"": 458, ""director_mainplot.asl"": 149, ""role_mainplot_role0.asl"": 34, ""role_mainplot_role1.asl"": 34}",1.5219566791757193,0.7874353830011387,0.0008655879992147675,29.602370262145996,True,48,0
grid_playbook_logic,121,Linux 7.2.3-arch1-2,x86_64,24,30.44,3.14.7,10,10,5,50,50,1,2,2,2,0,0,42,15189,287861,53,23117,"{""playbook_playbook0.asl"": 458, ""playbook_playbook1.asl"": 458, ""playbook_playbook10.asl"": 458, ""playbook_playbook11.asl"": 458, ""playbook_playbook12.asl"": 458, ""playbook_playbook13.asl"": 458, ""playbook_playbook14.asl"": 458, ""playbook_playbook15.asl"": 458, ""playbook_playbook16.asl"": 458, ""playbook_playbook17.asl"": 458, ""playbook_playbook18.asl"": 458, ""playbook_playbook19.asl"": 458, ""playbook_playbook2.asl"": 458, ""playbook_playbook20.asl"": 458, ""playbook_playbook21.asl"": 458, ""playbook_playbook22.asl"": 458, ""playbook_playbook23.asl"": 458, ""playbook_playbook24.asl"": 458, ""playbook_playbook25.asl"": 458, ""playbook_playbook26.asl"": 458, ""playbook_playbook27.asl"": 458, ""playbook_playbook28.asl"": 458, ""playbook_playbook29.asl"": 458, ""playbook_playbook3.asl"": 458, ""playbook_playbook30.asl"": 458, ""playbook_playbook31.asl"": 458, ""playbook_playbook32.asl"": 458, ""playbook_playbook33.asl"": 458, ""playbook_playbook34.asl"": 458, ""playbook_playbook35.asl"": 458, ""playbook_playbook36.asl"": 458, ""playbook_playbook37.asl"": 458, ""playbook_playbook38.asl"": 458, ""playbook_playbook39.asl"": 458, ""playbook_playbook4.asl"": 458, ""playbook_playbook40.asl"": 458, ""playbook_playbook41.asl"": 458, ""playbook_playbook42.asl"": 458, ""playbook_playbook43.asl"": 458, ""playbook_playbook44.asl"": 458, ""playbook_playbook45.asl"": 458, ""playbook_playbook46.asl"": 458, ""playbook_playbook47.asl"": 458, ""playbook_playbook48.asl"": 458, ""playbook_playbook49.asl"": 458, ""playbook_playbook5.asl"": 458, ""playbook_playbook6.asl"": 458, ""playbook_playbook7.asl"": 458, ""playbook_playbook8.asl"": 458, ""playbook_playbook9.asl"": 458, ""director_mainplot.asl"": 149, ""role_mainplot_role0.asl"": 34, ""role_mainplot_role1.asl"": 34}",1.5219566791757193,0.7539001660006761,0.0008620890002930537,29.601584434509277,True,48,0
grid_playbook_logic,122,Linux 7.2.3-arch1-2,x86_64,24,30.44,3.14.7,10,10,5,50,50,1,2,2,2,0,0,42,15189,287861,53,23117,"{""playbook_playbook0.asl"": 458, ""playbook_playbook1.asl"": 458, ""playbook_playbook10.asl"": 458, ""playbook_playbook11.asl"": 458, ""playbook_playbook12.asl"": 458, ""playbook_playbook13.asl"": 458, ""playbook_playbook14.asl"": 458, ""playbook_playbook15.asl"": 458, ""playbook_playbook16.asl"": 458, ""playbook_playbook17.asl"": 458, ""playbook_playbook18.asl"": 458, ""playbook_playbook19.asl"": 458, ""playbook_playbook2.asl"": 458, ""playbook_playbook20.asl"": 458, ""playbook_playbook21.asl"": 458, ""playbook_playbook22.asl"": 458, ""playbook_playbook23.asl"": 458, ""playbook_playbook24.asl"": 458, ""playbook_playbook25.asl"": 458, ""playbook_playbook26.asl"": 458, ""playbook_playbook27.asl"": 458, ""playbook_playbook28.asl"": 458, ""playbook_playbook29.asl"": 458, ""playbook_playbook3.asl"": 458, ""playbook_playbook30.asl"": 458, ""playbook_playbook31.asl"": 458, ""playbook_playbook32.asl"": 458, ""playbook_playbook33.asl"": 458, ""playbook_playbook34.asl"": 458, ""playbook_playbook35.asl"": 458, ""playbook_playbook36.asl"": 458, ""playbook_playbook37.asl"": 458, ""playbook_playbook38.asl"": 458, ""playbook_playbook39.asl"": 458, ""playbook_playbook4.asl"": 458, ""playbook_playbook40.asl"": 458, ""playbook_playbook41.asl"": 458, ""playbook_playbook42.asl"": 458, ""playbook_playbook43.asl"": 458, ""playbook_playbook44.asl"": 458, ""playbook_playbook45.asl"": 458, ""playbook_playbook46.asl"": 458, ""playbook_playbook47.asl"": 458, ""playbook_playbook48.asl"": 458, ""playbook_playbook49.asl"": 458, ""playbook_playbook5.asl"": 458, ""playbook_playbook6.asl"": 458, ""playbook_playbook7.asl"": 458, ""playbook_playbook8.asl"": 458, ""playbook_playbook9.asl"": 458, ""director_mainplot.asl"": 149, ""role_mainplot_role0.asl"": 34, ""role_mainplot_role1.asl"": 34}",1.5219566791757193,0.8348300150009891,0.0008562090006307699,29.60324764251709,True,48,0
grid_playbook_logic,123,Linux 7.2.3-arch1-2,x86_64,24,30.44,3.14.7,10,10,5,50,50,1,2,2,2,0,0,42,15189,287861,53,23117,"{""playbook_playbook0.asl"": 458, ""playbook_playbook1.asl"": 458, ""playbook_playbook10.asl"": 458, ""playbook_playbook11.asl"": 458, ""playbook_playbook12.asl"": 458, ""playbook_playbook13.asl"": 458, ""playbook_playbook14.asl"": 458, ""playbook_playbook15.asl"": 458, ""playbook_playbook16.asl"": 458, ""playbook_playbook17.asl"": 458, ""playbook_playbook18.asl"": 458, ""playbook_playbook19.asl"": 458, ""playbook_playbook2.asl"": 458, ""playbook_playbook20.asl"": 458, ""playbook_playbook21.asl"": 458, ""playbook_playbook22.asl"": 458, ""playbook_playbook23.asl"": 458, ""playbook_playbook24.asl"": 458, ""playbook_playbook25.asl"": 458, ""playbook_playbook26.asl"": 458, ""playbook_playbook27.asl"": 458, ""playbook_playbook28.asl"": 458, ""playbook_playbook29.asl"": 458, ""playbook_playbook3.asl"": 458, ""playbook_playbook30.asl"": 458, ""playbook_playbook31.asl"": 458, ""playbook_playbook32.asl"": 458, ""playbook_playbook33.asl"": 458, ""playbook_playbook34.asl"": 458, ""playbook_playbook35.asl"": 458, ""playbook_playbook36.asl"": 458, ""playbook_playbook37.asl"": 458, ""playbook_playbook38.asl"": 458, ""playbook_playbook39.asl"": 458, ""playbook_playbook4.asl"": 458, ""playbook_playbook40.asl"": 458, ""playbook_playbook41.asl"": 458, ""playbook_playbook42.asl"": 458, ""playbook_playbook43.asl"": 458, ""playbook_playbook44.asl"": 458, ""playbook_playbook45.asl"": 458, ""playbook_playbook46.asl"": 458, ""playbook_playbook47.asl"": 458, ""playbook_playbook48.asl"": 458, ""playbook_playbook49.asl"": 458, ""playbook_playbook5.asl"": 458, ""playbook_playbook6.asl"": 458, ""playbook_playbook7.asl"": 458, ""playbook_playbook8.asl"": 458, ""playbook_playbook9.asl"": 458, ""director_mainplot.asl"": 149, ""role_mainplot_role0.asl"": 34, ""role_mainplot_role1.asl"": 34}",1.5219566791757193,0.7993986399997084,0.0008693380004842766,29.602286338806152,True,48,0
grid_playbook_logic,124,Linux 7.2.3-arch1-2,x86_64,24,30.44,3.14.7,10,10,5,50,50,1,2,2,2,0,0,42,15189,287861,53,23117,"{""playbook_playbook0.asl"": 458, ""playbook_playbook1.asl"": 458, ""playbook_playbook10.asl"": 458, ""playbook_playbook11.asl"": 458, ""playbook_playbook12.asl"": 458, ""playbook_playbook13.asl"": 458, ""playbook_playbook14.asl"": 458, ""playbook_playbook15.asl"": 458, ""playbook_playbook16.asl"": 458, ""playbook_playbook17.asl"": 458, ""playbook_playbook18.asl"": 458, ""playbook_playbook19.asl"": 458, ""playbook_playbook2.asl"": 458, ""playbook_playbook20.asl"": 458, ""playbook_playbook21.asl"": 458, ""playbook_playbook22.asl"": 458, ""playbook_playbook23.asl"": 458, ""playbook_playbook24.asl"": 458, ""playbook_playbook25.asl"": 458, ""playbook_playbook26.asl"": 458, ""playbook_playbook27.asl"": 458, ""playbook_playbook28.asl"": 458, ""playbook_playbook29.asl"": 458, ""playbook_playbook3.asl"": 458, ""playbook_playbook30.asl"": 458, ""playbook_playbook31.asl"": 458, ""playbook_playbook32.asl"": 458, ""playbook_playbook33.asl"": 458, ""playbook_playbook34.asl"": 458, ""playbook_playbook35.asl"": 458, ""playbook_playbook36.asl"": 458, ""playbook_playbook37.asl"": 458, ""playbook_playbook38.asl"": 458, ""playbook_playbook39.asl"": 458, ""playbook_playbook4.asl"": 458, ""playbook_playbook40.asl"": 458, ""playbook_playbook41.asl"": 458, ""playbook_playbook42.asl"": 458, ""playbook_playbook43.asl"": 458, ""playbook_playbook44.asl"": 458, ""playbook_playbook45.asl"": 458, ""playbook_playbook46.asl"": 458, ""playbook_playbook47.asl"": 458, ""playbook_playbook48.asl"": 458, ""playbook_playbook49.asl"": 458, ""playbook_playbook5.asl"": 458, ""playbook_playbook6.asl"": 458, ""playbook_playbook7.asl"": 458, ""playbook_playbook8.asl"": 458, ""playbook_playbook9.asl"": 458, ""director_mainplot.asl"": 149, ""role_mainplot_role0.asl"": 34, ""role_mainplot_role1.asl"": 34}",1.5219566791757193,0.7664979119999771,0.0008802680004009744,29.601584434509277,True,48,0
