experiment,run_id,sys_os,sys_cpu,sys_cores,sys_ram_gb,sys_python,n_actions,n_events,n_facts,n_playbooks,n_plans_per_playbook,n_branches_per_plan,n_stmts_per_branch,n_roles,n_phases,n_subplot_breadth,n_subplot_depth,seed,input_loc,input_bytes,output_files,output_loc_total,output_loc_per_file,loc_ratio,compile_time_s,io_time_s,peak_ram_mb,success,warning_count,error_count
grid_roles_playbooks,0,Linux 7.2.3-arch1-2,x86_64,24,30.44,3.14.7,10,10,5,1,2,1,2,1,2,0,0,42,96,1782,3,203,"{""playbook_playbook0.asl"": 26, ""director_mainplot.asl"": 143, ""role_mainplot_role0.asl"": 34}",2.1145833333333335,0.0031962240009306697,6.679000034637284e-05,0.09146308898925781,True,16,0
grid_roles_playbooks,1,Linux 7.2.3-arch1-2,x86_64,24,30.44,3.14.7,10,10,5,1,2,1,2,1,2,0,0,42,96,1782,3,203,"{""playbook_playbook0.asl"": 26, ""director_mainplot.asl"": 143, ""role_mainplot_role0.asl"": 34}",2.1145833333333335,0.0028833449996454874,6.398000004992355e-05,0.09135627746582031,True,16,0
grid_roles_playbooks,2,Linux 7.2.3-arch1-2,x86_64,24,30.44,3.14.7,10,10,5,1,2,1,2,1,2,0,0,42,96,1782,3,203,"{""playbook_playbook0.asl"": 26, ""director_mainplot.asl"": 143, ""role_mainplot_role0.asl"": 34}",2.1145833333333335,0.003013364999787882,6.716999996569939e-05,0.09135627746582031,True,16,0
grid_roles_playbooks,3,Linux 7.2.3-arch1-2,x86_64,24,30.44,3.14.7,10,10,5,1,2,1,2,1,2,0,0,42,96,1782,3,203,"{""playbook_playbook0.asl"": 26, ""director_mainplot.asl"": 143, ""role_mainplot_role0.asl"": 34}",2.1145833333333335,0.002849975000572158,6.434900024032686e-05,0.09135627746582031,True,16,0
grid_roles_playbooks,4,Linux 7.2.3-arch1-2,x86_64,24,30.44,3.14.7,10,10,5,1,2,1,2,1,2,0,0,42,96,1782,3,203,"{""playbook_playbook0.asl"": 26, ""director_mainplot.asl"": 143, ""role_mainplot_role0.asl"": 34}",2.1145833333333335,0.0031019550006021746,6.468999890785199e-05,0.09135627746582031,True,16,0
grid_roles_playbooks,5,Linux 7.2.3-arch1-2,x86_64,24,30.44,3.14.7,10,10,5,1,2,1,2,2,2,0,0,42,103,2018,4,243,"{""playbook_playbook0.asl"": 26, ""director_mainplot.asl"": 149, ""role_mainplot_role0.asl"": 34, ""role_mainplot_role1.asl"": 34}",2.3592233009708736,0.0032462449999002274,7.951899897307158e-05,0.10370254516601562,True,16,0
grid_roles_playbooks,6,Linux 7.2.3-arch1-2,x86_64,24,30.44,3.14.7,10,10,5,1,2,1,2,2,2,0,0,42,103,2018,4,243,"{""playbook_playbook0.asl"": 26, ""director_mainplot.asl"": 149, ""role_mainplot_role0.asl"": 34, ""role_mainplot_role1.asl"": 34}",2.3592233009708736,0.003350413999214652,7.912000000942498e-05,0.10370254516601562,True,16,0
grid_roles_playbooks,7,Linux 7.2.3-arch1-2,x86_64,24,30.44,3.14.7,10,10,5,1,2,1,2,2,2,0,0,42,103,2018,4,243,"{""playbook_playbook0.asl"": 26, ""director_mainplot.asl"": 149, ""role_mainplot_role0.asl"": 34, ""role_mainplot_role1.asl"": 34}",2.3592233009708736,0.003250234000006458,7.803000153216999e-05,0.10370254516601562,True,16,0
grid_roles_playbooks,8,Linux 7.2.3-arch1-2,x86_64,24,30.44,3.14.7,10,10,5,1,2,1,2,2,2,0,0,42,103,2018,4,243,"{""playbook_playbook0.asl"": 26, ""director_mainplot.asl"": 149, ""role_mainplot_role0.asl"": 34, ""role_mainplot_role1.asl"": 34}",2.3592233009708736,0.003326164000100107,7.998999899427872e-05,0.10370254516601562,True,16,0
grid_roles_playbooks,9,Linux 7.2.3-arch1-2,x86_64,24,30.44,3.14.7,10,10,5,1,2,1,2,2,2,0,0,42,103,2018,4,243,"{""playbook_playbook0.asl"": 26, ""director_mainplot.asl"": 149, ""role_mainplot_role0.asl"": 34, ""role_mainplot_role1.asl"": 34}",2.3592233009708736,0.0031566640009259572,7.61600003897911e-05,0.10370254516601562,True,16,0
grid_roles_playbooks,10,Linux 7.2.3-arch1-2,x86_64,24,30.44,3.14.7,10,10,5,1,2,1,2,5,2,0,0,42,124,2726,7,363,"{""playbook_playbook0.asl"": 26, ""director_mainplot.asl"": 167, ""role_mainplot_role0.asl"": 34, ""role_mainplot_role1.asl"": 34, ""role_mainplot_role2.asl"": 34, ""role_mainplot_role3.asl"": 34, ""role_mainplot_role4.asl"": 34}",2.9274193548387095,0.004391132000819198,0.00011959999937971588,0.14078712463378906,True,15,0
grid_roles_playbooks,11,Linux 7.2.3-arch1-2,x86_64,24,30.44,3.14.7,10,10,5,1,2,1,2,5,2,0,0,42,124,2726,7,363,"{""playbook_playbook0.asl"": 26, ""director_mainplot.asl"": 167, ""role_mainplot_role0.asl"": 34, ""role_mainplot_role1.asl"": 34, ""role_mainplot_role2.asl"": 34, ""role_mainplot_role3.asl"": 34, ""role_mainplot_role4.asl"": 34}",2.9274193548387095,0.004243081999447895,0.00011301000085950363,0.14081764221191406,True,15,0
grid_roles_playbooks,12,Linux 7.2.3-arch1-2,x86_64,24,30.44,3.14.7,10,10,5,1,2,1,2,5,2,0,0,42,124,2726,7,363,"{""playbook_playbook0.asl"": 26, ""director_mainplot.asl"": 167, ""role_mainplot_role0.asl"": 34, ""role_mainplot_role1.asl"": 34, ""role_mainplot_role2.asl"": 34, ""role_mainplot_role3.asl"": 34, ""role_mainplot_role4.asl"": 34}",2.9274193548387095,0.00434849200064491,0.00011608000022533815,0.14081764221191406,True,15,0
grid_roles_playbooks,13,Linux 7.2.3-arch1-2,x86_64,24,30.44,3.14.7,10,10,5,1,2,1,2,5,2,0,0,42,124,2726,7,363,"{""playbook_playbook0.asl"": 26, ""director_mainplot.asl"": 167, ""role_mainplot_role0.asl"": 34, ""role_mainplot_role1.asl"": 34, ""role_mainplot_role2.asl"": 34, ""role_mainplot_role3.asl"": 34, ""role_mainplot_role4.asl"": 34}",2.9274193548387095,0.004377352001029067,0.00011621000157902017,0.14081764221191406,True,15,0
grid_roles_playbooks,14,Linux 7.2.3-arch1-2,x86_64,24,30.44,3.14.7,10,10,5,1,2,1,2,5,2,0,0,42,124,2726,7,363,"{""playbook_playbook0.asl"": 26, ""director_mainplot.asl"": 167, ""role_mainplot_role0.asl"": 34, ""role_mainplot_role1.asl"": 34, ""role_mainplot_role2.asl"": 34, ""role_mainplot_role3.asl"": 34, ""role_mainplot_role4.asl"": 34}",2.9274193548387095,0.00422152300052403,0.00012052999954903498,0.14081764221191406,True,15,0
grid_roles_playbooks,15,Linux 7.2.3-arch1-2,x86_64,24,30.44,3.14.7,10,10,5,1,2,1,2,10,2,0,0,42,159,3907,12,563,"{""playbook_playbook0.asl"": 26, ""director_mainplot.asl"": 197, ""role_mainplot_role0.asl"": 34, ""role_mainplot_role1.asl"": 34, ""role_mainplot_role2.asl"": 34, ""role_mainplot_role3.asl"": 34, ""role_mainplot_role4.asl"": 34, ""role_mainplot_role5.asl"": 34, ""role_mainplot_role6.asl"": 34, ""role_mainplot_role7.asl"": 34, ""role_mainplot_role8.asl"": 34, ""role_mainplot_role9.asl"": 34}",3.540880503144654,0.006051379999917117,0.00017683899932308123,0.20171070098876953,True,10,0
grid_roles_playbooks,16,Linux 7.2.3-arch1-2,x86_64,24,30.44,3.14.7,10,10,5,1,2,1,2,10,2,0,0,42,159,3907,12,563,"{""playbook_playbook0.asl"": 26, ""director_mainplot.asl"": 197, ""role_mainplot_role0.asl"": 34, ""role_mainplot_role1.asl"": 34, ""role_mainplot_role2.asl"": 34, ""role_mainplot_role3.asl"": 34, ""role_mainplot_role4.asl"": 34, ""role_mainplot_role5.asl"": 34, ""role_mainplot_role6.asl"": 34, ""role_mainplot_role7.asl"": 34, ""role_mainplot_role8.asl"": 34, ""role_mainplot_role9.asl"": 34}",3.540880503144654,0.0060336799997458,0.00017413000023225322,0.20171070098876953,True,10,0
grid_roles_playbooks,17,Linux 7.2.3-arch1-2,x86_64,24,30.44,3.14.7,10,10,5,1,2,1,2,10,2,0,0,42,159,3907,12,563,"{""playbook_playbook0.asl"": 26, ""director_mainplot.asl"": 197, ""role_mainplot_role0.asl"": 34, ""role_mainplot_role1.asl"": 34, ""role_mainplot_role2.asl"": 34, ""role_mainplot_role3.asl"": 34, ""role_mainplot_role4.asl"": 34, ""role_mainplot_role5.asl"": 34, ""role_mainplot_role6.asl"": 34, ""role_mainplot_role7.asl"": 34, ""role_mainplot_role8.asl"": 34, ""role_mainplot_role9.asl"": 34}",3.540880503144654,0.0060742189998563845,0.0001760199993441347,0.20171070098876953,True,10,0
grid_roles_playbooks,18,Linux 7.2.3-arch1-2,x86_64,24,30.44,3.14.7,10,10,5,1,2,1,2,10,2,0,0,42,159,3907,12,563,"{""playbook_playbook0.asl"": 26, ""director_mainplot.asl"": 197, ""role_mainplot_role0.asl"": 34, ""role_mainplot_role1.asl"": 34, ""role_mainplot_role2.asl"": 34, ""role_mainplot_role3.asl"": 34, ""role_mainplot_role4.asl"": 34, ""role_mainplot_role5.asl"": 34, ""role_mainplot_role6.asl"": 34, ""role_mainplot_role7.asl"": 34, ""role_mainplot_role8.asl"": 34, ""role_mainplot_role9.asl"": 34}",3.540880503144654,0.006074128999898676,0.00017547000061313156,0.20171070098876953,True,10,0
grid_roles_playbooks,19,Linux 7.2.3-arch1-2,x86_64,24,30.44,3.14.7,10,10,5,1,2,1,2,10,2,0,0,42,159,3907,12,563,"{""playbook_playbook0.asl"": 26, ""director_mainplot.asl"": 197, ""role_mainplot_role0.asl"": 34, ""role_mainplot_role1.asl"": 34, ""role_mainplot_role2.asl"": 34, ""role_mainplot_role3.asl"": 34, ""role_mainplot_role4.asl"": 34, ""role_mainplot_role5.asl"": 34, ""role_mainplot_role6.asl"": 34, ""role_mainplot_role7.asl"": 34, ""role_mainplot_role8.asl"": 34, ""role_mainplot_role9.asl"": 34}",3.540880503144654,0.006085910001274897,0.00017604899949219543,0.20171070098876953,True,10,0
grid_roles_playbooks,20,Linux 7.2.3-arch1-2,x86_64,24,30.44,3.14.7,10,10,5,1,2,1,2,20,2,0,0,42,229,6317,22,963,"{""playbook_playbook0.asl"": 26, ""director_mainplot.asl"": 257, ""role_mainplot_role0.asl"": 34, ""role_mainplot_role1.asl"": 34, ""role_mainplot_role2.asl"": 34, ""role_mainplot_role3.asl"": 34, ""role_mainplot_role4.asl"": 34, ""role_mainplot_role5.asl"": 34, ""role_mainplot_role6.asl"": 34, ""role_mainplot_role7.asl"": 34, ""role_mainplot_role8.asl"": 34, ""role_mainplot_role9.asl"": 34, ""role_mainplot_role10.asl"": 34, ""role_mainplot_role11.asl"": 34, ""role_mainplot_role12.asl"": 34, ""role_mainplot_role13.asl"": 34, ""role_mainplot_role14.asl"": 34, ""role_mainplot_role15.asl"": 34, ""role_mainplot_role16.asl"": 34, ""role_mainplot_role17.asl"": 34, ""role_mainplot_role18.asl"": 34, ""role_mainplot_role19.asl"": 34}",4.205240174672489,0.009511373000350432,0.00030864899963489734,0.3216562271118164,True,10,0
grid_roles_playbooks,21,Linux 7.2.3-arch1-2,x86_64,24,30.44,3.14.7,10,10,5,1,2,1,2,20,2,0,0,42,229,6317,22,963,"{""playbook_playbook0.asl"": 26, ""director_mainplot.asl"": 257, ""role_mainplot_role0.asl"": 34, ""role_mainplot_role1.asl"": 34, ""role_mainplot_role2.asl"": 34, ""role_mainplot_role3.asl"": 34, ""role_mainplot_role4.asl"": 34, ""role_mainplot_role5.asl"": 34, ""role_mainplot_role6.asl"": 34, ""role_mainplot_role7.asl"": 34, ""role_mainplot_role8.asl"": 34, ""role_mainplot_role9.asl"": 34, ""role_mainplot_role10.asl"": 34, ""role_mainplot_role11.asl"": 34, ""role_mainplot_role12.asl"": 34, ""role_mainplot_role13.asl"": 34, ""role_mainplot_role14.asl"": 34, ""role_mainplot_role15.asl"": 34, ""role_mainplot_role16.asl"": 34, ""role_mainplot_role17.asl"": 34, ""role_mainplot_role18.asl"": 34, ""role_mainplot_role19.asl"": 34}",4.205240174672489,0.009573362998708035,0.0003052499996556435,0.3216562271118164,True,10,0
grid_roles_playbooks,22,Linux 7.2.3-arch1-2,x86_64,24,30.44,3.14.7,10,10,5,1,2,1,2,20,2,0,0,42,229,6317,22,963,"{""playbook_playbook0.asl"": 26, ""director_mainplot.asl"": 257, ""role_mainplot_role0.asl"": 34, ""role_mainplot_role1.asl"": 34, ""role_mainplot_role2.asl"": 34, ""role_mainplot_role3.asl"": 34, ""role_mainplot_role4.asl"": 34, ""role_mainplot_role5.asl"": 34, ""role_mainplot_role6.asl"": 34, ""role_mainplot_role7.asl"": 34, ""role_mainplot_role8.asl"": 34, ""role_mainplot_role9.asl"": 34, ""role_mainplot_role10.asl"": 34, ""role_mainplot_role11.asl"": 34, ""role_mainplot_role12.asl"": 34, ""role_mainplot_role13.asl"": 34, ""role_mainplot_role14.asl"": 34, ""role_mainplot_role15.asl"": 34, ""role_mainplot_role16.asl"": 34, ""role_mainplot_role17.asl"": 34, ""role_mainplot_role18.asl"": 34, ""role_mainplot_role19.asl"": 34}",4.205240174672489,0.009564572999806842,0.00029874999927415047,0.3216562271118164,True,10,0
grid_roles_playbooks,23,Linux 7.2.3-arch1-2,x86_64,24,30.44,3.14.7,10,10,5,1,2,1,2,20,2,0,0,42,229,6317,22,963,"{""playbook_playbook0.asl"": 26, ""director_mainplot.asl"": 257, ""role_mainplot_role0.asl"": 34, ""role_mainplot_role1.asl"": 34, ""role_mainplot_role2.asl"": 34, ""role_mainplot_role3.asl"": 34, ""role_mainplot_role4.asl"": 34, ""role_mainplot_role5.asl"": 34, ""role_mainplot_role6.asl"": 34, ""role_mainplot_role7.asl"": 34, ""role_mainplot_role8.asl"": 34, ""role_mainplot_role9.asl"": 34, ""role_mainplot_role10.asl"": 34, ""role_mainplot_role11.asl"": 34, ""role_mainplot_role12.asl"": 34, ""role_mainplot_role13.asl"": 34, ""role_mainplot_role14.asl"": 34, ""role_mainplot_role15.asl"": 34, ""role_mainplot_role16.asl"": 34, ""role_mainplot_role17.asl"": 34, ""role_mainplot_role18.asl"": 34, ""role_mainplot_role19.asl"": 34}",4.205240174672489,0.009626453000237234,0.0003022289984073723,0.3216562271118164,True,10,0
grid_roles_playbooks,24,Linux 7.2.3-arch1-2,x86_64,24,30.44,3.14.7,10,10,5,1,2,1,2,20,2,0,0,42,229,6317,22,963,"{""playbook_playbook0.asl"": 26, ""director_mainplot.asl"": 257, ""role_mainplot_role0.asl"": 34, ""role_mainplot_role1.asl"": 34, ""role_mainplot_role2.asl"": 34, ""role_mainplot_role3.asl"": 34, ""role_mainplot_role4.asl"": 34, ""role_mainplot_role5.asl"": 34, ""role_mainplot_role6.asl"": 34, ""role_mainplot_role7.asl"": 34, ""role_mainplot_role8.asl"": 34, ""role_mainplot_role9.asl"": 34, ""role_mainplot_role10.asl"": 34, ""role_mainplot_role11.asl"": 34, ""role_mainplot_role12.asl"": 34, ""role_mainplot_role13.asl"": 34, ""role_mainplot_role14.asl"": 34, ""role_mainplot_role15.asl"": 34, ""role_mainplot_role16.asl"": 34, ""role_mainplot_role17.asl"": 34, ""role_mainplot_role18.asl"": 34, ""role_mainplot_role19.asl"": 34}",4.205240174672489,0.009544272999846726,0.00029498899857571814,0.3216562271118164,True,10,0
grid_roles_playbooks,25,Linux 7.2.3-arch1-2,x86_64,24,30.44,3.14.7,10,10,5,1,2,1,2,50,2,0,0,42,439,13547,52,2163,"{""playbook_playbook0.asl"": 26, ""director_mainplot.asl"": 437, ""role_mainplot_role0.asl"": 34, ""role_mainplot_role1.asl"": 34, ""role_mainplot_role2.asl"": 34, ""role_mainplot_role3.asl"": 34, ""role_mainplot_role4.asl"": 34, ""role_mainplot_role5.asl"": 34, ""role_mainplot_role6.asl"": 34, ""role_mainplot_role7.asl"": 34, ""role_mainplot_role8.asl"": 34, ""role_mainplot_role9.asl"": 34, ""role_mainplot_role10.asl"": 34, ""role_mainplot_role11.asl"": 34, ""role_mainplot_role12.asl"": 34, ""role_mainplot_role13.asl"": 34, ""role_mainplot_role14.asl"": 34, ""role_mainplot_role15.asl"": 34, ""role_mainplot_role16.asl"": 34, ""role_mainplot_role17.asl"": 34, ""role_mainplot_role18.asl"": 34, ""role_mainplot_role19.asl"": 34, ""role_mainplot_role20.asl"": 34, ""role_mainplot_role21.asl"": 34, ""role_mainplot_role22.asl"": 34, ""role_mainplot_role23.asl"": 34, ""role_mainplot_role24.asl"": 34, ""role_mainplot_role25.asl"": 34, ""role_mainplot_role26.asl"": 34, ""role_mainplot_role27.asl"": 34, ""role_mainplot_role28.asl"": 34, ""role_mainplot_role29.asl"": 34, ""role_mainplot_role30.asl"": 34, ""role_mainplot_role31.asl"": 34, ""role_mainplot_role32.asl"": 34, ""role_mainplot_role33.asl"": 34, ""role_mainplot_role34.asl"": 34, ""role_mainplot_role35.asl"": 34, ""role_mainplot_role36.asl"": 34, ""role_mainplot_role37.asl"": 34, ""role_mainplot_role38.asl"": 34, ""role_mainplot_role39.asl"": 34, ""role_mainplot_role40.asl"": 34, ""role_mainplot_role41.asl"": 34, ""role_mainplot_role42.asl"": 34, ""role_mainplot_role43.asl"": 34, ""role_mainplot_role44.asl"": 34, ""role_mainplot_role45.asl"": 34, ""role_mainplot_role46.asl"": 34, ""role_mainplot_role47.asl"": 34, ""role_mainplot_role48.asl"": 34, ""role_mainplot_role49.asl"": 34}",4.927107061503417,0.02022996400046395,0.0006747690003976459,0.687748908996582,True,10,0
grid_roles_playbooks,26,Linux 7.2.3-arch1-2,x86_64,24,30.44,3.14.7,10,10,5,1,2,1,2,50,2,0,0,42,439,13547,52,2163,"{""playbook_playbook0.asl"": 26, ""director_mainplot.asl"": 437, ""role_mainplot_role0.asl"": 34, ""role_mainplot_role1.asl"": 34, ""role_mainplot_role2.asl"": 34, ""role_mainplot_role3.asl"": 34, ""role_mainplot_role4.asl"": 34, ""role_mainplot_role5.asl"": 34, ""role_mainplot_role6.asl"": 34, ""role_mainplot_role7.asl"": 34, ""role_mainplot_role8.asl"": 34, ""role_mainplot_role9.asl"": 34, ""role_mainplot_role10.asl"": 34, ""role_mainplot_role11.asl"": 34, ""role_mainplot_role12.asl"": 34, ""role_mainplot_role13.asl"": 34, ""role_mainplot_role14.asl"": 34, ""role_mainplot_role15.asl"": 34, ""role_mainplot_role16.asl"": 34, ""role_mainplot_role17.asl"": 34, ""role_mainplot_role18.asl"": 34, ""role_mainplot_role19.asl"": 34, ""role_mainplot_role20.asl"": 34, ""role_mainplot_role21.asl"": 34, ""role_mainplot_role22.asl"": 34, ""role_mainplot_role23.asl"": 34, ""role_mainplot_role24.asl"": 34, ""role_mainplot_role25.asl"": 34, ""role_mainplot_role26.asl"": 34, ""role_mainplot_role27.asl"": 34, ""role_mainplot_role28.asl"": 34, ""role_mainplot_role29.asl"": 34, ""role_mainplot_role30.asl"": 34, ""role_mainplot_role31.asl"": 34, ""role_mainplot_role32.asl"": 34, ""role_mainplot_role33.asl"": 34, ""role_mainplot_role34.asl"": 34, ""role_mainplot_role35.asl"": 34, ""role_mainplot_role36.asl"": 34, ""role_mainplot_role37.asl"": 34, ""role_mainplot_role38.asl"": 34, ""role_mainplot_role39.asl"": 34, ""role_mainplot_role40.asl"": 34, ""role_mainplot_role41.asl"": 34, ""role_mainplot_role42.asl"": 34, ""role_mainplot_role43.asl"": 34, ""role_mainplot_role44.asl"": 34, ""role_mainplot_role45.asl"": 34, ""role_mainplot_role46.asl"": 34, ""role_mainplot_role47.asl"": 34, ""role_mainplot_role48.asl"": 34, ""role_mainplot_role49.asl"": 34}",4.927107061503417,0.020037945001604385,0.000671658999635838,0.687718391418457,True,10,0
grid_roles_playbooks,27,Linux 7.2.3-arch1-2,x86_64,24,30.44,3.14.7,10,10,5,1,2,1,2,50,2,0,0,42,439,13547,52,2163,"{""playbook_playbook0.asl"": 26, ""director_mainplot.asl"": 437, ""role_mainplot_role0.asl"": 34, ""role_mainplot_role1.asl"": 34, ""role_mainplot_role2.asl"": 34, ""role_mainplot_role3.asl"": 34, ""role_mainplot_role4.asl"": 34, ""role_mainplot_role5.asl"": 34, ""role_mainplot_role6.asl"": 34, ""role_mainplot_role7.asl"": 34, ""role_mainplot_role8.asl"": 34, ""role_mainplot_role9.asl"": 34, ""role_mainplot_role10.asl"": 34, ""role_mainplot_role11.asl"": 34, ""role_mainplot_role12.asl"": 34, ""role_mainplot_role13.asl"": 34, ""role_mainplot_role14.asl"": 34, ""role_mainplot_role15.asl"": 34, ""role_mainplot_role16.asl"": 34, ""role_mainplot_role17.asl"": 34, ""role_mainplot_role18.asl"": 34, ""role_mainplot_role19.asl"": 34, ""role_mainplot_role20.asl"": 34, ""role_mainplot_role21.asl"": 34, ""role_mainplot_role22.asl"": 34, ""role_mainplot_role23.asl"": 34, ""role_mainplot_role24.asl"": 34, ""role_mainplot_role25.asl"": 34, ""role_mainplot_role26.asl"": 34, ""role_mainplot_role27.asl"": 34, ""role_mainplot_role28.asl"": 34, ""role_mainplot_role29.asl"": 34, ""role_mainplot_role30.asl"": 34, ""role_mainplot_role31.asl"": 34, ""role_mainplot_role32.asl"": 34, ""role_mainplot_role33.asl"": 34, ""role_mainplot_role34.asl"": 34, ""role_mainplot_role35.asl"": 34, ""role_mainplot_role36.asl"": 34, ""role_mainplot_role37.asl"": 34, ""role_mainplot_role38.asl"": 34, ""role_mainplot_role39.asl"": 34, ""role_mainplot_role40.asl"": 34, ""role_mainplot_role41.asl"": 34, ""role_mainplot_role42.asl"": 34, ""role_mainplot_role43.asl"": 34, ""role_mainplot_role44.asl"": 34, ""role_mainplot_role45.asl"": 34, ""role_mainplot_role46.asl"": 34, ""role_mainplot_role47.asl"": 34, ""role_mainplot_role48.asl"": 34, ""role_mainplot_role49.asl"": 34}",4.927107061503417,0.02008064499932516,0.0006730380009685177,0.687718391418457,True,10,0
grid_roles_playbooks,28,Linux 7.2.3-arch1-2,x86_64,24,30.44,3.14.7,10,10,5,1,2,1,2,50,2,0,0,42,439,13547,52,2163,"{""playbook_playbook0.asl"": 26, ""director_mainplot.asl"": 437, ""role_mainplot_role0.asl"": 34, ""role_mainplot_role1.asl"": 34, ""role_mainplot_role2.asl"": 34, ""role_mainplot_role3.asl"": 34, ""role_mainplot_role4.asl"": 34, ""role_mainplot_role5.asl"": 34, ""role_mainplot_role6.asl"": 34, ""role_mainplot_role7.asl"": 34, ""role_mainplot_role8.asl"": 34, ""role_mainplot_role9.asl"": 34, ""role_mainplot_role10.asl"": 34, ""role_mainplot_role11.asl"": 34, ""role_mainplot_role12.asl"": 34, ""role_mainplot_role13.asl"": 34, ""role_mainplot_role14.asl"": 34, ""role_mainplot_role15.asl"": 34, ""role_mainplot_role16.asl"": 34, ""role_mainplot_role17.asl"": 34, ""role_mainplot_role18.asl"": 34, ""role_mainplot_role19.asl"": 34, ""role_mainplot_role20.asl"": 34, ""role_mainplot_role21.asl"": 34, ""role_mainplot_role22.asl"": 34, ""role_mainplot_role23.asl"": 34, ""role_mainplot_role24.asl"": 34, ""role_mainplot_role25.asl"": 34, ""role_mainplot_role26.asl"": 34, ""role_mainplot_role27.asl"": 34, ""role_mainplot_role28.asl"": 34, ""role_mainplot_role29.asl"": 34, ""role_mainplot_role30.asl"": 34, ""role_mainplot_role31.asl"": 34, ""role_mainplot_role32.asl"": 34, ""role_mainplot_role33.asl"": 34, ""role_mainplot_role34.asl"": 34, ""role_mainplot_role35.asl"": 34, ""role_mainplot_role36.asl"": 34, ""role_mainplot_role37.asl"": 34, ""role_mainplot_role38.asl"": 34, ""role_mainplot_role39.asl"": 34, ""role_mainplot_role40.asl"": 34, ""role_mainplot_role41.asl"": 34, ""role_mainplot_role42.asl"": 34, ""role_mainplot_role43.asl"": 34, ""role_mainplot_role44.asl"": 34, ""role_mainplot_role45.asl"": 34, ""role_mainplot_role46.asl"": 34, ""role_mainplot_role47.asl"": 34, ""role_mainplot_role48.asl"": 34, ""role_mainplot_role49.asl"": 34}",4.927107061503417,0.02005113499944855,0.0006711290006933268,0.687718391418457,True,10,0
grid_roles_playbooks,29,Linux 7.2.3-arch1-2,x86_64,24,30.44,3.14.7,10,10,5,1,2,1,2,50,2,0,0,42,439,13547,52,2163,"{""playbook_playbook0.asl"": 26, ""director_mainplot.asl"": 437, ""role_mainplot_role0.asl"": 34, ""role_mainplot_role1.asl"": 34, ""role_mainplot_role2.asl"": 34, ""role_mainplot_role3.asl"": 34, ""role_mainplot_role4.asl"": 34, ""role_mainplot_role5.asl"": 34, ""role_mainplot_role6.asl"": 34, ""role_mainplot_role7.asl"": 34, ""role_mainplot_role8.asl"": 34, ""role_mainplot_role9.asl"": 34, ""role_mainplot_role10.asl"": 34, ""role_mainplot_role11.asl"": 34, ""role_mainplot_role12.asl"": 34, ""role_mainplot_role13.asl"": 34, ""role_mainplot_role14.asl"": 34, ""role_mainplot_role15.asl"": 34, ""role_mainplot_role16.asl"": 34, ""role_mainplot_role17.asl"": 34, ""role_mainplot_role18.asl"": 34, ""role_mainplot_role19.asl"": 34, ""role_mainplot_role20.asl"": 34, ""role_mainplot_role21.asl"": 34, ""role_mainplot_role22.asl"": 34, ""role_mainplot_role23.asl"": 34, ""role_mainplot_role24.asl"": 34, ""role_mainplot_role25.asl"": 34, ""role_mainplot_role26.asl"": 34, ""role_mainplot_role27.asl"": 34, ""role_mainplot_role28.asl"": 34, ""role_mainplot_role29.asl"": 34, ""role_mainplot_role30.asl"": 34, ""role_mainplot_role31.asl"": 34, ""role_mainplot_role32.asl"": 34, ""role_mainplot_role33.asl"": 34, ""role_mainplot_role34.asl"": 34, ""role_mainplot_role35.asl"": 34, ""role_mainplot_role36.asl"": 34, ""role_mainplot_role37.asl"": 34, ""role_mainplot_role38.asl"": 34, ""role_mainplot_role39.asl"": 34, ""role_mainplot_role40.asl"": 34, ""role_mainplot_role41.asl"": 34, ""role_mainplot_role42.asl"": 34, ""role_mainplot_role43.asl"": 34, ""role_mainplot_role44.asl"": 34, ""role_mainplot_role45.asl"": 34, ""role_mainplot_role46.asl"": 34, ""role_mainplot_role47.asl"": 34, ""role_mainplot_role48.asl"": 34, ""role_mainplot_role49.asl"": 34}",4.927107061503417,0.01974236500063853,0.0006713489983667387,0.687718391418457,True,10,0
grid_roles_playbooks,30,Linux 7.2.3-arch1-2,x86_64,24,30.44,3.14.7,10,10,5,1,2,1,2,100,2,0,0,42,789,25598,102,4163,"{""playbook_playbook0.asl"": 26, ""director_mainplot.asl"": 737, ""role_mainplot_role0.asl"": 34, ""role_mainplot_role1.asl"": 34, ""role_mainplot_role2.asl"": 34, ""role_mainplot_role3.asl"": 34, ""role_mainplot_role4.asl"": 34, ""role_mainplot_role5.asl"": 34, ""role_mainplot_role6.asl"": 34, ""role_mainplot_role7.asl"": 34, ""role_mainplot_role8.asl"": 34, ""role_mainplot_role9.asl"": 34, ""role_mainplot_role10.asl"": 34, ""role_mainplot_role11.asl"": 34, ""role_mainplot_role12.asl"": 34, ""role_mainplot_role13.asl"": 34, ""role_mainplot_role14.asl"": 34, ""role_mainplot_role15.asl"": 34, ""role_mainplot_role16.asl"": 34, ""role_mainplot_role17.asl"": 34, ""role_mainplot_role18.asl"": 34, ""role_mainplot_role19.asl"": 34, ""role_mainplot_role20.asl"": 34, ""role_mainplot_role21.asl"": 34, ""role_mainplot_role22.asl"": 34, ""role_mainplot_role23.asl"": 34, ""role_mainplot_role24.asl"": 34, ""role_mainplot_role25.asl"": 34, ""role_mainplot_role26.asl"": 34, ""role_mainplot_role27.asl"": 34, ""role_mainplot_role28.asl"": 34, ""role_mainplot_role29.asl"": 34, ""role_mainplot_role30.asl"": 34, ""role_mainplot_role31.asl"": 34, ""role_mainplot_role32.asl"": 34, ""role_mainplot_role33.asl"": 34, ""role_mainplot_role34.asl"": 34, ""role_mainplot_role35.asl"": 34, ""role_mainplot_role36.asl"": 34, ""role_mainplot_role37.asl"": 34, ""role_mainplot_role38.asl"": 34, ""role_mainplot_role39.asl"": 34, ""role_mainplot_role40.asl"": 34, ""role_mainplot_role41.asl"": 34, ""role_mainplot_role42.asl"": 34, ""role_mainplot_role43.asl"": 34, ""role_mainplot_role44.asl"": 34, ""role_mainplot_role45.asl"": 34, ""role_mainplot_role46.asl"": 34, ""role_mainplot_role47.asl"": 34, ""role_mainplot_role48.asl"": 34, ""role_mainplot_role49.asl"": 34, ""role_mainplot_role50.asl"": 34, ""role_mainplot_role51.asl"": 34, ""role_mainplot_role52.asl"": 34, ""role_mainplot_role53.asl"": 34, ""role_mainplot_role54.asl"": 34, ""role_mainplot_role55.asl"": 34, ""role_mainplot_role56.asl"": 34, ""role_mainplot_role57.asl"": 34, ""role_mainplot_role58.asl"": 34, ""role_mainplot_role59.asl"": 34, ""role_mainplot_role60.asl"": 34, ""role_mainplot_role61.asl"": 34, ""role_mainplot_role62.asl"": 34, ""role_mainplot_role63.asl"": 34, ""role_mainplot_role64.asl"": 34, ""role_mainplot_role65.asl"": 34, ""role_mainplot_role66.asl"": 34, ""role_mainplot_role67.asl"": 34, ""role_mainplot_role68.asl"": 34, ""role_mainplot_role69.asl"": 34, ""role_mainplot_role70.asl"": 34, ""role_mainplot_role71.asl"": 34, ""role_mainplot_role72.asl"": 34, ""role_mainplot_role73.asl"": 34, ""role_mainplot_role74.asl"": 34, ""role_mainplot_role75.asl"": 34, ""role_mainplot_role76.asl"": 34, ""role_mainplot_role77.asl"": 34, ""role_mainplot_role78.asl"": 34, ""role_mainplot_role79.asl"": 34, ""role_mainplot_role80.asl"": 34, ""role_mainplot_role81.asl"": 34, ""role_mainplot_role82.asl"": 34, ""role_mainplot_role83.asl"": 34, ""role_mainplot_role84.asl"": 34, ""role_mainplot_role85.asl"": 34, ""role_mainplot_role86.asl"": 34, ""role_mainplot_role87.asl"": 34, ""role_mainplot_role88.asl"": 34, ""role_mainplot_role89.asl"": 34, ""role_mainplot_role90.asl"": 34, ""role_mainplot_role91.asl"": 34, ""role_mainplot_role92.asl"": 34, ""role_mainplot_role93.asl"": 34, ""role_mainplot_role94.asl"": 34, ""role_mainplot_role95.asl"": 34, ""role_mainplot_role96.asl"": 34, ""role_mainplot_role97.asl"": 34, ""role_mainplot_role98.asl"": 34, ""role_mainplot_role99.asl"": 34}",5.276299112801014,0.03786557300009008,0.0013476969998009736,1.2995624542236328,True,10,0
grid_roles_playbooks,31,Linux 7.2.3-arch1-2,x86_64,24,30.44,3.14.7,10,10,5,1,2,1,2,100,2,0,0,42,789,25598,102,4163,"{""playbook_playbook0.asl"": 26, ""director_mainplot.asl"": 737, ""role_mainplot_role0.asl"": 34, ""role_mainplot_role1.asl"": 34, ""role_mainplot_role2.asl"": 34, ""role_mainplot_role3.asl"": 34, ""role_mainplot_role4.asl"": 34, ""role_mainplot_role5.asl"": 34, ""role_mainplot_role6.asl"": 34, ""role_mainplot_role7.asl"": 34, ""role_mainplot_role8.asl"": 34, ""role_mainplot_role9.asl"": 34, ""role_mainplot_role10.asl"": 34, ""role_mainplot_role11.asl"": 34, ""role_mainplot_role12.asl"": 34, ""role_mainplot_role13.asl"": 34, ""role_mainplot_role14.asl"": 34, ""role_mainplot_role15.asl"": 34, ""role_mainplot_role16.asl"": 34, ""role_mainplot_role17.asl"": 34, ""role_mainplot_role18.asl"": 34, ""role_mainplot_role19.asl"": 34, ""role_mainplot_role20.asl"": 34, ""role_mainplot_role21.asl"": 34, ""role_mainplot_role22.asl"": 34, ""role_mainplot_role23.asl"": 34, ""role_mainplot_role24.asl"": 34, ""role_mainplot_role25.asl"": 34, ""role_mainplot_role26.asl"": 34, ""role_mainplot_role27.asl"": 34, ""role_mainplot_role28.asl"": 34, ""role_mainplot_role29.asl"": 34, ""role_mainplot_role30.asl"": 34, ""role_mainplot_role31.asl"": 34, ""role_mainplot_role32.asl"": 34, ""role_mainplot_role33.asl"": 34, ""role_mainplot_role34.asl"": 34, ""role_mainplot_role35.asl"": 34, ""role_mainplot_role36.asl"": 34, ""role_mainplot_role37.asl"": 34, ""role_mainplot_role38.asl"": 34, ""role_mainplot_role39.asl"": 34, ""role_mainplot_role40.asl"": 34, ""role_mainplot_role41.asl"": 34, ""role_mainplot_role42.asl"": 34, ""role_mainplot_role43.asl"": 34, ""role_mainplot_role44.asl"": 34, ""role_mainplot_role45.asl"": 34, ""role_mainplot_role46.asl"": 34, ""role_mainplot_role47.asl"": 34, ""role_mainplot_role48.asl"": 34, ""role_mainplot_role49.asl"": 34, ""role_mainplot_role50.asl"": 34, ""role_mainplot_role51.asl"": 34, ""role_mainplot_role52.asl"": 34, ""role_mainplot_role53.asl"": 34, ""role_mainplot_role54.asl"": 34, ""role_mainplot_role55.asl"": 34, ""role_mainplot_role56.asl"": 34, ""role_mainplot_role57.asl"": 34, ""role_mainplot_role58.asl"": 34, ""role_mainplot_role59.asl"": 34, ""role_mainplot_role60.asl"": 34, ""role_mainplot_role61.asl"": 34, ""role_mainplot_role62.asl"": 34, ""role_mainplot_role63.asl"": 34, ""role_mainplot_role64.asl"": 34, ""role_mainplot_role65.asl"": 34, ""role_mainplot_role66.asl"": 34, ""role_mainplot_role67.asl"": 34, ""role_mainplot_role68.asl"": 34, ""role_mainplot_role69.asl"": 34, ""role_mainplot_role70.asl"": 34, ""role_mainplot_role71.asl"": 34, ""role_mainplot_role72.asl"": 34, ""role_mainplot_role73.asl"": 34, ""role_mainplot_role74.asl"": 34, ""role_mainplot_role75.asl"": 34, ""role_mainplot_role76.asl"": 34, ""role_mainplot_role77.asl"": 34, ""role_mainplot_role78.asl"": 34, ""role_mainplot_role79.asl"": 34, ""role_mainplot_role80.asl"": 34, ""role_mainplot_role81.asl"": 34, ""role_mainplot_role82.asl"": 34, ""role_mainplot_role83.asl"": 34, ""role_mainplot_role84.asl"": 34, ""role_mainplot_role85.asl"": 34, ""role_mainplot_role86.asl"": 34, ""role_mainplot_role87.asl"": 34, ""role_mainplot_role88.asl"": 34, ""role_mainplot_role89.asl"": 34, ""role_mainplot_role90.asl"": 34, ""role_mainplot_role91.asl"": 34, ""role_mainplot_role92.asl"": 34, ""role_mainplot_role93.asl"": 34, ""role_mainplot_role94.asl"": 34, ""role_mainplot_role95.asl"": 34, ""role_mainplot_role96.asl"": 34, ""role_mainplot_role97.asl"": 34, ""role_mainplot_role98.asl"": 34, ""role_mainplot_role99.asl"": 34}",5.276299112801014,0.0393123400008335,0.0013524079986382276,1.2995624542236328,True,10,0
grid_roles_playbooks,32,Linux 7.2.3-arch1-2,x86_64,24,30.44,3.14.7,10,10,5,1,2,1,2,100,2,0,0,42,789,25598,102,4163,"{""playbook_playbook0.asl"": 26, ""director_mainplot.asl"": 737, ""role_mainplot_role0.asl"": 34, ""role_mainplot_role1.asl"": 34, ""role_mainplot_role2.asl"": 34, ""role_mainplot_role3.asl"": 34, ""role_mainplot_role4.asl"": 34, ""role_mainplot_role5.asl"": 34, ""role_mainplot_role6.asl"": 34, ""role_mainplot_role7.asl"": 34, ""role_mainplot_role8.asl"": 34, ""role_mainplot_role9.asl"": 34, ""role_mainplot_role10.asl"": 34, ""role_mainplot_role11.asl"": 34, ""role_mainplot_role12.asl"": 34, ""role_mainplot_role13.asl"": 34, ""role_mainplot_role14.asl"": 34, ""role_mainplot_role15.asl"": 34, ""role_mainplot_role16.asl"": 34, ""role_mainplot_role17.asl"": 34, ""role_mainplot_role18.asl"": 34, ""role_mainplot_role19.asl"": 34, ""role_mainplot_role20.asl"": 34, ""role_mainplot_role21.asl"": 34, ""role_mainplot_role22.asl"": 34, ""role_mainplot_role23.asl"": 34, ""role_mainplot_role24.asl"": 34, ""role_mainplot_role25.asl"": 34, ""role_mainplot_role26.asl"": 34, ""role_mainplot_role27.asl"": 34, ""role_mainplot_role28.asl"": 34, ""role_mainplot_role29.asl"": 34, ""role_mainplot_role30.asl"": 34, ""role_mainplot_role31.asl"": 34, ""role_mainplot_role32.asl"": 34, ""role_mainplot_role33.asl"": 34, ""role_mainplot_role34.asl"": 34, ""role_mainplot_role35.asl"": 34, ""role_mainplot_role36.asl"": 34, ""role_mainplot_role37.asl"": 34, ""role_mainplot_role38.asl"": 34, ""role_mainplot_role39.asl"": 34, ""role_mainplot_role40.asl"": 34, ""role_mainplot_role41.asl"": 34, ""role_mainplot_role42.asl"": 34, ""role_mainplot_role43.asl"": 34, ""role_mainplot_role44.asl"": 34, ""role_mainplot_role45.asl"": 34, ""role_mainplot_role46.asl"": 34, ""role_mainplot_role47.asl"": 34, ""role_mainplot_role48.asl"": 34, ""role_mainplot_role49.asl"": 34, ""role_mainplot_role50.asl"": 34, ""role_mainplot_role51.asl"": 34, ""role_mainplot_role52.asl"": 34, ""role_mainplot_role53.asl"": 34, ""role_mainplot_role54.asl"": 34, ""role_mainplot_role55.asl"": 34, ""role_mainplot_role56.asl"": 34, ""role_mainplot_role57.asl"": 34, ""role_mainplot_role58.asl"": 34, ""role_mainplot_role59.asl"": 34, ""role_mainplot_role60.asl"": 34, ""role_mainplot_role61.asl"": 34, ""role_mainplot_role62.asl"": 34, ""role_mainplot_role63.asl"": 34, ""role_mainplot_role64.asl"": 34, ""role_mainplot_role65.asl"": 34, ""role_mainplot_role66.asl"": 34, ""role_mainplot_role67.asl"": 34, ""role_mainplot_role68.asl"": 34, ""role_mainplot_role69.asl"": 34, ""role_mainplot_role70.asl"": 34, ""role_mainplot_role71.asl"": 34, ""role_mainplot_role72.asl"": 34, ""role_mainplot_role73.asl"": 34, ""role_mainplot_role74.asl"": 34, ""role_mainplot_role75.asl"": 34, ""role_mainplot_role76.asl"": 34, ""role_mainplot_role77.asl"": 34, ""role_mainplot_role78.asl"": 34, ""role_mainplot_role79.asl"": 34, ""role_mainplot_role80.asl"": 34, ""role_mainplot_role81.asl"": 34, ""role_mainplot_role82.asl"": 34, ""role_mainplot_role83.asl"": 34, ""role_mainplot_role84.asl"": 34, ""role_mainplot_role85.asl"": 34, ""role_mainplot_role86.asl"": 34, ""role_mainplot_role87.asl"": 34, ""role_mainplot_role88.asl"": 34, ""role_mainplot_role89.asl"": 34, ""role_mainplot_role90.asl"": 34, ""role_mainplot_role91.asl"": 34, ""role_mainplot_role92.asl"": 34, ""role_mainplot_role93.asl"": 34, ""role_mainplot_role94.asl"": 34, ""role_mainplot_role95.asl"": 34, ""role_mainplot_role96.asl"": 34, ""role_mainplot_role97.asl"": 34, ""role_mainplot_role98.asl"": 34, ""role_mainplot_role99.asl"": 34}",5.276299112801014,0.03804772300100012,0.001338418000159436,1.2995624542236328,True,10,0
grid_roles_playbooks,33,Linux 7.2.3-arch1-2,x86_64,24,30.44,3.14.7,10,10,5,1,2,1,2,100,2,0,0,42,789,25598,102,4163,"{""playbook_playbook0.asl"": 26, ""director_mainplot.asl"": 737, ""role_mainplot_role0.asl"": 34, ""role_mainplot_role1.asl"": 34, ""role_mainplot_role2.asl"": 34, ""role_mainplot_role3.asl"": 34, ""role_mainplot_role4.asl"": 34, ""role_mainplot_role5.asl"": 34, ""role_mainplot_role6.asl"": 34, ""role_mainplot_role7.asl"": 34, ""role_mainplot_role8.asl"": 34, ""role_mainplot_role9.asl"": 34, ""role_mainplot_role10.asl"": 34, ""role_mainplot_role11.asl"": 34, ""role_mainplot_role12.asl"": 34, ""role_mainplot_role13.asl"": 34, ""role_mainplot_role14.asl"": 34, ""role_mainplot_role15.asl"": 34, ""role_mainplot_role16.asl"": 34, ""role_mainplot_role17.asl"": 34, ""role_mainplot_role18.asl"": 34, ""role_mainplot_role19.asl"": 34, ""role_mainplot_role20.asl"": 34, ""role_mainplot_role21.asl"": 34, ""role_mainplot_role22.asl"": 34, ""role_mainplot_role23.asl"": 34, ""role_mainplot_role24.asl"": 34, ""role_mainplot_role25.asl"": 34, ""role_mainplot_role26.asl"": 34, ""role_mainplot_role27.asl"": 34, ""role_mainplot_role28.asl"": 34, ""role_mainplot_role29.asl"": 34, ""role_mainplot_role30.asl"": 34, ""role_mainplot_role31.asl"": 34, ""role_mainplot_role32.asl"": 34, ""role_mainplot_role33.asl"": 34, ""role_mainplot_role34.asl"": 34, ""role_mainplot_role35.asl"": 34, ""role_mainplot_role36.asl"": 34, ""role_mainplot_role37.asl"": 34, ""role_mainplot_role38.asl"": 34, ""role_mainplot_role39.asl"": 34, ""role_mainplot_role40.asl"": 34, ""role_mainplot_role41.asl"": 34, ""role_mainplot_role42.asl"": 34, ""role_mainplot_role43.asl"": 34, ""role_mainplot_role44.asl"": 34, ""role_mainplot_role45.asl"": 34, ""role_mainplot_role46.asl"": 34, ""role_mainplot_role47.asl"": 34, ""role_mainplot_role48.asl"": 34, ""role_mainplot_role49.asl"": 34, ""role_mainplot_role50.asl"": 34, ""role_mainplot_role51.asl"": 34, ""role_mainplot_role52.asl"": 34, ""role_mainplot_role53.asl"": 34, ""role_mainplot_role54.asl"": 34, ""role_mainplot_role55.asl"": 34, ""role_mainplot_role56.asl"": 34, ""role_mainplot_role57.asl"": 34, ""role_mainplot_role58.asl"": 34, ""role_mainplot_role59.asl"": 34, ""role_mainplot_role60.asl"": 34, ""role_mainplot_role61.asl"": 34, ""role_mainplot_role62.asl"": 34, ""role_mainplot_role63.asl"": 34, ""role_mainplot_role64.asl"": 34, ""role_mainplot_role65.asl"": 34, ""role_mainplot_role66.asl"": 34, ""role_mainplot_role67.asl"": 34, ""role_mainplot_role68.asl"": 34, ""role_mainplot_role69.asl"": 34, ""role_mainplot_role70.asl"": 34, ""role_mainplot_role71.asl"": 34, ""role_mainplot_role72.asl"": 34, ""role_mainplot_role73.asl"": 34, ""role_mainplot_role74.asl"": 34, ""role_mainplot_role75.asl"": 34, ""role_mainplot_role76.asl"": 34, ""role_mainplot_role77.asl"": 34, ""role_mainplot_role78.asl"": 34, ""role_mainplot_role79.asl"": 34, ""role_mainplot_role80.asl"": 34, ""role_mainplot_role81.asl"": 34, ""role_mainplot_role82.asl"": 34, ""role_mainplot_role83.asl"": 34, ""role_mainplot_role84.asl"": 34, ""role_mainplot_role85.asl"": 34, ""role_mainplot_role86.asl"": 34, ""role_mainplot_role87.asl"": 34, ""role_mainplot_role88.asl"": 34, ""role_mainplot_role89.asl"": 34, ""role_mainplot_role90.asl"": 34, ""role_mainplot_role91.asl"": 34, ""role_mainplot_role92.asl"": 34, ""role_mainplot_role93.asl"": 34, ""role_mainplot_role94.asl"": 34, ""role_mainplot_role95.asl"": 34, ""role_mainplot_role96.asl"": 34, ""role_mainplot_role97.asl"": 34, ""role_mainplot_role98.asl"": 34, ""role_mainplot_role99.asl"": 34}",5.276299112801014,0.039113840999561944,0.0013499769993359223,1.2995624542236328,True,10,0
grid_roles_playbooks,34,Linux 7.2.3-arch1-2,x86_64,24,30.44,3.14.7,10,10,5,1,2,1,2,100,2,0,0,42,789,25598,102,4163,"{""playbook_playbook0.asl"": 26, ""director_mainplot.asl"": 737, ""role_mainplot_role0.asl"": 34, ""role_mainplot_role1.asl"": 34, ""role_mainplot_role2.asl"": 34, ""role_mainplot_role3.asl"": 34, ""role_mainplot_role4.asl"": 34, ""role_mainplot_role5.asl"": 34, ""role_mainplot_role6.asl"": 34, ""role_mainplot_role7.asl"": 34, ""role_mainplot_role8.asl"": 34, ""role_mainplot_role9.asl"": 34, ""role_mainplot_role10.asl"": 34, ""role_mainplot_role11.asl"": 34, ""role_mainplot_role12.asl"": 34, ""role_mainplot_role13.asl"": 34, ""role_mainplot_role14.asl"": 34, ""role_mainplot_role15.asl"": 34, ""role_mainplot_role16.asl"": 34, ""role_mainplot_role17.asl"": 34, ""role_mainplot_role18.asl"": 34, ""role_mainplot_role19.asl"": 34, ""role_mainplot_role20.asl"": 34, ""role_mainplot_role21.asl"": 34, ""role_mainplot_role22.asl"": 34, ""role_mainplot_role23.asl"": 34, ""role_mainplot_role24.asl"": 34, ""role_mainplot_role25.asl"": 34, ""role_mainplot_role26.asl"": 34, ""role_mainplot_role27.asl"": 34, ""role_mainplot_role28.asl"": 34, ""role_mainplot_role29.asl"": 34, ""role_mainplot_role30.asl"": 34, ""role_mainplot_role31.asl"": 34, ""role_mainplot_role32.asl"": 34, ""role_mainplot_role33.asl"": 34, ""role_mainplot_role34.asl"": 34, ""role_mainplot_role35.asl"": 34, ""role_mainplot_role36.asl"": 34, ""role_mainplot_role37.asl"": 34, ""role_mainplot_role38.asl"": 34, ""role_mainplot_role39.asl"": 34, ""role_mainplot_role40.asl"": 34, ""role_mainplot_role41.asl"": 34, ""role_mainplot_role42.asl"": 34, ""role_mainplot_role43.asl"": 34, ""role_mainplot_role44.asl"": 34, ""role_mainplot_role45.asl"": 34, ""role_mainplot_role46.asl"": 34, ""role_mainplot_role47.asl"": 34, ""role_mainplot_role48.asl"": 34, ""role_mainplot_role49.asl"": 34, ""role_mainplot_role50.asl"": 34, ""role_mainplot_role51.asl"": 34, ""role_mainplot_role52.asl"": 34, ""role_mainplot_role53.asl"": 34, ""role_mainplot_role54.asl"": 34, ""role_mainplot_role55.asl"": 34, ""role_mainplot_role56.asl"": 34, ""role_mainplot_role57.asl"": 34, ""role_mainplot_role58.asl"": 34, ""role_mainplot_role59.asl"": 34, ""role_mainplot_role60.asl"": 34, ""role_mainplot_role61.asl"": 34, ""role_mainplot_role62.asl"": 34, ""role_mainplot_role63.asl"": 34, ""role_mainplot_role64.asl"": 34, ""role_mainplot_role65.asl"": 34, ""role_mainplot_role66.asl"": 34, ""role_mainplot_role67.asl"": 34, ""role_mainplot_role68.asl"": 34, ""role_mainplot_role69.asl"": 34, ""role_mainplot_role70.asl"": 34, ""role_mainplot_role71.asl"": 34, ""role_mainplot_role72.asl"": 34, ""role_mainplot_role73.asl"": 34, ""role_mainplot_role74.asl"": 34, ""role_mainplot_role75.asl"": 34, ""role_mainplot_role76.asl"": 34, ""role_mainplot_role77.asl"": 34, ""role_mainplot_role78.asl"": 34, ""role_mainplot_role79.asl"": 34, ""role_mainplot_role80.asl"": 34, ""role_mainplot_role81.asl"": 34, ""role_mainplot_role82.asl"": 34, ""role_mainplot_role83.asl"": 34, ""role_mainplot_role84.asl"": 34, ""role_mainplot_role85.asl"": 34, ""role_mainplot_role86.asl"": 34, ""role_mainplot_role87.asl"": 34, ""role_mainplot_role88.asl"": 34, ""role_mainplot_role89.asl"": 34, ""role_mainplot_role90.asl"": 34, ""role_mainplot_role91.asl"": 34, ""role_mainplot_role92.asl"": 34, ""role_mainplot_role93.asl"": 34, ""role_mainplot_role94.asl"": 34, ""role_mainplot_role95.asl"": 34, ""role_mainplot_role96.asl"": 34, ""role_mainplot_role97.asl"": 34, ""role_mainplot_role98.asl"": 34, ""role_mainplot_role99.asl"": 34}",5.276299112801014,0.03743868400124484,0.001352507999399677,1.2995624542236328,True,10,0
grid_roles_playbooks,35,Linux 7.2.3-arch1-2,x86_64,24,30.44,3.14.7,10,10,5,2,2,1,2,1,2,0,0,42,110,2031,4,229,"{""playbook_playbook0.asl"": 26, ""playbook_playbook1.asl"": 26, ""director_mainplot.asl"": 143, ""role_mainplot_role0.asl"": 34}",2.081818181818182,0.0035126839993608883,7.90190006227931e-05,0.11655807495117188,True,10,0
grid_roles_playbooks,36,Linux 7.2.3-arch1-2,x86_64,24,30.44,3.14.7,10,10,5,2,2,1,2,1,2,0,0,42,110,2031,4,229,"{""playbook_playbook0.asl"": 26, ""playbook_playbook1.asl"": 26, ""director_mainplot.asl"": 143, ""role_mainplot_role0.asl"": 34}",2.081818181818182,0.003462503998889588,7.698000081290957e-05,0.11655807495117188,True,10,0
grid_roles_playbooks,37,Linux 7.2.3-arch1-2,x86_64,24,30.44,3.14.7,10,10,5,2,2,1,2,1,2,0,0,42,110,2031,4,229,"{""playbook_playbook0.asl"": 26, ""playbook_playbook1.asl"": 26, ""director_mainplot.asl"": 143, ""role_mainplot_role0.asl"": 34}",2.081818181818182,0.003463084000031813,7.591000030515715e-05,0.11655807495117188,True,10,0
grid_roles_playbooks,38,Linux 7.2.3-arch1-2,x86_64,24,30.44,3.14.7,10,10,5,2,2,1,2,1,2,0,0,42,110,2031,4,229,"{""playbook_playbook0.asl"": 26, ""playbook_playbook1.asl"": 26, ""director_mainplot.asl"": 143, ""role_mainplot_role0.asl"": 34}",2.081818181818182,0.0034467639998183586,7.809999988239724e-05,0.11655807495117188,True,10,0
grid_roles_playbooks,39,Linux 7.2.3-arch1-2,x86_64,24,30.44,3.14.7,10,10,5,2,2,1,2,1,2,0,0,42,110,2031,4,229,"{""playbook_playbook0.asl"": 26, ""playbook_playbook1.asl"": 26, ""director_mainplot.asl"": 143, ""role_mainplot_role0.asl"": 34}",2.081818181818182,0.003469754001343972,7.470000127796084e-05,0.11655807495117188,True,10,0
grid_roles_playbooks,40,Linux 7.2.3-arch1-2,x86_64,24,30.44,3.14.7,10,10,5,2,2,1,2,2,2,0,0,42,117,2267,5,269,"{""playbook_playbook0.asl"": 26, ""playbook_playbook1.asl"": 26, ""director_mainplot.asl"": 149, ""role_mainplot_role0.asl"": 34, ""role_mainplot_role1.asl"": 34}",2.299145299145299,0.0038167229995451635,8.881999929144513e-05,0.1289043426513672,True,9,0
grid_roles_playbooks,41,Linux 7.2.3-arch1-2,x86_64,24,30.44,3.14.7,10,10,5,2,2,1,2,2,2,0,0,42,117,2267,5,269,"{""playbook_playbook0.asl"": 26, ""playbook_playbook1.asl"": 26, ""director_mainplot.asl"": 149, ""role_mainplot_role0.asl"": 34, ""role_mainplot_role1.asl"": 34}",2.299145299145299,0.003777283998715575,9.171999954560306e-05,0.1289348602294922,True,9,0
grid_roles_playbooks,42,Linux 7.2.3-arch1-2,x86_64,24,30.44,3.14.7,10,10,5,2,2,1,2,2,2,0,0,42,117,2267,5,269,"{""playbook_playbook0.asl"": 26, ""playbook_playbook1.asl"": 26, ""director_mainplot.asl"": 149, ""role_mainplot_role0.asl"": 34, ""role_mainplot_role1.asl"": 34}",2.299145299145299,0.003864093998345197,9.117000081459992e-05,0.1289348602294922,True,9,0
grid_roles_playbooks,43,Linux 7.2.3-arch1-2,x86_64,24,30.44,3.14.7,10,10,5,2,2,1,2,2,2,0,0,42,117,2267,5,269,"{""playbook_playbook0.asl"": 26, ""playbook_playbook1.asl"": 26, ""director_mainplot.asl"": 149, ""role_mainplot_role0.asl"": 34, ""role_mainplot_role1.asl"": 34}",2.299145299145299,0.003814803998466232,8.804999924905133e-05,0.1289348602294922,True,9,0
grid_roles_playbooks,44,Linux 7.2.3-arch1-2,x86_64,24,30.44,3.14.7,10,10,5,2,2,1,2,2,2,0,0,42,117,2267,5,269,"{""playbook_playbook0.asl"": 26, ""playbook_playbook1.asl"": 26, ""director_mainplot.asl"": 149, ""role_mainplot_role0.asl"": 34, ""role_mainplot_role1.asl"": 34}",2.299145299145299,0.0037901729992881883,9.67800006037578e-05,0.1289348602294922,True,9,0
grid_roles_playbooks,45,Linux 7.2.3-arch1-2,x86_64,24,30.44,3.14.7,10,10,5,2,2,1,2,5,2,0,0,42,138,2975,8,389,"{""playbook_playbook0.asl"": 26, ""playbook_playbook1.asl"": 26, ""director_mainplot.asl"": 167, ""role_mainplot_role0.asl"": 34, ""role_mainplot_role1.asl"": 34, ""role_mainplot_role2.asl"": 34, ""role_mainplot_role3.asl"": 34, ""role_mainplot_role4.asl"": 34}",2.818840579710145,0.004869510999924387,0.00012706000052276067,0.16601943969726562,True,9,0
grid_roles_playbooks,46,Linux 7.2.3-arch1-2,x86_64,24,30.44,3.14.7,10,10,5,2,2,1,2,5,2,0,0,42,138,2975,8,389,"{""playbook_playbook0.asl"": 26, ""playbook_playbook1.asl"": 26, ""director_mainplot.asl"": 167, ""role_mainplot_role0.asl"": 34, ""role_mainplot_role1.asl"": 34, ""role_mainplot_role2.asl"": 34, ""role_mainplot_role3.asl"": 34, ""role_mainplot_role4.asl"": 34}",2.818840579710145,0.004844151000725105,0.00012697999954980332,0.16601943969726562,True,9,0
grid_roles_playbooks,47,Linux 7.2.3-arch1-2,x86_64,24,30.44,3.14.7,10,10,5,2,2,1,2,5,2,0,0,42,138,2975,8,389,"{""playbook_playbook0.asl"": 26, ""playbook_playbook1.asl"": 26, ""director_mainplot.asl"": 167, ""role_mainplot_role0.asl"": 34, ""role_mainplot_role1.asl"": 34, ""role_mainplot_role2.asl"": 34, ""role_mainplot_role3.asl"": 34, ""role_mainplot_role4.asl"": 34}",2.818840579710145,0.0048204710001300555,0.00012409999908413738,0.16601943969726562,True,9,0
grid_roles_playbooks,48,Linux 7.2.3-arch1-2,x86_64,24,30.44,3.14.7,10,10,5,2,2,1,2,5,2,0,0,42,138,2975,8,389,"{""playbook_playbook0.asl"": 26, ""playbook_playbook1.asl"": 26, ""director_mainplot.asl"": 167, ""role_mainplot_role0.asl"": 34, ""role_mainplot_role1.asl"": 34, ""role_mainplot_role2.asl"": 34, ""role_mainplot_role3.asl"": 34, ""role_mainplot_role4.asl"": 34}",2.818840579710145,0.004819121000764426,0.00012403999971866142,0.16601943969726562,True,9,0
grid_roles_playbooks,49,Linux 7.2.3-arch1-2,x86_64,24,30.44,3.14.7,10,10,5,2,2,1,2,5,2,0,0,42,138,2975,8,389,"{""playbook_playbook0.asl"": 26, ""playbook_playbook1.asl"": 26, ""director_mainplot.asl"": 167, ""role_mainplot_role0.asl"": 34, ""role_mainplot_role1.asl"": 34, ""role_mainplot_role2.asl"": 34, ""role_mainplot_role3.asl"": 34, ""role_mainplot_role4.asl"": 34}",2.818840579710145,0.004833341001358349,0.00013342000056582037,0.16601943969726562,True,9,0
grid_roles_playbooks,50,Linux 7.2.3-arch1-2,x86_64,24,30.44,3.14.7,10,10,5,2,2,1,2,10,2,0,0,42,173,4156,13,589,"{""playbook_playbook0.asl"": 26, ""playbook_playbook1.asl"": 26, ""director_mainplot.asl"": 197, ""role_mainplot_role0.asl"": 34, ""role_mainplot_role1.asl"": 34, ""role_mainplot_role2.asl"": 34, ""role_mainplot_role3.asl"": 34, ""role_mainplot_role4.asl"": 34, ""role_mainplot_role5.asl"": 34, ""role_mainplot_role6.asl"": 34, ""role_mainplot_role7.asl"": 34, ""role_mainplot_role8.asl"": 34, ""role_mainplot_role9.asl"": 34}",3.4046242774566475,0.00659334800002398,0.000198370000362047,0.22617244720458984,True,7,0
grid_roles_playbooks,51,Linux 7.2.3-arch1-2,x86_64,24,30.44,3.14.7,10,10,5,2,2,1,2,10,2,0,0,42,173,4156,13,589,"{""playbook_playbook0.asl"": 26, ""playbook_playbook1.asl"": 26, ""director_mainplot.asl"": 197, ""role_mainplot_role0.asl"": 34, ""role_mainplot_role1.asl"": 34, ""role_mainplot_role2.asl"": 34, ""role_mainplot_role3.asl"": 34, ""role_mainplot_role4.asl"": 34, ""role_mainplot_role5.asl"": 34, ""role_mainplot_role6.asl"": 34, ""role_mainplot_role7.asl"": 34, ""role_mainplot_role8.asl"": 34, ""role_mainplot_role9.asl"": 34}",3.4046242774566475,0.0065759480003180215,0.00019801899907179177,0.22617244720458984,True,7,0
grid_roles_playbooks,52,Linux 7.2.3-arch1-2,x86_64,24,30.44,3.14.7,10,10,5,2,2,1,2,10,2,0,0,42,173,4156,13,589,"{""playbook_playbook0.asl"": 26, ""playbook_playbook1.asl"": 26, ""director_mainplot.asl"": 197, ""role_mainplot_role0.asl"": 34, ""role_mainplot_role1.asl"": 34, ""role_mainplot_role2.asl"": 34, ""role_mainplot_role3.asl"": 34, ""role_mainplot_role4.asl"": 34, ""role_mainplot_role5.asl"": 34, ""role_mainplot_role6.asl"": 34, ""role_mainplot_role7.asl"": 34, ""role_mainplot_role8.asl"": 34, ""role_mainplot_role9.asl"": 34}",3.4046242774566475,0.006584558999747969,0.00019292899924039375,0.22617244720458984,True,7,0
grid_roles_playbooks,53,Linux 7.2.3-arch1-2,x86_64,24,30.44,3.14.7,10,10,5,2,2,1,2,10,2,0,0,42,173,4156,13,589,"{""playbook_playbook0.asl"": 26, ""playbook_playbook1.asl"": 26, ""director_mainplot.asl"": 197, ""role_mainplot_role0.asl"": 34, ""role_mainplot_role1.asl"": 34, ""role_mainplot_role2.asl"": 34, ""role_mainplot_role3.asl"": 34, ""role_mainplot_role4.asl"": 34, ""role_mainplot_role5.asl"": 34, ""role_mainplot_role6.asl"": 34, ""role_mainplot_role7.asl"": 34, ""role_mainplot_role8.asl"": 34, ""role_mainplot_role9.asl"": 34}",3.4046242774566475,0.006593078000150854,0.00018743000146059785,0.22617244720458984,True,7,0
grid_roles_playbooks,54,Linux 7.2.3-arch1-2,x86_64,24,30.44,3.14.7,10,10,5,2,2,1,2,10,2,0,0,42,173,4156,13,589,"{""playbook_playbook0.asl"": 26, ""playbook_playbook1.asl"": 26, ""director_mainplot.asl"": 197, ""role_mainplot_role0.asl"": 34, ""role_mainplot_role1.asl"": 34, ""role_mainplot_role2.asl"": 34, ""role_mainplot_role3.asl"": 34, ""role_mainplot_role4.asl"": 34, ""role_mainplot_role5.asl"": 34, ""role_mainplot_role6.asl"": 34, ""role_mainplot_role7.asl"": 34, ""role_mainplot_role8.asl"": 34, ""role_mainplot_role9.asl"": 34}",3.4046242774566475,0.0065732780003600055,0.000187809999260935,0.22617244720458984,True,7,0
grid_roles_playbooks,55,Linux 7.2.3-arch1-2,x86_64,24,30.44,3.14.7,10,10,5,2,2,1,2,20,2,0,0,42,243,6566,23,989,"{""playbook_playbook0.asl"": 26, ""playbook_playbook1.asl"": 26, ""director_mainplot.asl"": 257, ""role_mainplot_role0.asl"": 34, ""role_mainplot_role1.asl"": 34, ""role_mainplot_role2.asl"": 34, ""role_mainplot_role3.asl"": 34, ""role_mainplot_role4.asl"": 34, ""role_mainplot_role5.asl"": 34, ""role_mainplot_role6.asl"": 34, ""role_mainplot_role7.asl"": 34, ""role_mainplot_role8.asl"": 34, ""role_mainplot_role9.asl"": 34, ""role_mainplot_role10.asl"": 34, ""role_mainplot_role11.asl"": 34, ""role_mainplot_role12.asl"": 34, ""role_mainplot_role13.asl"": 34, ""role_mainplot_role14.asl"": 34, ""role_mainplot_role15.asl"": 34, ""role_mainplot_role16.asl"": 34, ""role_mainplot_role17.asl"": 34, ""role_mainplot_role18.asl"": 34, ""role_mainplot_role19.asl"": 34}",4.0699588477366255,0.010077753000587109,0.00031139900056587067,0.3463926315307617,True,7,0
grid_roles_playbooks,56,Linux 7.2.3-arch1-2,x86_64,24,30.44,3.14.7,10,10,5,2,2,1,2,20,2,0,0,42,243,6566,23,989,"{""playbook_playbook0.asl"": 26, ""playbook_playbook1.asl"": 26, ""director_mainplot.asl"": 257, ""role_mainplot_role0.asl"": 34, ""role_mainplot_role1.asl"": 34, ""role_mainplot_role2.asl"": 34, ""role_mainplot_role3.asl"": 34, ""role_mainplot_role4.asl"": 34, ""role_mainplot_role5.asl"": 34, ""role_mainplot_role6.asl"": 34, ""role_mainplot_role7.asl"": 34, ""role_mainplot_role8.asl"": 34, ""role_mainplot_role9.asl"": 34, ""role_mainplot_role10.asl"": 34, ""role_mainplot_role11.asl"": 34, ""role_mainplot_role12.asl"": 34, ""role_mainplot_role13.asl"": 34, ""role_mainplot_role14.asl"": 34, ""role_mainplot_role15.asl"": 34, ""role_mainplot_role16.asl"": 34, ""role_mainplot_role17.asl"": 34, ""role_mainplot_role18.asl"": 34, ""role_mainplot_role19.asl"": 34}",4.0699588477366255,0.010016301999712596,0.0003164690006087767,0.3463926315307617,True,7,0
grid_roles_playbooks,57,Linux 7.2.3-arch1-2,x86_64,24,30.44,3.14.7,10,10,5,2,2,1,2,20,2,0,0,42,243,6566,23,989,"{""playbook_playbook0.asl"": 26, ""playbook_playbook1.asl"": 26, ""director_mainplot.asl"": 257, ""role_mainplot_role0.asl"": 34, ""role_mainplot_role1.asl"": 34, ""role_mainplot_role2.asl"": 34, ""role_mainplot_role3.asl"": 34, ""role_mainplot_role4.asl"": 34, ""role_mainplot_role5.asl"": 34, ""role_mainplot_role6.asl"": 34, ""role_mainplot_role7.asl"": 34, ""role_mainplot_role8.asl"": 34, ""role_mainplot_role9.asl"": 34, ""role_mainplot_role10.asl"": 34, ""role_mainplot_role11.asl"": 34, ""role_mainplot_role12.asl"": 34, ""role_mainplot_role13.asl"": 34, ""role_mainplot_role14.asl"": 34, ""role_mainplot_role15.asl"": 34, ""role_mainplot_role16.asl"": 34, ""role_mainplot_role17.asl"": 34, ""role_mainplot_role18.asl"": 34, ""role_mainplot_role19.asl"": 34}",4.0699588477366255,0.010008642999309814,0.000313940001433366,0.3463926315307617,True,7,0
grid_roles_playbooks,58,Linux 7.2.3-arch1-2,x86_64,24,30.44,3.14.7,10,10,5,2,2,1,2,20,2,0,0,42,243,6566,23,989,"{""playbook_playbook0.asl"": 26, ""playbook_playbook1.asl"": 26, ""director_mainplot.asl"": 257, ""role_mainplot_role0.asl"": 34, ""role_mainplot_role1.asl"": 34, ""role_mainplot_role2.asl"": 34, ""role_mainplot_role3.asl"": 34, ""role_mainplot_role4.asl"": 34, ""role_mainplot_role5.asl"": 34, ""role_mainplot_role6.asl"": 34, ""role_mainplot_role7.asl"": 34, ""role_mainplot_role8.asl"": 34, ""role_mainplot_role9.asl"": 34, ""role_mainplot_role10.asl"": 34, ""role_mainplot_role11.asl"": 34, ""role_mainplot_role12.asl"": 34, ""role_mainplot_role13.asl"": 34, ""role_mainplot_role14.asl"": 34, ""role_mainplot_role15.asl"": 34, ""role_mainplot_role16.asl"": 34, ""role_mainplot_role17.asl"": 34, ""role_mainplot_role18.asl"": 34, ""role_mainplot_role19.asl"": 34}",4.0699588477366255,0.009996142000090913,0.00032478899993293453,0.3463926315307617,True,7,0
grid_roles_playbooks,59,Linux 7.2.3-arch1-2,x86_64,24,30.44,3.14.7,10,10,5,2,2,1,2,20,2,0,0,42,243,6566,23,989,"{""playbook_playbook0.asl"": 26, ""playbook_playbook1.asl"": 26, ""director_mainplot.asl"": 257, ""role_mainplot_role0.asl"": 34, ""role_mainplot_role1.asl"": 34, ""role_mainplot_role2.asl"": 34, ""role_mainplot_role3.asl"": 34, ""role_mainplot_role4.asl"": 34, ""role_mainplot_role5.asl"": 34, ""role_mainplot_role6.asl"": 34, ""role_mainplot_role7.asl"": 34, ""role_mainplot_role8.asl"": 34, ""role_mainplot_role9.asl"": 34, ""role_mainplot_role10.asl"": 34, ""role_mainplot_role11.asl"": 34, ""role_mainplot_role12.asl"": 34, ""role_mainplot_role13.asl"": 34, ""role_mainplot_role14.asl"": 34, ""role_mainplot_role15.asl"": 34, ""role_mainplot_role16.asl"": 34, ""role_mainplot_role17.asl"": 34, ""role_mainplot_role18.asl"": 34, ""role_mainplot_role19.asl"": 34}",4.0699588477366255,0.010020291998444009,0.0003168200000800425,0.3463926315307617,True,7,0
grid_roles_playbooks,60,Linux 7.2.3-arch1-2,x86_64,24,30.44,3.14.7,10,10,5,2,2,1,2,50,2,0,0,42,453,13796,53,2189,"{""playbook_playbook0.asl"": 26, ""playbook_playbook1.asl"": 26, ""director_mainplot.asl"": 437, ""role_mainplot_role0.asl"": 34, ""role_mainplot_role1.asl"": 34, ""role_mainplot_role2.asl"": 34, ""role_mainplot_role3.asl"": 34, ""role_mainplot_role4.asl"": 34, ""role_mainplot_role5.asl"": 34, ""role_mainplot_role6.asl"": 34, ""role_mainplot_role7.asl"": 34, ""role_mainplot_role8.asl"": 34, ""role_mainplot_role9.asl"": 34, ""role_mainplot_role10.asl"": 34, ""role_mainplot_role11.asl"": 34, ""role_mainplot_role12.asl"": 34, ""role_mainplot_role13.asl"": 34, ""role_mainplot_role14.asl"": 34, ""role_mainplot_role15.asl"": 34, ""role_mainplot_role16.asl"": 34, ""role_mainplot_role17.asl"": 34, ""role_mainplot_role18.asl"": 34, ""role_mainplot_role19.asl"": 34, ""role_mainplot_role20.asl"": 34, ""role_mainplot_role21.asl"": 34, ""role_mainplot_role22.asl"": 34, ""role_mainplot_role23.asl"": 34, ""role_mainplot_role24.asl"": 34, ""role_mainplot_role25.asl"": 34, ""role_mainplot_role26.asl"": 34, ""role_mainplot_role27.asl"": 34, ""role_mainplot_role28.asl"": 34, ""role_mainplot_role29.asl"": 34, ""role_mainplot_role30.asl"": 34, ""role_mainplot_role31.asl"": 34, ""role_mainplot_role32.asl"": 34, ""role_mainplot_role33.asl"": 34, ""role_mainplot_role34.asl"": 34, ""role_mainplot_role35.asl"": 34, ""role_mainplot_role36.asl"": 34, ""role_mainplot_role37.asl"": 34, ""role_mainplot_role38.asl"": 34, ""role_mainplot_role39.asl"": 34, ""role_mainplot_role40.asl"": 34, ""role_mainplot_role41.asl"": 34, ""role_mainplot_role42.asl"": 34, ""role_mainplot_role43.asl"": 34, ""role_mainplot_role44.asl"": 34, ""role_mainplot_role45.asl"": 34, ""role_mainplot_role46.asl"": 34, ""role_mainplot_role47.asl"": 34, ""role_mainplot_role48.asl"": 34, ""role_mainplot_role49.asl"": 34}",4.8322295805739515,0.02060588399945118,0.0006857480002508964,0.7126379013061523,True,7,0
grid_roles_playbooks,61,Linux 7.2.3-arch1-2,x86_64,24,30.44,3.14.7,10,10,5,2,2,1,2,50,2,0,0,42,453,13796,53,2189,"{""playbook_playbook0.asl"": 26, ""playbook_playbook1.asl"": 26, ""director_mainplot.asl"": 437, ""role_mainplot_role0.asl"": 34, ""role_mainplot_role1.asl"": 34, ""role_mainplot_role2.asl"": 34, ""role_mainplot_role3.asl"": 34, ""role_mainplot_role4.asl"": 34, ""role_mainplot_role5.asl"": 34, ""role_mainplot_role6.asl"": 34, ""role_mainplot_role7.asl"": 34, ""role_mainplot_role8.asl"": 34, ""role_mainplot_role9.asl"": 34, ""role_mainplot_role10.asl"": 34, ""role_mainplot_role11.asl"": 34, ""role_mainplot_role12.asl"": 34, ""role_mainplot_role13.asl"": 34, ""role_mainplot_role14.asl"": 34, ""role_mainplot_role15.asl"": 34, ""role_mainplot_role16.asl"": 34, ""role_mainplot_role17.asl"": 34, ""role_mainplot_role18.asl"": 34, ""role_mainplot_role19.asl"": 34, ""role_mainplot_role20.asl"": 34, ""role_mainplot_role21.asl"": 34, ""role_mainplot_role22.asl"": 34, ""role_mainplot_role23.asl"": 34, ""role_mainplot_role24.asl"": 34, ""role_mainplot_role25.asl"": 34, ""role_mainplot_role26.asl"": 34, ""role_mainplot_role27.asl"": 34, ""role_mainplot_role28.asl"": 34, ""role_mainplot_role29.asl"": 34, ""role_mainplot_role30.asl"": 34, ""role_mainplot_role31.asl"": 34, ""role_mainplot_role32.asl"": 34, ""role_mainplot_role33.asl"": 34, ""role_mainplot_role34.asl"": 34, ""role_mainplot_role35.asl"": 34, ""role_mainplot_role36.asl"": 34, ""role_mainplot_role37.asl"": 34, ""role_mainplot_role38.asl"": 34, ""role_mainplot_role39.asl"": 34, ""role_mainplot_role40.asl"": 34, ""role_mainplot_role41.asl"": 34, ""role_mainplot_role42.asl"": 34, ""role_mainplot_role43.asl"": 34, ""role_mainplot_role44.asl"": 34, ""role_mainplot_role45.asl"": 34, ""role_mainplot_role46.asl"": 34, ""role_mainplot_role47.asl"": 34, ""role_mainplot_role48.asl"": 34, ""role_mainplot_role49.asl"": 34}",4.8322295805739515,0.020435784001165302,0.0006905289992573671,0.7126073837280273,True,7,0
grid_roles_playbooks,62,Linux 7.2.3-arch1-2,x86_64,24,30.44,3.14.7,10,10,5,2,2,1,2,50,2,0,0,42,453,13796,53,2189,"{""playbook_playbook0.asl"": 26, ""playbook_playbook1.asl"": 26, ""director_mainplot.asl"": 437, ""role_mainplot_role0.asl"": 34, ""role_mainplot_role1.asl"": 34, ""role_mainplot_role2.asl"": 34, ""role_mainplot_role3.asl"": 34, ""role_mainplot_role4.asl"": 34, ""role_mainplot_role5.asl"": 34, ""role_mainplot_role6.asl"": 34, ""role_mainplot_role7.asl"": 34, ""role_mainplot_role8.asl"": 34, ""role_mainplot_role9.asl"": 34, ""role_mainplot_role10.asl"": 34, ""role_mainplot_role11.asl"": 34, ""role_mainplot_role12.asl"": 34, ""role_mainplot_role13.asl"": 34, ""role_mainplot_role14.asl"": 34, ""role_mainplot_role15.asl"": 34, ""role_mainplot_role16.asl"": 34, ""role_mainplot_role17.asl"": 34, ""role_mainplot_role18.asl"": 34, ""role_mainplot_role19.asl"": 34, ""role_mainplot_role20.asl"": 34, ""role_mainplot_role21.asl"": 34, ""role_mainplot_role22.asl"": 34, ""role_mainplot_role23.asl"": 34, ""role_mainplot_role24.asl"": 34, ""role_mainplot_role25.asl"": 34, ""role_mainplot_role26.asl"": 34, ""role_mainplot_role27.asl"": 34, ""role_mainplot_role28.asl"": 34, ""role_mainplot_role29.asl"": 34, ""role_mainplot_role30.asl"": 34, ""role_mainplot_role31.asl"": 34, ""role_mainplot_role32.asl"": 34, ""role_mainplot_role33.asl"": 34, ""role_mainplot_role34.asl"": 34, ""role_mainplot_role35.asl"": 34, ""role_mainplot_role36.asl"": 34, ""role_mainplot_role37.asl"": 34, ""role_mainplot_role38.asl"": 34, ""role_mainplot_role39.asl"": 34, ""role_mainplot_role40.asl"": 34, ""role_mainplot_role41.asl"": 34, ""role_mainplot_role42.asl"": 34, ""role_mainplot_role43.asl"": 34, ""role_mainplot_role44.asl"": 34, ""role_mainplot_role45.asl"": 34, ""role_mainplot_role46.asl"": 34, ""role_mainplot_role47.asl"": 34, ""role_mainplot_role48.asl"": 34, ""role_mainplot_role49.asl"": 34}",4.8322295805739515,0.02057449399944744,0.0006802880016039126,0.7126073837280273,True,7,0
grid_roles_playbooks,63,Linux 7.2.3-arch1-2,x86_64,24,30.44,3.14.7,10,10,5,2,2,1,2,50,2,0,0,42,453,13796,53,2189,"{""playbook_playbook0.asl"": 26, ""playbook_playbook1.asl"": 26, ""director_mainplot.asl"": 437, ""role_mainplot_role0.asl"": 34, ""role_mainplot_role1.asl"": 34, ""role_mainplot_role2.asl"": 34, ""role_mainplot_role3.asl"": 34, ""role_mainplot_role4.asl"": 34, ""role_mainplot_role5.asl"": 34, ""role_mainplot_role6.asl"": 34, ""role_mainplot_role7.asl"": 34, ""role_mainplot_role8.asl"": 34, ""role_mainplot_role9.asl"": 34, ""role_mainplot_role10.asl"": 34, ""role_mainplot_role11.asl"": 34, ""role_mainplot_role12.asl"": 34, ""role_mainplot_role13.asl"": 34, ""role_mainplot_role14.asl"": 34, ""role_mainplot_role15.asl"": 34, ""role_mainplot_role16.asl"": 34, ""role_mainplot_role17.asl"": 34, ""role_mainplot_role18.asl"": 34, ""role_mainplot_role19.asl"": 34, ""role_mainplot_role20.asl"": 34, ""role_mainplot_role21.asl"": 34, ""role_mainplot_role22.asl"": 34, ""role_mainplot_role23.asl"": 34, ""role_mainplot_role24.asl"": 34, ""role_mainplot_role25.asl"": 34, ""role_mainplot_role26.asl"": 34, ""role_mainplot_role27.asl"": 34, ""role_mainplot_role28.asl"": 34, ""role_mainplot_role29.asl"": 34, ""role_mainplot_role30.asl"": 34, ""role_mainplot_role31.asl"": 34, ""role_mainplot_role32.asl"": 34, ""role_mainplot_role33.asl"": 34, ""role_mainplot_role34.asl"": 34, ""role_mainplot_role35.asl"": 34, ""role_mainplot_role36.asl"": 34, ""role_mainplot_role37.asl"": 34, ""role_mainplot_role38.asl"": 34, ""role_mainplot_role39.asl"": 34, ""role_mainplot_role40.asl"": 34, ""role_mainplot_role41.asl"": 34, ""role_mainplot_role42.asl"": 34, ""role_mainplot_role43.asl"": 34, ""role_mainplot_role44.asl"": 34, ""role_mainplot_role45.asl"": 34, ""role_mainplot_role46.asl"": 34, ""role_mainplot_role47.asl"": 34, ""role_mainplot_role48.asl"": 34, ""role_mainplot_role49.asl"": 34}",4.8322295805739515,0.02058514400050626,0.0006855380015622359,0.7126073837280273,True,7,0
grid_roles_playbooks,64,Linux 7.2.3-arch1-2,x86_64,24,30.44,3.14.7,10,10,5,2,2,1,2,50,2,0,0,42,453,13796,53,2189,"{""playbook_playbook0.asl"": 26, ""playbook_playbook1.asl"": 26, ""director_mainplot.asl"": 437, ""role_mainplot_role0.asl"": 34, ""role_mainplot_role1.asl"": 34, ""role_mainplot_role2.asl"": 34, ""role_mainplot_role3.asl"": 34, ""role_mainplot_role4.asl"": 34, ""role_mainplot_role5.asl"": 34, ""role_mainplot_role6.asl"": 34, ""role_mainplot_role7.asl"": 34, ""role_mainplot_role8.asl"": 34, ""role_mainplot_role9.asl"": 34, ""role_mainplot_role10.asl"": 34, ""role_mainplot_role11.asl"": 34, ""role_mainplot_role12.asl"": 34, ""role_mainplot_role13.asl"": 34, ""role_mainplot_role14.asl"": 34, ""role_mainplot_role15.asl"": 34, ""role_mainplot_role16.asl"": 34, ""role_mainplot_role17.asl"": 34, ""role_mainplot_role18.asl"": 34, ""role_mainplot_role19.asl"": 34, ""role_mainplot_role20.asl"": 34, ""role_mainplot_role21.asl"": 34, ""role_mainplot_role22.asl"": 34, ""role_mainplot_role23.asl"": 34, ""role_mainplot_role24.asl"": 34, ""role_mainplot_role25.asl"": 34, ""role_mainplot_role26.asl"": 34, ""role_mainplot_role27.asl"": 34, ""role_mainplot_role28.asl"": 34, ""role_mainplot_role29.asl"": 34, ""role_mainplot_role30.asl"": 34, ""role_mainplot_role31.asl"": 34, ""role_mainplot_role32.asl"": 34, ""role_mainplot_role33.asl"": 34, ""role_mainplot_role34.asl"": 34, ""role_mainplot_role35.asl"": 34, ""role_mainplot_role36.asl"": 34, ""role_mainplot_role37.asl"": 34, ""role_mainplot_role38.asl"": 34, ""role_mainplot_role39.asl"": 34, ""role_mainplot_role40.asl"": 34, ""role_mainplot_role41.asl"": 34, ""role_mainplot_role42.asl"": 34, ""role_mainplot_role43.asl"": 34, ""role_mainplot_role44.asl"": 34, ""role_mainplot_role45.asl"": 34, ""role_mainplot_role46.asl"": 34, ""role_mainplot_role47.asl"": 34, ""role_mainplot_role48.asl"": 34, ""role_mainplot_role49.asl"": 34}",4.8322295805739515,0.021158192999791936,0.0006790080005885102,0.7126073837280273,True,7,0
grid_roles_playbooks,65,Linux 7.2.3-arch1-2,x86_64,24,30.44,3.14.7,10,10,5,2,2,1,2,100,2,0,0,42,803,25847,103,4189,"{""playbook_playbook0.asl"": 26, ""playbook_playbook1.asl"": 26, ""director_mainplot.asl"": 737, ""role_mainplot_role0.asl"": 34, ""role_mainplot_role1.asl"": 34, ""role_mainplot_role2.asl"": 34, ""role_mainplot_role3.asl"": 34, ""role_mainplot_role4.asl"": 34, ""role_mainplot_role5.asl"": 34, ""role_mainplot_role6.asl"": 34, ""role_mainplot_role7.asl"": 34, ""role_mainplot_role8.asl"": 34, ""role_mainplot_role9.asl"": 34, ""role_mainplot_role10.asl"": 34, ""role_mainplot_role11.asl"": 34, ""role_mainplot_role12.asl"": 34, ""role_mainplot_role13.asl"": 34, ""role_mainplot_role14.asl"": 34, ""role_mainplot_role15.asl"": 34, ""role_mainplot_role16.asl"": 34, ""role_mainplot_role17.asl"": 34, ""role_mainplot_role18.asl"": 34, ""role_mainplot_role19.asl"": 34, ""role_mainplot_role20.asl"": 34, ""role_mainplot_role21.asl"": 34, ""role_mainplot_role22.asl"": 34, ""role_mainplot_role23.asl"": 34, ""role_mainplot_role24.asl"": 34, ""role_mainplot_role25.asl"": 34, ""role_mainplot_role26.asl"": 34, ""role_mainplot_role27.asl"": 34, ""role_mainplot_role28.asl"": 34, ""role_mainplot_role29.asl"": 34, ""role_mainplot_role30.asl"": 34, ""role_mainplot_role31.asl"": 34, ""role_mainplot_role32.asl"": 34, ""role_mainplot_role33.asl"": 34, ""role_mainplot_role34.asl"": 34, ""role_mainplot_role35.asl"": 34, ""role_mainplot_role36.asl"": 34, ""role_mainplot_role37.asl"": 34, ""role_mainplot_role38.asl"": 34, ""role_mainplot_role39.asl"": 34, ""role_mainplot_role40.asl"": 34, ""role_mainplot_role41.asl"": 34, ""role_mainplot_role42.asl"": 34, ""role_mainplot_role43.asl"": 34, ""role_mainplot_role44.asl"": 34, ""role_mainplot_role45.asl"": 34, ""role_mainplot_role46.asl"": 34, ""role_mainplot_role47.asl"": 34, ""role_mainplot_role48.asl"": 34, ""role_mainplot_role49.asl"": 34, ""role_mainplot_role50.asl"": 34, ""role_mainplot_role51.asl"": 34, ""role_mainplot_role52.asl"": 34, ""role_mainplot_role53.asl"": 34, ""role_mainplot_role54.asl"": 34, ""role_mainplot_role55.asl"": 34, ""role_mainplot_role56.asl"": 34, ""role_mainplot_role57.asl"": 34, ""role_mainplot_role58.asl"": 34, ""role_mainplot_role59.asl"": 34, ""role_mainplot_role60.asl"": 34, ""role_mainplot_role61.asl"": 34, ""role_mainplot_role62.asl"": 34, ""role_mainplot_role63.asl"": 34, ""role_mainplot_role64.asl"": 34, ""role_mainplot_role65.asl"": 34, ""role_mainplot_role66.asl"": 34, ""role_mainplot_role67.asl"": 34, ""role_mainplot_role68.asl"": 34, ""role_mainplot_role69.asl"": 34, ""role_mainplot_role70.asl"": 34, ""role_mainplot_role71.asl"": 34, ""role_mainplot_role72.asl"": 34, ""role_mainplot_role73.asl"": 34, ""role_mainplot_role74.asl"": 34, ""role_mainplot_role75.asl"": 34, ""role_mainplot_role76.asl"": 34, ""role_mainplot_role77.asl"": 34, ""role_mainplot_role78.asl"": 34, ""role_mainplot_role79.asl"": 34, ""role_mainplot_role80.asl"": 34, ""role_mainplot_role81.asl"": 34, ""role_mainplot_role82.asl"": 34, ""role_mainplot_role83.asl"": 34, ""role_mainplot_role84.asl"": 34, ""role_mainplot_role85.asl"": 34, ""role_mainplot_role86.asl"": 34, ""role_mainplot_role87.asl"": 34, ""role_mainplot_role88.asl"": 34, ""role_mainplot_role89.asl"": 34, ""role_mainplot_role90.asl"": 34, ""role_mainplot_role91.asl"": 34, ""role_mainplot_role92.asl"": 34, ""role_mainplot_role93.asl"": 34, ""role_mainplot_role94.asl"": 34, ""role_mainplot_role95.asl"": 34, ""role_mainplot_role96.asl"": 34, ""role_mainplot_role97.asl"": 34, ""role_mainplot_role98.asl"": 34, ""role_mainplot_role99.asl"": 34}",5.216687422166874,0.037908603000687435,0.0013205579998611938,1.3244514465332031,True,7,0
grid_roles_playbooks,66,Linux 7.2.3-arch1-2,x86_64,24,30.44,3.14.7,10,10,5,2,2,1,2,100,2,0,0,42,803,25847,103,4189,"{""playbook_playbook0.asl"": 26, ""playbook_playbook1.asl"": 26, ""director_mainplot.asl"": 737, ""role_mainplot_role0.asl"": 34, ""role_mainplot_role1.asl"": 34, ""role_mainplot_role2.asl"": 34, ""role_mainplot_role3.asl"": 34, ""role_mainplot_role4.asl"": 34, ""role_mainplot_role5.asl"": 34, ""role_mainplot_role6.asl"": 34, ""role_mainplot_role7.asl"": 34, ""role_mainplot_role8.asl"": 34, ""role_mainplot_role9.asl"": 34, ""role_mainplot_role10.asl"": 34, ""role_mainplot_role11.asl"": 34, ""role_mainplot_role12.asl"": 34, ""role_mainplot_role13.asl"": 34, ""role_mainplot_role14.asl"": 34, ""role_mainplot_role15.asl"": 34, ""role_mainplot_role16.asl"": 34, ""role_mainplot_role17.asl"": 34, ""role_mainplot_role18.asl"": 34, ""role_mainplot_role19.asl"": 34, ""role_mainplot_role20.asl"": 34, ""role_mainplot_role21.asl"": 34, ""role_mainplot_role22.asl"": 34, ""role_mainplot_role23.asl"": 34, ""role_mainplot_role24.asl"": 34, ""role_mainplot_role25.asl"": 34, ""role_mainplot_role26.asl"": 34, ""role_mainplot_role27.asl"": 34, ""role_mainplot_role28.asl"": 34, ""role_mainplot_role29.asl"": 34, ""role_mainplot_role30.asl"": 34, ""role_mainplot_role31.asl"": 34, ""role_mainplot_role32.asl"": 34, ""role_mainplot_role33.asl"": 34, ""role_mainplot_role34.asl"": 34, ""role_mainplot_role35.asl"": 34, ""role_mainplot_role36.asl"": 34, ""role_mainplot_role37.asl"": 34, ""role_mainplot_role38.asl"": 34, ""role_mainplot_role39.asl"": 34, ""role_mainplot_role40.asl"": 34, ""role_mainplot_role41.asl"": 34, ""role_mainplot_role42.asl"": 34, ""role_mainplot_role43.asl"": 34, ""role_mainplot_role44.asl"": 34, ""role_mainplot_role45.asl"": 34, ""role_mainplot_role46.asl"": 34, ""role_mainplot_role47.asl"": 34, ""role_mainplot_role48.asl"": 34, ""role_mainplot_role49.asl"": 34, ""role_mainplot_role50.asl"": 34, ""role_mainplot_role51.asl"": 34, ""role_mainplot_role52.asl"": 34, ""role_mainplot_role53.asl"": 34, ""role_mainplot_role54.asl"": 34, ""role_mainplot_role55.asl"": 34, ""role_mainplot_role56.asl"": 34, ""role_mainplot_role57.asl"": 34, ""role_mainplot_role58.asl"": 34, ""role_mainplot_role59.asl"": 34, ""role_mainplot_role60.asl"": 34, ""role_mainplot_role61.asl"": 34, ""role_mainplot_role62.asl"": 34, ""role_mainplot_role63.asl"": 34, ""role_mainplot_role64.asl"": 34, ""role_mainplot_role65.asl"": 34, ""role_mainplot_role66.asl"": 34, ""role_mainplot_role67.asl"": 34, ""role_mainplot_role68.asl"": 34, ""role_mainplot_role69.asl"": 34, ""role_mainplot_role70.asl"": 34, ""role_mainplot_role71.asl"": 34, ""role_mainplot_role72.asl"": 34, ""role_mainplot_role73.asl"": 34, ""role_mainplot_role74.asl"": 34, ""role_mainplot_role75.asl"": 34, ""role_mainplot_role76.asl"": 34, ""role_mainplot_role77.asl"": 34, ""role_mainplot_role78.asl"": 34, ""role_mainplot_role79.asl"": 34, ""role_mainplot_role80.asl"": 34, ""role_mainplot_role81.asl"": 34, ""role_mainplot_role82.asl"": 34, ""role_mainplot_role83.asl"": 34, ""role_mainplot_role84.asl"": 34, ""role_mainplot_role85.asl"": 34, ""role_mainplot_role86.asl"": 34, ""role_mainplot_role87.asl"": 34, ""role_mainplot_role88.asl"": 34, ""role_mainplot_role89.asl"": 34, ""role_mainplot_role90.asl"": 34, ""role_mainplot_role91.asl"": 34, ""role_mainplot_role92.asl"": 34, ""role_mainplot_role93.asl"": 34, ""role_mainplot_role94.asl"": 34, ""role_mainplot_role95.asl"": 34, ""role_mainplot_role96.asl"": 34, ""role_mainplot_role97.asl"": 34, ""role_mainplot_role98.asl"": 34, ""role_mainplot_role99.asl"": 34}",5.216687422166874,0.03776269399895682,0.0013439279991871445,1.3244514465332031,True,7,0
grid_roles_playbooks,67,Linux 7.2.3-arch1-2,x86_64,24,30.44,3.14.7,10,10,5,2,2,1,2,100,2,0,0,42,803,25847,103,4189,"{""playbook_playbook0.asl"": 26, ""playbook_playbook1.asl"": 26, ""director_mainplot.asl"": 737, ""role_mainplot_role0.asl"": 34, ""role_mainplot_role1.asl"": 34, ""role_mainplot_role2.asl"": 34, ""role_mainplot_role3.asl"": 34, ""role_mainplot_role4.asl"": 34, ""role_mainplot_role5.asl"": 34, ""role_mainplot_role6.asl"": 34, ""role_mainplot_role7.asl"": 34, ""role_mainplot_role8.asl"": 34, ""role_mainplot_role9.asl"": 34, ""role_mainplot_role10.asl"": 34, ""role_mainplot_role11.asl"": 34, ""role_mainplot_role12.asl"": 34, ""role_mainplot_role13.asl"": 34, ""role_mainplot_role14.asl"": 34, ""role_mainplot_role15.asl"": 34, ""role_mainplot_role16.asl"": 34, ""role_mainplot_role17.asl"": 34, ""role_mainplot_role18.asl"": 34, ""role_mainplot_role19.asl"": 34, ""role_mainplot_role20.asl"": 34, ""role_mainplot_role21.asl"": 34, ""role_mainplot_role22.asl"": 34, ""role_mainplot_role23.asl"": 34, ""role_mainplot_role24.asl"": 34, ""role_mainplot_role25.asl"": 34, ""role_mainplot_role26.asl"": 34, ""role_mainplot_role27.asl"": 34, ""role_mainplot_role28.asl"": 34, ""role_mainplot_role29.asl"": 34, ""role_mainplot_role30.asl"": 34, ""role_mainplot_role31.asl"": 34, ""role_mainplot_role32.asl"": 34, ""role_mainplot_role33.asl"": 34, ""role_mainplot_role34.asl"": 34, ""role_mainplot_role35.asl"": 34, ""role_mainplot_role36.asl"": 34, ""role_mainplot_role37.asl"": 34, ""role_mainplot_role38.asl"": 34, ""role_mainplot_role39.asl"": 34, ""role_mainplot_role40.asl"": 34, ""role_mainplot_role41.asl"": 34, ""role_mainplot_role42.asl"": 34, ""role_mainplot_role43.asl"": 34, ""role_mainplot_role44.asl"": 34, ""role_mainplot_role45.asl"": 34, ""role_mainplot_role46.asl"": 34, ""role_mainplot_role47.asl"": 34, ""role_mainplot_role48.asl"": 34, ""role_mainplot_role49.asl"": 34, ""role_mainplot_role50.asl"": 34, ""role_mainplot_role51.asl"": 34, ""role_mainplot_role52.asl"": 34, ""role_mainplot_role53.asl"": 34, ""role_mainplot_role54.asl"": 34, ""role_mainplot_role55.asl"": 34, ""role_mainplot_role56.asl"": 34, ""role_mainplot_role57.asl"": 34, ""role_mainplot_role58.asl"": 34, ""role_mainplot_role59.asl"": 34, ""role_mainplot_role60.asl"": 34, ""role_mainplot_role61.asl"": 34, ""role_mainplot_role62.asl"": 34, ""role_mainplot_role63.asl"": 34, ""role_mainplot_role64.asl"": 34, ""role_mainplot_role65.asl"": 34, ""role_mainplot_role66.asl"": 34, ""role_mainplot_role67.asl"": 34, ""role_mainplot_role68.asl"": 34, ""role_mainplot_role69.asl"": 34, ""role_mainplot_role70.asl"": 34, ""role_mainplot_role71.asl"": 34, ""role_mainplot_role72.asl"": 34, ""role_mainplot_role73.asl"": 34, ""role_mainplot_role74.asl"": 34, ""role_mainplot_role75.asl"": 34, ""role_mainplot_role76.asl"": 34, ""role_mainplot_role77.asl"": 34, ""role_mainplot_role78.asl"": 34, ""role_mainplot_role79.asl"": 34, ""role_mainplot_role80.asl"": 34, ""role_mainplot_role81.asl"": 34, ""role_mainplot_role82.asl"": 34, ""role_mainplot_role83.asl"": 34, ""role_mainplot_role84.asl"": 34, ""role_mainplot_role85.asl"": 34, ""role_mainplot_role86.asl"": 34, ""role_mainplot_role87.asl"": 34, ""role_mainplot_role88.asl"": 34, ""role_mainplot_role89.asl"": 34, ""role_mainplot_role90.asl"": 34, ""role_mainplot_role91.asl"": 34, ""role_mainplot_role92.asl"": 34, ""role_mainplot_role93.asl"": 34, ""role_mainplot_role94.asl"": 34, ""role_mainplot_role95.asl"": 34, ""role_mainplot_role96.asl"": 34, ""role_mainplot_role97.asl"": 34, ""role_mainplot_role98.asl"": 34, ""role_mainplot_role99.asl"": 34}",5.216687422166874,0.037870914000450284,0.0012996879995625932,1.3244514465332031,True,7,0
grid_roles_playbooks,68,Linux 7.2.3-arch1-2,x86_64,24,30.44,3.14.7,10,10,5,2,2,1,2,100,2,0,0,42,803,25847,103,4189,"{""playbook_playbook0.asl"": 26, ""playbook_playbook1.asl"": 26, ""director_mainplot.asl"": 737, ""role_mainplot_role0.asl"": 34, ""role_mainplot_role1.asl"": 34, ""role_mainplot_role2.asl"": 34, ""role_mainplot_role3.asl"": 34, ""role_mainplot_role4.asl"": 34, ""role_mainplot_role5.asl"": 34, ""role_mainplot_role6.asl"": 34, ""role_mainplot_role7.asl"": 34, ""role_mainplot_role8.asl"": 34, ""role_mainplot_role9.asl"": 34, ""role_mainplot_role10.asl"": 34, ""role_mainplot_role11.asl"": 34, ""role_mainplot_role12.asl"": 34, ""role_mainplot_role13.asl"": 34, ""role_mainplot_role14.asl"": 34, ""role_mainplot_role15.asl"": 34, ""role_mainplot_role16.asl"": 34, ""role_mainplot_role17.asl"": 34, ""role_mainplot_role18.asl"": 34, ""role_mainplot_role19.asl"": 34, ""role_mainplot_role20.asl"": 34, ""role_mainplot_role21.asl"": 34, ""role_mainplot_role22.asl"": 34, ""role_mainplot_role23.asl"": 34, ""role_mainplot_role24.asl"": 34, ""role_mainplot_role25.asl"": 34, ""role_mainplot_role26.asl"": 34, ""role_mainplot_role27.asl"": 34, ""role_mainplot_role28.asl"": 34, ""role_mainplot_role29.asl"": 34, ""role_mainplot_role30.asl"": 34, ""role_mainplot_role31.asl"": 34, ""role_mainplot_role32.asl"": 34, ""role_mainplot_role33.asl"": 34, ""role_mainplot_role34.asl"": 34, ""role_mainplot_role35.asl"": 34, ""role_mainplot_role36.asl"": 34, ""role_mainplot_role37.asl"": 34, ""role_mainplot_role38.asl"": 34, ""role_mainplot_role39.asl"": 34, ""role_mainplot_role40.asl"": 34, ""role_mainplot_role41.asl"": 34, ""role_mainplot_role42.asl"": 34, ""role_mainplot_role43.asl"": 34, ""role_mainplot_role44.asl"": 34, ""role_mainplot_role45.asl"": 34, ""role_mainplot_role46.asl"": 34, ""role_mainplot_role47.asl"": 34, ""role_mainplot_role48.asl"": 34, ""role_mainplot_role49.asl"": 34, ""role_mainplot_role50.asl"": 34, ""role_mainplot_role51.asl"": 34, ""role_mainplot_role52.asl"": 34, ""role_mainplot_role53.asl"": 34, ""role_mainplot_role54.asl"": 34, ""role_mainplot_role55.asl"": 34, ""role_mainplot_role56.asl"": 34, ""role_mainplot_role57.asl"": 34, ""role_mainplot_role58.asl"": 34, ""role_mainplot_role59.asl"": 34, ""role_mainplot_role60.asl"": 34, ""role_mainplot_role61.asl"": 34, ""role_mainplot_role62.asl"": 34, ""role_mainplot_role63.asl"": 34, ""role_mainplot_role64.asl"": 34, ""role_mainplot_role65.asl"": 34, ""role_mainplot_role66.asl"": 34, ""role_mainplot_role67.asl"": 34, ""role_mainplot_role68.asl"": 34, ""role_mainplot_role69.asl"": 34, ""role_mainplot_role70.asl"": 34, ""role_mainplot_role71.asl"": 34, ""role_mainplot_role72.asl"": 34, ""role_mainplot_role73.asl"": 34, ""role_mainplot_role74.asl"": 34, ""role_mainplot_role75.asl"": 34, ""role_mainplot_role76.asl"": 34, ""role_mainplot_role77.asl"": 34, ""role_mainplot_role78.asl"": 34, ""role_mainplot_role79.asl"": 34, ""role_mainplot_role80.asl"": 34, ""role_mainplot_role81.asl"": 34, ""role_mainplot_role82.asl"": 34, ""role_mainplot_role83.asl"": 34, ""role_mainplot_role84.asl"": 34, ""role_mainplot_role85.asl"": 34, ""role_mainplot_role86.asl"": 34, ""role_mainplot_role87.asl"": 34, ""role_mainplot_role88.asl"": 34, ""role_mainplot_role89.asl"": 34, ""role_mainplot_role90.asl"": 34, ""role_mainplot_role91.asl"": 34, ""role_mainplot_role92.asl"": 34, ""role_mainplot_role93.asl"": 34, ""role_mainplot_role94.asl"": 34, ""role_mainplot_role95.asl"": 34, ""role_mainplot_role96.asl"": 34, ""role_mainplot_role97.asl"": 34, ""role_mainplot_role98.asl"": 34, ""role_mainplot_role99.asl"": 34}",5.216687422166874,0.03780570399976568,0.001292368000576971,1.3244514465332031,True,7,0
grid_roles_playbooks,69,Linux 7.2.3-arch1-2,x86_64,24,30.44,3.14.7,10,10,5,2,2,1,2,100,2,0,0,42,803,25847,103,4189,"{""playbook_playbook0.asl"": 26, ""playbook_playbook1.asl"": 26, ""director_mainplot.asl"": 737, ""role_mainplot_role0.asl"": 34, ""role_mainplot_role1.asl"": 34, ""role_mainplot_role2.asl"": 34, ""role_mainplot_role3.asl"": 34, ""role_mainplot_role4.asl"": 34, ""role_mainplot_role5.asl"": 34, ""role_mainplot_role6.asl"": 34, ""role_mainplot_role7.asl"": 34, ""role_mainplot_role8.asl"": 34, ""role_mainplot_role9.asl"": 34, ""role_mainplot_role10.asl"": 34, ""role_mainplot_role11.asl"": 34, ""role_mainplot_role12.asl"": 34, ""role_mainplot_role13.asl"": 34, ""role_mainplot_role14.asl"": 34, ""role_mainplot_role15.asl"": 34, ""role_mainplot_role16.asl"": 34, ""role_mainplot_role17.asl"": 34, ""role_mainplot_role18.asl"": 34, ""role_mainplot_role19.asl"": 34, ""role_mainplot_role20.asl"": 34, ""role_mainplot_role21.asl"": 34, ""role_mainplot_role22.asl"": 34, ""role_mainplot_role23.asl"": 34, ""role_mainplot_role24.asl"": 34, ""role_mainplot_role25.asl"": 34, ""role_mainplot_role26.asl"": 34, ""role_mainplot_role27.asl"": 34, ""role_mainplot_role28.asl"": 34, ""role_mainplot_role29.asl"": 34, ""role_mainplot_role30.asl"": 34, ""role_mainplot_role31.asl"": 34, ""role_mainplot_role32.asl"": 34, ""role_mainplot_role33.asl"": 34, ""role_mainplot_role34.asl"": 34, ""role_mainplot_role35.asl"": 34, ""role_mainplot_role36.asl"": 34, ""role_mainplot_role37.asl"": 34, ""role_mainplot_role38.asl"": 34, ""role_mainplot_role39.asl"": 34, ""role_mainplot_role40.asl"": 34, ""role_mainplot_role41.asl"": 34, ""role_mainplot_role42.asl"": 34, ""role_mainplot_role43.asl"": 34, ""role_mainplot_role44.asl"": 34, ""role_mainplot_role45.asl"": 34, ""role_mainplot_role46.asl"": 34, ""role_mainplot_role47.asl"": 34, ""role_mainplot_role48.asl"": 34, ""role_mainplot_role49.asl"": 34, ""role_mainplot_role50.asl"": 34, ""role_mainplot_role51.asl"": 34, ""role_mainplot_role52.asl"": 34, ""role_mainplot_role53.asl"": 34, ""role_mainplot_role54.asl"": 34, ""role_mainplot_role55.asl"": 34, ""role_mainplot_role56.asl"": 34, ""role_mainplot_role57.asl"": 34, ""role_mainplot_role58.asl"": 34, ""role_mainplot_role59.asl"": 34, ""role_mainplot_role60.asl"": 34, ""role_mainplot_role61.asl"": 34, ""role_mainplot_role62.asl"": 34, ""role_mainplot_role63.asl"": 34, ""role_mainplot_role64.asl"": 34, ""role_mainplot_role65.asl"": 34, ""role_mainplot_role66.asl"": 34, ""role_mainplot_role67.asl"": 34, ""role_mainplot_role68.asl"": 34, ""role_mainplot_role69.asl"": 34, ""role_mainplot_role70.asl"": 34, ""role_mainplot_role71.asl"": 34, ""role_mainplot_role72.asl"": 34, ""role_mainplot_role73.asl"": 34, ""role_mainplot_role74.asl"": 34, ""role_mainplot_role75.asl"": 34, ""role_mainplot_role76.asl"": 34, ""role_mainplot_role77.asl"": 34, ""role_mainplot_role78.asl"": 34, ""role_mainplot_role79.asl"": 34, ""role_mainplot_role80.asl"": 34, ""role_mainplot_role81.asl"": 34, ""role_mainplot_role82.asl"": 34, ""role_mainplot_role83.asl"": 34, ""role_mainplot_role84.asl"": 34, ""role_mainplot_role85.asl"": 34, ""role_mainplot_role86.asl"": 34, ""role_mainplot_role87.asl"": 34, ""role_mainplot_role88.asl"": 34, ""role_mainplot_role89.asl"": 34, ""role_mainplot_role90.asl"": 34, ""role_mainplot_role91.asl"": 34, ""role_mainplot_role92.asl"": 34, ""role_mainplot_role93.asl"": 34, ""role_mainplot_role94.asl"": 34, ""role_mainplot_role95.asl"": 34, ""role_mainplot_role96.asl"": 34, ""role_mainplot_role97.asl"": 34, ""role_mainplot_role98.asl"": 34, ""role_mainplot_role99.asl"": 34}",5.216687422166874,0.03765597399979015,0.0012898879995191237,1.3244514465332031,True,7,0
grid_roles_playbooks,70,Linux 7.2.3-arch1-2,x86_64,24,30.44,3.14.7,10,10,5,5,2,1,2,1,2,0,0,42,152,2778,7,307,"{""playbook_playbook0.asl"": 26, ""playbook_playbook1.asl"": 26, ""playbook_playbook2.asl"": 26, ""playbook_playbook3.asl"": 26, ""playbook_playbook4.asl"": 26, ""director_mainplot.asl"": 143, ""role_mainplot_role0.asl"": 34}",2.0197368421052633,0.0052753609998035245,0.00011190000077476725,0.1919879913330078,True,4,0
grid_roles_playbooks,71,Linux 7.2.3-arch1-2,x86_64,24,30.44,3.14.7,10,10,5,5,2,1,2,1,2,0,0,42,152,2778,7,307,"{""playbook_playbook0.asl"": 26, ""playbook_playbook1.asl"": 26, ""playbook_playbook2.asl"": 26, ""playbook_playbook3.asl"": 26, ""playbook_playbook4.asl"": 26, ""director_mainplot.asl"": 143, ""role_mainplot_role0.asl"": 34}",2.0197368421052633,0.005654370999764069,0.00011422999887145124,0.1920185089111328,True,4,0
grid_roles_playbooks,72,Linux 7.2.3-arch1-2,x86_64,24,30.44,3.14.7,10,10,5,5,2,1,2,1,2,0,0,42,152,2778,7,307,"{""playbook_playbook0.asl"": 26, ""playbook_playbook1.asl"": 26, ""playbook_playbook2.asl"": 26, ""playbook_playbook3.asl"": 26, ""playbook_playbook4.asl"": 26, ""director_mainplot.asl"": 143, ""role_mainplot_role0.asl"": 34}",2.0197368421052633,0.005207110998526332,0.00011325000014039688,0.1920185089111328,True,4,0
grid_roles_playbooks,73,Linux 7.2.3-arch1-2,x86_64,24,30.44,3.14.7,10,10,5,5,2,1,2,1,2,0,0,42,152,2778,7,307,"{""playbook_playbook0.asl"": 26, ""playbook_playbook1.asl"": 26, ""playbook_playbook2.asl"": 26, ""playbook_playbook3.asl"": 26, ""playbook_playbook4.asl"": 26, ""director_mainplot.asl"": 143, ""role_mainplot_role0.asl"": 34}",2.0197368421052633,0.005221280000114348,0.0001144599991675932,0.1920185089111328,True,4,0
grid_roles_playbooks,74,Linux 7.2.3-arch1-2,x86_64,24,30.44,3.14.7,10,10,5,5,2,1,2,1,2,0,0,42,152,2778,7,307,"{""playbook_playbook0.asl"": 26, ""playbook_playbook1.asl"": 26, ""playbook_playbook2.asl"": 26, ""playbook_playbook3.asl"": 26, ""playbook_playbook4.asl"": 26, ""director_mainplot.asl"": 143, ""role_mainplot_role0.asl"": 34}",2.0197368421052633,0.005246581000392325,0.00011161000111314934,0.1920185089111328,True,4,0
grid_roles_playbooks,75,Linux 7.2.3-arch1-2,x86_64,24,30.44,3.14.7,10,10,5,5,2,1,2,2,2,0,0,42,159,3014,8,347,"{""playbook_playbook0.asl"": 26, ""playbook_playbook1.asl"": 26, ""playbook_playbook2.asl"": 26, ""playbook_playbook3.asl"": 26, ""playbook_playbook4.asl"": 26, ""director_mainplot.asl"": 149, ""role_mainplot_role0.asl"": 34, ""role_mainplot_role1.asl"": 34}",2.1823899371069184,0.005578309999691555,0.00012459999925340526,0.20399093627929688,True,3,0
grid_roles_playbooks,76,Linux 7.2.3-arch1-2,x86_64,24,30.44,3.14.7,10,10,5,5,2,1,2,2,2,0,0,42,159,3014,8,347,"{""playbook_playbook0.asl"": 26, ""playbook_playbook1.asl"": 26, ""playbook_playbook2.asl"": 26, ""playbook_playbook3.asl"": 26, ""playbook_playbook4.asl"": 26, ""director_mainplot.asl"": 149, ""role_mainplot_role0.asl"": 34, ""role_mainplot_role1.asl"": 34}",2.1823899371069184,0.005602960000032908,0.00012543899902084377,0.20399093627929688,True,3,0
grid_roles_playbooks,77,Linux 7.2.3-arch1-2,x86_64,24,30.44,3.14.7,10,10,5,5,2,1,2,2,2,0,0,42,159,3014,8,347,"{""playbook_playbook0.asl"": 26, ""playbook_playbook1.asl"": 26, ""playbook_playbook2.asl"": 26, ""playbook_playbook3.asl"": 26, ""playbook_playbook4.asl"": 26, ""director_mainplot.asl"": 149, ""role_mainplot_role0.asl"": 34, ""role_mainplot_role1.asl"": 34}",2.1823899371069184,0.005592230998445302,0.00012520999916887376,0.20399093627929688,True,3,0
grid_roles_playbooks,78,Linux 7.2.3-arch1-2,x86_64,24,30.44,3.14.7,10,10,5,5,2,1,2,2,2,0,0,42,159,3014,8,347,"{""playbook_playbook0.asl"": 26, ""playbook_playbook1.asl"": 26, ""playbook_playbook2.asl"": 26, ""playbook_playbook3.asl"": 26, ""playbook_playbook4.asl"": 26, ""director_mainplot.asl"": 149, ""role_mainplot_role0.asl"": 34, ""role_mainplot_role1.asl"": 34}",2.1823899371069184,0.005585539998719469,0.0001253199989150744,0.20399093627929688,True,3,0
grid_roles_playbooks,79,Linux 7.2.3-arch1-2,x86_64,24,30.44,3.14.7,10,10,5,5,2,1,2,2,2,0,0,42,159,3014,8,347,"{""playbook_playbook0.asl"": 26, ""playbook_playbook1.asl"": 26, ""playbook_playbook2.asl"": 26, ""playbook_playbook3.asl"": 26, ""playbook_playbook4.asl"": 26, ""director_mainplot.asl"": 149, ""role_mainplot_role0.asl"": 34, ""role_mainplot_role1.asl"": 34}",2.1823899371069184,0.005576809999183752,0.00012435000098776072,0.20399093627929688,True,3,0
grid_roles_playbooks,80,Linux 7.2.3-arch1-2,x86_64,24,30.44,3.14.7,10,10,5,5,2,1,2,5,2,0,0,42,180,3722,11,467,"{""playbook_playbook0.asl"": 26, ""playbook_playbook1.asl"": 26, ""playbook_playbook2.asl"": 26, ""playbook_playbook3.asl"": 26, ""playbook_playbook4.asl"": 26, ""director_mainplot.asl"": 167, ""role_mainplot_role0.asl"": 34, ""role_mainplot_role1.asl"": 34, ""role_mainplot_role2.asl"": 34, ""role_mainplot_role3.asl"": 34, ""role_mainplot_role4.asl"": 34}",2.5944444444444446,0.006651219000559649,0.00016128900097100995,0.24001502990722656,True,0,0
grid_roles_playbooks,81,Linux 7.2.3-arch1-2,x86_64,24,30.44,3.14.7,10,10,5,5,2,1,2,5,2,0,0,42,180,3722,11,467,"{""playbook_playbook0.asl"": 26, ""playbook_playbook1.asl"": 26, ""playbook_playbook2.asl"": 26, ""playbook_playbook3.asl"": 26, ""playbook_playbook4.asl"": 26, ""director_mainplot.asl"": 167, ""role_mainplot_role0.asl"": 34, ""role_mainplot_role1.asl"": 34, ""role_mainplot_role2.asl"": 34, ""role_mainplot_role3.asl"": 34, ""role_mainplot_role4.asl"": 34}",2.5944444444444446,0.006645268000283977,0.0001605100005690474,0.24001502990722656,True,0,0
grid_roles_playbooks,82,Linux 7.2.3-arch1-2,x86_64,24,30.44,3.14.7,10,10,5,5,2,1,2,5,2,0,0,42,180,3722,11,467,"{""playbook_playbook0.asl"": 26, ""playbook_playbook1.asl"": 26, ""playbook_playbook2.asl"": 26, ""playbook_playbook3.asl"": 26, ""playbook_playbook4.asl"": 26, ""director_mainplot.asl"": 167, ""role_mainplot_role0.asl"": 34, ""role_mainplot_role1.asl"": 34, ""role_mainplot_role2.asl"": 34, ""role_mainplot_role3.asl"": 34, ""role_mainplot_role4.asl"": 34}",2.5944444444444446,0.006633138000324834,0.00016055000014603138,0.24001502990722656,True,0,0
grid_roles_playbooks,83,Linux 7.2.3-arch1-2,x86_64,24,30.44,3.14.7,10,10,5,5,2,1,2,5,2,0,0,42,180,3722,11,467,"{""playbook_playbook0.asl"": 26, ""playbook_playbook1.asl"": 26, ""playbook_playbook2.asl"": 26, ""playbook_playbook3.asl"": 26, ""playbook_playbook4.asl"": 26, ""director_mainplot.asl"": 167, ""role_mainplot_role0.asl"": 34, ""role_mainplot_role1.asl"": 34, ""role_mainplot_role2.asl"": 34, ""role_mainplot_role3.asl"": 34, ""role_mainplot_role4.asl"": 34}",2.5944444444444446,0.0065978379989246605,0.00015999999959603883,0.24001502990722656,True,0,0
grid_roles_playbooks,84,Linux 7.2.3-arch1-2,x86_64,24,30.44,3.14.7,10,10,5,5,2,1,2,5,2,0,0,42,180,3722,11,467,"{""playbook_playbook0.asl"": 26, ""playbook_playbook1.asl"": 26, ""playbook_playbook2.asl"": 26, ""playbook_playbook3.asl"": 26, ""playbook_playbook4.asl"": 26, ""director_mainplot.asl"": 167, ""role_mainplot_role0.asl"": 34, ""role_mainplot_role1.asl"": 34, ""role_mainplot_role2.asl"": 34, ""role_mainplot_role3.asl"": 34, ""role_mainplot_role4.asl"": 34}",2.5944444444444446,0.006632958999034599,0.0001621690007596044,0.24001502990722656,True,0,0
grid_roles_playbooks,85,Linux 7.2.3-arch1-2,x86_64,24,30.44,3.14.7,10,10,5,5,2,1,2,10,2,0,0,42,215,4903,16,667,"{""playbook_playbook0.asl"": 26, ""playbook_playbook1.asl"": 26, ""playbook_playbook2.asl"": 26, ""playbook_playbook3.asl"": 26, ""playbook_playbook4.asl"": 26, ""director_mainplot.asl"": 197, ""role_mainplot_role0.asl"": 34, ""role_mainplot_role1.asl"": 34, ""role_mainplot_role2.asl"": 34, ""role_mainplot_role3.asl"": 34, ""role_mainplot_role4.asl"": 34, ""role_mainplot_role5.asl"": 34, ""role_mainplot_role6.asl"": 34, ""role_mainplot_role7.asl"": 34, ""role_mainplot_role8.asl"": 34, ""role_mainplot_role9.asl"": 34}",3.1023255813953488,0.008331304999956046,0.000227999998969608,0.3000154495239258,True,0,0
grid_roles_playbooks,86,Linux 7.2.3-arch1-2,x86_64,24,30.44,3.14.7,10,10,5,5,2,1,2,10,2,0,0,42,215,4903,16,667,"{""playbook_playbook0.asl"": 26, ""playbook_playbook1.asl"": 26, ""playbook_playbook2.asl"": 26, ""playbook_playbook3.asl"": 26, ""playbook_playbook4.asl"": 26, ""director_mainplot.asl"": 197, ""role_mainplot_role0.asl"": 34, ""role_mainplot_role1.asl"": 34, ""role_mainplot_role2.asl"": 34, ""role_mainplot_role3.asl"": 34, ""role_mainplot_role4.asl"": 34, ""role_mainplot_role5.asl"": 34, ""role_mainplot_role6.asl"": 34, ""role_mainplot_role7.asl"": 34, ""role_mainplot_role8.asl"": 34, ""role_mainplot_role9.asl"": 34}",3.1023255813953488,0.00836939599867037,0.0002226490014436422,0.3000154495239258,True,0,0
grid_roles_playbooks,87,Linux 7.2.3-arch1-2,x86_64,24,30.44,3.14.7,10,10,5,5,2,1,2,10,2,0,0,42,215,4903,16,667,"{""playbook_playbook0.asl"": 26, ""playbook_playbook1.asl"": 26, ""playbook_playbook2.asl"": 26, ""playbook_playbook3.asl"": 26, ""playbook_playbook4.asl"": 26, ""director_mainplot.asl"": 197, ""role_mainplot_role0.asl"": 34, ""role_mainplot_role1.asl"": 34, ""role_mainplot_role2.asl"": 34, ""role_mainplot_role3.asl"": 34, ""role_mainplot_role4.asl"": 34, ""role_mainplot_role5.asl"": 34, ""role_mainplot_role6.asl"": 34, ""role_mainplot_role7.asl"": 34, ""role_mainplot_role8.asl"": 34, ""role_mainplot_role9.asl"": 34}",3.1023255813953488,0.00834468499851937,0.00022817999888502527,0.3000154495239258,True,0,0
grid_roles_playbooks,88,Linux 7.2.3-arch1-2,x86_64,24,30.44,3.14.7,10,10,5,5,2,1,2,10,2,0,0,42,215,4903,16,667,"{""playbook_playbook0.asl"": 26, ""playbook_playbook1.asl"": 26, ""playbook_playbook2.asl"": 26, ""playbook_playbook3.asl"": 26, ""playbook_playbook4.asl"": 26, ""director_mainplot.asl"": 197, ""role_mainplot_role0.asl"": 34, ""role_mainplot_role1.asl"": 34, ""role_mainplot_role2.asl"": 34, ""role_mainplot_role3.asl"": 34, ""role_mainplot_role4.asl"": 34, ""role_mainplot_role5.asl"": 34, ""role_mainplot_role6.asl"": 34, ""role_mainplot_role7.asl"": 34, ""role_mainplot_role8.asl"": 34, ""role_mainplot_role9.asl"": 34}",3.1023255813953488,0.008383004998904653,0.00022133899983600713,0.3000154495239258,True,0,0
grid_roles_playbooks,89,Linux 7.2.3-arch1-2,x86_64,24,30.44,3.14.7,10,10,5,5,2,1,2,10,2,0,0,42,215,4903,16,667,"{""playbook_playbook0.asl"": 26, ""playbook_playbook1.asl"": 26, ""playbook_playbook2.asl"": 26, ""playbook_playbook3.asl"": 26, ""playbook_playbook4.asl"": 26, ""director_mainplot.asl"": 197, ""role_mainplot_role0.asl"": 34, ""role_mainplot_role1.asl"": 34, ""role_mainplot_role2.asl"": 34, ""role_mainplot_role3.asl"": 34, ""role_mainplot_role4.asl"": 34, ""role_mainplot_role5.asl"": 34, ""role_mainplot_role6.asl"": 34, ""role_mainplot_role7.asl"": 34, ""role_mainplot_role8.asl"": 34, ""role_mainplot_role9.asl"": 34}",3.1023255813953488,0.008817775000352412,0.00025812000058067497,0.3000154495239258,True,0,0
grid_roles_playbooks,90,Linux 7.2.3-arch1-2,x86_64,24,30.44,3.14.7,10,10,5,5,2,1,2,20,2,0,0,42,285,7313,26,1067,"{""playbook_playbook0.asl"": 26, ""playbook_playbook1.asl"": 26, ""playbook_playbook2.asl"": 26, ""playbook_playbook3.asl"": 26, ""playbook_playbook4.asl"": 26, ""director_mainplot.asl"": 257, ""role_mainplot_role0.asl"": 34, ""role_mainplot_role1.asl"": 34, ""role_mainplot_role2.asl"": 34, ""role_mainplot_role3.asl"": 34, ""role_mainplot_role4.asl"": 34, ""role_mainplot_role5.asl"": 34, ""role_mainplot_role6.asl"": 34, ""role_mainplot_role7.asl"": 34, ""role_mainplot_role8.asl"": 34, ""role_mainplot_role9.asl"": 34, ""role_mainplot_role10.asl"": 34, ""role_mainplot_role11.asl"": 34, ""role_mainplot_role12.asl"": 34, ""role_mainplot_role13.asl"": 34, ""role_mainplot_role14.asl"": 34, ""role_mainplot_role15.asl"": 34, ""role_mainplot_role16.asl"": 34, ""role_mainplot_role17.asl"": 34, ""role_mainplot_role18.asl"": 34, ""role_mainplot_role19.asl"": 34}",3.743859649122807,0.012735328000417212,0.00042911899981845636,0.42093753814697266,True,0,0
grid_roles_playbooks,91,Linux 7.2.3-arch1-2,x86_64,24,30.44,3.14.7,10,10,5,5,2,1,2,20,2,0,0,42,285,7313,26,1067,"{""playbook_playbook0.asl"": 26, ""playbook_playbook1.asl"": 26, ""playbook_playbook2.asl"": 26, ""playbook_playbook3.asl"": 26, ""playbook_playbook4.asl"": 26, ""director_mainplot.asl"": 257, ""role_mainplot_role0.asl"": 34, ""role_mainplot_role1.asl"": 34, ""role_mainplot_role2.asl"": 34, ""role_mainplot_role3.asl"": 34, ""role_mainplot_role4.asl"": 34, ""role_mainplot_role5.asl"": 34, ""role_mainplot_role6.asl"": 34, ""role_mainplot_role7.asl"": 34, ""role_mainplot_role8.asl"": 34, ""role_mainplot_role9.asl"": 34, ""role_mainplot_role10.asl"": 34, ""role_mainplot_role11.asl"": 34, ""role_mainplot_role12.asl"": 34, ""role_mainplot_role13.asl"": 34, ""role_mainplot_role14.asl"": 34, ""role_mainplot_role15.asl"": 34, ""role_mainplot_role16.asl"": 34, ""role_mainplot_role17.asl"": 34, ""role_mainplot_role18.asl"": 34, ""role_mainplot_role19.asl"": 34}",3.743859649122807,0.012751266998748179,0.000396798999645398,0.42090702056884766,True,0,0
grid_roles_playbooks,92,Linux 7.2.3-arch1-2,x86_64,24,30.44,3.14.7,10,10,5,5,2,1,2,20,2,0,0,42,285,7313,26,1067,"{""playbook_playbook0.asl"": 26, ""playbook_playbook1.asl"": 26, ""playbook_playbook2.asl"": 26, ""playbook_playbook3.asl"": 26, ""playbook_playbook4.asl"": 26, ""director_mainplot.asl"": 257, ""role_mainplot_role0.asl"": 34, ""role_mainplot_role1.asl"": 34, ""role_mainplot_role2.asl"": 34, ""role_mainplot_role3.asl"": 34, ""role_mainplot_role4.asl"": 34, ""role_mainplot_role5.asl"": 34, ""role_mainplot_role6.asl"": 34, ""role_mainplot_role7.asl"": 34, ""role_mainplot_role8.asl"": 34, ""role_mainplot_role9.asl"": 34, ""role_mainplot_role10.asl"": 34, ""role_mainplot_role11.asl"": 34, ""role_mainplot_role12.asl"": 34, ""role_mainplot_role13.asl"": 34, ""role_mainplot_role14.asl"": 34, ""role_mainplot_role15.asl"": 34, ""role_mainplot_role16.asl"": 34, ""role_mainplot_role17.asl"": 34, ""role_mainplot_role18.asl"": 34, ""role_mainplot_role19.asl"": 34}",3.743859649122807,0.012718878000669065,0.0003934800006391015,0.42090702056884766,True,0,0
grid_roles_playbooks,93,Linux 7.2.3-arch1-2,x86_64,24,30.44,3.14.7,10,10,5,5,2,1,2,20,2,0,0,42,285,7313,26,1067,"{""playbook_playbook0.asl"": 26, ""playbook_playbook1.asl"": 26, ""playbook_playbook2.asl"": 26, ""playbook_playbook3.asl"": 26, ""playbook_playbook4.asl"": 26, ""director_mainplot.asl"": 257, ""role_mainplot_role0.asl"": 34, ""role_mainplot_role1.asl"": 34, ""role_mainplot_role2.asl"": 34, ""role_mainplot_role3.asl"": 34, ""role_mainplot_role4.asl"": 34, ""role_mainplot_role5.asl"": 34, ""role_mainplot_role6.asl"": 34, ""role_mainplot_role7.asl"": 34, ""role_mainplot_role8.asl"": 34, ""role_mainplot_role9.asl"": 34, ""role_mainplot_role10.asl"": 34, ""role_mainplot_role11.asl"": 34, ""role_mainplot_role12.asl"": 34, ""role_mainplot_role13.asl"": 34, ""role_mainplot_role14.asl"": 34, ""role_mainplot_role15.asl"": 34, ""role_mainplot_role16.asl"": 34, ""role_mainplot_role17.asl"": 34, ""role_mainplot_role18.asl"": 34, ""role_mainplot_role19.asl"": 34}",3.743859649122807,0.012174678999144817,0.0003716589999385178,0.42090702056884766,True,0,0
grid_roles_playbooks,94,Linux 7.2.3-arch1-2,x86_64,24,30.44,3.14.7,10,10,5,5,2,1,2,20,2,0,0,42,285,7313,26,1067,"{""playbook_playbook0.asl"": 26, ""playbook_playbook1.asl"": 26, ""playbook_playbook2.asl"": 26, ""playbook_playbook3.asl"": 26, ""playbook_playbook4.asl"": 26, ""director_mainplot.asl"": 257, ""role_mainplot_role0.asl"": 34, ""role_mainplot_role1.asl"": 34, ""role_mainplot_role2.asl"": 34, ""role_mainplot_role3.asl"": 34, ""role_mainplot_role4.asl"": 34, ""role_mainplot_role5.asl"": 34, ""role_mainplot_role6.asl"": 34, ""role_mainplot_role7.asl"": 34, ""role_mainplot_role8.asl"": 34, ""role_mainplot_role9.asl"": 34, ""role_mainplot_role10.asl"": 34, ""role_mainplot_role11.asl"": 34, ""role_mainplot_role12.asl"": 34, ""role_mainplot_role13.asl"": 34, ""role_mainplot_role14.asl"": 34, ""role_mainplot_role15.asl"": 34, ""role_mainplot_role16.asl"": 34, ""role_mainplot_role17.asl"": 34, ""role_mainplot_role18.asl"": 34, ""role_mainplot_role19.asl"": 34}",3.743859649122807,0.01204673799838929,0.0003535800005920464,0.42090702056884766,True,0,0
grid_roles_playbooks,95,Linux 7.2.3-arch1-2,x86_64,24,30.44,3.14.7,10,10,5,5,2,1,2,50,2,0,0,42,495,14543,56,2267,"{""playbook_playbook0.asl"": 26, ""playbook_playbook1.asl"": 26, ""playbook_playbook2.asl"": 26, ""playbook_playbook3.asl"": 26, ""playbook_playbook4.asl"": 26, ""director_mainplot.asl"": 437, ""role_mainplot_role0.asl"": 34, ""role_mainplot_role1.asl"": 34, ""role_mainplot_role2.asl"": 34, ""role_mainplot_role3.asl"": 34, ""role_mainplot_role4.asl"": 34, ""role_mainplot_role5.asl"": 34, ""role_mainplot_role6.asl"": 34, ""role_mainplot_role7.asl"": 34, ""role_mainplot_role8.asl"": 34, ""role_mainplot_role9.asl"": 34, ""role_mainplot_role10.asl"": 34, ""role_mainplot_role11.asl"": 34, ""role_mainplot_role12.asl"": 34, ""role_mainplot_role13.asl"": 34, ""role_mainplot_role14.asl"": 34, ""role_mainplot_role15.asl"": 34, ""role_mainplot_role16.asl"": 34, ""role_mainplot_role17.asl"": 34, ""role_mainplot_role18.asl"": 34, ""role_mainplot_role19.asl"": 34, ""role_mainplot_role20.asl"": 34, ""role_mainplot_role21.asl"": 34, ""role_mainplot_role22.asl"": 34, ""role_mainplot_role23.asl"": 34, ""role_mainplot_role24.asl"": 34, ""role_mainplot_role25.asl"": 34, ""role_mainplot_role26.asl"": 34, ""role_mainplot_role27.asl"": 34, ""role_mainplot_role28.asl"": 34, ""role_mainplot_role29.asl"": 34, ""role_mainplot_role30.asl"": 34, ""role_mainplot_role31.asl"": 34, ""role_mainplot_role32.asl"": 34, ""role_mainplot_role33.asl"": 34, ""role_mainplot_role34.asl"": 34, ""role_mainplot_role35.asl"": 34, ""role_mainplot_role36.asl"": 34, ""role_mainplot_role37.asl"": 34, ""role_mainplot_role38.asl"": 34, ""role_mainplot_role39.asl"": 34, ""role_mainplot_role40.asl"": 34, ""role_mainplot_role41.asl"": 34, ""role_mainplot_role42.asl"": 34, ""role_mainplot_role43.asl"": 34, ""role_mainplot_role44.asl"": 34, ""role_mainplot_role45.asl"": 34, ""role_mainplot_role46.asl"": 34, ""role_mainplot_role47.asl"": 34, ""role_mainplot_role48.asl"": 34, ""role_mainplot_role49.asl"": 34}",4.57979797979798,0.02263178999965021,0.0007357690010394435,0.7877321243286133,True,0,0
grid_roles_playbooks,96,Linux 7.2.3-arch1-2,x86_64,24,30.44,3.14.7,10,10,5,5,2,1,2,50,2,0,0,42,495,14543,56,2267,"{""playbook_playbook0.asl"": 26, ""playbook_playbook1.asl"": 26, ""playbook_playbook2.asl"": 26, ""playbook_playbook3.asl"": 26, ""playbook_playbook4.asl"": 26, ""director_mainplot.asl"": 437, ""role_mainplot_role0.asl"": 34, ""role_mainplot_role1.asl"": 34, ""role_mainplot_role2.asl"": 34, ""role_mainplot_role3.asl"": 34, ""role_mainplot_role4.asl"": 34, ""role_mainplot_role5.asl"": 34, ""role_mainplot_role6.asl"": 34, ""role_mainplot_role7.asl"": 34, ""role_mainplot_role8.asl"": 34, ""role_mainplot_role9.asl"": 34, ""role_mainplot_role10.asl"": 34, ""role_mainplot_role11.asl"": 34, ""role_mainplot_role12.asl"": 34, ""role_mainplot_role13.asl"": 34, ""role_mainplot_role14.asl"": 34, ""role_mainplot_role15.asl"": 34, ""role_mainplot_role16.asl"": 34, ""role_mainplot_role17.asl"": 34, ""role_mainplot_role18.asl"": 34, ""role_mainplot_role19.asl"": 34, ""role_mainplot_role20.asl"": 34, ""role_mainplot_role21.asl"": 34, ""role_mainplot_role22.asl"": 34, ""role_mainplot_role23.asl"": 34, ""role_mainplot_role24.asl"": 34, ""role_mainplot_role25.asl"": 34, ""role_mainplot_role26.asl"": 34, ""role_mainplot_role27.asl"": 34, ""role_mainplot_role28.asl"": 34, ""role_mainplot_role29.asl"": 34, ""role_mainplot_role30.asl"": 34, ""role_mainplot_role31.asl"": 34, ""role_mainplot_role32.asl"": 34, ""role_mainplot_role33.asl"": 34, ""role_mainplot_role34.asl"": 34, ""role_mainplot_role35.asl"": 34, ""role_mainplot_role36.asl"": 34, ""role_mainplot_role37.asl"": 34, ""role_mainplot_role38.asl"": 34, ""role_mainplot_role39.asl"": 34, ""role_mainplot_role40.asl"": 34, ""role_mainplot_role41.asl"": 34, ""role_mainplot_role42.asl"": 34, ""role_mainplot_role43.asl"": 34, ""role_mainplot_role44.asl"": 34, ""role_mainplot_role45.asl"": 34, ""role_mainplot_role46.asl"": 34, ""role_mainplot_role47.asl"": 34, ""role_mainplot_role48.asl"": 34, ""role_mainplot_role49.asl"": 34}",4.57979797979798,0.022400861000278383,0.0007321079992834711,0.7877321243286133,True,0,0
grid_roles_playbooks,97,Linux 7.2.3-arch1-2,x86_64,24,30.44,3.14.7,10,10,5,5,2,1,2,50,2,0,0,42,495,14543,56,2267,"{""playbook_playbook0.asl"": 26, ""playbook_playbook1.asl"": 26, ""playbook_playbook2.asl"": 26, ""playbook_playbook3.asl"": 26, ""playbook_playbook4.asl"": 26, ""director_mainplot.asl"": 437, ""role_mainplot_role0.asl"": 34, ""role_mainplot_role1.asl"": 34, ""role_mainplot_role2.asl"": 34, ""role_mainplot_role3.asl"": 34, ""role_mainplot_role4.asl"": 34, ""role_mainplot_role5.asl"": 34, ""role_mainplot_role6.asl"": 34, ""role_mainplot_role7.asl"": 34, ""role_mainplot_role8.asl"": 34, ""role_mainplot_role9.asl"": 34, ""role_mainplot_role10.asl"": 34, ""role_mainplot_role11.asl"": 34, ""role_mainplot_role12.asl"": 34, ""role_mainplot_role13.asl"": 34, ""role_mainplot_role14.asl"": 34, ""role_mainplot_role15.asl"": 34, ""role_mainplot_role16.asl"": 34, ""role_mainplot_role17.asl"": 34, ""role_mainplot_role18.asl"": 34, ""role_mainplot_role19.asl"": 34, ""role_mainplot_role20.asl"": 34, ""role_mainplot_role21.asl"": 34, ""role_mainplot_role22.asl"": 34, ""role_mainplot_role23.asl"": 34, ""role_mainplot_role24.asl"": 34, ""role_mainplot_role25.asl"": 34, ""role_mainplot_role26.asl"": 34, ""role_mainplot_role27.asl"": 34, ""role_mainplot_role28.asl"": 34, ""role_mainplot_role29.asl"": 34, ""role_mainplot_role30.asl"": 34, ""role_mainplot_role31.asl"": 34, ""role_mainplot_role32.asl"": 34, ""role_mainplot_role33.asl"": 34, ""role_mainplot_role34.asl"": 34, ""role_mainplot_role35.asl"": 34, ""role_mainplot_role36.asl"": 34, ""role_mainplot_role37.asl"": 34, ""role_mainplot_role38.asl"": 34, ""role_mainplot_role39.asl"": 34, ""role_mainplot_role40.asl"": 34, ""role_mainplot_role41.asl"": 34, ""role_mainplot_role42.asl"": 34, ""role_mainplot_role43.asl"": 34, ""role_mainplot_role44.asl"": 34, ""role_mainplot_role45.asl"": 34, ""role_mainplot_role46.asl"": 34, ""role_mainplot_role47.asl"": 34, ""role_mainplot_role48.asl"": 34, ""role_mainplot_role49.asl"": 34}",4.57979797979798,0.02248178999980155,0.000722139000572497,0.7877321243286133,True,0,0
grid_roles_playbooks,98,Linux 7.2.3-arch1-2,x86_64,24,30.44,3.14.7,10,10,5,5,2,1,2,50,2,0,0,42,495,14543,56,2267,"{""playbook_playbook0.asl"": 26, ""playbook_playbook1.asl"": 26, ""playbook_playbook2.asl"": 26, ""playbook_playbook3.asl"": 26, ""playbook_playbook4.asl"": 26, ""director_mainplot.asl"": 437, ""role_mainplot_role0.asl"": 34, ""role_mainplot_role1.asl"": 34, ""role_mainplot_role2.asl"": 34, ""role_mainplot_role3.asl"": 34, ""role_mainplot_role4.asl"": 34, ""role_mainplot_role5.asl"": 34, ""role_mainplot_role6.asl"": 34, ""role_mainplot_role7.asl"": 34, ""role_mainplot_role8.asl"": 34, ""role_mainplot_role9.asl"": 34, ""role_mainplot_role10.asl"": 34, ""role_mainplot_role11.asl"": 34, ""role_mainplot_role12.asl"": 34, ""role_mainplot_role13.asl"": 34, ""role_mainplot_role14.asl"": 34, ""role_mainplot_role15.asl"": 34, ""role_mainplot_role16.asl"": 34, ""role_mainplot_role17.asl"": 34, ""role_mainplot_role18.asl"": 34, ""role_mainplot_role19.asl"": 34, ""role_mainplot_role20.asl"": 34, ""role_mainplot_role21.asl"": 34, ""role_mainplot_role22.asl"": 34, ""role_mainplot_role23.asl"": 34, ""role_mainplot_role24.asl"": 34, ""role_mainplot_role25.asl"": 34, ""role_mainplot_role26.asl"": 34, ""role_mainplot_role27.asl"": 34, ""role_mainplot_role28.asl"": 34, ""role_mainplot_role29.asl"": 34, ""role_mainplot_role30.asl"": 34, ""role_mainplot_role31.asl"": 34, ""role_mainplot_role32.asl"": 34, ""role_mainplot_role33.asl"": 34, ""role_mainplot_role34.asl"": 34, ""role_mainplot_role35.asl"": 34, ""role_mainplot_role36.asl"": 34, ""role_mainplot_role37.asl"": 34, ""role_mainplot_role38.asl"": 34, ""role_mainplot_role39.asl"": 34, ""role_mainplot_role40.asl"": 34, ""role_mainplot_role41.asl"": 34, ""role_mainplot_role42.asl"": 34, ""role_mainplot_role43.asl"": 34, ""role_mainplot_role44.asl"": 34, ""role_mainplot_role45.asl"": 34, ""role_mainplot_role46.asl"": 34, ""role_mainplot_role47.asl"": 34, ""role_mainplot_role48.asl"": 34, ""role_mainplot_role49.asl"": 34}",4.57979797979798,0.022306700999251916,0.0007274680010596057,0.7877321243286133,True,0,0
grid_roles_playbooks,99,Linux 7.2.3-arch1-2,x86_64,24,30.44,3.14.7,10,10,5,5,2,1,2,50,2,0,0,42,495,14543,56,2267,"{""playbook_playbook0.asl"": 26, ""playbook_playbook1.asl"": 26, ""playbook_playbook2.asl"": 26, ""playbook_playbook3.asl"": 26, ""playbook_playbook4.asl"": 26, ""director_mainplot.asl"": 437, ""role_mainplot_role0.asl"": 34, ""role_mainplot_role1.asl"": 34, ""role_mainplot_role2.asl"": 34, ""role_mainplot_role3.asl"": 34, ""role_mainplot_role4.asl"": 34, ""role_mainplot_role5.asl"": 34, ""role_mainplot_role6.asl"": 34, ""role_mainplot_role7.asl"": 34, ""role_mainplot_role8.asl"": 34, ""role_mainplot_role9.asl"": 34, ""role_mainplot_role10.asl"": 34, ""role_mainplot_role11.asl"": 34, ""role_mainplot_role12.asl"": 34, ""role_mainplot_role13.asl"": 34, ""role_mainplot_role14.asl"": 34, ""role_mainplot_role15.asl"": 34, ""role_mainplot_role16.asl"": 34, ""role_mainplot_role17.asl"": 34, ""role_mainplot_role18.asl"": 34, ""role_mainplot_role19.asl"": 34, ""role_mainplot_role20.asl"": 34, ""role_mainplot_role21.asl"": 34, ""role_mainplot_role22.asl"": 34, ""role_mainplot_role23.asl"": 34, ""role_mainplot_role24.asl"": 34, ""role_mainplot_role25.asl"": 34, ""role_mainplot_role26.asl"": 34, ""role_mainplot_role27.asl"": 34, ""role_mainplot_role28.asl"": 34, ""role_mainplot_role29.asl"": 34, ""role_mainplot_role30.asl"": 34, ""role_mainplot_role31.asl"": 34, ""role_mainplot_role32.asl"": 34, ""role_mainplot_role33.asl"": 34, ""role_mainplot_role34.asl"": 34, ""role_mainplot_role35.asl"": 34, ""role_mainplot_role36.asl"": 34, ""role_mainplot_role37.asl"": 34, ""role_mainplot_role38.asl"": 34, ""role_mainplot_role39.asl"": 34, ""role_mainplot_role40.asl"": 34, ""role_mainplot_role41.asl"": 34, ""role_mainplot_role42.asl"": 34, ""role_mainplot_role43.asl"": 34, ""role_mainplot_role44.asl"": 34, ""role_mainplot_role45.asl"": 34, ""role_mainplot_role46.asl"": 34, ""role_mainplot_role47.asl"": 34, ""role_mainplot_role48.asl"": 34, ""role_mainplot_role49.asl"": 34}",4.57979797979798,0.022377430001142784,0.0007204089997685514,0.7877321243286133,True,0,0
grid_roles_playbooks,100,Linux 7.2.3-arch1-2,x86_64,24,30.44,3.14.7,10,10,5,5,2,1,2,100,2,0,0,42,845,26594,106,4267,"{""playbook_playbook0.asl"": 26, ""playbook_playbook1.asl"": 26, ""playbook_playbook2.asl"": 26, ""playbook_playbook3.asl"": 26, ""playbook_playbook4.asl"": 26, ""director_mainplot.asl"": 737, ""role_mainplot_role0.asl"": 34, ""role_mainplot_role1.asl"": 34, ""role_mainplot_role2.asl"": 34, ""role_mainplot_role3.asl"": 34, ""role_mainplot_role4.asl"": 34, ""role_mainplot_role5.asl"": 34, ""role_mainplot_role6.asl"": 34, ""role_mainplot_role7.asl"": 34, ""role_mainplot_role8.asl"": 34, ""role_mainplot_role9.asl"": 34, ""role_mainplot_role10.asl"": 34, ""role_mainplot_role11.asl"": 34, ""role_mainplot_role12.asl"": 34, ""role_mainplot_role13.asl"": 34, ""role_mainplot_role14.asl"": 34, ""role_mainplot_role15.asl"": 34, ""role_mainplot_role16.asl"": 34, ""role_mainplot_role17.asl"": 34, ""role_mainplot_role18.asl"": 34, ""role_mainplot_role19.asl"": 34, ""role_mainplot_role20.asl"": 34, ""role_mainplot_role21.asl"": 34, ""role_mainplot_role22.asl"": 34, ""role_mainplot_role23.asl"": 34, ""role_mainplot_role24.asl"": 34, ""role_mainplot_role25.asl"": 34, ""role_mainplot_role26.asl"": 34, ""role_mainplot_role27.asl"": 34, ""role_mainplot_role28.asl"": 34, ""role_mainplot_role29.asl"": 34, ""role_mainplot_role30.asl"": 34, ""role_mainplot_role31.asl"": 34, ""role_mainplot_role32.asl"": 34, ""role_mainplot_role33.asl"": 34, ""role_mainplot_role34.asl"": 34, ""role_mainplot_role35.asl"": 34, ""role_mainplot_role36.asl"": 34, ""role_mainplot_role37.asl"": 34, ""role_mainplot_role38.asl"": 34, ""role_mainplot_role39.asl"": 34, ""role_mainplot_role40.asl"": 34, ""role_mainplot_role41.asl"": 34, ""role_mainplot_role42.asl"": 34, ""role_mainplot_role43.asl"": 34, ""role_mainplot_role44.asl"": 34, ""role_mainplot_role45.asl"": 34, ""role_mainplot_role46.asl"": 34, ""role_mainplot_role47.asl"": 34, ""role_mainplot_role48.asl"": 34, ""role_mainplot_role49.asl"": 34, ""role_mainplot_role50.asl"": 34, ""role_mainplot_role51.asl"": 34, ""role_mainplot_role52.asl"": 34, ""role_mainplot_role53.asl"": 34, ""role_mainplot_role54.asl"": 34, ""role_mainplot_role55.asl"": 34, ""role_mainplot_role56.asl"": 34, ""role_mainplot_role57.asl"": 34, ""role_mainplot_role58.asl"": 34, ""role_mainplot_role59.asl"": 34, ""role_mainplot_role60.asl"": 34, ""role_mainplot_role61.asl"": 34, ""role_mainplot_role62.asl"": 34, ""role_mainplot_role63.asl"": 34, ""role_mainplot_role64.asl"": 34, ""role_mainplot_role65.asl"": 34, ""role_mainplot_role66.asl"": 34, ""role_mainplot_role67.asl"": 34, ""role_mainplot_role68.asl"": 34, ""role_mainplot_role69.asl"": 34, ""role_mainplot_role70.asl"": 34, ""role_mainplot_role71.asl"": 34, ""role_mainplot_role72.asl"": 34, ""role_mainplot_role73.asl"": 34, ""role_mainplot_role74.asl"": 34, ""role_mainplot_role75.asl"": 34, ""role_mainplot_role76.asl"": 34, ""role_mainplot_role77.asl"": 34, ""role_mainplot_role78.asl"": 34, ""role_mainplot_role79.asl"": 34, ""role_mainplot_role80.asl"": 34, ""role_mainplot_role81.asl"": 34, ""role_mainplot_role82.asl"": 34, ""role_mainplot_role83.asl"": 34, ""role_mainplot_role84.asl"": 34, ""role_mainplot_role85.asl"": 34, ""role_mainplot_role86.asl"": 34, ""role_mainplot_role87.asl"": 34, ""role_mainplot_role88.asl"": 34, ""role_mainplot_role89.asl"": 34, ""role_mainplot_role90.asl"": 34, ""role_mainplot_role91.asl"": 34, ""role_mainplot_role92.asl"": 34, ""role_mainplot_role93.asl"": 34, ""role_mainplot_role94.asl"": 34, ""role_mainplot_role95.asl"": 34, ""role_mainplot_role96.asl"": 34, ""role_mainplot_role97.asl"": 34, ""role_mainplot_role98.asl"": 34, ""role_mainplot_role99.asl"": 34}",5.0497041420118345,0.03997931000048993,0.0013406180005404167,1.399118423461914,True,0,0
grid_roles_playbooks,101,Linux 7.2.3-arch1-2,x86_64,24,30.44,3.14.7,10,10,5,5,2,1,2,100,2,0,0,42,845,26594,106,4267,"{""playbook_playbook0.asl"": 26, ""playbook_playbook1.asl"": 26, ""playbook_playbook2.asl"": 26, ""playbook_playbook3.asl"": 26, ""playbook_playbook4.asl"": 26, ""director_mainplot.asl"": 737, ""role_mainplot_role0.asl"": 34, ""role_mainplot_role1.asl"": 34, ""role_mainplot_role2.asl"": 34, ""role_mainplot_role3.asl"": 34, ""role_mainplot_role4.asl"": 34, ""role_mainplot_role5.asl"": 34, ""role_mainplot_role6.asl"": 34, ""role_mainplot_role7.asl"": 34, ""role_mainplot_role8.asl"": 34, ""role_mainplot_role9.asl"": 34, ""role_mainplot_role10.asl"": 34, ""role_mainplot_role11.asl"": 34, ""role_mainplot_role12.asl"": 34, ""role_mainplot_role13.asl"": 34, ""role_mainplot_role14.asl"": 34, ""role_mainplot_role15.asl"": 34, ""role_mainplot_role16.asl"": 34, ""role_mainplot_role17.asl"": 34, ""role_mainplot_role18.asl"": 34, ""role_mainplot_role19.asl"": 34, ""role_mainplot_role20.asl"": 34, ""role_mainplot_role21.asl"": 34, ""role_mainplot_role22.asl"": 34, ""role_mainplot_role23.asl"": 34, ""role_mainplot_role24.asl"": 34, ""role_mainplot_role25.asl"": 34, ""role_mainplot_role26.asl"": 34, ""role_mainplot_role27.asl"": 34, ""role_mainplot_role28.asl"": 34, ""role_mainplot_role29.asl"": 34, ""role_mainplot_role30.asl"": 34, ""role_mainplot_role31.asl"": 34, ""role_mainplot_role32.asl"": 34, ""role_mainplot_role33.asl"": 34, ""role_mainplot_role34.asl"": 34, ""role_mainplot_role35.asl"": 34, ""role_mainplot_role36.asl"": 34, ""role_mainplot_role37.asl"": 34, ""role_mainplot_role38.asl"": 34, ""role_mainplot_role39.asl"": 34, ""role_mainplot_role40.asl"": 34, ""role_mainplot_role41.asl"": 34, ""role_mainplot_role42.asl"": 34, ""role_mainplot_role43.asl"": 34, ""role_mainplot_role44.asl"": 34, ""role_mainplot_role45.asl"": 34, ""role_mainplot_role46.asl"": 34, ""role_mainplot_role47.asl"": 34, ""role_mainplot_role48.asl"": 34, ""role_mainplot_role49.asl"": 34, ""role_mainplot_role50.asl"": 34, ""role_mainplot_role51.asl"": 34, ""role_mainplot_role52.asl"": 34, ""role_mainplot_role53.asl"": 34, ""role_mainplot_role54.asl"": 34, ""role_mainplot_role55.asl"": 34, ""role_mainplot_role56.asl"": 34, ""role_mainplot_role57.asl"": 34, ""role_mainplot_role58.asl"": 34, ""role_mainplot_role59.asl"": 34, ""role_mainplot_role60.asl"": 34, ""role_mainplot_role61.asl"": 34, ""role_mainplot_role62.asl"": 34, ""role_mainplot_role63.asl"": 34, ""role_mainplot_role64.asl"": 34, ""role_mainplot_role65.asl"": 34, ""role_mainplot_role66.asl"": 34, ""role_mainplot_role67.asl"": 34, ""role_mainplot_role68.asl"": 34, ""role_mainplot_role69.asl"": 34, ""role_mainplot_role70.asl"": 34, ""role_mainplot_role71.asl"": 34, ""role_mainplot_role72.asl"": 34, ""role_mainplot_role73.asl"": 34, ""role_mainplot_role74.asl"": 34, ""role_mainplot_role75.asl"": 34, ""role_mainplot_role76.asl"": 34, ""role_mainplot_role77.asl"": 34, ""role_mainplot_role78.asl"": 34, ""role_mainplot_role79.asl"": 34, ""role_mainplot_role80.asl"": 34, ""role_mainplot_role81.asl"": 34, ""role_mainplot_role82.asl"": 34, ""role_mainplot_role83.asl"": 34, ""role_mainplot_role84.asl"": 34, ""role_mainplot_role85.asl"": 34, ""role_mainplot_role86.asl"": 34, ""role_mainplot_role87.asl"": 34, ""role_mainplot_role88.asl"": 34, ""role_mainplot_role89.asl"": 34, ""role_mainplot_role90.asl"": 34, ""role_mainplot_role91.asl"": 34, ""role_mainplot_role92.asl"": 34, ""role_mainplot_role93.asl"": 34, ""role_mainplot_role94.asl"": 34, ""role_mainplot_role95.asl"": 34, ""role_mainplot_role96.asl"": 34, ""role_mainplot_role97.asl"": 34, ""role_mainplot_role98.asl"": 34, ""role_mainplot_role99.asl"": 34}",5.0497041420118345,0.03931137099971238,0.0013527270002668956,1.399118423461914,True,0,0
grid_roles_playbooks,102,Linux 7.2.3-arch1-2,x86_64,24,30.44,3.14.7,10,10,5,5,2,1,2,100,2,0,0,42,845,26594,106,4267,"{""playbook_playbook0.asl"": 26, ""playbook_playbook1.asl"": 26, ""playbook_playbook2.asl"": 26, ""playbook_playbook3.asl"": 26, ""playbook_playbook4.asl"": 26, ""director_mainplot.asl"": 737, ""role_mainplot_role0.asl"": 34, ""role_mainplot_role1.asl"": 34, ""role_mainplot_role2.asl"": 34, ""role_mainplot_role3.asl"": 34, ""role_mainplot_role4.asl"": 34, ""role_mainplot_role5.asl"": 34, ""role_mainplot_role6.asl"": 34, ""role_mainplot_role7.asl"": 34, ""role_mainplot_role8.asl"": 34, ""role_mainplot_role9.asl"": 34, ""role_mainplot_role10.asl"": 34, ""role_mainplot_role11.asl"": 34, ""role_mainplot_role12.asl"": 34, ""role_mainplot_role13.asl"": 34, ""role_mainplot_role14.asl"": 34, ""role_mainplot_role15.asl"": 34, ""role_mainplot_role16.asl"": 34, ""role_mainplot_role17.asl"": 34, ""role_mainplot_role18.asl"": 34, ""role_mainplot_role19.asl"": 34, ""role_mainplot_role20.asl"": 34, ""role_mainplot_role21.asl"": 34, ""role_mainplot_role22.asl"": 34, ""role_mainplot_role23.asl"": 34, ""role_mainplot_role24.asl"": 34, ""role_mainplot_role25.asl"": 34, ""role_mainplot_role26.asl"": 34, ""role_mainplot_role27.asl"": 34, ""role_mainplot_role28.asl"": 34, ""role_mainplot_role29.asl"": 34, ""role_mainplot_role30.asl"": 34, ""role_mainplot_role31.asl"": 34, ""role_mainplot_role32.asl"": 34, ""role_mainplot_role33.asl"": 34, ""role_mainplot_role34.asl"": 34, ""role_mainplot_role35.asl"": 34, ""role_mainplot_role36.asl"": 34, ""role_mainplot_role37.asl"": 34, ""role_mainplot_role38.asl"": 34, ""role_mainplot_role39.asl"": 34, ""role_mainplot_role40.asl"": 34, ""role_mainplot_role41.asl"": 34, ""role_mainplot_role42.asl"": 34, ""role_mainplot_role43.asl"": 34, ""role_mainplot_role44.asl"": 34, ""role_mainplot_role45.asl"": 34, ""role_mainplot_role46.asl"": 34, ""role_mainplot_role47.asl"": 34, ""role_mainplot_role48.asl"": 34, ""role_mainplot_role49.asl"": 34, ""role_mainplot_role50.asl"": 34, ""role_mainplot_role51.asl"": 34, ""role_mainplot_role52.asl"": 34, ""role_mainplot_role53.asl"": 34, ""role_mainplot_role54.asl"": 34, ""role_mainplot_role55.asl"": 34, ""role_mainplot_role56.asl"": 34, ""role_mainplot_role57.asl"": 34, ""role_mainplot_role58.asl"": 34, ""role_mainplot_role59.asl"": 34, ""role_mainplot_role60.asl"": 34, ""role_mainplot_role61.asl"": 34, ""role_mainplot_role62.asl"": 34, ""role_mainplot_role63.asl"": 34, ""role_mainplot_role64.asl"": 34, ""role_mainplot_role65.asl"": 34, ""role_mainplot_role66.asl"": 34, ""role_mainplot_role67.asl"": 34, ""role_mainplot_role68.asl"": 34, ""role_mainplot_role69.asl"": 34, ""role_mainplot_role70.asl"": 34, ""role_mainplot_role71.asl"": 34, ""role_mainplot_role72.asl"": 34, ""role_mainplot_role73.asl"": 34, ""role_mainplot_role74.asl"": 34, ""role_mainplot_role75.asl"": 34, ""role_mainplot_role76.asl"": 34, ""role_mainplot_role77.asl"": 34, ""role_mainplot_role78.asl"": 34, ""role_mainplot_role79.asl"": 34, ""role_mainplot_role80.asl"": 34, ""role_mainplot_role81.asl"": 34, ""role_mainplot_role82.asl"": 34, ""role_mainplot_role83.asl"": 34, ""role_mainplot_role84.asl"": 34, ""role_mainplot_role85.asl"": 34, ""role_mainplot_role86.asl"": 34, ""role_mainplot_role87.asl"": 34, ""role_mainplot_role88.asl"": 34, ""role_mainplot_role89.asl"": 34, ""role_mainplot_role90.asl"": 34, ""role_mainplot_role91.asl"": 34, ""role_mainplot_role92.asl"": 34, ""role_mainplot_role93.asl"": 34, ""role_mainplot_role94.asl"": 34, ""role_mainplot_role95.asl"": 34, ""role_mainplot_role96.asl"": 34, ""role_mainplot_role97.asl"": 34, ""role_mainplot_role98.asl"": 34, ""role_mainplot_role99.asl"": 34}",5.0497041420118345,0.03933899099865812,0.00136205700073333,1.399118423461914,True,0,0
grid_roles_playbooks,103,Linux 7.2.3-arch1-2,x86_64,24,30.44,3.14.7,10,10,5,5,2,1,2,100,2,0,0,42,845,26594,106,4267,"{""playbook_playbook0.asl"": 26, ""playbook_playbook1.asl"": 26, ""playbook_playbook2.asl"": 26, ""playbook_playbook3.asl"": 26, ""playbook_playbook4.asl"": 26, ""director_mainplot.asl"": 737, ""role_mainplot_role0.asl"": 34, ""role_mainplot_role1.asl"": 34, ""role_mainplot_role2.asl"": 34, ""role_mainplot_role3.asl"": 34, ""role_mainplot_role4.asl"": 34, ""role_mainplot_role5.asl"": 34, ""role_mainplot_role6.asl"": 34, ""role_mainplot_role7.asl"": 34, ""role_mainplot_role8.asl"": 34, ""role_mainplot_role9.asl"": 34, ""role_mainplot_role10.asl"": 34, ""role_mainplot_role11.asl"": 34, ""role_mainplot_role12.asl"": 34, ""role_mainplot_role13.asl"": 34, ""role_mainplot_role14.asl"": 34, ""role_mainplot_role15.asl"": 34, ""role_mainplot_role16.asl"": 34, ""role_mainplot_role17.asl"": 34, ""role_mainplot_role18.asl"": 34, ""role_mainplot_role19.asl"": 34, ""role_mainplot_role20.asl"": 34, ""role_mainplot_role21.asl"": 34, ""role_mainplot_role22.asl"": 34, ""role_mainplot_role23.asl"": 34, ""role_mainplot_role24.asl"": 34, ""role_mainplot_role25.asl"": 34, ""role_mainplot_role26.asl"": 34, ""role_mainplot_role27.asl"": 34, ""role_mainplot_role28.asl"": 34, ""role_mainplot_role29.asl"": 34, ""role_mainplot_role30.asl"": 34, ""role_mainplot_role31.asl"": 34, ""role_mainplot_role32.asl"": 34, ""role_mainplot_role33.asl"": 34, ""role_mainplot_role34.asl"": 34, ""role_mainplot_role35.asl"": 34, ""role_mainplot_role36.asl"": 34, ""role_mainplot_role37.asl"": 34, ""role_mainplot_role38.asl"": 34, ""role_mainplot_role39.asl"": 34, ""role_mainplot_role40.asl"": 34, ""role_mainplot_role41.asl"": 34, ""role_mainplot_role42.asl"": 34, ""role_mainplot_role43.asl"": 34, ""role_mainplot_role44.asl"": 34, ""role_mainplot_role45.asl"": 34, ""role_mainplot_role46.asl"": 34, ""role_mainplot_role47.asl"": 34, ""role_mainplot_role48.asl"": 34, ""role_mainplot_role49.asl"": 34, ""role_mainplot_role50.asl"": 34, ""role_mainplot_role51.asl"": 34, ""role_mainplot_role52.asl"": 34, ""role_mainplot_role53.asl"": 34, ""role_mainplot_role54.asl"": 34, ""role_mainplot_role55.asl"": 34, ""role_mainplot_role56.asl"": 34, ""role_mainplot_role57.asl"": 34, ""role_mainplot_role58.asl"": 34, ""role_mainplot_role59.asl"": 34, ""role_mainplot_role60.asl"": 34, ""role_mainplot_role61.asl"": 34, ""role_mainplot_role62.asl"": 34, ""role_mainplot_role63.asl"": 34, ""role_mainplot_role64.asl"": 34, ""role_mainplot_role65.asl"": 34, ""role_mainplot_role66.asl"": 34, ""role_mainplot_role67.asl"": 34, ""role_mainplot_role68.asl"": 34, ""role_mainplot_role69.asl"": 34, ""role_mainplot_role70.asl"": 34, ""role_mainplot_role71.asl"": 34, ""role_mainplot_role72.asl"": 34, ""role_mainplot_role73.asl"": 34, ""role_mainplot_role74.asl"": 34, ""role_mainplot_role75.asl"": 34, ""role_mainplot_role76.asl"": 34, ""role_mainplot_role77.asl"": 34, ""role_mainplot_role78.asl"": 34, ""role_mainplot_role79.asl"": 34, ""role_mainplot_role80.asl"": 34, ""role_mainplot_role81.asl"": 34, ""role_mainplot_role82.asl"": 34, ""role_mainplot_role83.asl"": 34, ""role_mainplot_role84.asl"": 34, ""role_mainplot_role85.asl"": 34, ""role_mainplot_role86.asl"": 34, ""role_mainplot_role87.asl"": 34, ""role_mainplot_role88.asl"": 34, ""role_mainplot_role89.asl"": 34, ""role_mainplot_role90.asl"": 34, ""role_mainplot_role91.asl"": 34, ""role_mainplot_role92.asl"": 34, ""role_mainplot_role93.asl"": 34, ""role_mainplot_role94.asl"": 34, ""role_mainplot_role95.asl"": 34, ""role_mainplot_role96.asl"": 34, ""role_mainplot_role97.asl"": 34, ""role_mainplot_role98.asl"": 34, ""role_mainplot_role99.asl"": 34}",5.0497041420118345,0.039345540000795154,0.0013335279982129578,1.399118423461914,True,0,0
grid_roles_playbooks,104,Linux 7.2.3-arch1-2,x86_64,24,30.44,3.14.7,10,10,5,5,2,1,2,100,2,0,0,42,845,26594,106,4267,"{""playbook_playbook0.asl"": 26, ""playbook_playbook1.asl"": 26, ""playbook_playbook2.asl"": 26, ""playbook_playbook3.asl"": 26, ""playbook_playbook4.asl"": 26, ""director_mainplot.asl"": 737, ""role_mainplot_role0.asl"": 34, ""role_mainplot_role1.asl"": 34, ""role_mainplot_role2.asl"": 34, ""role_mainplot_role3.asl"": 34, ""role_mainplot_role4.asl"": 34, ""role_mainplot_role5.asl"": 34, ""role_mainplot_role6.asl"": 34, ""role_mainplot_role7.asl"": 34, ""role_mainplot_role8.asl"": 34, ""role_mainplot_role9.asl"": 34, ""role_mainplot_role10.asl"": 34, ""role_mainplot_role11.asl"": 34, ""role_mainplot_role12.asl"": 34, ""role_mainplot_role13.asl"": 34, ""role_mainplot_role14.asl"": 34, ""role_mainplot_role15.asl"": 34, ""role_mainplot_role16.asl"": 34, ""role_mainplot_role17.asl"": 34, ""role_mainplot_role18.asl"": 34, ""role_mainplot_role19.asl"": 34, ""role_mainplot_role20.asl"": 34, ""role_mainplot_role21.asl"": 34, ""role_mainplot_role22.asl"": 34, ""role_mainplot_role23.asl"": 34, ""role_mainplot_role24.asl"": 34, ""role_mainplot_role25.asl"": 34, ""role_mainplot_role26.asl"": 34, ""role_mainplot_role27.asl"": 34, ""role_mainplot_role28.asl"": 34, ""role_mainplot_role29.asl"": 34, ""role_mainplot_role30.asl"": 34, ""role_mainplot_role31.asl"": 34, ""role_mainplot_role32.asl"": 34, ""role_mainplot_role33.asl"": 34, ""role_mainplot_role34.asl"": 34, ""role_mainplot_role35.asl"": 34, ""role_mainplot_role36.asl"": 34, ""role_mainplot_role37.asl"": 34, ""role_mainplot_role38.asl"": 34, ""role_mainplot_role39.asl"": 34, ""role_mainplot_role40.asl"": 34, ""role_mainplot_role41.asl"": 34, ""role_mainplot_role42.asl"": 34, ""role_mainplot_role43.asl"": 34, ""role_mainplot_role44.asl"": 34, ""role_mainplot_role45.asl"": 34, ""role_mainplot_role46.asl"": 34, ""role_mainplot_role47.asl"": 34, ""role_mainplot_role48.asl"": 34, ""role_mainplot_role49.asl"": 34, ""role_mainplot_role50.asl"": 34, ""role_mainplot_role51.asl"": 34, ""role_mainplot_role52.asl"": 34, ""role_mainplot_role53.asl"": 34, ""role_mainplot_role54.asl"": 34, ""role_mainplot_role55.asl"": 34, ""role_mainplot_role56.asl"": 34, ""role_mainplot_role57.asl"": 34, ""role_mainplot_role58.asl"": 34, ""role_mainplot_role59.asl"": 34, ""role_mainplot_role60.asl"": 34, ""role_mainplot_role61.asl"": 34, ""role_mainplot_role62.asl"": 34, ""role_mainplot_role63.asl"": 34, ""role_mainplot_role64.asl"": 34, ""role_mainplot_role65.asl"": 34, ""role_mainplot_role66.asl"": 34, ""role_mainplot_role67.asl"": 34, ""role_mainplot_role68.asl"": 34, ""role_mainplot_role69.asl"": 34, ""role_mainplot_role70.asl"": 34, ""role_mainplot_role71.asl"": 34, ""role_mainplot_role72.asl"": 34, ""role_mainplot_role73.asl"": 34, ""role_mainplot_role74.asl"": 34, ""role_mainplot_role75.asl"": 34, ""role_mainplot_role76.asl"": 34, ""role_mainplot_role77.asl"": 34, ""role_mainplot_role78.asl"": 34, ""role_mainplot_role79.asl"": 34, ""role_mainplot_role80.asl"": 34, ""role_mainplot_role81.asl"": 34, ""role_mainplot_role82.asl"": 34, ""role_mainplot_role83.asl"": 34, ""role_mainplot_role84.asl"": 34, ""role_mainplot_role85.asl"": 34, ""role_mainplot_role86.asl"": 34, ""role_mainplot_role87.asl"": 34, ""role_mainplot_role88.asl"": 34, ""role_mainplot_role89.asl"": 34, ""role_mainplot_role90.asl"": 34, ""role_mainplot_role91.asl"": 34, ""role_mainplot_role92.asl"": 34, ""role_mainplot_role93.asl"": 34, ""role_mainplot_role94.asl"": 34, ""role_mainplot_role95.asl"": 34, ""role_mainplot_role96.asl"": 34, ""role_mainplot_role97.asl"": 34, ""role_mainplot_role98.asl"": 34, ""role_mainplot_role99.asl"": 34}",5.0497041420118345,0.03953587999967567,0.0013317869997990783,1.399118423461914,True,0,0
grid_roles_playbooks,105,Linux 7.2.3-arch1-2,x86_64,24,30.44,3.14.7,10,10,5,10,2,1,2,1,2,0,0,42,222,4024,12,437,"{""playbook_playbook0.asl"": 26, ""playbook_playbook1.asl"": 26, ""playbook_playbook2.asl"": 26, ""playbook_playbook3.asl"": 26, ""playbook_playbook4.asl"": 26, ""playbook_playbook5.asl"": 26, ""playbook_playbook6.asl"": 26, ""playbook_playbook7.asl"": 26, ""playbook_playbook8.asl"": 26, ""playbook_playbook9.asl"": 26, ""director_mainplot.asl"": 143, ""role_mainplot_role0.asl"": 34}",1.9684684684684686,0.008219045999794616,0.00017379999917466193,0.3148775100708008,True,9,0
grid_roles_playbooks,106,Linux 7.2.3-arch1-2,x86_64,24,30.44,3.14.7,10,10,5,10,2,1,2,1,2,0,0,42,222,4024,12,437,"{""playbook_playbook0.asl"": 26, ""playbook_playbook1.asl"": 26, ""playbook_playbook2.asl"": 26, ""playbook_playbook3.asl"": 26, ""playbook_playbook4.asl"": 26, ""playbook_playbook5.asl"": 26, ""playbook_playbook6.asl"": 26, ""playbook_playbook7.asl"": 26, ""playbook_playbook8.asl"": 26, ""playbook_playbook9.asl"": 26, ""director_mainplot.asl"": 143, ""role_mainplot_role0.asl"": 34}",1.9684684684684686,0.00819081599911442,0.00017581999964022543,0.3149080276489258,True,9,0
grid_roles_playbooks,107,Linux 7.2.3-arch1-2,x86_64,24,30.44,3.14.7,10,10,5,10,2,1,2,1,2,0,0,42,222,4024,12,437,"{""playbook_playbook0.asl"": 26, ""playbook_playbook1.asl"": 26, ""playbook_playbook2.asl"": 26, ""playbook_playbook3.asl"": 26, ""playbook_playbook4.asl"": 26, ""playbook_playbook5.asl"": 26, ""playbook_playbook6.asl"": 26, ""playbook_playbook7.asl"": 26, ""playbook_playbook8.asl"": 26, ""playbook_playbook9.asl"": 26, ""director_mainplot.asl"": 143, ""role_mainplot_role0.asl"": 34}",1.9684684684684686,0.008167316000253777,0.00017104899961850606,0.3149080276489258,True,9,0
grid_roles_playbooks,108,Linux 7.2.3-arch1-2,x86_64,24,30.44,3.14.7,10,10,5,10,2,1,2,1,2,0,0,42,222,4024,12,437,"{""playbook_playbook0.asl"": 26, ""playbook_playbook1.asl"": 26, ""playbook_playbook2.asl"": 26, ""playbook_playbook3.asl"": 26, ""playbook_playbook4.asl"": 26, ""playbook_playbook5.asl"": 26, ""playbook_playbook6.asl"": 26, ""playbook_playbook7.asl"": 26, ""playbook_playbook8.asl"": 26, ""playbook_playbook9.asl"": 26, ""director_mainplot.asl"": 143, ""role_mainplot_role0.asl"": 34}",1.9684684684684686,0.008190305999960401,0.00017612900046515279,0.3149080276489258,True,9,0
grid_roles_playbooks,109,Linux 7.2.3-arch1-2,x86_64,24,30.44,3.14.7,10,10,5,10,2,1,2,1,2,0,0,42,222,4024,12,437,"{""playbook_playbook0.asl"": 26, ""playbook_playbook1.asl"": 26, ""playbook_playbook2.asl"": 26, ""playbook_playbook3.asl"": 26, ""playbook_playbook4.asl"": 26, ""playbook_playbook5.asl"": 26, ""playbook_playbook6.asl"": 26, ""playbook_playbook7.asl"": 26, ""playbook_playbook8.asl"": 26, ""playbook_playbook9.asl"": 26, ""director_mainplot.asl"": 143, ""role_mainplot_role0.asl"": 34}",1.9684684684684686,0.008182935998775065,0.00017210000078193843,0.3149080276489258,True,9,0
grid_roles_playbooks,110,Linux 7.2.3-arch1-2,x86_64,24,30.44,3.14.7,10,10,5,10,2,1,2,2,2,0,0,42,229,4260,13,477,"{""playbook_playbook0.asl"": 26, ""playbook_playbook1.asl"": 26, ""playbook_playbook2.asl"": 26, ""playbook_playbook3.asl"": 26, ""playbook_playbook4.asl"": 26, ""playbook_playbook5.asl"": 26, ""playbook_playbook6.asl"": 26, ""playbook_playbook7.asl"": 26, ""playbook_playbook8.asl"": 26, ""playbook_playbook9.asl"": 26, ""director_mainplot.asl"": 149, ""role_mainplot_role0.asl"": 34, ""role_mainplot_role1.asl"": 34}",2.0829694323144103,0.008530125000106636,0.0001854999991337536,0.32688045501708984,True,8,0
grid_roles_playbooks,111,Linux 7.2.3-arch1-2,x86_64,24,30.44,3.14.7,10,10,5,10,2,1,2,2,2,0,0,42,229,4260,13,477,"{""playbook_playbook0.asl"": 26, ""playbook_playbook1.asl"": 26, ""playbook_playbook2.asl"": 26, ""playbook_playbook3.asl"": 26, ""playbook_playbook4.asl"": 26, ""playbook_playbook5.asl"": 26, ""playbook_playbook6.asl"": 26, ""playbook_playbook7.asl"": 26, ""playbook_playbook8.asl"": 26, ""playbook_playbook9.asl"": 26, ""director_mainplot.asl"": 149, ""role_mainplot_role0.asl"": 34, ""role_mainplot_role1.asl"": 34}",2.0829694323144103,0.008525684001142508,0.00018228000044473447,0.32688045501708984,True,8,0
grid_roles_playbooks,112,Linux 7.2.3-arch1-2,x86_64,24,30.44,3.14.7,10,10,5,10,2,1,2,2,2,0,0,42,229,4260,13,477,"{""playbook_playbook0.asl"": 26, ""playbook_playbook1.asl"": 26, ""playbook_playbook2.asl"": 26, ""playbook_playbook3.asl"": 26, ""playbook_playbook4.asl"": 26, ""playbook_playbook5.asl"": 26, ""playbook_playbook6.asl"": 26, ""playbook_playbook7.asl"": 26, ""playbook_playbook8.asl"": 26, ""playbook_playbook9.asl"": 26, ""director_mainplot.asl"": 149, ""role_mainplot_role0.asl"": 34, ""role_mainplot_role1.asl"": 34}",2.0829694323144103,0.008500255000399193,0.0001821489986468805,0.32688045501708984,True,8,0
grid_roles_playbooks,113,Linux 7.2.3-arch1-2,x86_64,24,30.44,3.14.7,10,10,5,10,2,1,2,2,2,0,0,42,229,4260,13,477,"{""playbook_playbook0.asl"": 26, ""playbook_playbook1.asl"": 26, ""playbook_playbook2.asl"": 26, ""playbook_playbook3.asl"": 26, ""playbook_playbook4.asl"": 26, ""playbook_playbook5.asl"": 26, ""playbook_playbook6.asl"": 26, ""playbook_playbook7.asl"": 26, ""playbook_playbook8.asl"": 26, ""playbook_playbook9.asl"": 26, ""director_mainplot.asl"": 149, ""role_mainplot_role0.asl"": 34, ""role_mainplot_role1.asl"": 34}",2.0829694323144103,0.008533964999514865,0.00018666000141820405,0.32688045501708984,True,8,0
grid_roles_playbooks,114,Linux 7.2.3-arch1-2,x86_64,24,30.44,3.14.7,10,10,5,10,2,1,2,2,2,0,0,42,229,4260,13,477,"{""playbook_playbook0.asl"": 26, ""playbook_playbook1.asl"": 26, ""playbook_playbook2.asl"": 26, ""playbook_playbook3.asl"": 26, ""playbook_playbook4.asl"": 26, ""playbook_playbook5.asl"": 26, ""playbook_playbook6.asl"": 26, ""playbook_playbook7.asl"": 26, ""playbook_playbook8.asl"": 26, ""playbook_playbook9.asl"": 26, ""director_mainplot.asl"": 149, ""role_mainplot_role0.asl"": 34, ""role_mainplot_role1.asl"": 34}",2.0829694323144103,0.00853422500040324,0.00018244000057165977,0.32688045501708984,True,8,0
grid_roles_playbooks,115,Linux 7.2.3-arch1-2,x86_64,24,30.44,3.14.7,10,10,5,10,2,1,2,5,2,0,0,42,250,4968,16,597,"{""playbook_playbook0.asl"": 26, ""playbook_playbook1.asl"": 26, ""playbook_playbook2.asl"": 26, ""playbook_playbook3.asl"": 26, ""playbook_playbook4.asl"": 26, ""playbook_playbook5.asl"": 26, ""playbook_playbook6.asl"": 26, ""playbook_playbook7.asl"": 26, ""playbook_playbook8.asl"": 26, ""playbook_playbook9.asl"": 26, ""director_mainplot.asl"": 167, ""role_mainplot_role0.asl"": 34, ""role_mainplot_role1.asl"": 34, ""role_mainplot_role2.asl"": 34, ""role_mainplot_role3.asl"": 34, ""role_mainplot_role4.asl"": 34}",2.388,0.009653903000071296,0.00022054900000512134,0.36296558380126953,True,5,0
grid_roles_playbooks,116,Linux 7.2.3-arch1-2,x86_64,24,30.44,3.14.7,10,10,5,10,2,1,2,5,2,0,0,42,250,4968,16,597,"{""playbook_playbook0.asl"": 26, ""playbook_playbook1.asl"": 26, ""playbook_playbook2.asl"": 26, ""playbook_playbook3.asl"": 26, ""playbook_playbook4.asl"": 26, ""playbook_playbook5.asl"": 26, ""playbook_playbook6.asl"": 26, ""playbook_playbook7.asl"": 26, ""playbook_playbook8.asl"": 26, ""playbook_playbook9.asl"": 26, ""director_mainplot.asl"": 167, ""role_mainplot_role0.asl"": 34, ""role_mainplot_role1.asl"": 34, ""role_mainplot_role2.asl"": 34, ""role_mainplot_role3.asl"": 34, ""role_mainplot_role4.asl"": 34}",2.388,0.009699682999780634,0.00022213900047063362,0.36296558380126953,True,5,0
grid_roles_playbooks,117,Linux 7.2.3-arch1-2,x86_64,24,30.44,3.14.7,10,10,5,10,2,1,2,5,2,0,0,42,250,4968,16,597,"{""playbook_playbook0.asl"": 26, ""playbook_playbook1.asl"": 26, ""playbook_playbook2.asl"": 26, ""playbook_playbook3.asl"": 26, ""playbook_playbook4.asl"": 26, ""playbook_playbook5.asl"": 26, ""playbook_playbook6.asl"": 26, ""playbook_playbook7.asl"": 26, ""playbook_playbook8.asl"": 26, ""playbook_playbook9.asl"": 26, ""director_mainplot.asl"": 167, ""role_mainplot_role0.asl"": 34, ""role_mainplot_role1.asl"": 34, ""role_mainplot_role2.asl"": 34, ""role_mainplot_role3.asl"": 34, ""role_mainplot_role4.asl"": 34}",2.388,0.009654452998802299,0.00021921000006841496,0.36296558380126953,True,5,0
grid_roles_playbooks,118,Linux 7.2.3-arch1-2,x86_64,24,30.44,3.14.7,10,10,5,10,2,1,2,5,2,0,0,42,250,4968,16,597,"{""playbook_playbook0.asl"": 26, ""playbook_playbook1.asl"": 26, ""playbook_playbook2.asl"": 26, ""playbook_playbook3.asl"": 26, ""playbook_playbook4.asl"": 26, ""playbook_playbook5.asl"": 26, ""playbook_playbook6.asl"": 26, ""playbook_playbook7.asl"": 26, ""playbook_playbook8.asl"": 26, ""playbook_playbook9.asl"": 26, ""director_mainplot.asl"": 167, ""role_mainplot_role0.asl"": 34, ""role_mainplot_role1.asl"": 34, ""role_mainplot_role2.asl"": 34, ""role_mainplot_role3.asl"": 34, ""role_mainplot_role4.asl"": 34}",2.388,0.009645344000091427,0.00022112999977252912,0.36296558380126953,True,5,0
grid_roles_playbooks,119,Linux 7.2.3-arch1-2,x86_64,24,30.44,3.14.7,10,10,5,10,2,1,2,5,2,0,0,42,250,4968,16,597,"{""playbook_playbook0.asl"": 26, ""playbook_playbook1.asl"": 26, ""playbook_playbook2.asl"": 26, ""playbook_playbook3.asl"": 26, ""playbook_playbook4.asl"": 26, ""playbook_playbook5.asl"": 26, ""playbook_playbook6.asl"": 26, ""playbook_playbook7.asl"": 26, ""playbook_playbook8.asl"": 26, ""playbook_playbook9.asl"": 26, ""director_mainplot.asl"": 167, ""role_mainplot_role0.asl"": 34, ""role_mainplot_role1.asl"": 34, ""role_mainplot_role2.asl"": 34, ""role_mainplot_role3.asl"": 34, ""role_mainplot_role4.asl"": 34}",2.388,0.009777822000614833,0.00021921999905316625,0.36296558380126953,True,5,0
grid_roles_playbooks,120,Linux 7.2.3-arch1-2,x86_64,24,30.44,3.14.7,10,10,5,10,2,1,2,10,2,0,0,42,285,6149,21,797,"{""playbook_playbook0.asl"": 26, ""playbook_playbook1.asl"": 26, ""playbook_playbook2.asl"": 26, ""playbook_playbook3.asl"": 26, ""playbook_playbook4.asl"": 26, ""playbook_playbook5.asl"": 26, ""playbook_playbook6.asl"": 26, ""playbook_playbook7.asl"": 26, ""playbook_playbook8.asl"": 26, ""playbook_playbook9.asl"": 26, ""director_mainplot.asl"": 197, ""role_mainplot_role0.asl"": 34, ""role_mainplot_role1.asl"": 34, ""role_mainplot_role2.asl"": 34, ""role_mainplot_role3.asl"": 34, ""role_mainplot_role4.asl"": 34, ""role_mainplot_role5.asl"": 34, ""role_mainplot_role6.asl"": 34, ""role_mainplot_role7.asl"": 34, ""role_mainplot_role8.asl"": 34, ""role_mainplot_role9.asl"": 34}",2.7964912280701753,0.011421000001064385,0.0002816800006257836,0.42388153076171875,True,0,0
grid_roles_playbooks,121,Linux 7.2.3-arch1-2,x86_64,24,30.44,3.14.7,10,10,5,10,2,1,2,10,2,0,0,42,285,6149,21,797,"{""playbook_playbook0.asl"": 26, ""playbook_playbook1.asl"": 26, ""playbook_playbook2.asl"": 26, ""playbook_playbook3.asl"": 26, ""playbook_playbook4.asl"": 26, ""playbook_playbook5.asl"": 26, ""playbook_playbook6.asl"": 26, ""playbook_playbook7.asl"": 26, ""playbook_playbook8.asl"": 26, ""playbook_playbook9.asl"": 26, ""director_mainplot.asl"": 197, ""role_mainplot_role0.asl"": 34, ""role_mainplot_role1.asl"": 34, ""role_mainplot_role2.asl"": 34, ""role_mainplot_role3.asl"": 34, ""role_mainplot_role4.asl"": 34, ""role_mainplot_role5.asl"": 34, ""role_mainplot_role6.asl"": 34, ""role_mainplot_role7.asl"": 34, ""role_mainplot_role8.asl"": 34, ""role_mainplot_role9.asl"": 34}",2.7964912280701753,0.011395139999876847,0.00027993900039291475,0.42385101318359375,True,0,0
grid_roles_playbooks,122,Linux 7.2.3-arch1-2,x86_64,24,30.44,3.14.7,10,10,5,10,2,1,2,10,2,0,0,42,285,6149,21,797,"{""playbook_playbook0.asl"": 26, ""playbook_playbook1.asl"": 26, ""playbook_playbook2.asl"": 26, ""playbook_playbook3.asl"": 26, ""playbook_playbook4.asl"": 26, ""playbook_playbook5.asl"": 26, ""playbook_playbook6.asl"": 26, ""playbook_playbook7.asl"": 26, ""playbook_playbook8.asl"": 26, ""playbook_playbook9.asl"": 26, ""director_mainplot.asl"": 197, ""role_mainplot_role0.asl"": 34, ""role_mainplot_role1.asl"": 34, ""role_mainplot_role2.asl"": 34, ""role_mainplot_role3.asl"": 34, ""role_mainplot_role4.asl"": 34, ""role_mainplot_role5.asl"": 34, ""role_mainplot_role6.asl"": 34, ""role_mainplot_role7.asl"": 34, ""role_mainplot_role8.asl"": 34, ""role_mainplot_role9.asl"": 34}",2.7964912280701753,0.011375219999536057,0.0002784200005407911,0.42385101318359375,True,0,0
grid_roles_playbooks,123,Linux 7.2.3-arch1-2,x86_64,24,30.44,3.14.7,10,10,5,10,2,1,2,10,2,0,0,42,285,6149,21,797,"{""playbook_playbook0.asl"": 26, ""playbook_playbook1.asl"": 26, ""playbook_playbook2.asl"": 26, ""playbook_playbook3.asl"": 26, ""playbook_playbook4.asl"": 26, ""playbook_playbook5.asl"": 26, ""playbook_playbook6.asl"": 26, ""playbook_playbook7.asl"": 26, ""playbook_playbook8.asl"": 26, ""playbook_playbook9.asl"": 26, ""director_mainplot.asl"": 197, ""role_mainplot_role0.asl"": 34, ""role_mainplot_role1.asl"": 34, ""role_mainplot_role2.asl"": 34, ""role_mainplot_role3.asl"": 34, ""role_mainplot_role4.asl"": 34, ""role_mainplot_role5.asl"": 34, ""role_mainplot_role6.asl"": 34, ""role_mainplot_role7.asl"": 34, ""role_mainplot_role8.asl"": 34, ""role_mainplot_role9.asl"": 34}",2.7964912280701753,0.01156449900008738,0.0002793099993141368,0.42385101318359375,True,0,0
grid_roles_playbooks,124,Linux 7.2.3-arch1-2,x86_64,24,30.44,3.14.7,10,10,5,10,2,1,2,10,2,0,0,42,285,6149,21,797,"{""playbook_playbook0.asl"": 26, ""playbook_playbook1.asl"": 26, ""playbook_playbook2.asl"": 26, ""playbook_playbook3.asl"": 26, ""playbook_playbook4.asl"": 26, ""playbook_playbook5.asl"": 26, ""playbook_playbook6.asl"": 26, ""playbook_playbook7.asl"": 26, ""playbook_playbook8.asl"": 26, ""playbook_playbook9.asl"": 26, ""director_mainplot.asl"": 197, ""role_mainplot_role0.asl"": 34, ""role_mainplot_role1.asl"": 34, ""role_mainplot_role2.asl"": 34, ""role_mainplot_role3.asl"": 34, ""role_mainplot_role4.asl"": 34, ""role_mainplot_role5.asl"": 34, ""role_mainplot_role6.asl"": 34, ""role_mainplot_role7.asl"": 34, ""role_mainplot_role8.asl"": 34, ""role_mainplot_role9.asl"": 34}",2.7964912280701753,0.01134081099917239,0.00027817000045615714,0.42385101318359375,True,0,0
grid_roles_playbooks,125,Linux 7.2.3-arch1-2,x86_64,24,30.44,3.14.7,10,10,5,10,2,1,2,20,2,0,0,42,355,8559,31,1197,"{""playbook_playbook0.asl"": 26, ""playbook_playbook1.asl"": 26, ""playbook_playbook2.asl"": 26, ""playbook_playbook3.asl"": 26, ""playbook_playbook4.asl"": 26, ""playbook_playbook5.asl"": 26, ""playbook_playbook6.asl"": 26, ""playbook_playbook7.asl"": 26, ""playbook_playbook8.asl"": 26, ""playbook_playbook9.asl"": 26, ""director_mainplot.asl"": 257, ""role_mainplot_role0.asl"": 34, ""role_mainplot_role1.asl"": 34, ""role_mainplot_role2.asl"": 34, ""role_mainplot_role3.asl"": 34, ""role_mainplot_role4.asl"": 34, ""role_mainplot_role5.asl"": 34, ""role_mainplot_role6.asl"": 34, ""role_mainplot_role7.asl"": 34, ""role_mainplot_role8.asl"": 34, ""role_mainplot_role9.asl"": 34, ""role_mainplot_role10.asl"": 34, ""role_mainplot_role11.asl"": 34, ""role_mainplot_role12.asl"": 34, ""role_mainplot_role13.asl"": 34, ""role_mainplot_role14.asl"": 34, ""role_mainplot_role15.asl"": 34, ""role_mainplot_role16.asl"": 34, ""role_mainplot_role17.asl"": 34, ""role_mainplot_role18.asl"": 34, ""role_mainplot_role19.asl"": 34}",3.371830985915493,0.014874812999551068,0.00042836899956455454,0.5460853576660156,True,0,0
grid_roles_playbooks,126,Linux 7.2.3-arch1-2,x86_64,24,30.44,3.14.7,10,10,5,10,2,1,2,20,2,0,0,42,355,8559,31,1197,"{""playbook_playbook0.asl"": 26, ""playbook_playbook1.asl"": 26, ""playbook_playbook2.asl"": 26, ""playbook_playbook3.asl"": 26, ""playbook_playbook4.asl"": 26, ""playbook_playbook5.asl"": 26, ""playbook_playbook6.asl"": 26, ""playbook_playbook7.asl"": 26, ""playbook_playbook8.asl"": 26, ""playbook_playbook9.asl"": 26, ""director_mainplot.asl"": 257, ""role_mainplot_role0.asl"": 34, ""role_mainplot_role1.asl"": 34, ""role_mainplot_role2.asl"": 34, ""role_mainplot_role3.asl"": 34, ""role_mainplot_role4.asl"": 34, ""role_mainplot_role5.asl"": 34, ""role_mainplot_role6.asl"": 34, ""role_mainplot_role7.asl"": 34, ""role_mainplot_role8.asl"": 34, ""role_mainplot_role9.asl"": 34, ""role_mainplot_role10.asl"": 34, ""role_mainplot_role11.asl"": 34, ""role_mainplot_role12.asl"": 34, ""role_mainplot_role13.asl"": 34, ""role_mainplot_role14.asl"": 34, ""role_mainplot_role15.asl"": 34, ""role_mainplot_role16.asl"": 34, ""role_mainplot_role17.asl"": 34, ""role_mainplot_role18.asl"": 34, ""role_mainplot_role19.asl"": 34}",3.371830985915493,0.014867764000882744,0.00041380899892828893,0.5460853576660156,True,0,0
grid_roles_playbooks,127,Linux 7.2.3-arch1-2,x86_64,24,30.44,3.14.7,10,10,5,10,2,1,2,20,2,0,0,42,355,8559,31,1197,"{""playbook_playbook0.asl"": 26, ""playbook_playbook1.asl"": 26, ""playbook_playbook2.asl"": 26, ""playbook_playbook3.asl"": 26, ""playbook_playbook4.asl"": 26, ""playbook_playbook5.asl"": 26, ""playbook_playbook6.asl"": 26, ""playbook_playbook7.asl"": 26, ""playbook_playbook8.asl"": 26, ""playbook_playbook9.asl"": 26, ""director_mainplot.asl"": 257, ""role_mainplot_role0.asl"": 34, ""role_mainplot_role1.asl"": 34, ""role_mainplot_role2.asl"": 34, ""role_mainplot_role3.asl"": 34, ""role_mainplot_role4.asl"": 34, ""role_mainplot_role5.asl"": 34, ""role_mainplot_role6.asl"": 34, ""role_mainplot_role7.asl"": 34, ""role_mainplot_role8.asl"": 34, ""role_mainplot_role9.asl"": 34, ""role_mainplot_role10.asl"": 34, ""role_mainplot_role11.asl"": 34, ""role_mainplot_role12.asl"": 34, ""role_mainplot_role13.asl"": 34, ""role_mainplot_role14.asl"": 34, ""role_mainplot_role15.asl"": 34, ""role_mainplot_role16.asl"": 34, ""role_mainplot_role17.asl"": 34, ""role_mainplot_role18.asl"": 34, ""role_mainplot_role19.asl"": 34}",3.371830985915493,0.014861714000289794,0.0004188900002191076,0.5460853576660156,True,0,0
grid_roles_playbooks,128,Linux 7.2.3-arch1-2,x86_64,24,30.44,3.14.7,10,10,5,10,2,1,2,20,2,0,0,42,355,8559,31,1197,"{""playbook_playbook0.asl"": 26, ""playbook_playbook1.asl"": 26, ""playbook_playbook2.asl"": 26, ""playbook_playbook3.asl"": 26, ""playbook_playbook4.asl"": 26, ""playbook_playbook5.asl"": 26, ""playbook_playbook6.asl"": 26, ""playbook_playbook7.asl"": 26, ""playbook_playbook8.asl"": 26, ""playbook_playbook9.asl"": 26, ""director_mainplot.asl"": 257, ""role_mainplot_role0.asl"": 34, ""role_mainplot_role1.asl"": 34, ""role_mainplot_role2.asl"": 34, ""role_mainplot_role3.asl"": 34, ""role_mainplot_role4.asl"": 34, ""role_mainplot_role5.asl"": 34, ""role_mainplot_role6.asl"": 34, ""role_mainplot_role7.asl"": 34, ""role_mainplot_role8.asl"": 34, ""role_mainplot_role9.asl"": 34, ""role_mainplot_role10.asl"": 34, ""role_mainplot_role11.asl"": 34, ""role_mainplot_role12.asl"": 34, ""role_mainplot_role13.asl"": 34, ""role_mainplot_role14.asl"": 34, ""role_mainplot_role15.asl"": 34, ""role_mainplot_role16.asl"": 34, ""role_mainplot_role17.asl"": 34, ""role_mainplot_role18.asl"": 34, ""role_mainplot_role19.asl"": 34}",3.371830985915493,0.014819793999777175,0.000407379000535002,0.5460853576660156,True,0,0
grid_roles_playbooks,129,Linux 7.2.3-arch1-2,x86_64,24,30.44,3.14.7,10,10,5,10,2,1,2,20,2,0,0,42,355,8559,31,1197,"{""playbook_playbook0.asl"": 26, ""playbook_playbook1.asl"": 26, ""playbook_playbook2.asl"": 26, ""playbook_playbook3.asl"": 26, ""playbook_playbook4.asl"": 26, ""playbook_playbook5.asl"": 26, ""playbook_playbook6.asl"": 26, ""playbook_playbook7.asl"": 26, ""playbook_playbook8.asl"": 26, ""playbook_playbook9.asl"": 26, ""director_mainplot.asl"": 257, ""role_mainplot_role0.asl"": 34, ""role_mainplot_role1.asl"": 34, ""role_mainplot_role2.asl"": 34, ""role_mainplot_role3.asl"": 34, ""role_mainplot_role4.asl"": 34, ""role_mainplot_role5.asl"": 34, ""role_mainplot_role6.asl"": 34, ""role_mainplot_role7.asl"": 34, ""role_mainplot_role8.asl"": 34, ""role_mainplot_role9.asl"": 34, ""role_mainplot_role10.asl"": 34, ""role_mainplot_role11.asl"": 34, ""role_mainplot_role12.asl"": 34, ""role_mainplot_role13.asl"": 34, ""role_mainplot_role14.asl"": 34, ""role_mainplot_role15.asl"": 34, ""role_mainplot_role16.asl"": 34, ""role_mainplot_role17.asl"": 34, ""role_mainplot_role18.asl"": 34, ""role_mainplot_role19.asl"": 34}",3.371830985915493,0.01488660399991204,0.000411078999604797,0.5460853576660156,True,0,0
grid_roles_playbooks,130,Linux 7.2.3-arch1-2,x86_64,24,30.44,3.14.7,10,10,5,10,2,1,2,50,2,0,0,42,565,15789,61,2397,"{""playbook_playbook0.asl"": 26, ""playbook_playbook1.asl"": 26, ""playbook_playbook2.asl"": 26, ""playbook_playbook3.asl"": 26, ""playbook_playbook4.asl"": 26, ""playbook_playbook5.asl"": 26, ""playbook_playbook6.asl"": 26, ""playbook_playbook7.asl"": 26, ""playbook_playbook8.asl"": 26, ""playbook_playbook9.asl"": 26, ""director_mainplot.asl"": 437, ""role_mainplot_role0.asl"": 34, ""role_mainplot_role1.asl"": 34, ""role_mainplot_role2.asl"": 34, ""role_mainplot_role3.asl"": 34, ""role_mainplot_role4.asl"": 34, ""role_mainplot_role5.asl"": 34, ""role_mainplot_role6.asl"": 34, ""role_mainplot_role7.asl"": 34, ""role_mainplot_role8.asl"": 34, ""role_mainplot_role9.asl"": 34, ""role_mainplot_role10.asl"": 34, ""role_mainplot_role11.asl"": 34, ""role_mainplot_role12.asl"": 34, ""role_mainplot_role13.asl"": 34, ""role_mainplot_role14.asl"": 34, ""role_mainplot_role15.asl"": 34, ""role_mainplot_role16.asl"": 34, ""role_mainplot_role17.asl"": 34, ""role_mainplot_role18.asl"": 34, ""role_mainplot_role19.asl"": 34, ""role_mainplot_role20.asl"": 34, ""role_mainplot_role21.asl"": 34, ""role_mainplot_role22.asl"": 34, ""role_mainplot_role23.asl"": 34, ""role_mainplot_role24.asl"": 34, ""role_mainplot_role25.asl"": 34, ""role_mainplot_role26.asl"": 34, ""role_mainplot_role27.asl"": 34, ""role_mainplot_role28.asl"": 34, ""role_mainplot_role29.asl"": 34, ""role_mainplot_role30.asl"": 34, ""role_mainplot_role31.asl"": 34, ""role_mainplot_role32.asl"": 34, ""role_mainplot_role33.asl"": 34, ""role_mainplot_role34.asl"": 34, ""role_mainplot_role35.asl"": 34, ""role_mainplot_role36.asl"": 34, ""role_mainplot_role37.asl"": 34, ""role_mainplot_role38.asl"": 34, ""role_mainplot_role39.asl"": 34, ""role_mainplot_role40.asl"": 34, ""role_mainplot_role41.asl"": 34, ""role_mainplot_role42.asl"": 34, ""role_mainplot_role43.asl"": 34, ""role_mainplot_role44.asl"": 34, ""role_mainplot_role45.asl"": 34, ""role_mainplot_role46.asl"": 34, ""role_mainplot_role47.asl"": 34, ""role_mainplot_role48.asl"": 34, ""role_mainplot_role49.asl"": 34}",4.242477876106195,0.025436125999476644,0.0007948789989313809,0.9128494262695312,True,0,0
grid_roles_playbooks,131,Linux 7.2.3-arch1-2,x86_64,24,30.44,3.14.7,10,10,5,10,2,1,2,50,2,0,0,42,565,15789,61,2397,"{""playbook_playbook0.asl"": 26, ""playbook_playbook1.asl"": 26, ""playbook_playbook2.asl"": 26, ""playbook_playbook3.asl"": 26, ""playbook_playbook4.asl"": 26, ""playbook_playbook5.asl"": 26, ""playbook_playbook6.asl"": 26, ""playbook_playbook7.asl"": 26, ""playbook_playbook8.asl"": 26, ""playbook_playbook9.asl"": 26, ""director_mainplot.asl"": 437, ""role_mainplot_role0.asl"": 34, ""role_mainplot_role1.asl"": 34, ""role_mainplot_role2.asl"": 34, ""role_mainplot_role3.asl"": 34, ""role_mainplot_role4.asl"": 34, ""role_mainplot_role5.asl"": 34, ""role_mainplot_role6.asl"": 34, ""role_mainplot_role7.asl"": 34, ""role_mainplot_role8.asl"": 34, ""role_mainplot_role9.asl"": 34, ""role_mainplot_role10.asl"": 34, ""role_mainplot_role11.asl"": 34, ""role_mainplot_role12.asl"": 34, ""role_mainplot_role13.asl"": 34, ""role_mainplot_role14.asl"": 34, ""role_mainplot_role15.asl"": 34, ""role_mainplot_role16.asl"": 34, ""role_mainplot_role17.asl"": 34, ""role_mainplot_role18.asl"": 34, ""role_mainplot_role19.asl"": 34, ""role_mainplot_role20.asl"": 34, ""role_mainplot_role21.asl"": 34, ""role_mainplot_role22.asl"": 34, ""role_mainplot_role23.asl"": 34, ""role_mainplot_role24.asl"": 34, ""role_mainplot_role25.asl"": 34, ""role_mainplot_role26.asl"": 34, ""role_mainplot_role27.asl"": 34, ""role_mainplot_role28.asl"": 34, ""role_mainplot_role29.asl"": 34, ""role_mainplot_role30.asl"": 34, ""role_mainplot_role31.asl"": 34, ""role_mainplot_role32.asl"": 34, ""role_mainplot_role33.asl"": 34, ""role_mainplot_role34.asl"": 34, ""role_mainplot_role35.asl"": 34, ""role_mainplot_role36.asl"": 34, ""role_mainplot_role37.asl"": 34, ""role_mainplot_role38.asl"": 34, ""role_mainplot_role39.asl"": 34, ""role_mainplot_role40.asl"": 34, ""role_mainplot_role41.asl"": 34, ""role_mainplot_role42.asl"": 34, ""role_mainplot_role43.asl"": 34, ""role_mainplot_role44.asl"": 34, ""role_mainplot_role45.asl"": 34, ""role_mainplot_role46.asl"": 34, ""role_mainplot_role47.asl"": 34, ""role_mainplot_role48.asl"": 34, ""role_mainplot_role49.asl"": 34}",4.242477876106195,0.02531569600068906,0.0007852480011933949,0.9128494262695312,True,0,0
grid_roles_playbooks,132,Linux 7.2.3-arch1-2,x86_64,24,30.44,3.14.7,10,10,5,10,2,1,2,50,2,0,0,42,565,15789,61,2397,"{""playbook_playbook0.asl"": 26, ""playbook_playbook1.asl"": 26, ""playbook_playbook2.asl"": 26, ""playbook_playbook3.asl"": 26, ""playbook_playbook4.asl"": 26, ""playbook_playbook5.asl"": 26, ""playbook_playbook6.asl"": 26, ""playbook_playbook7.asl"": 26, ""playbook_playbook8.asl"": 26, ""playbook_playbook9.asl"": 26, ""director_mainplot.asl"": 437, ""role_mainplot_role0.asl"": 34, ""role_mainplot_role1.asl"": 34, ""role_mainplot_role2.asl"": 34, ""role_mainplot_role3.asl"": 34, ""role_mainplot_role4.asl"": 34, ""role_mainplot_role5.asl"": 34, ""role_mainplot_role6.asl"": 34, ""role_mainplot_role7.asl"": 34, ""role_mainplot_role8.asl"": 34, ""role_mainplot_role9.asl"": 34, ""role_mainplot_role10.asl"": 34, ""role_mainplot_role11.asl"": 34, ""role_mainplot_role12.asl"": 34, ""role_mainplot_role13.asl"": 34, ""role_mainplot_role14.asl"": 34, ""role_mainplot_role15.asl"": 34, ""role_mainplot_role16.asl"": 34, ""role_mainplot_role17.asl"": 34, ""role_mainplot_role18.asl"": 34, ""role_mainplot_role19.asl"": 34, ""role_mainplot_role20.asl"": 34, ""role_mainplot_role21.asl"": 34, ""role_mainplot_role22.asl"": 34, ""role_mainplot_role23.asl"": 34, ""role_mainplot_role24.asl"": 34, ""role_mainplot_role25.asl"": 34, ""role_mainplot_role26.asl"": 34, ""role_mainplot_role27.asl"": 34, ""role_mainplot_role28.asl"": 34, ""role_mainplot_role29.asl"": 34, ""role_mainplot_role30.asl"": 34, ""role_mainplot_role31.asl"": 34, ""role_mainplot_role32.asl"": 34, ""role_mainplot_role33.asl"": 34, ""role_mainplot_role34.asl"": 34, ""role_mainplot_role35.asl"": 34, ""role_mainplot_role36.asl"": 34, ""role_mainplot_role37.asl"": 34, ""role_mainplot_role38.asl"": 34, ""role_mainplot_role39.asl"": 34, ""role_mainplot_role40.asl"": 34, ""role_mainplot_role41.asl"": 34, ""role_mainplot_role42.asl"": 34, ""role_mainplot_role43.asl"": 34, ""role_mainplot_role44.asl"": 34, ""role_mainplot_role45.asl"": 34, ""role_mainplot_role46.asl"": 34, ""role_mainplot_role47.asl"": 34, ""role_mainplot_role48.asl"": 34, ""role_mainplot_role49.asl"": 34}",4.242477876106195,0.02531261500007531,0.0007861880003474653,0.9128494262695312,True,0,0
grid_roles_playbooks,133,Linux 7.2.3-arch1-2,x86_64,24,30.44,3.14.7,10,10,5,10,2,1,2,50,2,0,0,42,565,15789,61,2397,"{""playbook_playbook0.asl"": 26, ""playbook_playbook1.asl"": 26, ""playbook_playbook2.asl"": 26, ""playbook_playbook3.asl"": 26, ""playbook_playbook4.asl"": 26, ""playbook_playbook5.asl"": 26, ""playbook_playbook6.asl"": 26, ""playbook_playbook7.asl"": 26, ""playbook_playbook8.asl"": 26, ""playbook_playbook9.asl"": 26, ""director_mainplot.asl"": 437, ""role_mainplot_role0.asl"": 34, ""role_mainplot_role1.asl"": 34, ""role_mainplot_role2.asl"": 34, ""role_mainplot_role3.asl"": 34, ""role_mainplot_role4.asl"": 34, ""role_mainplot_role5.asl"": 34, ""role_mainplot_role6.asl"": 34, ""role_mainplot_role7.asl"": 34, ""role_mainplot_role8.asl"": 34, ""role_mainplot_role9.asl"": 34, ""role_mainplot_role10.asl"": 34, ""role_mainplot_role11.asl"": 34, ""role_mainplot_role12.asl"": 34, ""role_mainplot_role13.asl"": 34, ""role_mainplot_role14.asl"": 34, ""role_mainplot_role15.asl"": 34, ""role_mainplot_role16.asl"": 34, ""role_mainplot_role17.asl"": 34, ""role_mainplot_role18.asl"": 34, ""role_mainplot_role19.asl"": 34, ""role_mainplot_role20.asl"": 34, ""role_mainplot_role21.asl"": 34, ""role_mainplot_role22.asl"": 34, ""role_mainplot_role23.asl"": 34, ""role_mainplot_role24.asl"": 34, ""role_mainplot_role25.asl"": 34, ""role_mainplot_role26.asl"": 34, ""role_mainplot_role27.asl"": 34, ""role_mainplot_role28.asl"": 34, ""role_mainplot_role29.asl"": 34, ""role_mainplot_role30.asl"": 34, ""role_mainplot_role31.asl"": 34, ""role_mainplot_role32.asl"": 34, ""role_mainplot_role33.asl"": 34, ""role_mainplot_role34.asl"": 34, ""role_mainplot_role35.asl"": 34, ""role_mainplot_role36.asl"": 34, ""role_mainplot_role37.asl"": 34, ""role_mainplot_role38.asl"": 34, ""role_mainplot_role39.asl"": 34, ""role_mainplot_role40.asl"": 34, ""role_mainplot_role41.asl"": 34, ""role_mainplot_role42.asl"": 34, ""role_mainplot_role43.asl"": 34, ""role_mainplot_role44.asl"": 34, ""role_mainplot_role45.asl"": 34, ""role_mainplot_role46.asl"": 34, ""role_mainplot_role47.asl"": 34, ""role_mainplot_role48.asl"": 34, ""role_mainplot_role49.asl"": 34}",4.242477876106195,0.025320385000668466,0.00077765899914084,0.9128494262695312,True,0,0
grid_roles_playbooks,134,Linux 7.2.3-arch1-2,x86_64,24,30.44,3.14.7,10,10,5,10,2,1,2,50,2,0,0,42,565,15789,61,2397,"{""playbook_playbook0.asl"": 26, ""playbook_playbook1.asl"": 26, ""playbook_playbook2.asl"": 26, ""playbook_playbook3.asl"": 26, ""playbook_playbook4.asl"": 26, ""playbook_playbook5.asl"": 26, ""playbook_playbook6.asl"": 26, ""playbook_playbook7.asl"": 26, ""playbook_playbook8.asl"": 26, ""playbook_playbook9.asl"": 26, ""director_mainplot.asl"": 437, ""role_mainplot_role0.asl"": 34, ""role_mainplot_role1.asl"": 34, ""role_mainplot_role2.asl"": 34, ""role_mainplot_role3.asl"": 34, ""role_mainplot_role4.asl"": 34, ""role_mainplot_role5.asl"": 34, ""role_mainplot_role6.asl"": 34, ""role_mainplot_role7.asl"": 34, ""role_mainplot_role8.asl"": 34, ""role_mainplot_role9.asl"": 34, ""role_mainplot_role10.asl"": 34, ""role_mainplot_role11.asl"": 34, ""role_mainplot_role12.asl"": 34, ""role_mainplot_role13.asl"": 34, ""role_mainplot_role14.asl"": 34, ""role_mainplot_role15.asl"": 34, ""role_mainplot_role16.asl"": 34, ""role_mainplot_role17.asl"": 34, ""role_mainplot_role18.asl"": 34, ""role_mainplot_role19.asl"": 34, ""role_mainplot_role20.asl"": 34, ""role_mainplot_role21.asl"": 34, ""role_mainplot_role22.asl"": 34, ""role_mainplot_role23.asl"": 34, ""role_mainplot_role24.asl"": 34, ""role_mainplot_role25.asl"": 34, ""role_mainplot_role26.asl"": 34, ""role_mainplot_role27.asl"": 34, ""role_mainplot_role28.asl"": 34, ""role_mainplot_role29.asl"": 34, ""role_mainplot_role30.asl"": 34, ""role_mainplot_role31.asl"": 34, ""role_mainplot_role32.asl"": 34, ""role_mainplot_role33.asl"": 34, ""role_mainplot_role34.asl"": 34, ""role_mainplot_role35.asl"": 34, ""role_mainplot_role36.asl"": 34, ""role_mainplot_role37.asl"": 34, ""role_mainplot_role38.asl"": 34, ""role_mainplot_role39.asl"": 34, ""role_mainplot_role40.asl"": 34, ""role_mainplot_role41.asl"": 34, ""role_mainplot_role42.asl"": 34, ""role_mainplot_role43.asl"": 34, ""role_mainplot_role44.asl"": 34, ""role_mainplot_role45.asl"": 34, ""role_mainplot_role46.asl"": 34, ""role_mainplot_role47.asl"": 34, ""role_mainplot_role48.asl"": 34, ""role_mainplot_role49.asl"": 34}",4.242477876106195,0.025310455999715487,0.0007834989992261399,0.9128494262695312,True,0,0
grid_roles_playbooks,135,Linux 7.2.3-arch1-2,x86_64,24,30.44,3.14.7,10,10,5,10,2,1,2,100,2,0,0,42,915,27840,111,4397,"{""playbook_playbook0.asl"": 26, ""playbook_playbook1.asl"": 26, ""playbook_playbook2.asl"": 26, ""playbook_playbook3.asl"": 26, ""playbook_playbook4.asl"": 26, ""playbook_playbook5.asl"": 26, ""playbook_playbook6.asl"": 26, ""playbook_playbook7.asl"": 26, ""playbook_playbook8.asl"": 26, ""playbook_playbook9.asl"": 26, ""director_mainplot.asl"": 737, ""role_mainplot_role0.asl"": 34, ""role_mainplot_role1.asl"": 34, ""role_mainplot_role2.asl"": 34, ""role_mainplot_role3.asl"": 34, ""role_mainplot_role4.asl"": 34, ""role_mainplot_role5.asl"": 34, ""role_mainplot_role6.asl"": 34, ""role_mainplot_role7.asl"": 34, ""role_mainplot_role8.asl"": 34, ""role_mainplot_role9.asl"": 34, ""role_mainplot_role10.asl"": 34, ""role_mainplot_role11.asl"": 34, ""role_mainplot_role12.asl"": 34, ""role_mainplot_role13.asl"": 34, ""role_mainplot_role14.asl"": 34, ""role_mainplot_role15.asl"": 34, ""role_mainplot_role16.asl"": 34, ""role_mainplot_role17.asl"": 34, ""role_mainplot_role18.asl"": 34, ""role_mainplot_role19.asl"": 34, ""role_mainplot_role20.asl"": 34, ""role_mainplot_role21.asl"": 34, ""role_mainplot_role22.asl"": 34, ""role_mainplot_role23.asl"": 34, ""role_mainplot_role24.asl"": 34, ""role_mainplot_role25.asl"": 34, ""role_mainplot_role26.asl"": 34, ""role_mainplot_role27.asl"": 34, ""role_mainplot_role28.asl"": 34, ""role_mainplot_role29.asl"": 34, ""role_mainplot_role30.asl"": 34, ""role_mainplot_role31.asl"": 34, ""role_mainplot_role32.asl"": 34, ""role_mainplot_role33.asl"": 34, ""role_mainplot_role34.asl"": 34, ""role_mainplot_role35.asl"": 34, ""role_mainplot_role36.asl"": 34, ""role_mainplot_role37.asl"": 34, ""role_mainplot_role38.asl"": 34, ""role_mainplot_role39.asl"": 34, ""role_mainplot_role40.asl"": 34, ""role_mainplot_role41.asl"": 34, ""role_mainplot_role42.asl"": 34, ""role_mainplot_role43.asl"": 34, ""role_mainplot_role44.asl"": 34, ""role_mainplot_role45.asl"": 34, ""role_mainplot_role46.asl"": 34, ""role_mainplot_role47.asl"": 34, ""role_mainplot_role48.asl"": 34, ""role_mainplot_role49.asl"": 34, ""role_mainplot_role50.asl"": 34, ""role_mainplot_role51.asl"": 34, ""role_mainplot_role52.asl"": 34, ""role_mainplot_role53.asl"": 34, ""role_mainplot_role54.asl"": 34, ""role_mainplot_role55.asl"": 34, ""role_mainplot_role56.asl"": 34, ""role_mainplot_role57.asl"": 34, ""role_mainplot_role58.asl"": 34, ""role_mainplot_role59.asl"": 34, ""role_mainplot_role60.asl"": 34, ""role_mainplot_role61.asl"": 34, ""role_mainplot_role62.asl"": 34, ""role_mainplot_role63.asl"": 34, ""role_mainplot_role64.asl"": 34, ""role_mainplot_role65.asl"": 34, ""role_mainplot_role66.asl"": 34, ""role_mainplot_role67.asl"": 34, ""role_mainplot_role68.asl"": 34, ""role_mainplot_role69.asl"": 34, ""role_mainplot_role70.asl"": 34, ""role_mainplot_role71.asl"": 34, ""role_mainplot_role72.asl"": 34, ""role_mainplot_role73.asl"": 34, ""role_mainplot_role74.asl"": 34, ""role_mainplot_role75.asl"": 34, ""role_mainplot_role76.asl"": 34, ""role_mainplot_role77.asl"": 34, ""role_mainplot_role78.asl"": 34, ""role_mainplot_role79.asl"": 34, ""role_mainplot_role80.asl"": 34, ""role_mainplot_role81.asl"": 34, ""role_mainplot_role82.asl"": 34, ""role_mainplot_role83.asl"": 34, ""role_mainplot_role84.asl"": 34, ""role_mainplot_role85.asl"": 34, ""role_mainplot_role86.asl"": 34, ""role_mainplot_role87.asl"": 34, ""role_mainplot_role88.asl"": 34, ""role_mainplot_role89.asl"": 34, ""role_mainplot_role90.asl"": 34, ""role_mainplot_role91.asl"": 34, ""role_mainplot_role92.asl"": 34, ""role_mainplot_role93.asl"": 34, ""role_mainplot_role94.asl"": 34, ""role_mainplot_role95.asl"": 34, ""role_mainplot_role96.asl"": 34, ""role_mainplot_role97.asl"": 34, ""role_mainplot_role98.asl"": 34, ""role_mainplot_role99.asl"": 34}",4.805464480874317,0.04291056400143134,0.0014123979999567382,1.524479866027832,True,0,0
grid_roles_playbooks,136,Linux 7.2.3-arch1-2,x86_64,24,30.44,3.14.7,10,10,5,10,2,1,2,100,2,0,0,42,915,27840,111,4397,"{""playbook_playbook0.asl"": 26, ""playbook_playbook1.asl"": 26, ""playbook_playbook2.asl"": 26, ""playbook_playbook3.asl"": 26, ""playbook_playbook4.asl"": 26, ""playbook_playbook5.asl"": 26, ""playbook_playbook6.asl"": 26, ""playbook_playbook7.asl"": 26, ""playbook_playbook8.asl"": 26, ""playbook_playbook9.asl"": 26, ""director_mainplot.asl"": 737, ""role_mainplot_role0.asl"": 34, ""role_mainplot_role1.asl"": 34, ""role_mainplot_role2.asl"": 34, ""role_mainplot_role3.asl"": 34, ""role_mainplot_role4.asl"": 34, ""role_mainplot_role5.asl"": 34, ""role_mainplot_role6.asl"": 34, ""role_mainplot_role7.asl"": 34, ""role_mainplot_role8.asl"": 34, ""role_mainplot_role9.asl"": 34, ""role_mainplot_role10.asl"": 34, ""role_mainplot_role11.asl"": 34, ""role_mainplot_role12.asl"": 34, ""role_mainplot_role13.asl"": 34, ""role_mainplot_role14.asl"": 34, ""role_mainplot_role15.asl"": 34, ""role_mainplot_role16.asl"": 34, ""role_mainplot_role17.asl"": 34, ""role_mainplot_role18.asl"": 34, ""role_mainplot_role19.asl"": 34, ""role_mainplot_role20.asl"": 34, ""role_mainplot_role21.asl"": 34, ""role_mainplot_role22.asl"": 34, ""role_mainplot_role23.asl"": 34, ""role_mainplot_role24.asl"": 34, ""role_mainplot_role25.asl"": 34, ""role_mainplot_role26.asl"": 34, ""role_mainplot_role27.asl"": 34, ""role_mainplot_role28.asl"": 34, ""role_mainplot_role29.asl"": 34, ""role_mainplot_role30.asl"": 34, ""role_mainplot_role31.asl"": 34, ""role_mainplot_role32.asl"": 34, ""role_mainplot_role33.asl"": 34, ""role_mainplot_role34.asl"": 34, ""role_mainplot_role35.asl"": 34, ""role_mainplot_role36.asl"": 34, ""role_mainplot_role37.asl"": 34, ""role_mainplot_role38.asl"": 34, ""role_mainplot_role39.asl"": 34, ""role_mainplot_role40.asl"": 34, ""role_mainplot_role41.asl"": 34, ""role_mainplot_role42.asl"": 34, ""role_mainplot_role43.asl"": 34, ""role_mainplot_role44.asl"": 34, ""role_mainplot_role45.asl"": 34, ""role_mainplot_role46.asl"": 34, ""role_mainplot_role47.asl"": 34, ""role_mainplot_role48.asl"": 34, ""role_mainplot_role49.asl"": 34, ""role_mainplot_role50.asl"": 34, ""role_mainplot_role51.asl"": 34, ""role_mainplot_role52.asl"": 34, ""role_mainplot_role53.asl"": 34, ""role_mainplot_role54.asl"": 34, ""role_mainplot_role55.asl"": 34, ""role_mainplot_role56.asl"": 34, ""role_mainplot_role57.asl"": 34, ""role_mainplot_role58.asl"": 34, ""role_mainplot_role59.asl"": 34, ""role_mainplot_role60.asl"": 34, ""role_mainplot_role61.asl"": 34, ""role_mainplot_role62.asl"": 34, ""role_mainplot_role63.asl"": 34, ""role_mainplot_role64.asl"": 34, ""role_mainplot_role65.asl"": 34, ""role_mainplot_role66.asl"": 34, ""role_mainplot_role67.asl"": 34, ""role_mainplot_role68.asl"": 34, ""role_mainplot_role69.asl"": 34, ""role_mainplot_role70.asl"": 34, ""role_mainplot_role71.asl"": 34, ""role_mainplot_role72.asl"": 34, ""role_mainplot_role73.asl"": 34, ""role_mainplot_role74.asl"": 34, ""role_mainplot_role75.asl"": 34, ""role_mainplot_role76.asl"": 34, ""role_mainplot_role77.asl"": 34, ""role_mainplot_role78.asl"": 34, ""role_mainplot_role79.asl"": 34, ""role_mainplot_role80.asl"": 34, ""role_mainplot_role81.asl"": 34, ""role_mainplot_role82.asl"": 34, ""role_mainplot_role83.asl"": 34, ""role_mainplot_role84.asl"": 34, ""role_mainplot_role85.asl"": 34, ""role_mainplot_role86.asl"": 34, ""role_mainplot_role87.asl"": 34, ""role_mainplot_role88.asl"": 34, ""role_mainplot_role89.asl"": 34, ""role_mainplot_role90.asl"": 34, ""role_mainplot_role91.asl"": 34, ""role_mainplot_role92.asl"": 34, ""role_mainplot_role93.asl"": 34, ""role_mainplot_role94.asl"": 34, ""role_mainplot_role95.asl"": 34, ""role_mainplot_role96.asl"": 34, ""role_mainplot_role97.asl"": 34, ""role_mainplot_role98.asl"": 34, ""role_mainplot_role99.asl"": 34}",4.805464480874317,0.04289451400109101,0.0014055369993002387,1.524479866027832,True,0,0
grid_roles_playbooks,137,Linux 7.2.3-arch1-2,x86_64,24,30.44,3.14.7,10,10,5,10,2,1,2,100,2,0,0,42,915,27840,111,4397,"{""playbook_playbook0.asl"": 26, ""playbook_playbook1.asl"": 26, ""playbook_playbook2.asl"": 26, ""playbook_playbook3.asl"": 26, ""playbook_playbook4.asl"": 26, ""playbook_playbook5.asl"": 26, ""playbook_playbook6.asl"": 26, ""playbook_playbook7.asl"": 26, ""playbook_playbook8.asl"": 26, ""playbook_playbook9.asl"": 26, ""director_mainplot.asl"": 737, ""role_mainplot_role0.asl"": 34, ""role_mainplot_role1.asl"": 34, ""role_mainplot_role2.asl"": 34, ""role_mainplot_role3.asl"": 34, ""role_mainplot_role4.asl"": 34, ""role_mainplot_role5.asl"": 34, ""role_mainplot_role6.asl"": 34, ""role_mainplot_role7.asl"": 34, ""role_mainplot_role8.asl"": 34, ""role_mainplot_role9.asl"": 34, ""role_mainplot_role10.asl"": 34, ""role_mainplot_role11.asl"": 34, ""role_mainplot_role12.asl"": 34, ""role_mainplot_role13.asl"": 34, ""role_mainplot_role14.asl"": 34, ""role_mainplot_role15.asl"": 34, ""role_mainplot_role16.asl"": 34, ""role_mainplot_role17.asl"": 34, ""role_mainplot_role18.asl"": 34, ""role_mainplot_role19.asl"": 34, ""role_mainplot_role20.asl"": 34, ""role_mainplot_role21.asl"": 34, ""role_mainplot_role22.asl"": 34, ""role_mainplot_role23.asl"": 34, ""role_mainplot_role24.asl"": 34, ""role_mainplot_role25.asl"": 34, ""role_mainplot_role26.asl"": 34, ""role_mainplot_role27.asl"": 34, ""role_mainplot_role28.asl"": 34, ""role_mainplot_role29.asl"": 34, ""role_mainplot_role30.asl"": 34, ""role_mainplot_role31.asl"": 34, ""role_mainplot_role32.asl"": 34, ""role_mainplot_role33.asl"": 34, ""role_mainplot_role34.asl"": 34, ""role_mainplot_role35.asl"": 34, ""role_mainplot_role36.asl"": 34, ""role_mainplot_role37.asl"": 34, ""role_mainplot_role38.asl"": 34, ""role_mainplot_role39.asl"": 34, ""role_mainplot_role40.asl"": 34, ""role_mainplot_role41.asl"": 34, ""role_mainplot_role42.asl"": 34, ""role_mainplot_role43.asl"": 34, ""role_mainplot_role44.asl"": 34, ""role_mainplot_role45.asl"": 34, ""role_mainplot_role46.asl"": 34, ""role_mainplot_role47.asl"": 34, ""role_mainplot_role48.asl"": 34, ""role_mainplot_role49.asl"": 34, ""role_mainplot_role50.asl"": 34, ""role_mainplot_role51.asl"": 34, ""role_mainplot_role52.asl"": 34, ""role_mainplot_role53.asl"": 34, ""role_mainplot_role54.asl"": 34, ""role_mainplot_role55.asl"": 34, ""role_mainplot_role56.asl"": 34, ""role_mainplot_role57.asl"": 34, ""role_mainplot_role58.asl"": 34, ""role_mainplot_role59.asl"": 34, ""role_mainplot_role60.asl"": 34, ""role_mainplot_role61.asl"": 34, ""role_mainplot_role62.asl"": 34, ""role_mainplot_role63.asl"": 34, ""role_mainplot_role64.asl"": 34, ""role_mainplot_role65.asl"": 34, ""role_mainplot_role66.asl"": 34, ""role_mainplot_role67.asl"": 34, ""role_mainplot_role68.asl"": 34, ""role_mainplot_role69.asl"": 34, ""role_mainplot_role70.asl"": 34, ""role_mainplot_role71.asl"": 34, ""role_mainplot_role72.asl"": 34, ""role_mainplot_role73.asl"": 34, ""role_mainplot_role74.asl"": 34, ""role_mainplot_role75.asl"": 34, ""role_mainplot_role76.asl"": 34, ""role_mainplot_role77.asl"": 34, ""role_mainplot_role78.asl"": 34, ""role_mainplot_role79.asl"": 34, ""role_mainplot_role80.asl"": 34, ""role_mainplot_role81.asl"": 34, ""role_mainplot_role82.asl"": 34, ""role_mainplot_role83.asl"": 34, ""role_mainplot_role84.asl"": 34, ""role_mainplot_role85.asl"": 34, ""role_mainplot_role86.asl"": 34, ""role_mainplot_role87.asl"": 34, ""role_mainplot_role88.asl"": 34, ""role_mainplot_role89.asl"": 34, ""role_mainplot_role90.asl"": 34, ""role_mainplot_role91.asl"": 34, ""role_mainplot_role92.asl"": 34, ""role_mainplot_role93.asl"": 34, ""role_mainplot_role94.asl"": 34, ""role_mainplot_role95.asl"": 34, ""role_mainplot_role96.asl"": 34, ""role_mainplot_role97.asl"": 34, ""role_mainplot_role98.asl"": 34, ""role_mainplot_role99.asl"": 34}",4.805464480874317,0.04275456499999564,0.001410786999258562,1.524479866027832,True,0,0
grid_roles_playbooks,138,Linux 7.2.3-arch1-2,x86_64,24,30.44,3.14.7,10,10,5,10,2,1,2,100,2,0,0,42,915,27840,111,4397,"{""playbook_playbook0.asl"": 26, ""playbook_playbook1.asl"": 26, ""playbook_playbook2.asl"": 26, ""playbook_playbook3.asl"": 26, ""playbook_playbook4.asl"": 26, ""playbook_playbook5.asl"": 26, ""playbook_playbook6.asl"": 26, ""playbook_playbook7.asl"": 26, ""playbook_playbook8.asl"": 26, ""playbook_playbook9.asl"": 26, ""director_mainplot.asl"": 737, ""role_mainplot_role0.asl"": 34, ""role_mainplot_role1.asl"": 34, ""role_mainplot_role2.asl"": 34, ""role_mainplot_role3.asl"": 34, ""role_mainplot_role4.asl"": 34, ""role_mainplot_role5.asl"": 34, ""role_mainplot_role6.asl"": 34, ""role_mainplot_role7.asl"": 34, ""role_mainplot_role8.asl"": 34, ""role_mainplot_role9.asl"": 34, ""role_mainplot_role10.asl"": 34, ""role_mainplot_role11.asl"": 34, ""role_mainplot_role12.asl"": 34, ""role_mainplot_role13.asl"": 34, ""role_mainplot_role14.asl"": 34, ""role_mainplot_role15.asl"": 34, ""role_mainplot_role16.asl"": 34, ""role_mainplot_role17.asl"": 34, ""role_mainplot_role18.asl"": 34, ""role_mainplot_role19.asl"": 34, ""role_mainplot_role20.asl"": 34, ""role_mainplot_role21.asl"": 34, ""role_mainplot_role22.asl"": 34, ""role_mainplot_role23.asl"": 34, ""role_mainplot_role24.asl"": 34, ""role_mainplot_role25.asl"": 34, ""role_mainplot_role26.asl"": 34, ""role_mainplot_role27.asl"": 34, ""role_mainplot_role28.asl"": 34, ""role_mainplot_role29.asl"": 34, ""role_mainplot_role30.asl"": 34, ""role_mainplot_role31.asl"": 34, ""role_mainplot_role32.asl"": 34, ""role_mainplot_role33.asl"": 34, ""role_mainplot_role34.asl"": 34, ""role_mainplot_role35.asl"": 34, ""role_mainplot_role36.asl"": 34, ""role_mainplot_role37.asl"": 34, ""role_mainplot_role38.asl"": 34, ""role_mainplot_role39.asl"": 34, ""role_mainplot_role40.asl"": 34, ""role_mainplot_role41.asl"": 34, ""role_mainplot_role42.asl"": 34, ""role_mainplot_role43.asl"": 34, ""role_mainplot_role44.asl"": 34, ""role_mainplot_role45.asl"": 34, ""role_mainplot_role46.asl"": 34, ""role_mainplot_role47.asl"": 34, ""role_mainplot_role48.asl"": 34, ""role_mainplot_role49.asl"": 34, ""role_mainplot_role50.asl"": 34, ""role_mainplot_role51.asl"": 34, ""role_mainplot_role52.asl"": 34, ""role_mainplot_role53.asl"": 34, ""role_mainplot_role54.asl"": 34, ""role_mainplot_role55.asl"": 34, ""role_mainplot_role56.asl"": 34, ""role_mainplot_role57.asl"": 34, ""role_mainplot_role58.asl"": 34, ""role_mainplot_role59.asl"": 34, ""role_mainplot_role60.asl"": 34, ""role_mainplot_role61.asl"": 34, ""role_mainplot_role62.asl"": 34, ""role_mainplot_role63.asl"": 34, ""role_mainplot_role64.asl"": 34, ""role_mainplot_role65.asl"": 34, ""role_mainplot_role66.asl"": 34, ""role_mainplot_role67.asl"": 34, ""role_mainplot_role68.asl"": 34, ""role_mainplot_role69.asl"": 34, ""role_mainplot_role70.asl"": 34, ""role_mainplot_role71.asl"": 34, ""role_mainplot_role72.asl"": 34, ""role_mainplot_role73.asl"": 34, ""role_mainplot_role74.asl"": 34, ""role_mainplot_role75.asl"": 34, ""role_mainplot_role76.asl"": 34, ""role_mainplot_role77.asl"": 34, ""role_mainplot_role78.asl"": 34, ""role_mainplot_role79.asl"": 34, ""role_mainplot_role80.asl"": 34, ""role_mainplot_role81.asl"": 34, ""role_mainplot_role82.asl"": 34, ""role_mainplot_role83.asl"": 34, ""role_mainplot_role84.asl"": 34, ""role_mainplot_role85.asl"": 34, ""role_mainplot_role86.asl"": 34, ""role_mainplot_role87.asl"": 34, ""role_mainplot_role88.asl"": 34, ""role_mainplot_role89.asl"": 34, ""role_mainplot_role90.asl"": 34, ""role_mainplot_role91.asl"": 34, ""role_mainplot_role92.asl"": 34, ""role_mainplot_role93.asl"": 34, ""role_mainplot_role94.asl"": 34, ""role_mainplot_role95.asl"": 34, ""role_mainplot_role96.asl"": 34, ""role_mainplot_role97.asl"": 34, ""role_mainplot_role98.asl"": 34, ""role_mainplot_role99.asl"": 34}",4.805464480874317,0.04272394500003429,0.0014294470001914306,1.524479866027832,True,0,0
grid_roles_playbooks,139,Linux 7.2.3-arch1-2,x86_64,24,30.44,3.14.7,10,10,5,10,2,1,2,100,2,0,0,42,915,27840,111,4397,"{""playbook_playbook0.asl"": 26, ""playbook_playbook1.asl"": 26, ""playbook_playbook2.asl"": 26, ""playbook_playbook3.asl"": 26, ""playbook_playbook4.asl"": 26, ""playbook_playbook5.asl"": 26, ""playbook_playbook6.asl"": 26, ""playbook_playbook7.asl"": 26, ""playbook_playbook8.asl"": 26, ""playbook_playbook9.asl"": 26, ""director_mainplot.asl"": 737, ""role_mainplot_role0.asl"": 34, ""role_mainplot_role1.asl"": 34, ""role_mainplot_role2.asl"": 34, ""role_mainplot_role3.asl"": 34, ""role_mainplot_role4.asl"": 34, ""role_mainplot_role5.asl"": 34, ""role_mainplot_role6.asl"": 34, ""role_mainplot_role7.asl"": 34, ""role_mainplot_role8.asl"": 34, ""role_mainplot_role9.asl"": 34, ""role_mainplot_role10.asl"": 34, ""role_mainplot_role11.asl"": 34, ""role_mainplot_role12.asl"": 34, ""role_mainplot_role13.asl"": 34, ""role_mainplot_role14.asl"": 34, ""role_mainplot_role15.asl"": 34, ""role_mainplot_role16.asl"": 34, ""role_mainplot_role17.asl"": 34, ""role_mainplot_role18.asl"": 34, ""role_mainplot_role19.asl"": 34, ""role_mainplot_role20.asl"": 34, ""role_mainplot_role21.asl"": 34, ""role_mainplot_role22.asl"": 34, ""role_mainplot_role23.asl"": 34, ""role_mainplot_role24.asl"": 34, ""role_mainplot_role25.asl"": 34, ""role_mainplot_role26.asl"": 34, ""role_mainplot_role27.asl"": 34, ""role_mainplot_role28.asl"": 34, ""role_mainplot_role29.asl"": 34, ""role_mainplot_role30.asl"": 34, ""role_mainplot_role31.asl"": 34, ""role_mainplot_role32.asl"": 34, ""role_mainplot_role33.asl"": 34, ""role_mainplot_role34.asl"": 34, ""role_mainplot_role35.asl"": 34, ""role_mainplot_role36.asl"": 34, ""role_mainplot_role37.asl"": 34, ""role_mainplot_role38.asl"": 34, ""role_mainplot_role39.asl"": 34, ""role_mainplot_role40.asl"": 34, ""role_mainplot_role41.asl"": 34, ""role_mainplot_role42.asl"": 34, ""role_mainplot_role43.asl"": 34, ""role_mainplot_role44.asl"": 34, ""role_mainplot_role45.asl"": 34, ""role_mainplot_role46.asl"": 34, ""role_mainplot_role47.asl"": 34, ""role_mainplot_role48.asl"": 34, ""role_mainplot_role49.asl"": 34, ""role_mainplot_role50.asl"": 34, ""role_mainplot_role51.asl"": 34, ""role_mainplot_role52.asl"": 34, ""role_mainplot_role53.asl"": 34, ""role_mainplot_role54.asl"": 34, ""role_mainplot_role55.asl"": 34, ""role_mainplot_role56.asl"": 34, ""role_mainplot_role57.asl"": 34, ""role_mainplot_role58.asl"": 34, ""role_mainplot_role59.asl"": 34, ""role_mainplot_role60.asl"": 34, ""role_mainplot_role61.asl"": 34, ""role_mainplot_role62.asl"": 34, ""role_mainplot_role63.asl"": 34, ""role_mainplot_role64.asl"": 34, ""role_mainplot_role65.asl"": 34, ""role_mainplot_role66.asl"": 34, ""role_mainplot_role67.asl"": 34, ""role_mainplot_role68.asl"": 34, ""role_mainplot_role69.asl"": 34, ""role_mainplot_role70.asl"": 34, ""role_mainplot_role71.asl"": 34, ""role_mainplot_role72.asl"": 34, ""role_mainplot_role73.asl"": 34, ""role_mainplot_role74.asl"": 34, ""role_mainplot_role75.asl"": 34, ""role_mainplot_role76.asl"": 34, ""role_mainplot_role77.asl"": 34, ""role_mainplot_role78.asl"": 34, ""role_mainplot_role79.asl"": 34, ""role_mainplot_role80.asl"": 34, ""role_mainplot_role81.asl"": 34, ""role_mainplot_role82.asl"": 34, ""role_mainplot_role83.asl"": 34, ""role_mainplot_role84.asl"": 34, ""role_mainplot_role85.asl"": 34, ""role_mainplot_role86.asl"": 34, ""role_mainplot_role87.asl"": 34, ""role_mainplot_role88.asl"": 34, ""role_mainplot_role89.asl"": 34, ""role_mainplot_role90.asl"": 34, ""role_mainplot_role91.asl"": 34, ""role_mainplot_role92.asl"": 34, ""role_mainplot_role93.asl"": 34, ""role_mainplot_role94.asl"": 34, ""role_mainplot_role95.asl"": 34, ""role_mainplot_role96.asl"": 34, ""role_mainplot_role97.asl"": 34, ""role_mainplot_role98.asl"": 34, ""role_mainplot_role99.asl"": 34}",4.805464480874317,0.04293239399885351,0.0014073269994696602,1.524479866027832,True,0,0
grid_roles_playbooks,140,Linux 7.2.3-arch1-2,x86_64,24,30.44,3.14.7,10,10,5,20,2,1,2,1,2,0,0,42,362,6524,22,697,"{""playbook_playbook0.asl"": 26, ""playbook_playbook1.asl"": 26, ""playbook_playbook10.asl"": 26, ""playbook_playbook11.asl"": 26, ""playbook_playbook12.asl"": 26, ""playbook_playbook13.asl"": 26, ""playbook_playbook14.asl"": 26, ""playbook_playbook15.asl"": 26, ""playbook_playbook16.asl"": 26, ""playbook_playbook17.asl"": 26, ""playbook_playbook18.asl"": 26, ""playbook_playbook19.asl"": 26, ""playbook_playbook2.asl"": 26, ""playbook_playbook3.asl"": 26, ""playbook_playbook4.asl"": 26, ""playbook_playbook5.asl"": 26, ""playbook_playbook6.asl"": 26, ""playbook_playbook7.asl"": 26, ""playbook_playbook8.asl"": 26, ""playbook_playbook9.asl"": 26, ""director_mainplot.asl"": 143, ""role_mainplot_role0.asl"": 34}",1.925414364640884,0.01456908399995882,0.00029049900149402674,0.5637140274047852,True,19,0
grid_roles_playbooks,141,Linux 7.2.3-arch1-2,x86_64,24,30.44,3.14.7,10,10,5,20,2,1,2,1,2,0,0,42,362,6524,22,697,"{""playbook_playbook0.asl"": 26, ""playbook_playbook1.asl"": 26, ""playbook_playbook10.asl"": 26, ""playbook_playbook11.asl"": 26, ""playbook_playbook12.asl"": 26, ""playbook_playbook13.asl"": 26, ""playbook_playbook14.asl"": 26, ""playbook_playbook15.asl"": 26, ""playbook_playbook16.asl"": 26, ""playbook_playbook17.asl"": 26, ""playbook_playbook18.asl"": 26, ""playbook_playbook19.asl"": 26, ""playbook_playbook2.asl"": 26, ""playbook_playbook3.asl"": 26, ""playbook_playbook4.asl"": 26, ""playbook_playbook5.asl"": 26, ""playbook_playbook6.asl"": 26, ""playbook_playbook7.asl"": 26, ""playbook_playbook8.asl"": 26, ""playbook_playbook9.asl"": 26, ""director_mainplot.asl"": 143, ""role_mainplot_role0.asl"": 34}",1.925414364640884,0.01430389500092133,0.0002924189993791515,0.5637140274047852,True,19,0
grid_roles_playbooks,142,Linux 7.2.3-arch1-2,x86_64,24,30.44,3.14.7,10,10,5,20,2,1,2,1,2,0,0,42,362,6524,22,697,"{""playbook_playbook0.asl"": 26, ""playbook_playbook1.asl"": 26, ""playbook_playbook10.asl"": 26, ""playbook_playbook11.asl"": 26, ""playbook_playbook12.asl"": 26, ""playbook_playbook13.asl"": 26, ""playbook_playbook14.asl"": 26, ""playbook_playbook15.asl"": 26, ""playbook_playbook16.asl"": 26, ""playbook_playbook17.asl"": 26, ""playbook_playbook18.asl"": 26, ""playbook_playbook19.asl"": 26, ""playbook_playbook2.asl"": 26, ""playbook_playbook3.asl"": 26, ""playbook_playbook4.asl"": 26, ""playbook_playbook5.asl"": 26, ""playbook_playbook6.asl"": 26, ""playbook_playbook7.asl"": 26, ""playbook_playbook8.asl"": 26, ""playbook_playbook9.asl"": 26, ""director_mainplot.asl"": 143, ""role_mainplot_role0.asl"": 34}",1.925414364640884,0.014309985001091263,0.0002895090001402423,0.5637140274047852,True,19,0
grid_roles_playbooks,143,Linux 7.2.3-arch1-2,x86_64,24,30.44,3.14.7,10,10,5,20,2,1,2,1,2,0,0,42,362,6524,22,697,"{""playbook_playbook0.asl"": 26, ""playbook_playbook1.asl"": 26, ""playbook_playbook10.asl"": 26, ""playbook_playbook11.asl"": 26, ""playbook_playbook12.asl"": 26, ""playbook_playbook13.asl"": 26, ""playbook_playbook14.asl"": 26, ""playbook_playbook15.asl"": 26, ""playbook_playbook16.asl"": 26, ""playbook_playbook17.asl"": 26, ""playbook_playbook18.asl"": 26, ""playbook_playbook19.asl"": 26, ""playbook_playbook2.asl"": 26, ""playbook_playbook3.asl"": 26, ""playbook_playbook4.asl"": 26, ""playbook_playbook5.asl"": 26, ""playbook_playbook6.asl"": 26, ""playbook_playbook7.asl"": 26, ""playbook_playbook8.asl"": 26, ""playbook_playbook9.asl"": 26, ""director_mainplot.asl"": 143, ""role_mainplot_role0.asl"": 34}",1.925414364640884,0.019114486000034958,0.00030072899971855804,0.5655679702758789,True,19,0
grid_roles_playbooks,144,Linux 7.2.3-arch1-2,x86_64,24,30.44,3.14.7,10,10,5,20,2,1,2,1,2,0,0,42,362,6524,22,697,"{""playbook_playbook0.asl"": 26, ""playbook_playbook1.asl"": 26, ""playbook_playbook10.asl"": 26, ""playbook_playbook11.asl"": 26, ""playbook_playbook12.asl"": 26, ""playbook_playbook13.asl"": 26, ""playbook_playbook14.asl"": 26, ""playbook_playbook15.asl"": 26, ""playbook_playbook16.asl"": 26, ""playbook_playbook17.asl"": 26, ""playbook_playbook18.asl"": 26, ""playbook_playbook19.asl"": 26, ""playbook_playbook2.asl"": 26, ""playbook_playbook3.asl"": 26, ""playbook_playbook4.asl"": 26, ""playbook_playbook5.asl"": 26, ""playbook_playbook6.asl"": 26, ""playbook_playbook7.asl"": 26, ""playbook_playbook8.asl"": 26, ""playbook_playbook9.asl"": 26, ""director_mainplot.asl"": 143, ""role_mainplot_role0.asl"": 34}",1.925414364640884,0.014363084999786224,0.00029887900018366054,0.5637140274047852,True,19,0
grid_roles_playbooks,145,Linux 7.2.3-arch1-2,x86_64,24,30.44,3.14.7,10,10,5,20,2,1,2,2,2,0,0,42,369,6760,23,737,"{""playbook_playbook0.asl"": 26, ""playbook_playbook1.asl"": 26, ""playbook_playbook10.asl"": 26, ""playbook_playbook11.asl"": 26, ""playbook_playbook12.asl"": 26, ""playbook_playbook13.asl"": 26, ""playbook_playbook14.asl"": 26, ""playbook_playbook15.asl"": 26, ""playbook_playbook16.asl"": 26, ""playbook_playbook17.asl"": 26, ""playbook_playbook18.asl"": 26, ""playbook_playbook19.asl"": 26, ""playbook_playbook2.asl"": 26, ""playbook_playbook3.asl"": 26, ""playbook_playbook4.asl"": 26, ""playbook_playbook5.asl"": 26, ""playbook_playbook6.asl"": 26, ""playbook_playbook7.asl"": 26, ""playbook_playbook8.asl"": 26, ""playbook_playbook9.asl"": 26, ""director_mainplot.asl"": 149, ""role_mainplot_role0.asl"": 34, ""role_mainplot_role1.asl"": 34}",1.997289972899729,0.01461246399958327,0.0003049099996133009,0.5759000778198242,True,18,0
grid_roles_playbooks,146,Linux 7.2.3-arch1-2,x86_64,24,30.44,3.14.7,10,10,5,20,2,1,2,2,2,0,0,42,369,6760,23,737,"{""playbook_playbook0.asl"": 26, ""playbook_playbook1.asl"": 26, ""playbook_playbook10.asl"": 26, ""playbook_playbook11.asl"": 26, ""playbook_playbook12.asl"": 26, ""playbook_playbook13.asl"": 26, ""playbook_playbook14.asl"": 26, ""playbook_playbook15.asl"": 26, ""playbook_playbook16.asl"": 26, ""playbook_playbook17.asl"": 26, ""playbook_playbook18.asl"": 26, ""playbook_playbook19.asl"": 26, ""playbook_playbook2.asl"": 26, ""playbook_playbook3.asl"": 26, ""playbook_playbook4.asl"": 26, ""playbook_playbook5.asl"": 26, ""playbook_playbook6.asl"": 26, ""playbook_playbook7.asl"": 26, ""playbook_playbook8.asl"": 26, ""playbook_playbook9.asl"": 26, ""director_mainplot.asl"": 149, ""role_mainplot_role0.asl"": 34, ""role_mainplot_role1.asl"": 34}",1.997289972899729,0.014630264000516036,0.0003042699991055997,0.5759000778198242,True,18,0
grid_roles_playbooks,147,Linux 7.2.3-arch1-2,x86_64,24,30.44,3.14.7,10,10,5,20,2,1,2,2,2,0,0,42,369,6760,23,737,"{""playbook_playbook0.asl"": 26, ""playbook_playbook1.asl"": 26, ""playbook_playbook10.asl"": 26, ""playbook_playbook11.asl"": 26, ""playbook_playbook12.asl"": 26, ""playbook_playbook13.asl"": 26, ""playbook_playbook14.asl"": 26, ""playbook_playbook15.asl"": 26, ""playbook_playbook16.asl"": 26, ""playbook_playbook17.asl"": 26, ""playbook_playbook18.asl"": 26, ""playbook_playbook19.asl"": 26, ""playbook_playbook2.asl"": 26, ""playbook_playbook3.asl"": 26, ""playbook_playbook4.asl"": 26, ""playbook_playbook5.asl"": 26, ""playbook_playbook6.asl"": 26, ""playbook_playbook7.asl"": 26, ""playbook_playbook8.asl"": 26, ""playbook_playbook9.asl"": 26, ""director_mainplot.asl"": 149, ""role_mainplot_role0.asl"": 34, ""role_mainplot_role1.asl"": 34}",1.997289972899729,0.014631944999564439,0.0003110899997409433,0.5759000778198242,True,18,0
grid_roles_playbooks,148,Linux 7.2.3-arch1-2,x86_64,24,30.44,3.14.7,10,10,5,20,2,1,2,2,2,0,0,42,369,6760,23,737,"{""playbook_playbook0.asl"": 26, ""playbook_playbook1.asl"": 26, ""playbook_playbook10.asl"": 26, ""playbook_playbook11.asl"": 26, ""playbook_playbook12.asl"": 26, ""playbook_playbook13.asl"": 26, ""playbook_playbook14.asl"": 26, ""playbook_playbook15.asl"": 26, ""playbook_playbook16.asl"": 26, ""playbook_playbook17.asl"": 26, ""playbook_playbook18.asl"": 26, ""playbook_playbook19.asl"": 26, ""playbook_playbook2.asl"": 26, ""playbook_playbook3.asl"": 26, ""playbook_playbook4.asl"": 26, ""playbook_playbook5.asl"": 26, ""playbook_playbook6.asl"": 26, ""playbook_playbook7.asl"": 26, ""playbook_playbook8.asl"": 26, ""playbook_playbook9.asl"": 26, ""director_mainplot.asl"": 149, ""role_mainplot_role0.asl"": 34, ""role_mainplot_role1.asl"": 34}",1.997289972899729,0.01464335399941774,0.000312398999085417,0.5759000778198242,True,18,0
grid_roles_playbooks,149,Linux 7.2.3-arch1-2,x86_64,24,30.44,3.14.7,10,10,5,20,2,1,2,2,2,0,0,42,369,6760,23,737,"{""playbook_playbook0.asl"": 26, ""playbook_playbook1.asl"": 26, ""playbook_playbook10.asl"": 26, ""playbook_playbook11.asl"": 26, ""playbook_playbook12.asl"": 26, ""playbook_playbook13.asl"": 26, ""playbook_playbook14.asl"": 26, ""playbook_playbook15.asl"": 26, ""playbook_playbook16.asl"": 26, ""playbook_playbook17.asl"": 26, ""playbook_playbook18.asl"": 26, ""playbook_playbook19.asl"": 26, ""playbook_playbook2.asl"": 26, ""playbook_playbook3.asl"": 26, ""playbook_playbook4.asl"": 26, ""playbook_playbook5.asl"": 26, ""playbook_playbook6.asl"": 26, ""playbook_playbook7.asl"": 26, ""playbook_playbook8.asl"": 26, ""playbook_playbook9.asl"": 26, ""director_mainplot.asl"": 149, ""role_mainplot_role0.asl"": 34, ""role_mainplot_role1.asl"": 34}",1.997289972899729,0.01468225399912626,0.00031638899963581935,0.5759000778198242,True,18,0
grid_roles_playbooks,150,Linux 7.2.3-arch1-2,x86_64,24,30.44,3.14.7,10,10,5,20,2,1,2,5,2,0,0,42,390,7468,26,857,"{""playbook_playbook0.asl"": 26, ""playbook_playbook1.asl"": 26, ""playbook_playbook10.asl"": 26, ""playbook_playbook11.asl"": 26, ""playbook_playbook12.asl"": 26, ""playbook_playbook13.asl"": 26, ""playbook_playbook14.asl"": 26, ""playbook_playbook15.asl"": 26, ""playbook_playbook16.asl"": 26, ""playbook_playbook17.asl"": 26, ""playbook_playbook18.asl"": 26, ""playbook_playbook19.asl"": 26, ""playbook_playbook2.asl"": 26, ""playbook_playbook3.asl"": 26, ""playbook_playbook4.asl"": 26, ""playbook_playbook5.asl"": 26, ""playbook_playbook6.asl"": 26, ""playbook_playbook7.asl"": 26, ""playbook_playbook8.asl"": 26, ""playbook_playbook9.asl"": 26, ""director_mainplot.asl"": 167, ""role_mainplot_role0.asl"": 34, ""role_mainplot_role1.asl"": 34, ""role_mainplot_role2.asl"": 34, ""role_mainplot_role3.asl"": 34, ""role_mainplot_role4.asl"": 34}",2.1974358974358976,0.015773862000060035,0.0003437889990891563,0.6123514175415039,True,15,0
grid_roles_playbooks,151,Linux 7.2.3-arch1-2,x86_64,24,30.44,3.14.7,10,10,5,20,2,1,2,5,2,0,0,42,390,7468,26,857,"{""playbook_playbook0.asl"": 26, ""playbook_playbook1.asl"": 26, ""playbook_playbook10.asl"": 26, ""playbook_playbook11.asl"": 26, ""playbook_playbook12.asl"": 26, ""playbook_playbook13.asl"": 26, ""playbook_playbook14.asl"": 26, ""playbook_playbook15.asl"": 26, ""playbook_playbook16.asl"": 26, ""playbook_playbook17.asl"": 26, ""playbook_playbook18.asl"": 26, ""playbook_playbook19.asl"": 26, ""playbook_playbook2.asl"": 26, ""playbook_playbook3.asl"": 26, ""playbook_playbook4.asl"": 26, ""playbook_playbook5.asl"": 26, ""playbook_playbook6.asl"": 26, ""playbook_playbook7.asl"": 26, ""playbook_playbook8.asl"": 26, ""playbook_playbook9.asl"": 26, ""director_mainplot.asl"": 167, ""role_mainplot_role0.asl"": 34, ""role_mainplot_role1.asl"": 34, ""role_mainplot_role2.asl"": 34, ""role_mainplot_role3.asl"": 34, ""role_mainplot_role4.asl"": 34}",2.1974358974358976,0.01564134200089029,0.0003497500001685694,0.6123514175415039,True,15,0
grid_roles_playbooks,152,Linux 7.2.3-arch1-2,x86_64,24,30.44,3.14.7,10,10,5,20,2,1,2,5,2,0,0,42,390,7468,26,857,"{""playbook_playbook0.asl"": 26, ""playbook_playbook1.asl"": 26, ""playbook_playbook10.asl"": 26, ""playbook_playbook11.asl"": 26, ""playbook_playbook12.asl"": 26, ""playbook_playbook13.asl"": 26, ""playbook_playbook14.asl"": 26, ""playbook_playbook15.asl"": 26, ""playbook_playbook16.asl"": 26, ""playbook_playbook17.asl"": 26, ""playbook_playbook18.asl"": 26, ""playbook_playbook19.asl"": 26, ""playbook_playbook2.asl"": 26, ""playbook_playbook3.asl"": 26, ""playbook_playbook4.asl"": 26, ""playbook_playbook5.asl"": 26, ""playbook_playbook6.asl"": 26, ""playbook_playbook7.asl"": 26, ""playbook_playbook8.asl"": 26, ""playbook_playbook9.asl"": 26, ""director_mainplot.asl"": 167, ""role_mainplot_role0.asl"": 34, ""role_mainplot_role1.asl"": 34, ""role_mainplot_role2.asl"": 34, ""role_mainplot_role3.asl"": 34, ""role_mainplot_role4.asl"": 34}",2.1974358974358976,0.015692602999479277,0.0003430900014791405,0.6123514175415039,True,15,0
grid_roles_playbooks,153,Linux 7.2.3-arch1-2,x86_64,24,30.44,3.14.7,10,10,5,20,2,1,2,5,2,0,0,42,390,7468,26,857,"{""playbook_playbook0.asl"": 26, ""playbook_playbook1.asl"": 26, ""playbook_playbook10.asl"": 26, ""playbook_playbook11.asl"": 26, ""playbook_playbook12.asl"": 26, ""playbook_playbook13.asl"": 26, ""playbook_playbook14.asl"": 26, ""playbook_playbook15.asl"": 26, ""playbook_playbook16.asl"": 26, ""playbook_playbook17.asl"": 26, ""playbook_playbook18.asl"": 26, ""playbook_playbook19.asl"": 26, ""playbook_playbook2.asl"": 26, ""playbook_playbook3.asl"": 26, ""playbook_playbook4.asl"": 26, ""playbook_playbook5.asl"": 26, ""playbook_playbook6.asl"": 26, ""playbook_playbook7.asl"": 26, ""playbook_playbook8.asl"": 26, ""playbook_playbook9.asl"": 26, ""director_mainplot.asl"": 167, ""role_mainplot_role0.asl"": 34, ""role_mainplot_role1.asl"": 34, ""role_mainplot_role2.asl"": 34, ""role_mainplot_role3.asl"": 34, ""role_mainplot_role4.asl"": 34}",2.1974358974358976,0.01580519300114247,0.00034277899976586923,0.6123514175415039,True,15,0
grid_roles_playbooks,154,Linux 7.2.3-arch1-2,x86_64,24,30.44,3.14.7,10,10,5,20,2,1,2,5,2,0,0,42,390,7468,26,857,"{""playbook_playbook0.asl"": 26, ""playbook_playbook1.asl"": 26, ""playbook_playbook10.asl"": 26, ""playbook_playbook11.asl"": 26, ""playbook_playbook12.asl"": 26, ""playbook_playbook13.asl"": 26, ""playbook_playbook14.asl"": 26, ""playbook_playbook15.asl"": 26, ""playbook_playbook16.asl"": 26, ""playbook_playbook17.asl"": 26, ""playbook_playbook18.asl"": 26, ""playbook_playbook19.asl"": 26, ""playbook_playbook2.asl"": 26, ""playbook_playbook3.asl"": 26, ""playbook_playbook4.asl"": 26, ""playbook_playbook5.asl"": 26, ""playbook_playbook6.asl"": 26, ""playbook_playbook7.asl"": 26, ""playbook_playbook8.asl"": 26, ""playbook_playbook9.asl"": 26, ""director_mainplot.asl"": 167, ""role_mainplot_role0.asl"": 34, ""role_mainplot_role1.asl"": 34, ""role_mainplot_role2.asl"": 34, ""role_mainplot_role3.asl"": 34, ""role_mainplot_role4.asl"": 34}",2.1974358974358976,0.015719401999376714,0.0003474889999779407,0.6123514175415039,True,15,0
grid_roles_playbooks,155,Linux 7.2.3-arch1-2,x86_64,24,30.44,3.14.7,10,10,5,20,2,1,2,10,2,0,0,42,425,8649,31,1057,"{""playbook_playbook0.asl"": 26, ""playbook_playbook1.asl"": 26, ""playbook_playbook10.asl"": 26, ""playbook_playbook11.asl"": 26, ""playbook_playbook12.asl"": 26, ""playbook_playbook13.asl"": 26, ""playbook_playbook14.asl"": 26, ""playbook_playbook15.asl"": 26, ""playbook_playbook16.asl"": 26, ""playbook_playbook17.asl"": 26, ""playbook_playbook18.asl"": 26, ""playbook_playbook19.asl"": 26, ""playbook_playbook2.asl"": 26, ""playbook_playbook3.asl"": 26, ""playbook_playbook4.asl"": 26, ""playbook_playbook5.asl"": 26, ""playbook_playbook6.asl"": 26, ""playbook_playbook7.asl"": 26, ""playbook_playbook8.asl"": 26, ""playbook_playbook9.asl"": 26, ""director_mainplot.asl"": 197, ""role_mainplot_role0.asl"": 34, ""role_mainplot_role1.asl"": 34, ""role_mainplot_role2.asl"": 34, ""role_mainplot_role3.asl"": 34, ""role_mainplot_role4.asl"": 34, ""role_mainplot_role5.asl"": 34, ""role_mainplot_role6.asl"": 34, ""role_mainplot_role7.asl"": 34, ""role_mainplot_role8.asl"": 34, ""role_mainplot_role9.asl"": 34}",2.4870588235294115,0.017584219000127632,0.0004143189999012975,0.6736030578613281,True,10,0
grid_roles_playbooks,156,Linux 7.2.3-arch1-2,x86_64,24,30.44,3.14.7,10,10,5,20,2,1,2,10,2,0,0,42,425,8649,31,1057,"{""playbook_playbook0.asl"": 26, ""playbook_playbook1.asl"": 26, ""playbook_playbook10.asl"": 26, ""playbook_playbook11.asl"": 26, ""playbook_playbook12.asl"": 26, ""playbook_playbook13.asl"": 26, ""playbook_playbook14.asl"": 26, ""playbook_playbook15.asl"": 26, ""playbook_playbook16.asl"": 26, ""playbook_playbook17.asl"": 26, ""playbook_playbook18.asl"": 26, ""playbook_playbook19.asl"": 26, ""playbook_playbook2.asl"": 26, ""playbook_playbook3.asl"": 26, ""playbook_playbook4.asl"": 26, ""playbook_playbook5.asl"": 26, ""playbook_playbook6.asl"": 26, ""playbook_playbook7.asl"": 26, ""playbook_playbook8.asl"": 26, ""playbook_playbook9.asl"": 26, ""director_mainplot.asl"": 197, ""role_mainplot_role0.asl"": 34, ""role_mainplot_role1.asl"": 34, ""role_mainplot_role2.asl"": 34, ""role_mainplot_role3.asl"": 34, ""role_mainplot_role4.asl"": 34, ""role_mainplot_role5.asl"": 34, ""role_mainplot_role6.asl"": 34, ""role_mainplot_role7.asl"": 34, ""role_mainplot_role8.asl"": 34, ""role_mainplot_role9.asl"": 34}",2.4870588235294115,0.01754549900033453,0.0004186989990557777,0.6736030578613281,True,10,0
grid_roles_playbooks,157,Linux 7.2.3-arch1-2,x86_64,24,30.44,3.14.7,10,10,5,20,2,1,2,10,2,0,0,42,425,8649,31,1057,"{""playbook_playbook0.asl"": 26, ""playbook_playbook1.asl"": 26, ""playbook_playbook10.asl"": 26, ""playbook_playbook11.asl"": 26, ""playbook_playbook12.asl"": 26, ""playbook_playbook13.asl"": 26, ""playbook_playbook14.asl"": 26, ""playbook_playbook15.asl"": 26, ""playbook_playbook16.asl"": 26, ""playbook_playbook17.asl"": 26, ""playbook_playbook18.asl"": 26, ""playbook_playbook19.asl"": 26, ""playbook_playbook2.asl"": 26, ""playbook_playbook3.asl"": 26, ""playbook_playbook4.asl"": 26, ""playbook_playbook5.asl"": 26, ""playbook_playbook6.asl"": 26, ""playbook_playbook7.asl"": 26, ""playbook_playbook8.asl"": 26, ""playbook_playbook9.asl"": 26, ""director_mainplot.asl"": 197, ""role_mainplot_role0.asl"": 34, ""role_mainplot_role1.asl"": 34, ""role_mainplot_role2.asl"": 34, ""role_mainplot_role3.asl"": 34, ""role_mainplot_role4.asl"": 34, ""role_mainplot_role5.asl"": 34, ""role_mainplot_role6.asl"": 34, ""role_mainplot_role7.asl"": 34, ""role_mainplot_role8.asl"": 34, ""role_mainplot_role9.asl"": 34}",2.4870588235294115,0.0175814790000004,0.0004256290012563113,0.6736030578613281,True,10,0
grid_roles_playbooks,158,Linux 7.2.3-arch1-2,x86_64,24,30.44,3.14.7,10,10,5,20,2,1,2,10,2,0,0,42,425,8649,31,1057,"{""playbook_playbook0.asl"": 26, ""playbook_playbook1.asl"": 26, ""playbook_playbook10.asl"": 26, ""playbook_playbook11.asl"": 26, ""playbook_playbook12.asl"": 26, ""playbook_playbook13.asl"": 26, ""playbook_playbook14.asl"": 26, ""playbook_playbook15.asl"": 26, ""playbook_playbook16.asl"": 26, ""playbook_playbook17.asl"": 26, ""playbook_playbook18.asl"": 26, ""playbook_playbook19.asl"": 26, ""playbook_playbook2.asl"": 26, ""playbook_playbook3.asl"": 26, ""playbook_playbook4.asl"": 26, ""playbook_playbook5.asl"": 26, ""playbook_playbook6.asl"": 26, ""playbook_playbook7.asl"": 26, ""playbook_playbook8.asl"": 26, ""playbook_playbook9.asl"": 26, ""director_mainplot.asl"": 197, ""role_mainplot_role0.asl"": 34, ""role_mainplot_role1.asl"": 34, ""role_mainplot_role2.asl"": 34, ""role_mainplot_role3.asl"": 34, ""role_mainplot_role4.asl"": 34, ""role_mainplot_role5.asl"": 34, ""role_mainplot_role6.asl"": 34, ""role_mainplot_role7.asl"": 34, ""role_mainplot_role8.asl"": 34, ""role_mainplot_role9.asl"": 34}",2.4870588235294115,0.017557098999532172,0.0004107689983356977,0.6736030578613281,True,10,0
grid_roles_playbooks,159,Linux 7.2.3-arch1-2,x86_64,24,30.44,3.14.7,10,10,5,20,2,1,2,10,2,0,0,42,425,8649,31,1057,"{""playbook_playbook0.asl"": 26, ""playbook_playbook1.asl"": 26, ""playbook_playbook10.asl"": 26, ""playbook_playbook11.asl"": 26, ""playbook_playbook12.asl"": 26, ""playbook_playbook13.asl"": 26, ""playbook_playbook14.asl"": 26, ""playbook_playbook15.asl"": 26, ""playbook_playbook16.asl"": 26, ""playbook_playbook17.asl"": 26, ""playbook_playbook18.asl"": 26, ""playbook_playbook19.asl"": 26, ""playbook_playbook2.asl"": 26, ""playbook_playbook3.asl"": 26, ""playbook_playbook4.asl"": 26, ""playbook_playbook5.asl"": 26, ""playbook_playbook6.asl"": 26, ""playbook_playbook7.asl"": 26, ""playbook_playbook8.asl"": 26, ""playbook_playbook9.asl"": 26, ""director_mainplot.asl"": 197, ""role_mainplot_role0.asl"": 34, ""role_mainplot_role1.asl"": 34, ""role_mainplot_role2.asl"": 34, ""role_mainplot_role3.asl"": 34, ""role_mainplot_role4.asl"": 34, ""role_mainplot_role5.asl"": 34, ""role_mainplot_role6.asl"": 34, ""role_mainplot_role7.asl"": 34, ""role_mainplot_role8.asl"": 34, ""role_mainplot_role9.asl"": 34}",2.4870588235294115,0.01754206900113786,0.00040977900061989203,0.6736030578613281,True,10,0
grid_roles_playbooks,160,Linux 7.2.3-arch1-2,x86_64,24,30.44,3.14.7,10,10,5,20,2,1,2,20,2,0,0,42,495,11099,41,1457,"{""playbook_playbook0.asl"": 26, ""playbook_playbook1.asl"": 26, ""playbook_playbook10.asl"": 26, ""playbook_playbook11.asl"": 26, ""playbook_playbook12.asl"": 26, ""playbook_playbook13.asl"": 26, ""playbook_playbook14.asl"": 26, ""playbook_playbook15.asl"": 26, ""playbook_playbook16.asl"": 26, ""playbook_playbook17.asl"": 26, ""playbook_playbook18.asl"": 26, ""playbook_playbook19.asl"": 26, ""playbook_playbook2.asl"": 26, ""playbook_playbook3.asl"": 26, ""playbook_playbook4.asl"": 26, ""playbook_playbook5.asl"": 26, ""playbook_playbook6.asl"": 26, ""playbook_playbook7.asl"": 26, ""playbook_playbook8.asl"": 26, ""playbook_playbook9.asl"": 26, ""director_mainplot.asl"": 257, ""role_mainplot_role0.asl"": 34, ""role_mainplot_role1.asl"": 34, ""role_mainplot_role2.asl"": 34, ""role_mainplot_role3.asl"": 34, ""role_mainplot_role4.asl"": 34, ""role_mainplot_role5.asl"": 34, ""role_mainplot_role6.asl"": 34, ""role_mainplot_role7.asl"": 34, ""role_mainplot_role8.asl"": 34, ""role_mainplot_role9.asl"": 34, ""role_mainplot_role10.asl"": 34, ""role_mainplot_role11.asl"": 34, ""role_mainplot_role12.asl"": 34, ""role_mainplot_role13.asl"": 34, ""role_mainplot_role14.asl"": 34, ""role_mainplot_role15.asl"": 34, ""role_mainplot_role16.asl"": 34, ""role_mainplot_role17.asl"": 34, ""role_mainplot_role18.asl"": 34, ""role_mainplot_role19.asl"": 34}",2.9434343434343435,0.020970074001525063,0.0005367590001696954,0.795867919921875,True,0,0
grid_roles_playbooks,161,Linux 7.2.3-arch1-2,x86_64,24,30.44,3.14.7,10,10,5,20,2,1,2,20,2,0,0,42,495,11099,41,1457,"{""playbook_playbook0.asl"": 26, ""playbook_playbook1.asl"": 26, ""playbook_playbook10.asl"": 26, ""playbook_playbook11.asl"": 26, ""playbook_playbook12.asl"": 26, ""playbook_playbook13.asl"": 26, ""playbook_playbook14.asl"": 26, ""playbook_playbook15.asl"": 26, ""playbook_playbook16.asl"": 26, ""playbook_playbook17.asl"": 26, ""playbook_playbook18.asl"": 26, ""playbook_playbook19.asl"": 26, ""playbook_playbook2.asl"": 26, ""playbook_playbook3.asl"": 26, ""playbook_playbook4.asl"": 26, ""playbook_playbook5.asl"": 26, ""playbook_playbook6.asl"": 26, ""playbook_playbook7.asl"": 26, ""playbook_playbook8.asl"": 26, ""playbook_playbook9.asl"": 26, ""director_mainplot.asl"": 257, ""role_mainplot_role0.asl"": 34, ""role_mainplot_role1.asl"": 34, ""role_mainplot_role2.asl"": 34, ""role_mainplot_role3.asl"": 34, ""role_mainplot_role4.asl"": 34, ""role_mainplot_role5.asl"": 34, ""role_mainplot_role6.asl"": 34, ""role_mainplot_role7.asl"": 34, ""role_mainplot_role8.asl"": 34, ""role_mainplot_role9.asl"": 34, ""role_mainplot_role10.asl"": 34, ""role_mainplot_role11.asl"": 34, ""role_mainplot_role12.asl"": 34, ""role_mainplot_role13.asl"": 34, ""role_mainplot_role14.asl"": 34, ""role_mainplot_role15.asl"": 34, ""role_mainplot_role16.asl"": 34, ""role_mainplot_role17.asl"": 34, ""role_mainplot_role18.asl"": 34, ""role_mainplot_role19.asl"": 34}",2.9434343434343435,0.021017262999521336,0.0005335390014806762,0.795867919921875,True,0,0
grid_roles_playbooks,162,Linux 7.2.3-arch1-2,x86_64,24,30.44,3.14.7,10,10,5,20,2,1,2,20,2,0,0,42,495,11099,41,1457,"{""playbook_playbook0.asl"": 26, ""playbook_playbook1.asl"": 26, ""playbook_playbook10.asl"": 26, ""playbook_playbook11.asl"": 26, ""playbook_playbook12.asl"": 26, ""playbook_playbook13.asl"": 26, ""playbook_playbook14.asl"": 26, ""playbook_playbook15.asl"": 26, ""playbook_playbook16.asl"": 26, ""playbook_playbook17.asl"": 26, ""playbook_playbook18.asl"": 26, ""playbook_playbook19.asl"": 26, ""playbook_playbook2.asl"": 26, ""playbook_playbook3.asl"": 26, ""playbook_playbook4.asl"": 26, ""playbook_playbook5.asl"": 26, ""playbook_playbook6.asl"": 26, ""playbook_playbook7.asl"": 26, ""playbook_playbook8.asl"": 26, ""playbook_playbook9.asl"": 26, ""director_mainplot.asl"": 257, ""role_mainplot_role0.asl"": 34, ""role_mainplot_role1.asl"": 34, ""role_mainplot_role2.asl"": 34, ""role_mainplot_role3.asl"": 34, ""role_mainplot_role4.asl"": 34, ""role_mainplot_role5.asl"": 34, ""role_mainplot_role6.asl"": 34, ""role_mainplot_role7.asl"": 34, ""role_mainplot_role8.asl"": 34, ""role_mainplot_role9.asl"": 34, ""role_mainplot_role10.asl"": 34, ""role_mainplot_role11.asl"": 34, ""role_mainplot_role12.asl"": 34, ""role_mainplot_role13.asl"": 34, ""role_mainplot_role14.asl"": 34, ""role_mainplot_role15.asl"": 34, ""role_mainplot_role16.asl"": 34, ""role_mainplot_role17.asl"": 34, ""role_mainplot_role18.asl"": 34, ""role_mainplot_role19.asl"": 34}",2.9434343434343435,0.021125983001184068,0.0005292989990266506,0.795867919921875,True,0,0
grid_roles_playbooks,163,Linux 7.2.3-arch1-2,x86_64,24,30.44,3.14.7,10,10,5,20,2,1,2,20,2,0,0,42,495,11099,41,1457,"{""playbook_playbook0.asl"": 26, ""playbook_playbook1.asl"": 26, ""playbook_playbook10.asl"": 26, ""playbook_playbook11.asl"": 26, ""playbook_playbook12.asl"": 26, ""playbook_playbook13.asl"": 26, ""playbook_playbook14.asl"": 26, ""playbook_playbook15.asl"": 26, ""playbook_playbook16.asl"": 26, ""playbook_playbook17.asl"": 26, ""playbook_playbook18.asl"": 26, ""playbook_playbook19.asl"": 26, ""playbook_playbook2.asl"": 26, ""playbook_playbook3.asl"": 26, ""playbook_playbook4.asl"": 26, ""playbook_playbook5.asl"": 26, ""playbook_playbook6.asl"": 26, ""playbook_playbook7.asl"": 26, ""playbook_playbook8.asl"": 26, ""playbook_playbook9.asl"": 26, ""director_mainplot.asl"": 257, ""role_mainplot_role0.asl"": 34, ""role_mainplot_role1.asl"": 34, ""role_mainplot_role2.asl"": 34, ""role_mainplot_role3.asl"": 34, ""role_mainplot_role4.asl"": 34, ""role_mainplot_role5.asl"": 34, ""role_mainplot_role6.asl"": 34, ""role_mainplot_role7.asl"": 34, ""role_mainplot_role8.asl"": 34, ""role_mainplot_role9.asl"": 34, ""role_mainplot_role10.asl"": 34, ""role_mainplot_role11.asl"": 34, ""role_mainplot_role12.asl"": 34, ""role_mainplot_role13.asl"": 34, ""role_mainplot_role14.asl"": 34, ""role_mainplot_role15.asl"": 34, ""role_mainplot_role16.asl"": 34, ""role_mainplot_role17.asl"": 34, ""role_mainplot_role18.asl"": 34, ""role_mainplot_role19.asl"": 34}",2.9434343434343435,0.02105445300003339,0.0005300789998727851,0.795867919921875,True,0,0
grid_roles_playbooks,164,Linux 7.2.3-arch1-2,x86_64,24,30.44,3.14.7,10,10,5,20,2,1,2,20,2,0,0,42,495,11099,41,1457,"{""playbook_playbook0.asl"": 26, ""playbook_playbook1.asl"": 26, ""playbook_playbook10.asl"": 26, ""playbook_playbook11.asl"": 26, ""playbook_playbook12.asl"": 26, ""playbook_playbook13.asl"": 26, ""playbook_playbook14.asl"": 26, ""playbook_playbook15.asl"": 26, ""playbook_playbook16.asl"": 26, ""playbook_playbook17.asl"": 26, ""playbook_playbook18.asl"": 26, ""playbook_playbook19.asl"": 26, ""playbook_playbook2.asl"": 26, ""playbook_playbook3.asl"": 26, ""playbook_playbook4.asl"": 26, ""playbook_playbook5.asl"": 26, ""playbook_playbook6.asl"": 26, ""playbook_playbook7.asl"": 26, ""playbook_playbook8.asl"": 26, ""playbook_playbook9.asl"": 26, ""director_mainplot.asl"": 257, ""role_mainplot_role0.asl"": 34, ""role_mainplot_role1.asl"": 34, ""role_mainplot_role2.asl"": 34, ""role_mainplot_role3.asl"": 34, ""role_mainplot_role4.asl"": 34, ""role_mainplot_role5.asl"": 34, ""role_mainplot_role6.asl"": 34, ""role_mainplot_role7.asl"": 34, ""role_mainplot_role8.asl"": 34, ""role_mainplot_role9.asl"": 34, ""role_mainplot_role10.asl"": 34, ""role_mainplot_role11.asl"": 34, ""role_mainplot_role12.asl"": 34, ""role_mainplot_role13.asl"": 34, ""role_mainplot_role14.asl"": 34, ""role_mainplot_role15.asl"": 34, ""role_mainplot_role16.asl"": 34, ""role_mainplot_role17.asl"": 34, ""role_mainplot_role18.asl"": 34, ""role_mainplot_role19.asl"": 34}",2.9434343434343435,0.02095796300091024,0.0005332689997885609,0.795867919921875,True,0,0
grid_roles_playbooks,165,Linux 7.2.3-arch1-2,x86_64,24,30.44,3.14.7,10,10,5,20,2,1,2,50,2,0,0,42,705,18369,71,2657,"{""playbook_playbook0.asl"": 26, ""playbook_playbook1.asl"": 26, ""playbook_playbook10.asl"": 26, ""playbook_playbook11.asl"": 26, ""playbook_playbook12.asl"": 26, ""playbook_playbook13.asl"": 26, ""playbook_playbook14.asl"": 26, ""playbook_playbook15.asl"": 26, ""playbook_playbook16.asl"": 26, ""playbook_playbook17.asl"": 26, ""playbook_playbook18.asl"": 26, ""playbook_playbook19.asl"": 26, ""playbook_playbook2.asl"": 26, ""playbook_playbook3.asl"": 26, ""playbook_playbook4.asl"": 26, ""playbook_playbook5.asl"": 26, ""playbook_playbook6.asl"": 26, ""playbook_playbook7.asl"": 26, ""playbook_playbook8.asl"": 26, ""playbook_playbook9.asl"": 26, ""director_mainplot.asl"": 437, ""role_mainplot_role0.asl"": 34, ""role_mainplot_role1.asl"": 34, ""role_mainplot_role2.asl"": 34, ""role_mainplot_role3.asl"": 34, ""role_mainplot_role4.asl"": 34, ""role_mainplot_role5.asl"": 34, ""role_mainplot_role6.asl"": 34, ""role_mainplot_role7.asl"": 34, ""role_mainplot_role8.asl"": 34, ""role_mainplot_role9.asl"": 34, ""role_mainplot_role10.asl"": 34, ""role_mainplot_role11.asl"": 34, ""role_mainplot_role12.asl"": 34, ""role_mainplot_role13.asl"": 34, ""role_mainplot_role14.asl"": 34, ""role_mainplot_role15.asl"": 34, ""role_mainplot_role16.asl"": 34, ""role_mainplot_role17.asl"": 34, ""role_mainplot_role18.asl"": 34, ""role_mainplot_role19.asl"": 34, ""role_mainplot_role20.asl"": 34, ""role_mainplot_role21.asl"": 34, ""role_mainplot_role22.asl"": 34, ""role_mainplot_role23.asl"": 34, ""role_mainplot_role24.asl"": 34, ""role_mainplot_role25.asl"": 34, ""role_mainplot_role26.asl"": 34, ""role_mainplot_role27.asl"": 34, ""role_mainplot_role28.asl"": 34, ""role_mainplot_role29.asl"": 34, ""role_mainplot_role30.asl"": 34, ""role_mainplot_role31.asl"": 34, ""role_mainplot_role32.asl"": 34, ""role_mainplot_role33.asl"": 34, ""role_mainplot_role34.asl"": 34, ""role_mainplot_role35.asl"": 34, ""role_mainplot_role36.asl"": 34, ""role_mainplot_role37.asl"": 34, ""role_mainplot_role38.asl"": 34, ""role_mainplot_role39.asl"": 34, ""role_mainplot_role40.asl"": 34, ""role_mainplot_role41.asl"": 34, ""role_mainplot_role42.asl"": 34, ""role_mainplot_role43.asl"": 34, ""role_mainplot_role44.asl"": 34, ""role_mainplot_role45.asl"": 34, ""role_mainplot_role46.asl"": 34, ""role_mainplot_role47.asl"": 34, ""role_mainplot_role48.asl"": 34, ""role_mainplot_role49.asl"": 34}",3.7687943262411348,0.03144212499864807,0.0009107189998758258,1.1631507873535156,True,0,0
grid_roles_playbooks,166,Linux 7.2.3-arch1-2,x86_64,24,30.44,3.14.7,10,10,5,20,2,1,2,50,2,0,0,42,705,18369,71,2657,"{""playbook_playbook0.asl"": 26, ""playbook_playbook1.asl"": 26, ""playbook_playbook10.asl"": 26, ""playbook_playbook11.asl"": 26, ""playbook_playbook12.asl"": 26, ""playbook_playbook13.asl"": 26, ""playbook_playbook14.asl"": 26, ""playbook_playbook15.asl"": 26, ""playbook_playbook16.asl"": 26, ""playbook_playbook17.asl"": 26, ""playbook_playbook18.asl"": 26, ""playbook_playbook19.asl"": 26, ""playbook_playbook2.asl"": 26, ""playbook_playbook3.asl"": 26, ""playbook_playbook4.asl"": 26, ""playbook_playbook5.asl"": 26, ""playbook_playbook6.asl"": 26, ""playbook_playbook7.asl"": 26, ""playbook_playbook8.asl"": 26, ""playbook_playbook9.asl"": 26, ""director_mainplot.asl"": 437, ""role_mainplot_role0.asl"": 34, ""role_mainplot_role1.asl"": 34, ""role_mainplot_role2.asl"": 34, ""role_mainplot_role3.asl"": 34, ""role_mainplot_role4.asl"": 34, ""role_mainplot_role5.asl"": 34, ""role_mainplot_role6.asl"": 34, ""role_mainplot_role7.asl"": 34, ""role_mainplot_role8.asl"": 34, ""role_mainplot_role9.asl"": 34, ""role_mainplot_role10.asl"": 34, ""role_mainplot_role11.asl"": 34, ""role_mainplot_role12.asl"": 34, ""role_mainplot_role13.asl"": 34, ""role_mainplot_role14.asl"": 34, ""role_mainplot_role15.asl"": 34, ""role_mainplot_role16.asl"": 34, ""role_mainplot_role17.asl"": 34, ""role_mainplot_role18.asl"": 34, ""role_mainplot_role19.asl"": 34, ""role_mainplot_role20.asl"": 34, ""role_mainplot_role21.asl"": 34, ""role_mainplot_role22.asl"": 34, ""role_mainplot_role23.asl"": 34, ""role_mainplot_role24.asl"": 34, ""role_mainplot_role25.asl"": 34, ""role_mainplot_role26.asl"": 34, ""role_mainplot_role27.asl"": 34, ""role_mainplot_role28.asl"": 34, ""role_mainplot_role29.asl"": 34, ""role_mainplot_role30.asl"": 34, ""role_mainplot_role31.asl"": 34, ""role_mainplot_role32.asl"": 34, ""role_mainplot_role33.asl"": 34, ""role_mainplot_role34.asl"": 34, ""role_mainplot_role35.asl"": 34, ""role_mainplot_role36.asl"": 34, ""role_mainplot_role37.asl"": 34, ""role_mainplot_role38.asl"": 34, ""role_mainplot_role39.asl"": 34, ""role_mainplot_role40.asl"": 34, ""role_mainplot_role41.asl"": 34, ""role_mainplot_role42.asl"": 34, ""role_mainplot_role43.asl"": 34, ""role_mainplot_role44.asl"": 34, ""role_mainplot_role45.asl"": 34, ""role_mainplot_role46.asl"": 34, ""role_mainplot_role47.asl"": 34, ""role_mainplot_role48.asl"": 34, ""role_mainplot_role49.asl"": 34}",3.7687943262411348,0.03133378500024264,0.0009226680012943689,1.1631507873535156,True,0,0
grid_roles_playbooks,167,Linux 7.2.3-arch1-2,x86_64,24,30.44,3.14.7,10,10,5,20,2,1,2,50,2,0,0,42,705,18369,71,2657,"{""playbook_playbook0.asl"": 26, ""playbook_playbook1.asl"": 26, ""playbook_playbook10.asl"": 26, ""playbook_playbook11.asl"": 26, ""playbook_playbook12.asl"": 26, ""playbook_playbook13.asl"": 26, ""playbook_playbook14.asl"": 26, ""playbook_playbook15.asl"": 26, ""playbook_playbook16.asl"": 26, ""playbook_playbook17.asl"": 26, ""playbook_playbook18.asl"": 26, ""playbook_playbook19.asl"": 26, ""playbook_playbook2.asl"": 26, ""playbook_playbook3.asl"": 26, ""playbook_playbook4.asl"": 26, ""playbook_playbook5.asl"": 26, ""playbook_playbook6.asl"": 26, ""playbook_playbook7.asl"": 26, ""playbook_playbook8.asl"": 26, ""playbook_playbook9.asl"": 26, ""director_mainplot.asl"": 437, ""role_mainplot_role0.asl"": 34, ""role_mainplot_role1.asl"": 34, ""role_mainplot_role2.asl"": 34, ""role_mainplot_role3.asl"": 34, ""role_mainplot_role4.asl"": 34, ""role_mainplot_role5.asl"": 34, ""role_mainplot_role6.asl"": 34, ""role_mainplot_role7.asl"": 34, ""role_mainplot_role8.asl"": 34, ""role_mainplot_role9.asl"": 34, ""role_mainplot_role10.asl"": 34, ""role_mainplot_role11.asl"": 34, ""role_mainplot_role12.asl"": 34, ""role_mainplot_role13.asl"": 34, ""role_mainplot_role14.asl"": 34, ""role_mainplot_role15.asl"": 34, ""role_mainplot_role16.asl"": 34, ""role_mainplot_role17.asl"": 34, ""role_mainplot_role18.asl"": 34, ""role_mainplot_role19.asl"": 34, ""role_mainplot_role20.asl"": 34, ""role_mainplot_role21.asl"": 34, ""role_mainplot_role22.asl"": 34, ""role_mainplot_role23.asl"": 34, ""role_mainplot_role24.asl"": 34, ""role_mainplot_role25.asl"": 34, ""role_mainplot_role26.asl"": 34, ""role_mainplot_role27.asl"": 34, ""role_mainplot_role28.asl"": 34, ""role_mainplot_role29.asl"": 34, ""role_mainplot_role30.asl"": 34, ""role_mainplot_role31.asl"": 34, ""role_mainplot_role32.asl"": 34, ""role_mainplot_role33.asl"": 34, ""role_mainplot_role34.asl"": 34, ""role_mainplot_role35.asl"": 34, ""role_mainplot_role36.asl"": 34, ""role_mainplot_role37.asl"": 34, ""role_mainplot_role38.asl"": 34, ""role_mainplot_role39.asl"": 34, ""role_mainplot_role40.asl"": 34, ""role_mainplot_role41.asl"": 34, ""role_mainplot_role42.asl"": 34, ""role_mainplot_role43.asl"": 34, ""role_mainplot_role44.asl"": 34, ""role_mainplot_role45.asl"": 34, ""role_mainplot_role46.asl"": 34, ""role_mainplot_role47.asl"": 34, ""role_mainplot_role48.asl"": 34, ""role_mainplot_role49.asl"": 34}",3.7687943262411348,0.03141432399934274,0.0009092279997275909,1.1631507873535156,True,0,0
grid_roles_playbooks,168,Linux 7.2.3-arch1-2,x86_64,24,30.44,3.14.7,10,10,5,20,2,1,2,50,2,0,0,42,705,18369,71,2657,"{""playbook_playbook0.asl"": 26, ""playbook_playbook1.asl"": 26, ""playbook_playbook10.asl"": 26, ""playbook_playbook11.asl"": 26, ""playbook_playbook12.asl"": 26, ""playbook_playbook13.asl"": 26, ""playbook_playbook14.asl"": 26, ""playbook_playbook15.asl"": 26, ""playbook_playbook16.asl"": 26, ""playbook_playbook17.asl"": 26, ""playbook_playbook18.asl"": 26, ""playbook_playbook19.asl"": 26, ""playbook_playbook2.asl"": 26, ""playbook_playbook3.asl"": 26, ""playbook_playbook4.asl"": 26, ""playbook_playbook5.asl"": 26, ""playbook_playbook6.asl"": 26, ""playbook_playbook7.asl"": 26, ""playbook_playbook8.asl"": 26, ""playbook_playbook9.asl"": 26, ""director_mainplot.asl"": 437, ""role_mainplot_role0.asl"": 34, ""role_mainplot_role1.asl"": 34, ""role_mainplot_role2.asl"": 34, ""role_mainplot_role3.asl"": 34, ""role_mainplot_role4.asl"": 34, ""role_mainplot_role5.asl"": 34, ""role_mainplot_role6.asl"": 34, ""role_mainplot_role7.asl"": 34, ""role_mainplot_role8.asl"": 34, ""role_mainplot_role9.asl"": 34, ""role_mainplot_role10.asl"": 34, ""role_mainplot_role11.asl"": 34, ""role_mainplot_role12.asl"": 34, ""role_mainplot_role13.asl"": 34, ""role_mainplot_role14.asl"": 34, ""role_mainplot_role15.asl"": 34, ""role_mainplot_role16.asl"": 34, ""role_mainplot_role17.asl"": 34, ""role_mainplot_role18.asl"": 34, ""role_mainplot_role19.asl"": 34, ""role_mainplot_role20.asl"": 34, ""role_mainplot_role21.asl"": 34, ""role_mainplot_role22.asl"": 34, ""role_mainplot_role23.asl"": 34, ""role_mainplot_role24.asl"": 34, ""role_mainplot_role25.asl"": 34, ""role_mainplot_role26.asl"": 34, ""role_mainplot_role27.asl"": 34, ""role_mainplot_role28.asl"": 34, ""role_mainplot_role29.asl"": 34, ""role_mainplot_role30.asl"": 34, ""role_mainplot_role31.asl"": 34, ""role_mainplot_role32.asl"": 34, ""role_mainplot_role33.asl"": 34, ""role_mainplot_role34.asl"": 34, ""role_mainplot_role35.asl"": 34, ""role_mainplot_role36.asl"": 34, ""role_mainplot_role37.asl"": 34, ""role_mainplot_role38.asl"": 34, ""role_mainplot_role39.asl"": 34, ""role_mainplot_role40.asl"": 34, ""role_mainplot_role41.asl"": 34, ""role_mainplot_role42.asl"": 34, ""role_mainplot_role43.asl"": 34, ""role_mainplot_role44.asl"": 34, ""role_mainplot_role45.asl"": 34, ""role_mainplot_role46.asl"": 34, ""role_mainplot_role47.asl"": 34, ""role_mainplot_role48.asl"": 34, ""role_mainplot_role49.asl"": 34}",3.7687943262411348,0.03125613500014879,0.0009087590005947277,1.1631507873535156,True,0,0
grid_roles_playbooks,169,Linux 7.2.3-arch1-2,x86_64,24,30.44,3.14.7,10,10,5,20,2,1,2,50,2,0,0,42,705,18369,71,2657,"{""playbook_playbook0.asl"": 26, ""playbook_playbook1.asl"": 26, ""playbook_playbook10.asl"": 26, ""playbook_playbook11.asl"": 26, ""playbook_playbook12.asl"": 26, ""playbook_playbook13.asl"": 26, ""playbook_playbook14.asl"": 26, ""playbook_playbook15.asl"": 26, ""playbook_playbook16.asl"": 26, ""playbook_playbook17.asl"": 26, ""playbook_playbook18.asl"": 26, ""playbook_playbook19.asl"": 26, ""playbook_playbook2.asl"": 26, ""playbook_playbook3.asl"": 26, ""playbook_playbook4.asl"": 26, ""playbook_playbook5.asl"": 26, ""playbook_playbook6.asl"": 26, ""playbook_playbook7.asl"": 26, ""playbook_playbook8.asl"": 26, ""playbook_playbook9.asl"": 26, ""director_mainplot.asl"": 437, ""role_mainplot_role0.asl"": 34, ""role_mainplot_role1.asl"": 34, ""role_mainplot_role2.asl"": 34, ""role_mainplot_role3.asl"": 34, ""role_mainplot_role4.asl"": 34, ""role_mainplot_role5.asl"": 34, ""role_mainplot_role6.asl"": 34, ""role_mainplot_role7.asl"": 34, ""role_mainplot_role8.asl"": 34, ""role_mainplot_role9.asl"": 34, ""role_mainplot_role10.asl"": 34, ""role_mainplot_role11.asl"": 34, ""role_mainplot_role12.asl"": 34, ""role_mainplot_role13.asl"": 34, ""role_mainplot_role14.asl"": 34, ""role_mainplot_role15.asl"": 34, ""role_mainplot_role16.asl"": 34, ""role_mainplot_role17.asl"": 34, ""role_mainplot_role18.asl"": 34, ""role_mainplot_role19.asl"": 34, ""role_mainplot_role20.asl"": 34, ""role_mainplot_role21.asl"": 34, ""role_mainplot_role22.asl"": 34, ""role_mainplot_role23.asl"": 34, ""role_mainplot_role24.asl"": 34, ""role_mainplot_role25.asl"": 34, ""role_mainplot_role26.asl"": 34, ""role_mainplot_role27.asl"": 34, ""role_mainplot_role28.asl"": 34, ""role_mainplot_role29.asl"": 34, ""role_mainplot_role30.asl"": 34, ""role_mainplot_role31.asl"": 34, ""role_mainplot_role32.asl"": 34, ""role_mainplot_role33.asl"": 34, ""role_mainplot_role34.asl"": 34, ""role_mainplot_role35.asl"": 34, ""role_mainplot_role36.asl"": 34, ""role_mainplot_role37.asl"": 34, ""role_mainplot_role38.asl"": 34, ""role_mainplot_role39.asl"": 34, ""role_mainplot_role40.asl"": 34, ""role_mainplot_role41.asl"": 34, ""role_mainplot_role42.asl"": 34, ""role_mainplot_role43.asl"": 34, ""role_mainplot_role44.asl"": 34, ""role_mainplot_role45.asl"": 34, ""role_mainplot_role46.asl"": 34, ""role_mainplot_role47.asl"": 34, ""role_mainplot_role48.asl"": 34, ""role_mainplot_role49.asl"": 34}",3.7687943262411348,0.031339344999651075,0.0009072679986275034,1.1631507873535156,True,0,0
grid_roles_playbooks,170,Linux 7.2.3-arch1-2,x86_64,24,30.44,3.14.7,10,10,5,20,2,1,2,100,2,0,0,42,1055,30540,121,4657,"{""playbook_playbook0.asl"": 26, ""playbook_playbook1.asl"": 26, ""playbook_playbook10.asl"": 26, ""playbook_playbook11.asl"": 26, ""playbook_playbook12.asl"": 26, ""playbook_playbook13.asl"": 26, ""playbook_playbook14.asl"": 26, ""playbook_playbook15.asl"": 26, ""playbook_playbook16.asl"": 26, ""playbook_playbook17.asl"": 26, ""playbook_playbook18.asl"": 26, ""playbook_playbook19.asl"": 26, ""playbook_playbook2.asl"": 26, ""playbook_playbook3.asl"": 26, ""playbook_playbook4.asl"": 26, ""playbook_playbook5.asl"": 26, ""playbook_playbook6.asl"": 26, ""playbook_playbook7.asl"": 26, ""playbook_playbook8.asl"": 26, ""playbook_playbook9.asl"": 26, ""director_mainplot.asl"": 737, ""role_mainplot_role0.asl"": 34, ""role_mainplot_role1.asl"": 34, ""role_mainplot_role2.asl"": 34, ""role_mainplot_role3.asl"": 34, ""role_mainplot_role4.asl"": 34, ""role_mainplot_role5.asl"": 34, ""role_mainplot_role6.asl"": 34, ""role_mainplot_role7.asl"": 34, ""role_mainplot_role8.asl"": 34, ""role_mainplot_role9.asl"": 34, ""role_mainplot_role10.asl"": 34, ""role_mainplot_role11.asl"": 34, ""role_mainplot_role12.asl"": 34, ""role_mainplot_role13.asl"": 34, ""role_mainplot_role14.asl"": 34, ""role_mainplot_role15.asl"": 34, ""role_mainplot_role16.asl"": 34, ""role_mainplot_role17.asl"": 34, ""role_mainplot_role18.asl"": 34, ""role_mainplot_role19.asl"": 34, ""role_mainplot_role20.asl"": 34, ""role_mainplot_role21.asl"": 34, ""role_mainplot_role22.asl"": 34, ""role_mainplot_role23.asl"": 34, ""role_mainplot_role24.asl"": 34, ""role_mainplot_role25.asl"": 34, ""role_mainplot_role26.asl"": 34, ""role_mainplot_role27.asl"": 34, ""role_mainplot_role28.asl"": 34, ""role_mainplot_role29.asl"": 34, ""role_mainplot_role30.asl"": 34, ""role_mainplot_role31.asl"": 34, ""role_mainplot_role32.asl"": 34, ""role_mainplot_role33.asl"": 34, ""role_mainplot_role34.asl"": 34, ""role_mainplot_role35.asl"": 34, ""role_mainplot_role36.asl"": 34, ""role_mainplot_role37.asl"": 34, ""role_mainplot_role38.asl"": 34, ""role_mainplot_role39.asl"": 34, ""role_mainplot_role40.asl"": 34, ""role_mainplot_role41.asl"": 34, ""role_mainplot_role42.asl"": 34, ""role_mainplot_role43.asl"": 34, ""role_mainplot_role44.asl"": 34, ""role_mainplot_role45.asl"": 34, ""role_mainplot_role46.asl"": 34, ""role_mainplot_role47.asl"": 34, ""role_mainplot_role48.asl"": 34, ""role_mainplot_role49.asl"": 34, ""role_mainplot_role50.asl"": 34, ""role_mainplot_role51.asl"": 34, ""role_mainplot_role52.asl"": 34, ""role_mainplot_role53.asl"": 34, ""role_mainplot_role54.asl"": 34, ""role_mainplot_role55.asl"": 34, ""role_mainplot_role56.asl"": 34, ""role_mainplot_role57.asl"": 34, ""role_mainplot_role58.asl"": 34, ""role_mainplot_role59.asl"": 34, ""role_mainplot_role60.asl"": 34, ""role_mainplot_role61.asl"": 34, ""role_mainplot_role62.asl"": 34, ""role_mainplot_role63.asl"": 34, ""role_mainplot_role64.asl"": 34, ""role_mainplot_role65.asl"": 34, ""role_mainplot_role66.asl"": 34, ""role_mainplot_role67.asl"": 34, ""role_mainplot_role68.asl"": 34, ""role_mainplot_role69.asl"": 34, ""role_mainplot_role70.asl"": 34, ""role_mainplot_role71.asl"": 34, ""role_mainplot_role72.asl"": 34, ""role_mainplot_role73.asl"": 34, ""role_mainplot_role74.asl"": 34, ""role_mainplot_role75.asl"": 34, ""role_mainplot_role76.asl"": 34, ""role_mainplot_role77.asl"": 34, ""role_mainplot_role78.asl"": 34, ""role_mainplot_role79.asl"": 34, ""role_mainplot_role80.asl"": 34, ""role_mainplot_role81.asl"": 34, ""role_mainplot_role82.asl"": 34, ""role_mainplot_role83.asl"": 34, ""role_mainplot_role84.asl"": 34, ""role_mainplot_role85.asl"": 34, ""role_mainplot_role86.asl"": 34, ""role_mainplot_role87.asl"": 34, ""role_mainplot_role88.asl"": 34, ""role_mainplot_role89.asl"": 34, ""role_mainplot_role90.asl"": 34, ""role_mainplot_role91.asl"": 34, ""role_mainplot_role92.asl"": 34, ""role_mainplot_role93.asl"": 34, ""role_mainplot_role94.asl"": 34, ""role_mainplot_role95.asl"": 34, ""role_mainplot_role96.asl"": 34, ""role_mainplot_role97.asl"": 34, ""role_mainplot_role98.asl"": 34, ""role_mainplot_role99.asl"": 34}",4.414218009478673,0.0486148250001861,0.0015240769989759428,1.7749948501586914,True,0,0
grid_roles_playbooks,171,Linux 7.2.3-arch1-2,x86_64,24,30.44,3.14.7,10,10,5,20,2,1,2,100,2,0,0,42,1055,30540,121,4657,"{""playbook_playbook0.asl"": 26, ""playbook_playbook1.asl"": 26, ""playbook_playbook10.asl"": 26, ""playbook_playbook11.asl"": 26, ""playbook_playbook12.asl"": 26, ""playbook_playbook13.asl"": 26, ""playbook_playbook14.asl"": 26, ""playbook_playbook15.asl"": 26, ""playbook_playbook16.asl"": 26, ""playbook_playbook17.asl"": 26, ""playbook_playbook18.asl"": 26, ""playbook_playbook19.asl"": 26, ""playbook_playbook2.asl"": 26, ""playbook_playbook3.asl"": 26, ""playbook_playbook4.asl"": 26, ""playbook_playbook5.asl"": 26, ""playbook_playbook6.asl"": 26, ""playbook_playbook7.asl"": 26, ""playbook_playbook8.asl"": 26, ""playbook_playbook9.asl"": 26, ""director_mainplot.asl"": 737, ""role_mainplot_role0.asl"": 34, ""role_mainplot_role1.asl"": 34, ""role_mainplot_role2.asl"": 34, ""role_mainplot_role3.asl"": 34, ""role_mainplot_role4.asl"": 34, ""role_mainplot_role5.asl"": 34, ""role_mainplot_role6.asl"": 34, ""role_mainplot_role7.asl"": 34, ""role_mainplot_role8.asl"": 34, ""role_mainplot_role9.asl"": 34, ""role_mainplot_role10.asl"": 34, ""role_mainplot_role11.asl"": 34, ""role_mainplot_role12.asl"": 34, ""role_mainplot_role13.asl"": 34, ""role_mainplot_role14.asl"": 34, ""role_mainplot_role15.asl"": 34, ""role_mainplot_role16.asl"": 34, ""role_mainplot_role17.asl"": 34, ""role_mainplot_role18.asl"": 34, ""role_mainplot_role19.asl"": 34, ""role_mainplot_role20.asl"": 34, ""role_mainplot_role21.asl"": 34, ""role_mainplot_role22.asl"": 34, ""role_mainplot_role23.asl"": 34, ""role_mainplot_role24.asl"": 34, ""role_mainplot_role25.asl"": 34, ""role_mainplot_role26.asl"": 34, ""role_mainplot_role27.asl"": 34, ""role_mainplot_role28.asl"": 34, ""role_mainplot_role29.asl"": 34, ""role_mainplot_role30.asl"": 34, ""role_mainplot_role31.asl"": 34, ""role_mainplot_role32.asl"": 34, ""role_mainplot_role33.asl"": 34, ""role_mainplot_role34.asl"": 34, ""role_mainplot_role35.asl"": 34, ""role_mainplot_role36.asl"": 34, ""role_mainplot_role37.asl"": 34, ""role_mainplot_role38.asl"": 34, ""role_mainplot_role39.asl"": 34, ""role_mainplot_role40.asl"": 34, ""role_mainplot_role41.asl"": 34, ""role_mainplot_role42.asl"": 34, ""role_mainplot_role43.asl"": 34, ""role_mainplot_role44.asl"": 34, ""role_mainplot_role45.asl"": 34, ""role_mainplot_role46.asl"": 34, ""role_mainplot_role47.asl"": 34, ""role_mainplot_role48.asl"": 34, ""role_mainplot_role49.asl"": 34, ""role_mainplot_role50.asl"": 34, ""role_mainplot_role51.asl"": 34, ""role_mainplot_role52.asl"": 34, ""role_mainplot_role53.asl"": 34, ""role_mainplot_role54.asl"": 34, ""role_mainplot_role55.asl"": 34, ""role_mainplot_role56.asl"": 34, ""role_mainplot_role57.asl"": 34, ""role_mainplot_role58.asl"": 34, ""role_mainplot_role59.asl"": 34, ""role_mainplot_role60.asl"": 34, ""role_mainplot_role61.asl"": 34, ""role_mainplot_role62.asl"": 34, ""role_mainplot_role63.asl"": 34, ""role_mainplot_role64.asl"": 34, ""role_mainplot_role65.asl"": 34, ""role_mainplot_role66.asl"": 34, ""role_mainplot_role67.asl"": 34, ""role_mainplot_role68.asl"": 34, ""role_mainplot_role69.asl"": 34, ""role_mainplot_role70.asl"": 34, ""role_mainplot_role71.asl"": 34, ""role_mainplot_role72.asl"": 34, ""role_mainplot_role73.asl"": 34, ""role_mainplot_role74.asl"": 34, ""role_mainplot_role75.asl"": 34, ""role_mainplot_role76.asl"": 34, ""role_mainplot_role77.asl"": 34, ""role_mainplot_role78.asl"": 34, ""role_mainplot_role79.asl"": 34, ""role_mainplot_role80.asl"": 34, ""role_mainplot_role81.asl"": 34, ""role_mainplot_role82.asl"": 34, ""role_mainplot_role83.asl"": 34, ""role_mainplot_role84.asl"": 34, ""role_mainplot_role85.asl"": 34, ""role_mainplot_role86.asl"": 34, ""role_mainplot_role87.asl"": 34, ""role_mainplot_role88.asl"": 34, ""role_mainplot_role89.asl"": 34, ""role_mainplot_role90.asl"": 34, ""role_mainplot_role91.asl"": 34, ""role_mainplot_role92.asl"": 34, ""role_mainplot_role93.asl"": 34, ""role_mainplot_role94.asl"": 34, ""role_mainplot_role95.asl"": 34, ""role_mainplot_role96.asl"": 34, ""role_mainplot_role97.asl"": 34, ""role_mainplot_role98.asl"": 34, ""role_mainplot_role99.asl"": 34}",4.414218009478673,0.048209485999905155,0.0015468769997823983,1.7749948501586914,True,0,0
grid_roles_playbooks,172,Linux 7.2.3-arch1-2,x86_64,24,30.44,3.14.7,10,10,5,20,2,1,2,100,2,0,0,42,1055,30540,121,4657,"{""playbook_playbook0.asl"": 26, ""playbook_playbook1.asl"": 26, ""playbook_playbook10.asl"": 26, ""playbook_playbook11.asl"": 26, ""playbook_playbook12.asl"": 26, ""playbook_playbook13.asl"": 26, ""playbook_playbook14.asl"": 26, ""playbook_playbook15.asl"": 26, ""playbook_playbook16.asl"": 26, ""playbook_playbook17.asl"": 26, ""playbook_playbook18.asl"": 26, ""playbook_playbook19.asl"": 26, ""playbook_playbook2.asl"": 26, ""playbook_playbook3.asl"": 26, ""playbook_playbook4.asl"": 26, ""playbook_playbook5.asl"": 26, ""playbook_playbook6.asl"": 26, ""playbook_playbook7.asl"": 26, ""playbook_playbook8.asl"": 26, ""playbook_playbook9.asl"": 26, ""director_mainplot.asl"": 737, ""role_mainplot_role0.asl"": 34, ""role_mainplot_role1.asl"": 34, ""role_mainplot_role2.asl"": 34, ""role_mainplot_role3.asl"": 34, ""role_mainplot_role4.asl"": 34, ""role_mainplot_role5.asl"": 34, ""role_mainplot_role6.asl"": 34, ""role_mainplot_role7.asl"": 34, ""role_mainplot_role8.asl"": 34, ""role_mainplot_role9.asl"": 34, ""role_mainplot_role10.asl"": 34, ""role_mainplot_role11.asl"": 34, ""role_mainplot_role12.asl"": 34, ""role_mainplot_role13.asl"": 34, ""role_mainplot_role14.asl"": 34, ""role_mainplot_role15.asl"": 34, ""role_mainplot_role16.asl"": 34, ""role_mainplot_role17.asl"": 34, ""role_mainplot_role18.asl"": 34, ""role_mainplot_role19.asl"": 34, ""role_mainplot_role20.asl"": 34, ""role_mainplot_role21.asl"": 34, ""role_mainplot_role22.asl"": 34, ""role_mainplot_role23.asl"": 34, ""role_mainplot_role24.asl"": 34, ""role_mainplot_role25.asl"": 34, ""role_mainplot_role26.asl"": 34, ""role_mainplot_role27.asl"": 34, ""role_mainplot_role28.asl"": 34, ""role_mainplot_role29.asl"": 34, ""role_mainplot_role30.asl"": 34, ""role_mainplot_role31.asl"": 34, ""role_mainplot_role32.asl"": 34, ""role_mainplot_role33.asl"": 34, ""role_mainplot_role34.asl"": 34, ""role_mainplot_role35.asl"": 34, ""role_mainplot_role36.asl"": 34, ""role_mainplot_role37.asl"": 34, ""role_mainplot_role38.asl"": 34, ""role_mainplot_role39.asl"": 34, ""role_mainplot_role40.asl"": 34, ""role_mainplot_role41.asl"": 34, ""role_mainplot_role42.asl"": 34, ""role_mainplot_role43.asl"": 34, ""role_mainplot_role44.asl"": 34, ""role_mainplot_role45.asl"": 34, ""role_mainplot_role46.asl"": 34, ""role_mainplot_role47.asl"": 34, ""role_mainplot_role48.asl"": 34, ""role_mainplot_role49.asl"": 34, ""role_mainplot_role50.asl"": 34, ""role_mainplot_role51.asl"": 34, ""role_mainplot_role52.asl"": 34, ""role_mainplot_role53.asl"": 34, ""role_mainplot_role54.asl"": 34, ""role_mainplot_role55.asl"": 34, ""role_mainplot_role56.asl"": 34, ""role_mainplot_role57.asl"": 34, ""role_mainplot_role58.asl"": 34, ""role_mainplot_role59.asl"": 34, ""role_mainplot_role60.asl"": 34, ""role_mainplot_role61.asl"": 34, ""role_mainplot_role62.asl"": 34, ""role_mainplot_role63.asl"": 34, ""role_mainplot_role64.asl"": 34, ""role_mainplot_role65.asl"": 34, ""role_mainplot_role66.asl"": 34, ""role_mainplot_role67.asl"": 34, ""role_mainplot_role68.asl"": 34, ""role_mainplot_role69.asl"": 34, ""role_mainplot_role70.asl"": 34, ""role_mainplot_role71.asl"": 34, ""role_mainplot_role72.asl"": 34, ""role_mainplot_role73.asl"": 34, ""role_mainplot_role74.asl"": 34, ""role_mainplot_role75.asl"": 34, ""role_mainplot_role76.asl"": 34, ""role_mainplot_role77.asl"": 34, ""role_mainplot_role78.asl"": 34, ""role_mainplot_role79.asl"": 34, ""role_mainplot_role80.asl"": 34, ""role_mainplot_role81.asl"": 34, ""role_mainplot_role82.asl"": 34, ""role_mainplot_role83.asl"": 34, ""role_mainplot_role84.asl"": 34, ""role_mainplot_role85.asl"": 34, ""role_mainplot_role86.asl"": 34, ""role_mainplot_role87.asl"": 34, ""role_mainplot_role88.asl"": 34, ""role_mainplot_role89.asl"": 34, ""role_mainplot_role90.asl"": 34, ""role_mainplot_role91.asl"": 34, ""role_mainplot_role92.asl"": 34, ""role_mainplot_role93.asl"": 34, ""role_mainplot_role94.asl"": 34, ""role_mainplot_role95.asl"": 34, ""role_mainplot_role96.asl"": 34, ""role_mainplot_role97.asl"": 34, ""role_mainplot_role98.asl"": 34, ""role_mainplot_role99.asl"": 34}",4.414218009478673,0.04837827399933303,0.0015227269996103132,1.7749948501586914,True,0,0
grid_roles_playbooks,173,Linux 7.2.3-arch1-2,x86_64,24,30.44,3.14.7,10,10,5,20,2,1,2,100,2,0,0,42,1055,30540,121,4657,"{""playbook_playbook0.asl"": 26, ""playbook_playbook1.asl"": 26, ""playbook_playbook10.asl"": 26, ""playbook_playbook11.asl"": 26, ""playbook_playbook12.asl"": 26, ""playbook_playbook13.asl"": 26, ""playbook_playbook14.asl"": 26, ""playbook_playbook15.asl"": 26, ""playbook_playbook16.asl"": 26, ""playbook_playbook17.asl"": 26, ""playbook_playbook18.asl"": 26, ""playbook_playbook19.asl"": 26, ""playbook_playbook2.asl"": 26, ""playbook_playbook3.asl"": 26, ""playbook_playbook4.asl"": 26, ""playbook_playbook5.asl"": 26, ""playbook_playbook6.asl"": 26, ""playbook_playbook7.asl"": 26, ""playbook_playbook8.asl"": 26, ""playbook_playbook9.asl"": 26, ""director_mainplot.asl"": 737, ""role_mainplot_role0.asl"": 34, ""role_mainplot_role1.asl"": 34, ""role_mainplot_role2.asl"": 34, ""role_mainplot_role3.asl"": 34, ""role_mainplot_role4.asl"": 34, ""role_mainplot_role5.asl"": 34, ""role_mainplot_role6.asl"": 34, ""role_mainplot_role7.asl"": 34, ""role_mainplot_role8.asl"": 34, ""role_mainplot_role9.asl"": 34, ""role_mainplot_role10.asl"": 34, ""role_mainplot_role11.asl"": 34, ""role_mainplot_role12.asl"": 34, ""role_mainplot_role13.asl"": 34, ""role_mainplot_role14.asl"": 34, ""role_mainplot_role15.asl"": 34, ""role_mainplot_role16.asl"": 34, ""role_mainplot_role17.asl"": 34, ""role_mainplot_role18.asl"": 34, ""role_mainplot_role19.asl"": 34, ""role_mainplot_role20.asl"": 34, ""role_mainplot_role21.asl"": 34, ""role_mainplot_role22.asl"": 34, ""role_mainplot_role23.asl"": 34, ""role_mainplot_role24.asl"": 34, ""role_mainplot_role25.asl"": 34, ""role_mainplot_role26.asl"": 34, ""role_mainplot_role27.asl"": 34, ""role_mainplot_role28.asl"": 34, ""role_mainplot_role29.asl"": 34, ""role_mainplot_role30.asl"": 34, ""role_mainplot_role31.asl"": 34, ""role_mainplot_role32.asl"": 34, ""role_mainplot_role33.asl"": 34, ""role_mainplot_role34.asl"": 34, ""role_mainplot_role35.asl"": 34, ""role_mainplot_role36.asl"": 34, ""role_mainplot_role37.asl"": 34, ""role_mainplot_role38.asl"": 34, ""role_mainplot_role39.asl"": 34, ""role_mainplot_role40.asl"": 34, ""role_mainplot_role41.asl"": 34, ""role_mainplot_role42.asl"": 34, ""role_mainplot_role43.asl"": 34, ""role_mainplot_role44.asl"": 34, ""role_mainplot_role45.asl"": 34, ""role_mainplot_role46.asl"": 34, ""role_mainplot_role47.asl"": 34, ""role_mainplot_role48.asl"": 34, ""role_mainplot_role49.asl"": 34, ""role_mainplot_role50.asl"": 34, ""role_mainplot_role51.asl"": 34, ""role_mainplot_role52.asl"": 34, ""role_mainplot_role53.asl"": 34, ""role_mainplot_role54.asl"": 34, ""role_mainplot_role55.asl"": 34, ""role_mainplot_role56.asl"": 34, ""role_mainplot_role57.asl"": 34, ""role_mainplot_role58.asl"": 34, ""role_mainplot_role59.asl"": 34, ""role_mainplot_role60.asl"": 34, ""role_mainplot_role61.asl"": 34, ""role_mainplot_role62.asl"": 34, ""role_mainplot_role63.asl"": 34, ""role_mainplot_role64.asl"": 34, ""role_mainplot_role65.asl"": 34, ""role_mainplot_role66.asl"": 34, ""role_mainplot_role67.asl"": 34, ""role_mainplot_role68.asl"": 34, ""role_mainplot_role69.asl"": 34, ""role_mainplot_role70.asl"": 34, ""role_mainplot_role71.asl"": 34, ""role_mainplot_role72.asl"": 34, ""role_mainplot_role73.asl"": 34, ""role_mainplot_role74.asl"": 34, ""role_mainplot_role75.asl"": 34, ""role_mainplot_role76.asl"": 34, ""role_mainplot_role77.asl"": 34, ""role_mainplot_role78.asl"": 34, ""role_mainplot_role79.asl"": 34, ""role_mainplot_role80.asl"": 34, ""role_mainplot_role81.asl"": 34, ""role_mainplot_role82.asl"": 34, ""role_mainplot_role83.asl"": 34, ""role_mainplot_role84.asl"": 34, ""role_mainplot_role85.asl"": 34, ""role_mainplot_role86.asl"": 34, ""role_mainplot_role87.asl"": 34, ""role_mainplot_role88.asl"": 34, ""role_mainplot_role89.asl"": 34, ""role_mainplot_role90.asl"": 34, ""role_mainplot_role91.asl"": 34, ""role_mainplot_role92.asl"": 34, ""role_mainplot_role93.asl"": 34, ""role_mainplot_role94.asl"": 34, ""role_mainplot_role95.asl"": 34, ""role_mainplot_role96.asl"": 34, ""role_mainplot_role97.asl"": 34, ""role_mainplot_role98.asl"": 34, ""role_mainplot_role99.asl"": 34}",4.414218009478673,0.04844626500016602,0.0015124569999898085,1.7749948501586914,True,0,0
grid_roles_playbooks,174,Linux 7.2.3-arch1-2,x86_64,24,30.44,3.14.7,10,10,5,20,2,1,2,100,2,0,0,42,1055,30540,121,4657,"{""playbook_playbook0.asl"": 26, ""playbook_playbook1.asl"": 26, ""playbook_playbook10.asl"": 26, ""playbook_playbook11.asl"": 26, ""playbook_playbook12.asl"": 26, ""playbook_playbook13.asl"": 26, ""playbook_playbook14.asl"": 26, ""playbook_playbook15.asl"": 26, ""playbook_playbook16.asl"": 26, ""playbook_playbook17.asl"": 26, ""playbook_playbook18.asl"": 26, ""playbook_playbook19.asl"": 26, ""playbook_playbook2.asl"": 26, ""playbook_playbook3.asl"": 26, ""playbook_playbook4.asl"": 26, ""playbook_playbook5.asl"": 26, ""playbook_playbook6.asl"": 26, ""playbook_playbook7.asl"": 26, ""playbook_playbook8.asl"": 26, ""playbook_playbook9.asl"": 26, ""director_mainplot.asl"": 737, ""role_mainplot_role0.asl"": 34, ""role_mainplot_role1.asl"": 34, ""role_mainplot_role2.asl"": 34, ""role_mainplot_role3.asl"": 34, ""role_mainplot_role4.asl"": 34, ""role_mainplot_role5.asl"": 34, ""role_mainplot_role6.asl"": 34, ""role_mainplot_role7.asl"": 34, ""role_mainplot_role8.asl"": 34, ""role_mainplot_role9.asl"": 34, ""role_mainplot_role10.asl"": 34, ""role_mainplot_role11.asl"": 34, ""role_mainplot_role12.asl"": 34, ""role_mainplot_role13.asl"": 34, ""role_mainplot_role14.asl"": 34, ""role_mainplot_role15.asl"": 34, ""role_mainplot_role16.asl"": 34, ""role_mainplot_role17.asl"": 34, ""role_mainplot_role18.asl"": 34, ""role_mainplot_role19.asl"": 34, ""role_mainplot_role20.asl"": 34, ""role_mainplot_role21.asl"": 34, ""role_mainplot_role22.asl"": 34, ""role_mainplot_role23.asl"": 34, ""role_mainplot_role24.asl"": 34, ""role_mainplot_role25.asl"": 34, ""role_mainplot_role26.asl"": 34, ""role_mainplot_role27.asl"": 34, ""role_mainplot_role28.asl"": 34, ""role_mainplot_role29.asl"": 34, ""role_mainplot_role30.asl"": 34, ""role_mainplot_role31.asl"": 34, ""role_mainplot_role32.asl"": 34, ""role_mainplot_role33.asl"": 34, ""role_mainplot_role34.asl"": 34, ""role_mainplot_role35.asl"": 34, ""role_mainplot_role36.asl"": 34, ""role_mainplot_role37.asl"": 34, ""role_mainplot_role38.asl"": 34, ""role_mainplot_role39.asl"": 34, ""role_mainplot_role40.asl"": 34, ""role_mainplot_role41.asl"": 34, ""role_mainplot_role42.asl"": 34, ""role_mainplot_role43.asl"": 34, ""role_mainplot_role44.asl"": 34, ""role_mainplot_role45.asl"": 34, ""role_mainplot_role46.asl"": 34, ""role_mainplot_role47.asl"": 34, ""role_mainplot_role48.asl"": 34, ""role_mainplot_role49.asl"": 34, ""role_mainplot_role50.asl"": 34, ""role_mainplot_role51.asl"": 34, ""role_mainplot_role52.asl"": 34, ""role_mainplot_role53.asl"": 34, ""role_mainplot_role54.asl"": 34, ""role_mainplot_role55.asl"": 34, ""role_mainplot_role56.asl"": 34, ""role_mainplot_role57.asl"": 34, ""role_mainplot_role58.asl"": 34, ""role_mainplot_role59.asl"": 34, ""role_mainplot_role60.asl"": 34, ""role_mainplot_role61.asl"": 34, ""role_mainplot_role62.asl"": 34, ""role_mainplot_role63.asl"": 34, ""role_mainplot_role64.asl"": 34, ""role_mainplot_role65.asl"": 34, ""role_mainplot_role66.asl"": 34, ""role_mainplot_role67.asl"": 34, ""role_mainplot_role68.asl"": 34, ""role_mainplot_role69.asl"": 34, ""role_mainplot_role70.asl"": 34, ""role_mainplot_role71.asl"": 34, ""role_mainplot_role72.asl"": 34, ""role_mainplot_role73.asl"": 34, ""role_mainplot_role74.asl"": 34, ""role_mainplot_role75.asl"": 34, ""role_mainplot_role76.asl"": 34, ""role_mainplot_role77.asl"": 34, ""role_mainplot_role78.asl"": 34, ""role_mainplot_role79.asl"": 34, ""role_mainplot_role80.asl"": 34, ""role_mainplot_role81.asl"": 34, ""role_mainplot_role82.asl"": 34, ""role_mainplot_role83.asl"": 34, ""role_mainplot_role84.asl"": 34, ""role_mainplot_role85.asl"": 34, ""role_mainplot_role86.asl"": 34, ""role_mainplot_role87.asl"": 34, ""role_mainplot_role88.asl"": 34, ""role_mainplot_role89.asl"": 34, ""role_mainplot_role90.asl"": 34, ""role_mainplot_role91.asl"": 34, ""role_mainplot_role92.asl"": 34, ""role_mainplot_role93.asl"": 34, ""role_mainplot_role94.asl"": 34, ""role_mainplot_role95.asl"": 34, ""role_mainplot_role96.asl"": 34, ""role_mainplot_role97.asl"": 34, ""role_mainplot_role98.asl"": 34, ""role_mainplot_role99.asl"": 34}",4.414218009478673,0.04876410399992892,0.0015106670016393764,1.7749948501586914,True,0,0
grid_roles_playbooks,175,Linux 7.2.3-arch1-2,x86_64,24,30.44,3.14.7,10,10,5,50,2,1,2,1,2,0,0,42,782,14024,52,1477,"{""playbook_playbook0.asl"": 26, ""playbook_playbook1.asl"": 26, ""playbook_playbook10.asl"": 26, ""playbook_playbook11.asl"": 26, ""playbook_playbook12.asl"": 26, ""playbook_playbook13.asl"": 26, ""playbook_playbook14.asl"": 26, ""playbook_playbook15.asl"": 26, ""playbook_playbook16.asl"": 26, ""playbook_playbook17.asl"": 26, ""playbook_playbook18.asl"": 26, ""playbook_playbook19.asl"": 26, ""playbook_playbook2.asl"": 26, ""playbook_playbook20.asl"": 26, ""playbook_playbook21.asl"": 26, ""playbook_playbook22.asl"": 26, ""playbook_playbook23.asl"": 26, ""playbook_playbook24.asl"": 26, ""playbook_playbook25.asl"": 26, ""playbook_playbook26.asl"": 26, ""playbook_playbook27.asl"": 26, ""playbook_playbook28.asl"": 26, ""playbook_playbook29.asl"": 26, ""playbook_playbook3.asl"": 26, ""playbook_playbook30.asl"": 26, ""playbook_playbook31.asl"": 26, ""playbook_playbook32.asl"": 26, ""playbook_playbook33.asl"": 26, ""playbook_playbook34.asl"": 26, ""playbook_playbook35.asl"": 26, ""playbook_playbook36.asl"": 26, ""playbook_playbook37.asl"": 26, ""playbook_playbook38.asl"": 26, ""playbook_playbook39.asl"": 26, ""playbook_playbook4.asl"": 26, ""playbook_playbook40.asl"": 26, ""playbook_playbook41.asl"": 26, ""playbook_playbook42.asl"": 26, ""playbook_playbook43.asl"": 26, ""playbook_playbook44.asl"": 26, ""playbook_playbook45.asl"": 26, ""playbook_playbook46.asl"": 26, ""playbook_playbook47.asl"": 26, ""playbook_playbook48.asl"": 26, ""playbook_playbook49.asl"": 26, ""playbook_playbook5.asl"": 26, ""playbook_playbook6.asl"": 26, ""playbook_playbook7.asl"": 26, ""playbook_playbook8.asl"": 26, ""playbook_playbook9.asl"": 26, ""director_mainplot.asl"": 143, ""role_mainplot_role0.asl"": 34}",1.8887468030690537,0.03247632299826364,0.0006590789998881519,1.3135108947753906,True,49,0
grid_roles_playbooks,176,Linux 7.2.3-arch1-2,x86_64,24,30.44,3.14.7,10,10,5,50,2,1,2,1,2,0,0,42,782,14024,52,1477,"{""playbook_playbook0.asl"": 26, ""playbook_playbook1.asl"": 26, ""playbook_playbook10.asl"": 26, ""playbook_playbook11.asl"": 26, ""playbook_playbook12.asl"": 26, ""playbook_playbook13.asl"": 26, ""playbook_playbook14.asl"": 26, ""playbook_playbook15.asl"": 26, ""playbook_playbook16.asl"": 26, ""playbook_playbook17.asl"": 26, ""playbook_playbook18.asl"": 26, ""playbook_playbook19.asl"": 26, ""playbook_playbook2.asl"": 26, ""playbook_playbook20.asl"": 26, ""playbook_playbook21.asl"": 26, ""playbook_playbook22.asl"": 26, ""playbook_playbook23.asl"": 26, ""playbook_playbook24.asl"": 26, ""playbook_playbook25.asl"": 26, ""playbook_playbook26.asl"": 26, ""playbook_playbook27.asl"": 26, ""playbook_playbook28.asl"": 26, ""playbook_playbook29.asl"": 26, ""playbook_playbook3.asl"": 26, ""playbook_playbook30.asl"": 26, ""playbook_playbook31.asl"": 26, ""playbook_playbook32.asl"": 26, ""playbook_playbook33.asl"": 26, ""playbook_playbook34.asl"": 26, ""playbook_playbook35.asl"": 26, ""playbook_playbook36.asl"": 26, ""playbook_playbook37.asl"": 26, ""playbook_playbook38.asl"": 26, ""playbook_playbook39.asl"": 26, ""playbook_playbook4.asl"": 26, ""playbook_playbook40.asl"": 26, ""playbook_playbook41.asl"": 26, ""playbook_playbook42.asl"": 26, ""playbook_playbook43.asl"": 26, ""playbook_playbook44.asl"": 26, ""playbook_playbook45.asl"": 26, ""playbook_playbook46.asl"": 26, ""playbook_playbook47.asl"": 26, ""playbook_playbook48.asl"": 26, ""playbook_playbook49.asl"": 26, ""playbook_playbook5.asl"": 26, ""playbook_playbook6.asl"": 26, ""playbook_playbook7.asl"": 26, ""playbook_playbook8.asl"": 26, ""playbook_playbook9.asl"": 26, ""director_mainplot.asl"": 143, ""role_mainplot_role0.asl"": 34}",1.8887468030690537,0.032516971999939415,0.0006649990009464091,1.3135108947753906,True,49,0
grid_roles_playbooks,177,Linux 7.2.3-arch1-2,x86_64,24,30.44,3.14.7,10,10,5,50,2,1,2,1,2,0,0,42,782,14024,52,1477,"{""playbook_playbook0.asl"": 26, ""playbook_playbook1.asl"": 26, ""playbook_playbook10.asl"": 26, ""playbook_playbook11.asl"": 26, ""playbook_playbook12.asl"": 26, ""playbook_playbook13.asl"": 26, ""playbook_playbook14.asl"": 26, ""playbook_playbook15.asl"": 26, ""playbook_playbook16.asl"": 26, ""playbook_playbook17.asl"": 26, ""playbook_playbook18.asl"": 26, ""playbook_playbook19.asl"": 26, ""playbook_playbook2.asl"": 26, ""playbook_playbook20.asl"": 26, ""playbook_playbook21.asl"": 26, ""playbook_playbook22.asl"": 26, ""playbook_playbook23.asl"": 26, ""playbook_playbook24.asl"": 26, ""playbook_playbook25.asl"": 26, ""playbook_playbook26.asl"": 26, ""playbook_playbook27.asl"": 26, ""playbook_playbook28.asl"": 26, ""playbook_playbook29.asl"": 26, ""playbook_playbook3.asl"": 26, ""playbook_playbook30.asl"": 26, ""playbook_playbook31.asl"": 26, ""playbook_playbook32.asl"": 26, ""playbook_playbook33.asl"": 26, ""playbook_playbook34.asl"": 26, ""playbook_playbook35.asl"": 26, ""playbook_playbook36.asl"": 26, ""playbook_playbook37.asl"": 26, ""playbook_playbook38.asl"": 26, ""playbook_playbook39.asl"": 26, ""playbook_playbook4.asl"": 26, ""playbook_playbook40.asl"": 26, ""playbook_playbook41.asl"": 26, ""playbook_playbook42.asl"": 26, ""playbook_playbook43.asl"": 26, ""playbook_playbook44.asl"": 26, ""playbook_playbook45.asl"": 26, ""playbook_playbook46.asl"": 26, ""playbook_playbook47.asl"": 26, ""playbook_playbook48.asl"": 26, ""playbook_playbook49.asl"": 26, ""playbook_playbook5.asl"": 26, ""playbook_playbook6.asl"": 26, ""playbook_playbook7.asl"": 26, ""playbook_playbook8.asl"": 26, ""playbook_playbook9.asl"": 26, ""director_mainplot.asl"": 143, ""role_mainplot_role0.asl"": 34}",1.8887468030690537,0.032518513000468374,0.0006685279986413661,1.3135108947753906,True,49,0
grid_roles_playbooks,178,Linux 7.2.3-arch1-2,x86_64,24,30.44,3.14.7,10,10,5,50,2,1,2,1,2,0,0,42,782,14024,52,1477,"{""playbook_playbook0.asl"": 26, ""playbook_playbook1.asl"": 26, ""playbook_playbook10.asl"": 26, ""playbook_playbook11.asl"": 26, ""playbook_playbook12.asl"": 26, ""playbook_playbook13.asl"": 26, ""playbook_playbook14.asl"": 26, ""playbook_playbook15.asl"": 26, ""playbook_playbook16.asl"": 26, ""playbook_playbook17.asl"": 26, ""playbook_playbook18.asl"": 26, ""playbook_playbook19.asl"": 26, ""playbook_playbook2.asl"": 26, ""playbook_playbook20.asl"": 26, ""playbook_playbook21.asl"": 26, ""playbook_playbook22.asl"": 26, ""playbook_playbook23.asl"": 26, ""playbook_playbook24.asl"": 26, ""playbook_playbook25.asl"": 26, ""playbook_playbook26.asl"": 26, ""playbook_playbook27.asl"": 26, ""playbook_playbook28.asl"": 26, ""playbook_playbook29.asl"": 26, ""playbook_playbook3.asl"": 26, ""playbook_playbook30.asl"": 26, ""playbook_playbook31.asl"": 26, ""playbook_playbook32.asl"": 26, ""playbook_playbook33.asl"": 26, ""playbook_playbook34.asl"": 26, ""playbook_playbook35.asl"": 26, ""playbook_playbook36.asl"": 26, ""playbook_playbook37.asl"": 26, ""playbook_playbook38.asl"": 26, ""playbook_playbook39.asl"": 26, ""playbook_playbook4.asl"": 26, ""playbook_playbook40.asl"": 26, ""playbook_playbook41.asl"": 26, ""playbook_playbook42.asl"": 26, ""playbook_playbook43.asl"": 26, ""playbook_playbook44.asl"": 26, ""playbook_playbook45.asl"": 26, ""playbook_playbook46.asl"": 26, ""playbook_playbook47.asl"": 26, ""playbook_playbook48.asl"": 26, ""playbook_playbook49.asl"": 26, ""playbook_playbook5.asl"": 26, ""playbook_playbook6.asl"": 26, ""playbook_playbook7.asl"": 26, ""playbook_playbook8.asl"": 26, ""playbook_playbook9.asl"": 26, ""director_mainplot.asl"": 143, ""role_mainplot_role0.asl"": 34}",1.8887468030690537,0.032370183000239194,0.0006592780009668786,1.3135108947753906,True,49,0
grid_roles_playbooks,179,Linux 7.2.3-arch1-2,x86_64,24,30.44,3.14.7,10,10,5,50,2,1,2,1,2,0,0,42,782,14024,52,1477,"{""playbook_playbook0.asl"": 26, ""playbook_playbook1.asl"": 26, ""playbook_playbook10.asl"": 26, ""playbook_playbook11.asl"": 26, ""playbook_playbook12.asl"": 26, ""playbook_playbook13.asl"": 26, ""playbook_playbook14.asl"": 26, ""playbook_playbook15.asl"": 26, ""playbook_playbook16.asl"": 26, ""playbook_playbook17.asl"": 26, ""playbook_playbook18.asl"": 26, ""playbook_playbook19.asl"": 26, ""playbook_playbook2.asl"": 26, ""playbook_playbook20.asl"": 26, ""playbook_playbook21.asl"": 26, ""playbook_playbook22.asl"": 26, ""playbook_playbook23.asl"": 26, ""playbook_playbook24.asl"": 26, ""playbook_playbook25.asl"": 26, ""playbook_playbook26.asl"": 26, ""playbook_playbook27.asl"": 26, ""playbook_playbook28.asl"": 26, ""playbook_playbook29.asl"": 26, ""playbook_playbook3.asl"": 26, ""playbook_playbook30.asl"": 26, ""playbook_playbook31.asl"": 26, ""playbook_playbook32.asl"": 26, ""playbook_playbook33.asl"": 26, ""playbook_playbook34.asl"": 26, ""playbook_playbook35.asl"": 26, ""playbook_playbook36.asl"": 26, ""playbook_playbook37.asl"": 26, ""playbook_playbook38.asl"": 26, ""playbook_playbook39.asl"": 26, ""playbook_playbook4.asl"": 26, ""playbook_playbook40.asl"": 26, ""playbook_playbook41.asl"": 26, ""playbook_playbook42.asl"": 26, ""playbook_playbook43.asl"": 26, ""playbook_playbook44.asl"": 26, ""playbook_playbook45.asl"": 26, ""playbook_playbook46.asl"": 26, ""playbook_playbook47.asl"": 26, ""playbook_playbook48.asl"": 26, ""playbook_playbook49.asl"": 26, ""playbook_playbook5.asl"": 26, ""playbook_playbook6.asl"": 26, ""playbook_playbook7.asl"": 26, ""playbook_playbook8.asl"": 26, ""playbook_playbook9.asl"": 26, ""director_mainplot.asl"": 143, ""role_mainplot_role0.asl"": 34}",1.8887468030690537,0.032787981999717886,0.0006816889999754494,1.3135108947753906,True,49,0
grid_roles_playbooks,180,Linux 7.2.3-arch1-2,x86_64,24,30.44,3.14.7,10,10,5,50,2,1,2,2,2,0,0,42,789,14260,53,1517,"{""playbook_playbook0.asl"": 26, ""playbook_playbook1.asl"": 26, ""playbook_playbook10.asl"": 26, ""playbook_playbook11.asl"": 26, ""playbook_playbook12.asl"": 26, ""playbook_playbook13.asl"": 26, ""playbook_playbook14.asl"": 26, ""playbook_playbook15.asl"": 26, ""playbook_playbook16.asl"": 26, ""playbook_playbook17.asl"": 26, ""playbook_playbook18.asl"": 26, ""playbook_playbook19.asl"": 26, ""playbook_playbook2.asl"": 26, ""playbook_playbook20.asl"": 26, ""playbook_playbook21.asl"": 26, ""playbook_playbook22.asl"": 26, ""playbook_playbook23.asl"": 26, ""playbook_playbook24.asl"": 26, ""playbook_playbook25.asl"": 26, ""playbook_playbook26.asl"": 26, ""playbook_playbook27.asl"": 26, ""playbook_playbook28.asl"": 26, ""playbook_playbook29.asl"": 26, ""playbook_playbook3.asl"": 26, ""playbook_playbook30.asl"": 26, ""playbook_playbook31.asl"": 26, ""playbook_playbook32.asl"": 26, ""playbook_playbook33.asl"": 26, ""playbook_playbook34.asl"": 26, ""playbook_playbook35.asl"": 26, ""playbook_playbook36.asl"": 26, ""playbook_playbook37.asl"": 26, ""playbook_playbook38.asl"": 26, ""playbook_playbook39.asl"": 26, ""playbook_playbook4.asl"": 26, ""playbook_playbook40.asl"": 26, ""playbook_playbook41.asl"": 26, ""playbook_playbook42.asl"": 26, ""playbook_playbook43.asl"": 26, ""playbook_playbook44.asl"": 26, ""playbook_playbook45.asl"": 26, ""playbook_playbook46.asl"": 26, ""playbook_playbook47.asl"": 26, ""playbook_playbook48.asl"": 26, ""playbook_playbook49.asl"": 26, ""playbook_playbook5.asl"": 26, ""playbook_playbook6.asl"": 26, ""playbook_playbook7.asl"": 26, ""playbook_playbook8.asl"": 26, ""playbook_playbook9.asl"": 26, ""director_mainplot.asl"": 149, ""role_mainplot_role0.asl"": 34, ""role_mainplot_role1.asl"": 34}",1.9226869455006337,0.032866682000531,0.0006728879998263437,1.3256969451904297,True,48,0
grid_roles_playbooks,181,Linux 7.2.3-arch1-2,x86_64,24,30.44,3.14.7,10,10,5,50,2,1,2,2,2,0,0,42,789,14260,53,1517,"{""playbook_playbook0.asl"": 26, ""playbook_playbook1.asl"": 26, ""playbook_playbook10.asl"": 26, ""playbook_playbook11.asl"": 26, ""playbook_playbook12.asl"": 26, ""playbook_playbook13.asl"": 26, ""playbook_playbook14.asl"": 26, ""playbook_playbook15.asl"": 26, ""playbook_playbook16.asl"": 26, ""playbook_playbook17.asl"": 26, ""playbook_playbook18.asl"": 26, ""playbook_playbook19.asl"": 26, ""playbook_playbook2.asl"": 26, ""playbook_playbook20.asl"": 26, ""playbook_playbook21.asl"": 26, ""playbook_playbook22.asl"": 26, ""playbook_playbook23.asl"": 26, ""playbook_playbook24.asl"": 26, ""playbook_playbook25.asl"": 26, ""playbook_playbook26.asl"": 26, ""playbook_playbook27.asl"": 26, ""playbook_playbook28.asl"": 26, ""playbook_playbook29.asl"": 26, ""playbook_playbook3.asl"": 26, ""playbook_playbook30.asl"": 26, ""playbook_playbook31.asl"": 26, ""playbook_playbook32.asl"": 26, ""playbook_playbook33.asl"": 26, ""playbook_playbook34.asl"": 26, ""playbook_playbook35.asl"": 26, ""playbook_playbook36.asl"": 26, ""playbook_playbook37.asl"": 26, ""playbook_playbook38.asl"": 26, ""playbook_playbook39.asl"": 26, ""playbook_playbook4.asl"": 26, ""playbook_playbook40.asl"": 26, ""playbook_playbook41.asl"": 26, ""playbook_playbook42.asl"": 26, ""playbook_playbook43.asl"": 26, ""playbook_playbook44.asl"": 26, ""playbook_playbook45.asl"": 26, ""playbook_playbook46.asl"": 26, ""playbook_playbook47.asl"": 26, ""playbook_playbook48.asl"": 26, ""playbook_playbook49.asl"": 26, ""playbook_playbook5.asl"": 26, ""playbook_playbook6.asl"": 26, ""playbook_playbook7.asl"": 26, ""playbook_playbook8.asl"": 26, ""playbook_playbook9.asl"": 26, ""director_mainplot.asl"": 149, ""role_mainplot_role0.asl"": 34, ""role_mainplot_role1.asl"": 34}",1.9226869455006337,0.032839812000020174,0.000676538998959586,1.3256969451904297,True,48,0
grid_roles_playbooks,182,Linux 7.2.3-arch1-2,x86_64,24,30.44,3.14.7,10,10,5,50,2,1,2,2,2,0,0,42,789,14260,53,1517,"{""playbook_playbook0.asl"": 26, ""playbook_playbook1.asl"": 26, ""playbook_playbook10.asl"": 26, ""playbook_playbook11.asl"": 26, ""playbook_playbook12.asl"": 26, ""playbook_playbook13.asl"": 26, ""playbook_playbook14.asl"": 26, ""playbook_playbook15.asl"": 26, ""playbook_playbook16.asl"": 26, ""playbook_playbook17.asl"": 26, ""playbook_playbook18.asl"": 26, ""playbook_playbook19.asl"": 26, ""playbook_playbook2.asl"": 26, ""playbook_playbook20.asl"": 26, ""playbook_playbook21.asl"": 26, ""playbook_playbook22.asl"": 26, ""playbook_playbook23.asl"": 26, ""playbook_playbook24.asl"": 26, ""playbook_playbook25.asl"": 26, ""playbook_playbook26.asl"": 26, ""playbook_playbook27.asl"": 26, ""playbook_playbook28.asl"": 26, ""playbook_playbook29.asl"": 26, ""playbook_playbook3.asl"": 26, ""playbook_playbook30.asl"": 26, ""playbook_playbook31.asl"": 26, ""playbook_playbook32.asl"": 26, ""playbook_playbook33.asl"": 26, ""playbook_playbook34.asl"": 26, ""playbook_playbook35.asl"": 26, ""playbook_playbook36.asl"": 26, ""playbook_playbook37.asl"": 26, ""playbook_playbook38.asl"": 26, ""playbook_playbook39.asl"": 26, ""playbook_playbook4.asl"": 26, ""playbook_playbook40.asl"": 26, ""playbook_playbook41.asl"": 26, ""playbook_playbook42.asl"": 26, ""playbook_playbook43.asl"": 26, ""playbook_playbook44.asl"": 26, ""playbook_playbook45.asl"": 26, ""playbook_playbook46.asl"": 26, ""playbook_playbook47.asl"": 26, ""playbook_playbook48.asl"": 26, ""playbook_playbook49.asl"": 26, ""playbook_playbook5.asl"": 26, ""playbook_playbook6.asl"": 26, ""playbook_playbook7.asl"": 26, ""playbook_playbook8.asl"": 26, ""playbook_playbook9.asl"": 26, ""director_mainplot.asl"": 149, ""role_mainplot_role0.asl"": 34, ""role_mainplot_role1.asl"": 34}",1.9226869455006337,0.032880511998882866,0.0006707280008413363,1.3256969451904297,True,48,0
grid_roles_playbooks,183,Linux 7.2.3-arch1-2,x86_64,24,30.44,3.14.7,10,10,5,50,2,1,2,2,2,0,0,42,789,14260,53,1517,"{""playbook_playbook0.asl"": 26, ""playbook_playbook1.asl"": 26, ""playbook_playbook10.asl"": 26, ""playbook_playbook11.asl"": 26, ""playbook_playbook12.asl"": 26, ""playbook_playbook13.asl"": 26, ""playbook_playbook14.asl"": 26, ""playbook_playbook15.asl"": 26, ""playbook_playbook16.asl"": 26, ""playbook_playbook17.asl"": 26, ""playbook_playbook18.asl"": 26, ""playbook_playbook19.asl"": 26, ""playbook_playbook2.asl"": 26, ""playbook_playbook20.asl"": 26, ""playbook_playbook21.asl"": 26, ""playbook_playbook22.asl"": 26, ""playbook_playbook23.asl"": 26, ""playbook_playbook24.asl"": 26, ""playbook_playbook25.asl"": 26, ""playbook_playbook26.asl"": 26, ""playbook_playbook27.asl"": 26, ""playbook_playbook28.asl"": 26, ""playbook_playbook29.asl"": 26, ""playbook_playbook3.asl"": 26, ""playbook_playbook30.asl"": 26, ""playbook_playbook31.asl"": 26, ""playbook_playbook32.asl"": 26, ""playbook_playbook33.asl"": 26, ""playbook_playbook34.asl"": 26, ""playbook_playbook35.asl"": 26, ""playbook_playbook36.asl"": 26, ""playbook_playbook37.asl"": 26, ""playbook_playbook38.asl"": 26, ""playbook_playbook39.asl"": 26, ""playbook_playbook4.asl"": 26, ""playbook_playbook40.asl"": 26, ""playbook_playbook41.asl"": 26, ""playbook_playbook42.asl"": 26, ""playbook_playbook43.asl"": 26, ""playbook_playbook44.asl"": 26, ""playbook_playbook45.asl"": 26, ""playbook_playbook46.asl"": 26, ""playbook_playbook47.asl"": 26, ""playbook_playbook48.asl"": 26, ""playbook_playbook49.asl"": 26, ""playbook_playbook5.asl"": 26, ""playbook_playbook6.asl"": 26, ""playbook_playbook7.asl"": 26, ""playbook_playbook8.asl"": 26, ""playbook_playbook9.asl"": 26, ""director_mainplot.asl"": 149, ""role_mainplot_role0.asl"": 34, ""role_mainplot_role1.asl"": 34}",1.9226869455006337,0.032898642000873224,0.0006762879984307801,1.3256969451904297,True,48,0
grid_roles_playbooks,184,Linux 7.2.3-arch1-2,x86_64,24,30.44,3.14.7,10,10,5,50,2,1,2,2,2,0,0,42,789,14260,53,1517,"{""playbook_playbook0.asl"": 26, ""playbook_playbook1.asl"": 26, ""playbook_playbook10.asl"": 26, ""playbook_playbook11.asl"": 26, ""playbook_playbook12.asl"": 26, ""playbook_playbook13.asl"": 26, ""playbook_playbook14.asl"": 26, ""playbook_playbook15.asl"": 26, ""playbook_playbook16.asl"": 26, ""playbook_playbook17.asl"": 26, ""playbook_playbook18.asl"": 26, ""playbook_playbook19.asl"": 26, ""playbook_playbook2.asl"": 26, ""playbook_playbook20.asl"": 26, ""playbook_playbook21.asl"": 26, ""playbook_playbook22.asl"": 26, ""playbook_playbook23.asl"": 26, ""playbook_playbook24.asl"": 26, ""playbook_playbook25.asl"": 26, ""playbook_playbook26.asl"": 26, ""playbook_playbook27.asl"": 26, ""playbook_playbook28.asl"": 26, ""playbook_playbook29.asl"": 26, ""playbook_playbook3.asl"": 26, ""playbook_playbook30.asl"": 26, ""playbook_playbook31.asl"": 26, ""playbook_playbook32.asl"": 26, ""playbook_playbook33.asl"": 26, ""playbook_playbook34.asl"": 26, ""playbook_playbook35.asl"": 26, ""playbook_playbook36.asl"": 26, ""playbook_playbook37.asl"": 26, ""playbook_playbook38.asl"": 26, ""playbook_playbook39.asl"": 26, ""playbook_playbook4.asl"": 26, ""playbook_playbook40.asl"": 26, ""playbook_playbook41.asl"": 26, ""playbook_playbook42.asl"": 26, ""playbook_playbook43.asl"": 26, ""playbook_playbook44.asl"": 26, ""playbook_playbook45.asl"": 26, ""playbook_playbook46.asl"": 26, ""playbook_playbook47.asl"": 26, ""playbook_playbook48.asl"": 26, ""playbook_playbook49.asl"": 26, ""playbook_playbook5.asl"": 26, ""playbook_playbook6.asl"": 26, ""playbook_playbook7.asl"": 26, ""playbook_playbook8.asl"": 26, ""playbook_playbook9.asl"": 26, ""director_mainplot.asl"": 149, ""role_mainplot_role0.asl"": 34, ""role_mainplot_role1.asl"": 34}",1.9226869455006337,0.0330243820008036,0.0006984289993852144,1.3256969451904297,True,48,0
grid_roles_playbooks,185,Linux 7.2.3-arch1-2,x86_64,24,30.44,3.14.7,10,10,5,50,2,1,2,5,2,0,0,42,810,14968,56,1637,"{""playbook_playbook0.asl"": 26, ""playbook_playbook1.asl"": 26, ""playbook_playbook10.asl"": 26, ""playbook_playbook11.asl"": 26, ""playbook_playbook12.asl"": 26, ""playbook_playbook13.asl"": 26, ""playbook_playbook14.asl"": 26, ""playbook_playbook15.asl"": 26, ""playbook_playbook16.asl"": 26, ""playbook_playbook17.asl"": 26, ""playbook_playbook18.asl"": 26, ""playbook_playbook19.asl"": 26, ""playbook_playbook2.asl"": 26, ""playbook_playbook20.asl"": 26, ""playbook_playbook21.asl"": 26, ""playbook_playbook22.asl"": 26, ""playbook_playbook23.asl"": 26, ""playbook_playbook24.asl"": 26, ""playbook_playbook25.asl"": 26, ""playbook_playbook26.asl"": 26, ""playbook_playbook27.asl"": 26, ""playbook_playbook28.asl"": 26, ""playbook_playbook29.asl"": 26, ""playbook_playbook3.asl"": 26, ""playbook_playbook30.asl"": 26, ""playbook_playbook31.asl"": 26, ""playbook_playbook32.asl"": 26, ""playbook_playbook33.asl"": 26, ""playbook_playbook34.asl"": 26, ""playbook_playbook35.asl"": 26, ""playbook_playbook36.asl"": 26, ""playbook_playbook37.asl"": 26, ""playbook_playbook38.asl"": 26, ""playbook_playbook39.asl"": 26, ""playbook_playbook4.asl"": 26, ""playbook_playbook40.asl"": 26, ""playbook_playbook41.asl"": 26, ""playbook_playbook42.asl"": 26, ""playbook_playbook43.asl"": 26, ""playbook_playbook44.asl"": 26, ""playbook_playbook45.asl"": 26, ""playbook_playbook46.asl"": 26, ""playbook_playbook47.asl"": 26, ""playbook_playbook48.asl"": 26, ""playbook_playbook49.asl"": 26, ""playbook_playbook5.asl"": 26, ""playbook_playbook6.asl"": 26, ""playbook_playbook7.asl"": 26, ""playbook_playbook8.asl"": 26, ""playbook_playbook9.asl"": 26, ""director_mainplot.asl"": 167, ""role_mainplot_role0.asl"": 34, ""role_mainplot_role1.asl"": 34, ""role_mainplot_role2.asl"": 34, ""role_mainplot_role3.asl"": 34, ""role_mainplot_role4.asl"": 34}",2.0209876543209875,0.034106209999663406,0.0007182590015872847,1.3621482849121094,True,45,0
grid_roles_playbooks,186,Linux 7.2.3-arch1-2,x86_64,24,30.44,3.14.7,10,10,5,50,2,1,2,5,2,0,0,42,810,14968,56,1637,"{""playbook_playbook0.asl"": 26, ""playbook_playbook1.asl"": 26, ""playbook_playbook10.asl"": 26, ""playbook_playbook11.asl"": 26, ""playbook_playbook12.asl"": 26, ""playbook_playbook13.asl"": 26, ""playbook_playbook14.asl"": 26, ""playbook_playbook15.asl"": 26, ""playbook_playbook16.asl"": 26, ""playbook_playbook17.asl"": 26, ""playbook_playbook18.asl"": 26, ""playbook_playbook19.asl"": 26, ""playbook_playbook2.asl"": 26, ""playbook_playbook20.asl"": 26, ""playbook_playbook21.asl"": 26, ""playbook_playbook22.asl"": 26, ""playbook_playbook23.asl"": 26, ""playbook_playbook24.asl"": 26, ""playbook_playbook25.asl"": 26, ""playbook_playbook26.asl"": 26, ""playbook_playbook27.asl"": 26, ""playbook_playbook28.asl"": 26, ""playbook_playbook29.asl"": 26, ""playbook_playbook3.asl"": 26, ""playbook_playbook30.asl"": 26, ""playbook_playbook31.asl"": 26, ""playbook_playbook32.asl"": 26, ""playbook_playbook33.asl"": 26, ""playbook_playbook34.asl"": 26, ""playbook_playbook35.asl"": 26, ""playbook_playbook36.asl"": 26, ""playbook_playbook37.asl"": 26, ""playbook_playbook38.asl"": 26, ""playbook_playbook39.asl"": 26, ""playbook_playbook4.asl"": 26, ""playbook_playbook40.asl"": 26, ""playbook_playbook41.asl"": 26, ""playbook_playbook42.asl"": 26, ""playbook_playbook43.asl"": 26, ""playbook_playbook44.asl"": 26, ""playbook_playbook45.asl"": 26, ""playbook_playbook46.asl"": 26, ""playbook_playbook47.asl"": 26, ""playbook_playbook48.asl"": 26, ""playbook_playbook49.asl"": 26, ""playbook_playbook5.asl"": 26, ""playbook_playbook6.asl"": 26, ""playbook_playbook7.asl"": 26, ""playbook_playbook8.asl"": 26, ""playbook_playbook9.asl"": 26, ""director_mainplot.asl"": 167, ""role_mainplot_role0.asl"": 34, ""role_mainplot_role1.asl"": 34, ""role_mainplot_role2.asl"": 34, ""role_mainplot_role3.asl"": 34, ""role_mainplot_role4.asl"": 34}",2.0209876543209875,0.03410842999983288,0.0007191879994934425,1.3621482849121094,True,45,0
grid_roles_playbooks,187,Linux 7.2.3-arch1-2,x86_64,24,30.44,3.14.7,10,10,5,50,2,1,2,5,2,0,0,42,810,14968,56,1637,"{""playbook_playbook0.asl"": 26, ""playbook_playbook1.asl"": 26, ""playbook_playbook10.asl"": 26, ""playbook_playbook11.asl"": 26, ""playbook_playbook12.asl"": 26, ""playbook_playbook13.asl"": 26, ""playbook_playbook14.asl"": 26, ""playbook_playbook15.asl"": 26, ""playbook_playbook16.asl"": 26, ""playbook_playbook17.asl"": 26, ""playbook_playbook18.asl"": 26, ""playbook_playbook19.asl"": 26, ""playbook_playbook2.asl"": 26, ""playbook_playbook20.asl"": 26, ""playbook_playbook21.asl"": 26, ""playbook_playbook22.asl"": 26, ""playbook_playbook23.asl"": 26, ""playbook_playbook24.asl"": 26, ""playbook_playbook25.asl"": 26, ""playbook_playbook26.asl"": 26, ""playbook_playbook27.asl"": 26, ""playbook_playbook28.asl"": 26, ""playbook_playbook29.asl"": 26, ""playbook_playbook3.asl"": 26, ""playbook_playbook30.asl"": 26, ""playbook_playbook31.asl"": 26, ""playbook_playbook32.asl"": 26, ""playbook_playbook33.asl"": 26, ""playbook_playbook34.asl"": 26, ""playbook_playbook35.asl"": 26, ""playbook_playbook36.asl"": 26, ""playbook_playbook37.asl"": 26, ""playbook_playbook38.asl"": 26, ""playbook_playbook39.asl"": 26, ""playbook_playbook4.asl"": 26, ""playbook_playbook40.asl"": 26, ""playbook_playbook41.asl"": 26, ""playbook_playbook42.asl"": 26, ""playbook_playbook43.asl"": 26, ""playbook_playbook44.asl"": 26, ""playbook_playbook45.asl"": 26, ""playbook_playbook46.asl"": 26, ""playbook_playbook47.asl"": 26, ""playbook_playbook48.asl"": 26, ""playbook_playbook49.asl"": 26, ""playbook_playbook5.asl"": 26, ""playbook_playbook6.asl"": 26, ""playbook_playbook7.asl"": 26, ""playbook_playbook8.asl"": 26, ""playbook_playbook9.asl"": 26, ""director_mainplot.asl"": 167, ""role_mainplot_role0.asl"": 34, ""role_mainplot_role1.asl"": 34, ""role_mainplot_role2.asl"": 34, ""role_mainplot_role3.asl"": 34, ""role_mainplot_role4.asl"": 34}",2.0209876543209875,0.033962580000661546,0.0007169679993239697,1.3621482849121094,True,45,0
grid_roles_playbooks,188,Linux 7.2.3-arch1-2,x86_64,24,30.44,3.14.7,10,10,5,50,2,1,2,5,2,0,0,42,810,14968,56,1637,"{""playbook_playbook0.asl"": 26, ""playbook_playbook1.asl"": 26, ""playbook_playbook10.asl"": 26, ""playbook_playbook11.asl"": 26, ""playbook_playbook12.asl"": 26, ""playbook_playbook13.asl"": 26, ""playbook_playbook14.asl"": 26, ""playbook_playbook15.asl"": 26, ""playbook_playbook16.asl"": 26, ""playbook_playbook17.asl"": 26, ""playbook_playbook18.asl"": 26, ""playbook_playbook19.asl"": 26, ""playbook_playbook2.asl"": 26, ""playbook_playbook20.asl"": 26, ""playbook_playbook21.asl"": 26, ""playbook_playbook22.asl"": 26, ""playbook_playbook23.asl"": 26, ""playbook_playbook24.asl"": 26, ""playbook_playbook25.asl"": 26, ""playbook_playbook26.asl"": 26, ""playbook_playbook27.asl"": 26, ""playbook_playbook28.asl"": 26, ""playbook_playbook29.asl"": 26, ""playbook_playbook3.asl"": 26, ""playbook_playbook30.asl"": 26, ""playbook_playbook31.asl"": 26, ""playbook_playbook32.asl"": 26, ""playbook_playbook33.asl"": 26, ""playbook_playbook34.asl"": 26, ""playbook_playbook35.asl"": 26, ""playbook_playbook36.asl"": 26, ""playbook_playbook37.asl"": 26, ""playbook_playbook38.asl"": 26, ""playbook_playbook39.asl"": 26, ""playbook_playbook4.asl"": 26, ""playbook_playbook40.asl"": 26, ""playbook_playbook41.asl"": 26, ""playbook_playbook42.asl"": 26, ""playbook_playbook43.asl"": 26, ""playbook_playbook44.asl"": 26, ""playbook_playbook45.asl"": 26, ""playbook_playbook46.asl"": 26, ""playbook_playbook47.asl"": 26, ""playbook_playbook48.asl"": 26, ""playbook_playbook49.asl"": 26, ""playbook_playbook5.asl"": 26, ""playbook_playbook6.asl"": 26, ""playbook_playbook7.asl"": 26, ""playbook_playbook8.asl"": 26, ""playbook_playbook9.asl"": 26, ""director_mainplot.asl"": 167, ""role_mainplot_role0.asl"": 34, ""role_mainplot_role1.asl"": 34, ""role_mainplot_role2.asl"": 34, ""role_mainplot_role3.asl"": 34, ""role_mainplot_role4.asl"": 34}",2.0209876543209875,0.034086920000845566,0.0007175379996624542,1.3621482849121094,True,45,0
grid_roles_playbooks,189,Linux 7.2.3-arch1-2,x86_64,24,30.44,3.14.7,10,10,5,50,2,1,2,5,2,0,0,42,810,14968,56,1637,"{""playbook_playbook0.asl"": 26, ""playbook_playbook1.asl"": 26, ""playbook_playbook10.asl"": 26, ""playbook_playbook11.asl"": 26, ""playbook_playbook12.asl"": 26, ""playbook_playbook13.asl"": 26, ""playbook_playbook14.asl"": 26, ""playbook_playbook15.asl"": 26, ""playbook_playbook16.asl"": 26, ""playbook_playbook17.asl"": 26, ""playbook_playbook18.asl"": 26, ""playbook_playbook19.asl"": 26, ""playbook_playbook2.asl"": 26, ""playbook_playbook20.asl"": 26, ""playbook_playbook21.asl"": 26, ""playbook_playbook22.asl"": 26, ""playbook_playbook23.asl"": 26, ""playbook_playbook24.asl"": 26, ""playbook_playbook25.asl"": 26, ""playbook_playbook26.asl"": 26, ""playbook_playbook27.asl"": 26, ""playbook_playbook28.asl"": 26, ""playbook_playbook29.asl"": 26, ""playbook_playbook3.asl"": 26, ""playbook_playbook30.asl"": 26, ""playbook_playbook31.asl"": 26, ""playbook_playbook32.asl"": 26, ""playbook_playbook33.asl"": 26, ""playbook_playbook34.asl"": 26, ""playbook_playbook35.asl"": 26, ""playbook_playbook36.asl"": 26, ""playbook_playbook37.asl"": 26, ""playbook_playbook38.asl"": 26, ""playbook_playbook39.asl"": 26, ""playbook_playbook4.asl"": 26, ""playbook_playbook40.asl"": 26, ""playbook_playbook41.asl"": 26, ""playbook_playbook42.asl"": 26, ""playbook_playbook43.asl"": 26, ""playbook_playbook44.asl"": 26, ""playbook_playbook45.asl"": 26, ""playbook_playbook46.asl"": 26, ""playbook_playbook47.asl"": 26, ""playbook_playbook48.asl"": 26, ""playbook_playbook49.asl"": 26, ""playbook_playbook5.asl"": 26, ""playbook_playbook6.asl"": 26, ""playbook_playbook7.asl"": 26, ""playbook_playbook8.asl"": 26, ""playbook_playbook9.asl"": 26, ""director_mainplot.asl"": 167, ""role_mainplot_role0.asl"": 34, ""role_mainplot_role1.asl"": 34, ""role_mainplot_role2.asl"": 34, ""role_mainplot_role3.asl"": 34, ""role_mainplot_role4.asl"": 34}",2.0209876543209875,0.03400922999935574,0.0007069789990055142,1.3621482849121094,True,45,0
grid_roles_playbooks,190,Linux 7.2.3-arch1-2,x86_64,24,30.44,3.14.7,10,10,5,50,2,1,2,10,2,0,0,42,845,16149,61,1837,"{""playbook_playbook0.asl"": 26, ""playbook_playbook1.asl"": 26, ""playbook_playbook10.asl"": 26, ""playbook_playbook11.asl"": 26, ""playbook_playbook12.asl"": 26, ""playbook_playbook13.asl"": 26, ""playbook_playbook14.asl"": 26, ""playbook_playbook15.asl"": 26, ""playbook_playbook16.asl"": 26, ""playbook_playbook17.asl"": 26, ""playbook_playbook18.asl"": 26, ""playbook_playbook19.asl"": 26, ""playbook_playbook2.asl"": 26, ""playbook_playbook20.asl"": 26, ""playbook_playbook21.asl"": 26, ""playbook_playbook22.asl"": 26, ""playbook_playbook23.asl"": 26, ""playbook_playbook24.asl"": 26, ""playbook_playbook25.asl"": 26, ""playbook_playbook26.asl"": 26, ""playbook_playbook27.asl"": 26, ""playbook_playbook28.asl"": 26, ""playbook_playbook29.asl"": 26, ""playbook_playbook3.asl"": 26, ""playbook_playbook30.asl"": 26, ""playbook_playbook31.asl"": 26, ""playbook_playbook32.asl"": 26, ""playbook_playbook33.asl"": 26, ""playbook_playbook34.asl"": 26, ""playbook_playbook35.asl"": 26, ""playbook_playbook36.asl"": 26, ""playbook_playbook37.asl"": 26, ""playbook_playbook38.asl"": 26, ""playbook_playbook39.asl"": 26, ""playbook_playbook4.asl"": 26, ""playbook_playbook40.asl"": 26, ""playbook_playbook41.asl"": 26, ""playbook_playbook42.asl"": 26, ""playbook_playbook43.asl"": 26, ""playbook_playbook44.asl"": 26, ""playbook_playbook45.asl"": 26, ""playbook_playbook46.asl"": 26, ""playbook_playbook47.asl"": 26, ""playbook_playbook48.asl"": 26, ""playbook_playbook49.asl"": 26, ""playbook_playbook5.asl"": 26, ""playbook_playbook6.asl"": 26, ""playbook_playbook7.asl"": 26, ""playbook_playbook8.asl"": 26, ""playbook_playbook9.asl"": 26, ""director_mainplot.asl"": 197, ""role_mainplot_role0.asl"": 34, ""role_mainplot_role1.asl"": 34, ""role_mainplot_role2.asl"": 34, ""role_mainplot_role3.asl"": 34, ""role_mainplot_role4.asl"": 34, ""role_mainplot_role5.asl"": 34, ""role_mainplot_role6.asl"": 34, ""role_mainplot_role7.asl"": 34, ""role_mainplot_role8.asl"": 34, ""role_mainplot_role9.asl"": 34}",2.1739644970414203,0.036428666000574594,0.0007829180012777215,1.4229726791381836,True,40,0
grid_roles_playbooks,191,Linux 7.2.3-arch1-2,x86_64,24,30.44,3.14.7,10,10,5,50,2,1,2,10,2,0,0,42,845,16149,61,1837,"{""playbook_playbook0.asl"": 26, ""playbook_playbook1.asl"": 26, ""playbook_playbook10.asl"": 26, ""playbook_playbook11.asl"": 26, ""playbook_playbook12.asl"": 26, ""playbook_playbook13.asl"": 26, ""playbook_playbook14.asl"": 26, ""playbook_playbook15.asl"": 26, ""playbook_playbook16.asl"": 26, ""playbook_playbook17.asl"": 26, ""playbook_playbook18.asl"": 26, ""playbook_playbook19.asl"": 26, ""playbook_playbook2.asl"": 26, ""playbook_playbook20.asl"": 26, ""playbook_playbook21.asl"": 26, ""playbook_playbook22.asl"": 26, ""playbook_playbook23.asl"": 26, ""playbook_playbook24.asl"": 26, ""playbook_playbook25.asl"": 26, ""playbook_playbook26.asl"": 26, ""playbook_playbook27.asl"": 26, ""playbook_playbook28.asl"": 26, ""playbook_playbook29.asl"": 26, ""playbook_playbook3.asl"": 26, ""playbook_playbook30.asl"": 26, ""playbook_playbook31.asl"": 26, ""playbook_playbook32.asl"": 26, ""playbook_playbook33.asl"": 26, ""playbook_playbook34.asl"": 26, ""playbook_playbook35.asl"": 26, ""playbook_playbook36.asl"": 26, ""playbook_playbook37.asl"": 26, ""playbook_playbook38.asl"": 26, ""playbook_playbook39.asl"": 26, ""playbook_playbook4.asl"": 26, ""playbook_playbook40.asl"": 26, ""playbook_playbook41.asl"": 26, ""playbook_playbook42.asl"": 26, ""playbook_playbook43.asl"": 26, ""playbook_playbook44.asl"": 26, ""playbook_playbook45.asl"": 26, ""playbook_playbook46.asl"": 26, ""playbook_playbook47.asl"": 26, ""playbook_playbook48.asl"": 26, ""playbook_playbook49.asl"": 26, ""playbook_playbook5.asl"": 26, ""playbook_playbook6.asl"": 26, ""playbook_playbook7.asl"": 26, ""playbook_playbook8.asl"": 26, ""playbook_playbook9.asl"": 26, ""director_mainplot.asl"": 197, ""role_mainplot_role0.asl"": 34, ""role_mainplot_role1.asl"": 34, ""role_mainplot_role2.asl"": 34, ""role_mainplot_role3.asl"": 34, ""role_mainplot_role4.asl"": 34, ""role_mainplot_role5.asl"": 34, ""role_mainplot_role6.asl"": 34, ""role_mainplot_role7.asl"": 34, ""role_mainplot_role8.asl"": 34, ""role_mainplot_role9.asl"": 34}",2.1739644970414203,0.041928896000172244,0.0007820179998816457,1.423995018005371,True,40,0
grid_roles_playbooks,192,Linux 7.2.3-arch1-2,x86_64,24,30.44,3.14.7,10,10,5,50,2,1,2,10,2,0,0,42,845,16149,61,1837,"{""playbook_playbook0.asl"": 26, ""playbook_playbook1.asl"": 26, ""playbook_playbook10.asl"": 26, ""playbook_playbook11.asl"": 26, ""playbook_playbook12.asl"": 26, ""playbook_playbook13.asl"": 26, ""playbook_playbook14.asl"": 26, ""playbook_playbook15.asl"": 26, ""playbook_playbook16.asl"": 26, ""playbook_playbook17.asl"": 26, ""playbook_playbook18.asl"": 26, ""playbook_playbook19.asl"": 26, ""playbook_playbook2.asl"": 26, ""playbook_playbook20.asl"": 26, ""playbook_playbook21.asl"": 26, ""playbook_playbook22.asl"": 26, ""playbook_playbook23.asl"": 26, ""playbook_playbook24.asl"": 26, ""playbook_playbook25.asl"": 26, ""playbook_playbook26.asl"": 26, ""playbook_playbook27.asl"": 26, ""playbook_playbook28.asl"": 26, ""playbook_playbook29.asl"": 26, ""playbook_playbook3.asl"": 26, ""playbook_playbook30.asl"": 26, ""playbook_playbook31.asl"": 26, ""playbook_playbook32.asl"": 26, ""playbook_playbook33.asl"": 26, ""playbook_playbook34.asl"": 26, ""playbook_playbook35.asl"": 26, ""playbook_playbook36.asl"": 26, ""playbook_playbook37.asl"": 26, ""playbook_playbook38.asl"": 26, ""playbook_playbook39.asl"": 26, ""playbook_playbook4.asl"": 26, ""playbook_playbook40.asl"": 26, ""playbook_playbook41.asl"": 26, ""playbook_playbook42.asl"": 26, ""playbook_playbook43.asl"": 26, ""playbook_playbook44.asl"": 26, ""playbook_playbook45.asl"": 26, ""playbook_playbook46.asl"": 26, ""playbook_playbook47.asl"": 26, ""playbook_playbook48.asl"": 26, ""playbook_playbook49.asl"": 26, ""playbook_playbook5.asl"": 26, ""playbook_playbook6.asl"": 26, ""playbook_playbook7.asl"": 26, ""playbook_playbook8.asl"": 26, ""playbook_playbook9.asl"": 26, ""director_mainplot.asl"": 197, ""role_mainplot_role0.asl"": 34, ""role_mainplot_role1.asl"": 34, ""role_mainplot_role2.asl"": 34, ""role_mainplot_role3.asl"": 34, ""role_mainplot_role4.asl"": 34, ""role_mainplot_role5.asl"": 34, ""role_mainplot_role6.asl"": 34, ""role_mainplot_role7.asl"": 34, ""role_mainplot_role8.asl"": 34, ""role_mainplot_role9.asl"": 34}",2.1739644970414203,0.03612962599981984,0.0007796779991622316,1.4231634140014648,True,40,0
grid_roles_playbooks,193,Linux 7.2.3-arch1-2,x86_64,24,30.44,3.14.7,10,10,5,50,2,1,2,10,2,0,0,42,845,16149,61,1837,"{""playbook_playbook0.asl"": 26, ""playbook_playbook1.asl"": 26, ""playbook_playbook10.asl"": 26, ""playbook_playbook11.asl"": 26, ""playbook_playbook12.asl"": 26, ""playbook_playbook13.asl"": 26, ""playbook_playbook14.asl"": 26, ""playbook_playbook15.asl"": 26, ""playbook_playbook16.asl"": 26, ""playbook_playbook17.asl"": 26, ""playbook_playbook18.asl"": 26, ""playbook_playbook19.asl"": 26, ""playbook_playbook2.asl"": 26, ""playbook_playbook20.asl"": 26, ""playbook_playbook21.asl"": 26, ""playbook_playbook22.asl"": 26, ""playbook_playbook23.asl"": 26, ""playbook_playbook24.asl"": 26, ""playbook_playbook25.asl"": 26, ""playbook_playbook26.asl"": 26, ""playbook_playbook27.asl"": 26, ""playbook_playbook28.asl"": 26, ""playbook_playbook29.asl"": 26, ""playbook_playbook3.asl"": 26, ""playbook_playbook30.asl"": 26, ""playbook_playbook31.asl"": 26, ""playbook_playbook32.asl"": 26, ""playbook_playbook33.asl"": 26, ""playbook_playbook34.asl"": 26, ""playbook_playbook35.asl"": 26, ""playbook_playbook36.asl"": 26, ""playbook_playbook37.asl"": 26, ""playbook_playbook38.asl"": 26, ""playbook_playbook39.asl"": 26, ""playbook_playbook4.asl"": 26, ""playbook_playbook40.asl"": 26, ""playbook_playbook41.asl"": 26, ""playbook_playbook42.asl"": 26, ""playbook_playbook43.asl"": 26, ""playbook_playbook44.asl"": 26, ""playbook_playbook45.asl"": 26, ""playbook_playbook46.asl"": 26, ""playbook_playbook47.asl"": 26, ""playbook_playbook48.asl"": 26, ""playbook_playbook49.asl"": 26, ""playbook_playbook5.asl"": 26, ""playbook_playbook6.asl"": 26, ""playbook_playbook7.asl"": 26, ""playbook_playbook8.asl"": 26, ""playbook_playbook9.asl"": 26, ""director_mainplot.asl"": 197, ""role_mainplot_role0.asl"": 34, ""role_mainplot_role1.asl"": 34, ""role_mainplot_role2.asl"": 34, ""role_mainplot_role3.asl"": 34, ""role_mainplot_role4.asl"": 34, ""role_mainplot_role5.asl"": 34, ""role_mainplot_role6.asl"": 34, ""role_mainplot_role7.asl"": 34, ""role_mainplot_role8.asl"": 34, ""role_mainplot_role9.asl"": 34}",2.1739644970414203,0.03591707700070401,0.000786808999691857,1.4229726791381836,True,40,0
grid_roles_playbooks,194,Linux 7.2.3-arch1-2,x86_64,24,30.44,3.14.7,10,10,5,50,2,1,2,10,2,0,0,42,845,16149,61,1837,"{""playbook_playbook0.asl"": 26, ""playbook_playbook1.asl"": 26, ""playbook_playbook10.asl"": 26, ""playbook_playbook11.asl"": 26, ""playbook_playbook12.asl"": 26, ""playbook_playbook13.asl"": 26, ""playbook_playbook14.asl"": 26, ""playbook_playbook15.asl"": 26, ""playbook_playbook16.asl"": 26, ""playbook_playbook17.asl"": 26, ""playbook_playbook18.asl"": 26, ""playbook_playbook19.asl"": 26, ""playbook_playbook2.asl"": 26, ""playbook_playbook20.asl"": 26, ""playbook_playbook21.asl"": 26, ""playbook_playbook22.asl"": 26, ""playbook_playbook23.asl"": 26, ""playbook_playbook24.asl"": 26, ""playbook_playbook25.asl"": 26, ""playbook_playbook26.asl"": 26, ""playbook_playbook27.asl"": 26, ""playbook_playbook28.asl"": 26, ""playbook_playbook29.asl"": 26, ""playbook_playbook3.asl"": 26, ""playbook_playbook30.asl"": 26, ""playbook_playbook31.asl"": 26, ""playbook_playbook32.asl"": 26, ""playbook_playbook33.asl"": 26, ""playbook_playbook34.asl"": 26, ""playbook_playbook35.asl"": 26, ""playbook_playbook36.asl"": 26, ""playbook_playbook37.asl"": 26, ""playbook_playbook38.asl"": 26, ""playbook_playbook39.asl"": 26, ""playbook_playbook4.asl"": 26, ""playbook_playbook40.asl"": 26, ""playbook_playbook41.asl"": 26, ""playbook_playbook42.asl"": 26, ""playbook_playbook43.asl"": 26, ""playbook_playbook44.asl"": 26, ""playbook_playbook45.asl"": 26, ""playbook_playbook46.asl"": 26, ""playbook_playbook47.asl"": 26, ""playbook_playbook48.asl"": 26, ""playbook_playbook49.asl"": 26, ""playbook_playbook5.asl"": 26, ""playbook_playbook6.asl"": 26, ""playbook_playbook7.asl"": 26, ""playbook_playbook8.asl"": 26, ""playbook_playbook9.asl"": 26, ""director_mainplot.asl"": 197, ""role_mainplot_role0.asl"": 34, ""role_mainplot_role1.asl"": 34, ""role_mainplot_role2.asl"": 34, ""role_mainplot_role3.asl"": 34, ""role_mainplot_role4.asl"": 34, ""role_mainplot_role5.asl"": 34, ""role_mainplot_role6.asl"": 34, ""role_mainplot_role7.asl"": 34, ""role_mainplot_role8.asl"": 34, ""role_mainplot_role9.asl"": 34}",2.1739644970414203,0.035874016999514424,0.0007718879987805849,1.4229726791381836,True,40,0
grid_roles_playbooks,195,Linux 7.2.3-arch1-2,x86_64,24,30.44,3.14.7,10,10,5,50,2,1,2,20,2,0,0,42,915,18599,71,2237,"{""playbook_playbook0.asl"": 26, ""playbook_playbook1.asl"": 26, ""playbook_playbook10.asl"": 26, ""playbook_playbook11.asl"": 26, ""playbook_playbook12.asl"": 26, ""playbook_playbook13.asl"": 26, ""playbook_playbook14.asl"": 26, ""playbook_playbook15.asl"": 26, ""playbook_playbook16.asl"": 26, ""playbook_playbook17.asl"": 26, ""playbook_playbook18.asl"": 26, ""playbook_playbook19.asl"": 26, ""playbook_playbook2.asl"": 26, ""playbook_playbook20.asl"": 26, ""playbook_playbook21.asl"": 26, ""playbook_playbook22.asl"": 26, ""playbook_playbook23.asl"": 26, ""playbook_playbook24.asl"": 26, ""playbook_playbook25.asl"": 26, ""playbook_playbook26.asl"": 26, ""playbook_playbook27.asl"": 26, ""playbook_playbook28.asl"": 26, ""playbook_playbook29.asl"": 26, ""playbook_playbook3.asl"": 26, ""playbook_playbook30.asl"": 26, ""playbook_playbook31.asl"": 26, ""playbook_playbook32.asl"": 26, ""playbook_playbook33.asl"": 26, ""playbook_playbook34.asl"": 26, ""playbook_playbook35.asl"": 26, ""playbook_playbook36.asl"": 26, ""playbook_playbook37.asl"": 26, ""playbook_playbook38.asl"": 26, ""playbook_playbook39.asl"": 26, ""playbook_playbook4.asl"": 26, ""playbook_playbook40.asl"": 26, ""playbook_playbook41.asl"": 26, ""playbook_playbook42.asl"": 26, ""playbook_playbook43.asl"": 26, ""playbook_playbook44.asl"": 26, ""playbook_playbook45.asl"": 26, ""playbook_playbook46.asl"": 26, ""playbook_playbook47.asl"": 26, ""playbook_playbook48.asl"": 26, ""playbook_playbook49.asl"": 26, ""playbook_playbook5.asl"": 26, ""playbook_playbook6.asl"": 26, ""playbook_playbook7.asl"": 26, ""playbook_playbook8.asl"": 26, ""playbook_playbook9.asl"": 26, ""director_mainplot.asl"": 257, ""role_mainplot_role0.asl"": 34, ""role_mainplot_role1.asl"": 34, ""role_mainplot_role2.asl"": 34, ""role_mainplot_role3.asl"": 34, ""role_mainplot_role4.asl"": 34, ""role_mainplot_role5.asl"": 34, ""role_mainplot_role6.asl"": 34, ""role_mainplot_role7.asl"": 34, ""role_mainplot_role8.asl"": 34, ""role_mainplot_role9.asl"": 34, ""role_mainplot_role10.asl"": 34, ""role_mainplot_role11.asl"": 34, ""role_mainplot_role12.asl"": 34, ""role_mainplot_role13.asl"": 34, ""role_mainplot_role14.asl"": 34, ""role_mainplot_role15.asl"": 34, ""role_mainplot_role16.asl"": 34, ""role_mainplot_role17.asl"": 34, ""role_mainplot_role18.asl"": 34, ""role_mainplot_role19.asl"": 34}",2.444808743169399,0.038900301999092335,0.0009023380007420201,1.5456037521362305,True,30,0
grid_roles_playbooks,196,Linux 7.2.3-arch1-2,x86_64,24,30.44,3.14.7,10,10,5,50,2,1,2,20,2,0,0,42,915,18599,71,2237,"{""playbook_playbook0.asl"": 26, ""playbook_playbook1.asl"": 26, ""playbook_playbook10.asl"": 26, ""playbook_playbook11.asl"": 26, ""playbook_playbook12.asl"": 26, ""playbook_playbook13.asl"": 26, ""playbook_playbook14.asl"": 26, ""playbook_playbook15.asl"": 26, ""playbook_playbook16.asl"": 26, ""playbook_playbook17.asl"": 26, ""playbook_playbook18.asl"": 26, ""playbook_playbook19.asl"": 26, ""playbook_playbook2.asl"": 26, ""playbook_playbook20.asl"": 26, ""playbook_playbook21.asl"": 26, ""playbook_playbook22.asl"": 26, ""playbook_playbook23.asl"": 26, ""playbook_playbook24.asl"": 26, ""playbook_playbook25.asl"": 26, ""playbook_playbook26.asl"": 26, ""playbook_playbook27.asl"": 26, ""playbook_playbook28.asl"": 26, ""playbook_playbook29.asl"": 26, ""playbook_playbook3.asl"": 26, ""playbook_playbook30.asl"": 26, ""playbook_playbook31.asl"": 26, ""playbook_playbook32.asl"": 26, ""playbook_playbook33.asl"": 26, ""playbook_playbook34.asl"": 26, ""playbook_playbook35.asl"": 26, ""playbook_playbook36.asl"": 26, ""playbook_playbook37.asl"": 26, ""playbook_playbook38.asl"": 26, ""playbook_playbook39.asl"": 26, ""playbook_playbook4.asl"": 26, ""playbook_playbook40.asl"": 26, ""playbook_playbook41.asl"": 26, ""playbook_playbook42.asl"": 26, ""playbook_playbook43.asl"": 26, ""playbook_playbook44.asl"": 26, ""playbook_playbook45.asl"": 26, ""playbook_playbook46.asl"": 26, ""playbook_playbook47.asl"": 26, ""playbook_playbook48.asl"": 26, ""playbook_playbook49.asl"": 26, ""playbook_playbook5.asl"": 26, ""playbook_playbook6.asl"": 26, ""playbook_playbook7.asl"": 26, ""playbook_playbook8.asl"": 26, ""playbook_playbook9.asl"": 26, ""director_mainplot.asl"": 257, ""role_mainplot_role0.asl"": 34, ""role_mainplot_role1.asl"": 34, ""role_mainplot_role2.asl"": 34, ""role_mainplot_role3.asl"": 34, ""role_mainplot_role4.asl"": 34, ""role_mainplot_role5.asl"": 34, ""role_mainplot_role6.asl"": 34, ""role_mainplot_role7.asl"": 34, ""role_mainplot_role8.asl"": 34, ""role_mainplot_role9.asl"": 34, ""role_mainplot_role10.asl"": 34, ""role_mainplot_role11.asl"": 34, ""role_mainplot_role12.asl"": 34, ""role_mainplot_role13.asl"": 34, ""role_mainplot_role14.asl"": 34, ""role_mainplot_role15.asl"": 34, ""role_mainplot_role16.asl"": 34, ""role_mainplot_role17.asl"": 34, ""role_mainplot_role18.asl"": 34, ""role_mainplot_role19.asl"": 34}",2.444808743169399,0.03885230199921352,0.000898719001270365,1.5456037521362305,True,30,0
grid_roles_playbooks,197,Linux 7.2.3-arch1-2,x86_64,24,30.44,3.14.7,10,10,5,50,2,1,2,20,2,0,0,42,915,18599,71,2237,"{""playbook_playbook0.asl"": 26, ""playbook_playbook1.asl"": 26, ""playbook_playbook10.asl"": 26, ""playbook_playbook11.asl"": 26, ""playbook_playbook12.asl"": 26, ""playbook_playbook13.asl"": 26, ""playbook_playbook14.asl"": 26, ""playbook_playbook15.asl"": 26, ""playbook_playbook16.asl"": 26, ""playbook_playbook17.asl"": 26, ""playbook_playbook18.asl"": 26, ""playbook_playbook19.asl"": 26, ""playbook_playbook2.asl"": 26, ""playbook_playbook20.asl"": 26, ""playbook_playbook21.asl"": 26, ""playbook_playbook22.asl"": 26, ""playbook_playbook23.asl"": 26, ""playbook_playbook24.asl"": 26, ""playbook_playbook25.asl"": 26, ""playbook_playbook26.asl"": 26, ""playbook_playbook27.asl"": 26, ""playbook_playbook28.asl"": 26, ""playbook_playbook29.asl"": 26, ""playbook_playbook3.asl"": 26, ""playbook_playbook30.asl"": 26, ""playbook_playbook31.asl"": 26, ""playbook_playbook32.asl"": 26, ""playbook_playbook33.asl"": 26, ""playbook_playbook34.asl"": 26, ""playbook_playbook35.asl"": 26, ""playbook_playbook36.asl"": 26, ""playbook_playbook37.asl"": 26, ""playbook_playbook38.asl"": 26, ""playbook_playbook39.asl"": 26, ""playbook_playbook4.asl"": 26, ""playbook_playbook40.asl"": 26, ""playbook_playbook41.asl"": 26, ""playbook_playbook42.asl"": 26, ""playbook_playbook43.asl"": 26, ""playbook_playbook44.asl"": 26, ""playbook_playbook45.asl"": 26, ""playbook_playbook46.asl"": 26, ""playbook_playbook47.asl"": 26, ""playbook_playbook48.asl"": 26, ""playbook_playbook49.asl"": 26, ""playbook_playbook5.asl"": 26, ""playbook_playbook6.asl"": 26, ""playbook_playbook7.asl"": 26, ""playbook_playbook8.asl"": 26, ""playbook_playbook9.asl"": 26, ""director_mainplot.asl"": 257, ""role_mainplot_role0.asl"": 34, ""role_mainplot_role1.asl"": 34, ""role_mainplot_role2.asl"": 34, ""role_mainplot_role3.asl"": 34, ""role_mainplot_role4.asl"": 34, ""role_mainplot_role5.asl"": 34, ""role_mainplot_role6.asl"": 34, ""role_mainplot_role7.asl"": 34, ""role_mainplot_role8.asl"": 34, ""role_mainplot_role9.asl"": 34, ""role_mainplot_role10.asl"": 34, ""role_mainplot_role11.asl"": 34, ""role_mainplot_role12.asl"": 34, ""role_mainplot_role13.asl"": 34, ""role_mainplot_role14.asl"": 34, ""role_mainplot_role15.asl"": 34, ""role_mainplot_role16.asl"": 34, ""role_mainplot_role17.asl"": 34, ""role_mainplot_role18.asl"": 34, ""role_mainplot_role19.asl"": 34}",2.444808743169399,0.03926952099936898,0.0009105579993047286,1.5456037521362305,True,30,0
grid_roles_playbooks,198,Linux 7.2.3-arch1-2,x86_64,24,30.44,3.14.7,10,10,5,50,2,1,2,20,2,0,0,42,915,18599,71,2237,"{""playbook_playbook0.asl"": 26, ""playbook_playbook1.asl"": 26, ""playbook_playbook10.asl"": 26, ""playbook_playbook11.asl"": 26, ""playbook_playbook12.asl"": 26, ""playbook_playbook13.asl"": 26, ""playbook_playbook14.asl"": 26, ""playbook_playbook15.asl"": 26, ""playbook_playbook16.asl"": 26, ""playbook_playbook17.asl"": 26, ""playbook_playbook18.asl"": 26, ""playbook_playbook19.asl"": 26, ""playbook_playbook2.asl"": 26, ""playbook_playbook20.asl"": 26, ""playbook_playbook21.asl"": 26, ""playbook_playbook22.asl"": 26, ""playbook_playbook23.asl"": 26, ""playbook_playbook24.asl"": 26, ""playbook_playbook25.asl"": 26, ""playbook_playbook26.asl"": 26, ""playbook_playbook27.asl"": 26, ""playbook_playbook28.asl"": 26, ""playbook_playbook29.asl"": 26, ""playbook_playbook3.asl"": 26, ""playbook_playbook30.asl"": 26, ""playbook_playbook31.asl"": 26, ""playbook_playbook32.asl"": 26, ""playbook_playbook33.asl"": 26, ""playbook_playbook34.asl"": 26, ""playbook_playbook35.asl"": 26, ""playbook_playbook36.asl"": 26, ""playbook_playbook37.asl"": 26, ""playbook_playbook38.asl"": 26, ""playbook_playbook39.asl"": 26, ""playbook_playbook4.asl"": 26, ""playbook_playbook40.asl"": 26, ""playbook_playbook41.asl"": 26, ""playbook_playbook42.asl"": 26, ""playbook_playbook43.asl"": 26, ""playbook_playbook44.asl"": 26, ""playbook_playbook45.asl"": 26, ""playbook_playbook46.asl"": 26, ""playbook_playbook47.asl"": 26, ""playbook_playbook48.asl"": 26, ""playbook_playbook49.asl"": 26, ""playbook_playbook5.asl"": 26, ""playbook_playbook6.asl"": 26, ""playbook_playbook7.asl"": 26, ""playbook_playbook8.asl"": 26, ""playbook_playbook9.asl"": 26, ""director_mainplot.asl"": 257, ""role_mainplot_role0.asl"": 34, ""role_mainplot_role1.asl"": 34, ""role_mainplot_role2.asl"": 34, ""role_mainplot_role3.asl"": 34, ""role_mainplot_role4.asl"": 34, ""role_mainplot_role5.asl"": 34, ""role_mainplot_role6.asl"": 34, ""role_mainplot_role7.asl"": 34, ""role_mainplot_role8.asl"": 34, ""role_mainplot_role9.asl"": 34, ""role_mainplot_role10.asl"": 34, ""role_mainplot_role11.asl"": 34, ""role_mainplot_role12.asl"": 34, ""role_mainplot_role13.asl"": 34, ""role_mainplot_role14.asl"": 34, ""role_mainplot_role15.asl"": 34, ""role_mainplot_role16.asl"": 34, ""role_mainplot_role17.asl"": 34, ""role_mainplot_role18.asl"": 34, ""role_mainplot_role19.asl"": 34}",2.444808743169399,0.03904083199995512,0.0008926589998736745,1.5456037521362305,True,30,0
grid_roles_playbooks,199,Linux 7.2.3-arch1-2,x86_64,24,30.44,3.14.7,10,10,5,50,2,1,2,20,2,0,0,42,915,18599,71,2237,"{""playbook_playbook0.asl"": 26, ""playbook_playbook1.asl"": 26, ""playbook_playbook10.asl"": 26, ""playbook_playbook11.asl"": 26, ""playbook_playbook12.asl"": 26, ""playbook_playbook13.asl"": 26, ""playbook_playbook14.asl"": 26, ""playbook_playbook15.asl"": 26, ""playbook_playbook16.asl"": 26, ""playbook_playbook17.asl"": 26, ""playbook_playbook18.asl"": 26, ""playbook_playbook19.asl"": 26, ""playbook_playbook2.asl"": 26, ""playbook_playbook20.asl"": 26, ""playbook_playbook21.asl"": 26, ""playbook_playbook22.asl"": 26, ""playbook_playbook23.asl"": 26, ""playbook_playbook24.asl"": 26, ""playbook_playbook25.asl"": 26, ""playbook_playbook26.asl"": 26, ""playbook_playbook27.asl"": 26, ""playbook_playbook28.asl"": 26, ""playbook_playbook29.asl"": 26, ""playbook_playbook3.asl"": 26, ""playbook_playbook30.asl"": 26, ""playbook_playbook31.asl"": 26, ""playbook_playbook32.asl"": 26, ""playbook_playbook33.asl"": 26, ""playbook_playbook34.asl"": 26, ""playbook_playbook35.asl"": 26, ""playbook_playbook36.asl"": 26, ""playbook_playbook37.asl"": 26, ""playbook_playbook38.asl"": 26, ""playbook_playbook39.asl"": 26, ""playbook_playbook4.asl"": 26, ""playbook_playbook40.asl"": 26, ""playbook_playbook41.asl"": 26, ""playbook_playbook42.asl"": 26, ""playbook_playbook43.asl"": 26, ""playbook_playbook44.asl"": 26, ""playbook_playbook45.asl"": 26, ""playbook_playbook46.asl"": 26, ""playbook_playbook47.asl"": 26, ""playbook_playbook48.asl"": 26, ""playbook_playbook49.asl"": 26, ""playbook_playbook5.asl"": 26, ""playbook_playbook6.asl"": 26, ""playbook_playbook7.asl"": 26, ""playbook_playbook8.asl"": 26, ""playbook_playbook9.asl"": 26, ""director_mainplot.asl"": 257, ""role_mainplot_role0.asl"": 34, ""role_mainplot_role1.asl"": 34, ""role_mainplot_role2.asl"": 34, ""role_mainplot_role3.asl"": 34, ""role_mainplot_role4.asl"": 34, ""role_mainplot_role5.asl"": 34, ""role_mainplot_role6.asl"": 34, ""role_mainplot_role7.asl"": 34, ""role_mainplot_role8.asl"": 34, ""role_mainplot_role9.asl"": 34, ""role_mainplot_role10.asl"": 34, ""role_mainplot_role11.asl"": 34, ""role_mainplot_role12.asl"": 34, ""role_mainplot_role13.asl"": 34, ""role_mainplot_role14.asl"": 34, ""role_mainplot_role15.asl"": 34, ""role_mainplot_role16.asl"": 34, ""role_mainplot_role17.asl"": 34, ""role_mainplot_role18.asl"": 34, ""role_mainplot_role19.asl"": 34}",2.444808743169399,0.03938106100031291,0.0008931789998314343,1.5456037521362305,True,30,0
grid_roles_playbooks,200,Linux 7.2.3-arch1-2,x86_64,24,30.44,3.14.7,10,10,5,50,2,1,2,50,2,0,0,42,1125,25949,101,3437,"{""playbook_playbook0.asl"": 26, ""playbook_playbook1.asl"": 26, ""playbook_playbook10.asl"": 26, ""playbook_playbook11.asl"": 26, ""playbook_playbook12.asl"": 26, ""playbook_playbook13.asl"": 26, ""playbook_playbook14.asl"": 26, ""playbook_playbook15.asl"": 26, ""playbook_playbook16.asl"": 26, ""playbook_playbook17.asl"": 26, ""playbook_playbook18.asl"": 26, ""playbook_playbook19.asl"": 26, ""playbook_playbook2.asl"": 26, ""playbook_playbook20.asl"": 26, ""playbook_playbook21.asl"": 26, ""playbook_playbook22.asl"": 26, ""playbook_playbook23.asl"": 26, ""playbook_playbook24.asl"": 26, ""playbook_playbook25.asl"": 26, ""playbook_playbook26.asl"": 26, ""playbook_playbook27.asl"": 26, ""playbook_playbook28.asl"": 26, ""playbook_playbook29.asl"": 26, ""playbook_playbook3.asl"": 26, ""playbook_playbook30.asl"": 26, ""playbook_playbook31.asl"": 26, ""playbook_playbook32.asl"": 26, ""playbook_playbook33.asl"": 26, ""playbook_playbook34.asl"": 26, ""playbook_playbook35.asl"": 26, ""playbook_playbook36.asl"": 26, ""playbook_playbook37.asl"": 26, ""playbook_playbook38.asl"": 26, ""playbook_playbook39.asl"": 26, ""playbook_playbook4.asl"": 26, ""playbook_playbook40.asl"": 26, ""playbook_playbook41.asl"": 26, ""playbook_playbook42.asl"": 26, ""playbook_playbook43.asl"": 26, ""playbook_playbook44.asl"": 26, ""playbook_playbook45.asl"": 26, ""playbook_playbook46.asl"": 26, ""playbook_playbook47.asl"": 26, ""playbook_playbook48.asl"": 26, ""playbook_playbook49.asl"": 26, ""playbook_playbook5.asl"": 26, ""playbook_playbook6.asl"": 26, ""playbook_playbook7.asl"": 26, ""playbook_playbook8.asl"": 26, ""playbook_playbook9.asl"": 26, ""director_mainplot.asl"": 437, ""role_mainplot_role0.asl"": 34, ""role_mainplot_role1.asl"": 34, ""role_mainplot_role2.asl"": 34, ""role_mainplot_role3.asl"": 34, ""role_mainplot_role4.asl"": 34, ""role_mainplot_role5.asl"": 34, ""role_mainplot_role6.asl"": 34, ""role_mainplot_role7.asl"": 34, ""role_mainplot_role8.asl"": 34, ""role_mainplot_role9.asl"": 34, ""role_mainplot_role10.asl"": 34, ""role_mainplot_role11.asl"": 34, ""role_mainplot_role12.asl"": 34, ""role_mainplot_role13.asl"": 34, ""role_mainplot_role14.asl"": 34, ""role_mainplot_role15.asl"": 34, ""role_mainplot_role16.asl"": 34, ""role_mainplot_role17.asl"": 34, ""role_mainplot_role18.asl"": 34, ""role_mainplot_role19.asl"": 34, ""role_mainplot_role20.asl"": 34, ""role_mainplot_role21.asl"": 34, ""role_mainplot_role22.asl"": 34, ""role_mainplot_role23.asl"": 34, ""role_mainplot_role24.asl"": 34, ""role_mainplot_role25.asl"": 34, ""role_mainplot_role26.asl"": 34, ""role_mainplot_role27.asl"": 34, ""role_mainplot_role28.asl"": 34, ""role_mainplot_role29.asl"": 34, ""role_mainplot_role30.asl"": 34, ""role_mainplot_role31.asl"": 34, ""role_mainplot_role32.asl"": 34, ""role_mainplot_role33.asl"": 34, ""role_mainplot_role34.asl"": 34, ""role_mainplot_role35.asl"": 34, ""role_mainplot_role36.asl"": 34, ""role_mainplot_role37.asl"": 34, ""role_mainplot_role38.asl"": 34, ""role_mainplot_role39.asl"": 34, ""role_mainplot_role40.asl"": 34, ""role_mainplot_role41.asl"": 34, ""role_mainplot_role42.asl"": 34, ""role_mainplot_role43.asl"": 34, ""role_mainplot_role44.asl"": 34, ""role_mainplot_role45.asl"": 34, ""role_mainplot_role46.asl"": 34, ""role_mainplot_role47.asl"": 34, ""role_mainplot_role48.asl"": 34, ""role_mainplot_role49.asl"": 34}",3.055111111111111,0.04971268200097256,0.0012778180007444462,1.913435935974121,True,0,0
grid_roles_playbooks,201,Linux 7.2.3-arch1-2,x86_64,24,30.44,3.14.7,10,10,5,50,2,1,2,50,2,0,0,42,1125,25949,101,3437,"{""playbook_playbook0.asl"": 26, ""playbook_playbook1.asl"": 26, ""playbook_playbook10.asl"": 26, ""playbook_playbook11.asl"": 26, ""playbook_playbook12.asl"": 26, ""playbook_playbook13.asl"": 26, ""playbook_playbook14.asl"": 26, ""playbook_playbook15.asl"": 26, ""playbook_playbook16.asl"": 26, ""playbook_playbook17.asl"": 26, ""playbook_playbook18.asl"": 26, ""playbook_playbook19.asl"": 26, ""playbook_playbook2.asl"": 26, ""playbook_playbook20.asl"": 26, ""playbook_playbook21.asl"": 26, ""playbook_playbook22.asl"": 26, ""playbook_playbook23.asl"": 26, ""playbook_playbook24.asl"": 26, ""playbook_playbook25.asl"": 26, ""playbook_playbook26.asl"": 26, ""playbook_playbook27.asl"": 26, ""playbook_playbook28.asl"": 26, ""playbook_playbook29.asl"": 26, ""playbook_playbook3.asl"": 26, ""playbook_playbook30.asl"": 26, ""playbook_playbook31.asl"": 26, ""playbook_playbook32.asl"": 26, ""playbook_playbook33.asl"": 26, ""playbook_playbook34.asl"": 26, ""playbook_playbook35.asl"": 26, ""playbook_playbook36.asl"": 26, ""playbook_playbook37.asl"": 26, ""playbook_playbook38.asl"": 26, ""playbook_playbook39.asl"": 26, ""playbook_playbook4.asl"": 26, ""playbook_playbook40.asl"": 26, ""playbook_playbook41.asl"": 26, ""playbook_playbook42.asl"": 26, ""playbook_playbook43.asl"": 26, ""playbook_playbook44.asl"": 26, ""playbook_playbook45.asl"": 26, ""playbook_playbook46.asl"": 26, ""playbook_playbook47.asl"": 26, ""playbook_playbook48.asl"": 26, ""playbook_playbook49.asl"": 26, ""playbook_playbook5.asl"": 26, ""playbook_playbook6.asl"": 26, ""playbook_playbook7.asl"": 26, ""playbook_playbook8.asl"": 26, ""playbook_playbook9.asl"": 26, ""director_mainplot.asl"": 437, ""role_mainplot_role0.asl"": 34, ""role_mainplot_role1.asl"": 34, ""role_mainplot_role2.asl"": 34, ""role_mainplot_role3.asl"": 34, ""role_mainplot_role4.asl"": 34, ""role_mainplot_role5.asl"": 34, ""role_mainplot_role6.asl"": 34, ""role_mainplot_role7.asl"": 34, ""role_mainplot_role8.asl"": 34, ""role_mainplot_role9.asl"": 34, ""role_mainplot_role10.asl"": 34, ""role_mainplot_role11.asl"": 34, ""role_mainplot_role12.asl"": 34, ""role_mainplot_role13.asl"": 34, ""role_mainplot_role14.asl"": 34, ""role_mainplot_role15.asl"": 34, ""role_mainplot_role16.asl"": 34, ""role_mainplot_role17.asl"": 34, ""role_mainplot_role18.asl"": 34, ""role_mainplot_role19.asl"": 34, ""role_mainplot_role20.asl"": 34, ""role_mainplot_role21.asl"": 34, ""role_mainplot_role22.asl"": 34, ""role_mainplot_role23.asl"": 34, ""role_mainplot_role24.asl"": 34, ""role_mainplot_role25.asl"": 34, ""role_mainplot_role26.asl"": 34, ""role_mainplot_role27.asl"": 34, ""role_mainplot_role28.asl"": 34, ""role_mainplot_role29.asl"": 34, ""role_mainplot_role30.asl"": 34, ""role_mainplot_role31.asl"": 34, ""role_mainplot_role32.asl"": 34, ""role_mainplot_role33.asl"": 34, ""role_mainplot_role34.asl"": 34, ""role_mainplot_role35.asl"": 34, ""role_mainplot_role36.asl"": 34, ""role_mainplot_role37.asl"": 34, ""role_mainplot_role38.asl"": 34, ""role_mainplot_role39.asl"": 34, ""role_mainplot_role40.asl"": 34, ""role_mainplot_role41.asl"": 34, ""role_mainplot_role42.asl"": 34, ""role_mainplot_role43.asl"": 34, ""role_mainplot_role44.asl"": 34, ""role_mainplot_role45.asl"": 34, ""role_mainplot_role46.asl"": 34, ""role_mainplot_role47.asl"": 34, ""role_mainplot_role48.asl"": 34, ""role_mainplot_role49.asl"": 34}",3.055111111111111,0.04928085299980012,0.0012826179990952369,1.913435935974121,True,0,0
grid_roles_playbooks,202,Linux 7.2.3-arch1-2,x86_64,24,30.44,3.14.7,10,10,5,50,2,1,2,50,2,0,0,42,1125,25949,101,3437,"{""playbook_playbook0.asl"": 26, ""playbook_playbook1.asl"": 26, ""playbook_playbook10.asl"": 26, ""playbook_playbook11.asl"": 26, ""playbook_playbook12.asl"": 26, ""playbook_playbook13.asl"": 26, ""playbook_playbook14.asl"": 26, ""playbook_playbook15.asl"": 26, ""playbook_playbook16.asl"": 26, ""playbook_playbook17.asl"": 26, ""playbook_playbook18.asl"": 26, ""playbook_playbook19.asl"": 26, ""playbook_playbook2.asl"": 26, ""playbook_playbook20.asl"": 26, ""playbook_playbook21.asl"": 26, ""playbook_playbook22.asl"": 26, ""playbook_playbook23.asl"": 26, ""playbook_playbook24.asl"": 26, ""playbook_playbook25.asl"": 26, ""playbook_playbook26.asl"": 26, ""playbook_playbook27.asl"": 26, ""playbook_playbook28.asl"": 26, ""playbook_playbook29.asl"": 26, ""playbook_playbook3.asl"": 26, ""playbook_playbook30.asl"": 26, ""playbook_playbook31.asl"": 26, ""playbook_playbook32.asl"": 26, ""playbook_playbook33.asl"": 26, ""playbook_playbook34.asl"": 26, ""playbook_playbook35.asl"": 26, ""playbook_playbook36.asl"": 26, ""playbook_playbook37.asl"": 26, ""playbook_playbook38.asl"": 26, ""playbook_playbook39.asl"": 26, ""playbook_playbook4.asl"": 26, ""playbook_playbook40.asl"": 26, ""playbook_playbook41.asl"": 26, ""playbook_playbook42.asl"": 26, ""playbook_playbook43.asl"": 26, ""playbook_playbook44.asl"": 26, ""playbook_playbook45.asl"": 26, ""playbook_playbook46.asl"": 26, ""playbook_playbook47.asl"": 26, ""playbook_playbook48.asl"": 26, ""playbook_playbook49.asl"": 26, ""playbook_playbook5.asl"": 26, ""playbook_playbook6.asl"": 26, ""playbook_playbook7.asl"": 26, ""playbook_playbook8.asl"": 26, ""playbook_playbook9.asl"": 26, ""director_mainplot.asl"": 437, ""role_mainplot_role0.asl"": 34, ""role_mainplot_role1.asl"": 34, ""role_mainplot_role2.asl"": 34, ""role_mainplot_role3.asl"": 34, ""role_mainplot_role4.asl"": 34, ""role_mainplot_role5.asl"": 34, ""role_mainplot_role6.asl"": 34, ""role_mainplot_role7.asl"": 34, ""role_mainplot_role8.asl"": 34, ""role_mainplot_role9.asl"": 34, ""role_mainplot_role10.asl"": 34, ""role_mainplot_role11.asl"": 34, ""role_mainplot_role12.asl"": 34, ""role_mainplot_role13.asl"": 34, ""role_mainplot_role14.asl"": 34, ""role_mainplot_role15.asl"": 34, ""role_mainplot_role16.asl"": 34, ""role_mainplot_role17.asl"": 34, ""role_mainplot_role18.asl"": 34, ""role_mainplot_role19.asl"": 34, ""role_mainplot_role20.asl"": 34, ""role_mainplot_role21.asl"": 34, ""role_mainplot_role22.asl"": 34, ""role_mainplot_role23.asl"": 34, ""role_mainplot_role24.asl"": 34, ""role_mainplot_role25.asl"": 34, ""role_mainplot_role26.asl"": 34, ""role_mainplot_role27.asl"": 34, ""role_mainplot_role28.asl"": 34, ""role_mainplot_role29.asl"": 34, ""role_mainplot_role30.asl"": 34, ""role_mainplot_role31.asl"": 34, ""role_mainplot_role32.asl"": 34, ""role_mainplot_role33.asl"": 34, ""role_mainplot_role34.asl"": 34, ""role_mainplot_role35.asl"": 34, ""role_mainplot_role36.asl"": 34, ""role_mainplot_role37.asl"": 34, ""role_mainplot_role38.asl"": 34, ""role_mainplot_role39.asl"": 34, ""role_mainplot_role40.asl"": 34, ""role_mainplot_role41.asl"": 34, ""role_mainplot_role42.asl"": 34, ""role_mainplot_role43.asl"": 34, ""role_mainplot_role44.asl"": 34, ""role_mainplot_role45.asl"": 34, ""role_mainplot_role46.asl"": 34, ""role_mainplot_role47.asl"": 34, ""role_mainplot_role48.asl"": 34, ""role_mainplot_role49.asl"": 34}",3.055111111111111,0.04990643199926126,0.0012654479996854207,1.913435935974121,True,0,0
grid_roles_playbooks,203,Linux 7.2.3-arch1-2,x86_64,24,30.44,3.14.7,10,10,5,50,2,1,2,50,2,0,0,42,1125,25949,101,3437,"{""playbook_playbook0.asl"": 26, ""playbook_playbook1.asl"": 26, ""playbook_playbook10.asl"": 26, ""playbook_playbook11.asl"": 26, ""playbook_playbook12.asl"": 26, ""playbook_playbook13.asl"": 26, ""playbook_playbook14.asl"": 26, ""playbook_playbook15.asl"": 26, ""playbook_playbook16.asl"": 26, ""playbook_playbook17.asl"": 26, ""playbook_playbook18.asl"": 26, ""playbook_playbook19.asl"": 26, ""playbook_playbook2.asl"": 26, ""playbook_playbook20.asl"": 26, ""playbook_playbook21.asl"": 26, ""playbook_playbook22.asl"": 26, ""playbook_playbook23.asl"": 26, ""playbook_playbook24.asl"": 26, ""playbook_playbook25.asl"": 26, ""playbook_playbook26.asl"": 26, ""playbook_playbook27.asl"": 26, ""playbook_playbook28.asl"": 26, ""playbook_playbook29.asl"": 26, ""playbook_playbook3.asl"": 26, ""playbook_playbook30.asl"": 26, ""playbook_playbook31.asl"": 26, ""playbook_playbook32.asl"": 26, ""playbook_playbook33.asl"": 26, ""playbook_playbook34.asl"": 26, ""playbook_playbook35.asl"": 26, ""playbook_playbook36.asl"": 26, ""playbook_playbook37.asl"": 26, ""playbook_playbook38.asl"": 26, ""playbook_playbook39.asl"": 26, ""playbook_playbook4.asl"": 26, ""playbook_playbook40.asl"": 26, ""playbook_playbook41.asl"": 26, ""playbook_playbook42.asl"": 26, ""playbook_playbook43.asl"": 26, ""playbook_playbook44.asl"": 26, ""playbook_playbook45.asl"": 26, ""playbook_playbook46.asl"": 26, ""playbook_playbook47.asl"": 26, ""playbook_playbook48.asl"": 26, ""playbook_playbook49.asl"": 26, ""playbook_playbook5.asl"": 26, ""playbook_playbook6.asl"": 26, ""playbook_playbook7.asl"": 26, ""playbook_playbook8.asl"": 26, ""playbook_playbook9.asl"": 26, ""director_mainplot.asl"": 437, ""role_mainplot_role0.asl"": 34, ""role_mainplot_role1.asl"": 34, ""role_mainplot_role2.asl"": 34, ""role_mainplot_role3.asl"": 34, ""role_mainplot_role4.asl"": 34, ""role_mainplot_role5.asl"": 34, ""role_mainplot_role6.asl"": 34, ""role_mainplot_role7.asl"": 34, ""role_mainplot_role8.asl"": 34, ""role_mainplot_role9.asl"": 34, ""role_mainplot_role10.asl"": 34, ""role_mainplot_role11.asl"": 34, ""role_mainplot_role12.asl"": 34, ""role_mainplot_role13.asl"": 34, ""role_mainplot_role14.asl"": 34, ""role_mainplot_role15.asl"": 34, ""role_mainplot_role16.asl"": 34, ""role_mainplot_role17.asl"": 34, ""role_mainplot_role18.asl"": 34, ""role_mainplot_role19.asl"": 34, ""role_mainplot_role20.asl"": 34, ""role_mainplot_role21.asl"": 34, ""role_mainplot_role22.asl"": 34, ""role_mainplot_role23.asl"": 34, ""role_mainplot_role24.asl"": 34, ""role_mainplot_role25.asl"": 34, ""role_mainplot_role26.asl"": 34, ""role_mainplot_role27.asl"": 34, ""role_mainplot_role28.asl"": 34, ""role_mainplot_role29.asl"": 34, ""role_mainplot_role30.asl"": 34, ""role_mainplot_role31.asl"": 34, ""role_mainplot_role32.asl"": 34, ""role_mainplot_role33.asl"": 34, ""role_mainplot_role34.asl"": 34, ""role_mainplot_role35.asl"": 34, ""role_mainplot_role36.asl"": 34, ""role_mainplot_role37.asl"": 34, ""role_mainplot_role38.asl"": 34, ""role_mainplot_role39.asl"": 34, ""role_mainplot_role40.asl"": 34, ""role_mainplot_role41.asl"": 34, ""role_mainplot_role42.asl"": 34, ""role_mainplot_role43.asl"": 34, ""role_mainplot_role44.asl"": 34, ""role_mainplot_role45.asl"": 34, ""role_mainplot_role46.asl"": 34, ""role_mainplot_role47.asl"": 34, ""role_mainplot_role48.asl"": 34, ""role_mainplot_role49.asl"": 34}",3.055111111111111,0.050600991000465,0.001337858000624692,1.913435935974121,True,0,0
grid_roles_playbooks,204,Linux 7.2.3-arch1-2,x86_64,24,30.44,3.14.7,10,10,5,50,2,1,2,50,2,0,0,42,1125,25949,101,3437,"{""playbook_playbook0.asl"": 26, ""playbook_playbook1.asl"": 26, ""playbook_playbook10.asl"": 26, ""playbook_playbook11.asl"": 26, ""playbook_playbook12.asl"": 26, ""playbook_playbook13.asl"": 26, ""playbook_playbook14.asl"": 26, ""playbook_playbook15.asl"": 26, ""playbook_playbook16.asl"": 26, ""playbook_playbook17.asl"": 26, ""playbook_playbook18.asl"": 26, ""playbook_playbook19.asl"": 26, ""playbook_playbook2.asl"": 26, ""playbook_playbook20.asl"": 26, ""playbook_playbook21.asl"": 26, ""playbook_playbook22.asl"": 26, ""playbook_playbook23.asl"": 26, ""playbook_playbook24.asl"": 26, ""playbook_playbook25.asl"": 26, ""playbook_playbook26.asl"": 26, ""playbook_playbook27.asl"": 26, ""playbook_playbook28.asl"": 26, ""playbook_playbook29.asl"": 26, ""playbook_playbook3.asl"": 26, ""playbook_playbook30.asl"": 26, ""playbook_playbook31.asl"": 26, ""playbook_playbook32.asl"": 26, ""playbook_playbook33.asl"": 26, ""playbook_playbook34.asl"": 26, ""playbook_playbook35.asl"": 26, ""playbook_playbook36.asl"": 26, ""playbook_playbook37.asl"": 26, ""playbook_playbook38.asl"": 26, ""playbook_playbook39.asl"": 26, ""playbook_playbook4.asl"": 26, ""playbook_playbook40.asl"": 26, ""playbook_playbook41.asl"": 26, ""playbook_playbook42.asl"": 26, ""playbook_playbook43.asl"": 26, ""playbook_playbook44.asl"": 26, ""playbook_playbook45.asl"": 26, ""playbook_playbook46.asl"": 26, ""playbook_playbook47.asl"": 26, ""playbook_playbook48.asl"": 26, ""playbook_playbook49.asl"": 26, ""playbook_playbook5.asl"": 26, ""playbook_playbook6.asl"": 26, ""playbook_playbook7.asl"": 26, ""playbook_playbook8.asl"": 26, ""playbook_playbook9.asl"": 26, ""director_mainplot.asl"": 437, ""role_mainplot_role0.asl"": 34, ""role_mainplot_role1.asl"": 34, ""role_mainplot_role2.asl"": 34, ""role_mainplot_role3.asl"": 34, ""role_mainplot_role4.asl"": 34, ""role_mainplot_role5.asl"": 34, ""role_mainplot_role6.asl"": 34, ""role_mainplot_role7.asl"": 34, ""role_mainplot_role8.asl"": 34, ""role_mainplot_role9.asl"": 34, ""role_mainplot_role10.asl"": 34, ""role_mainplot_role11.asl"": 34, ""role_mainplot_role12.asl"": 34, ""role_mainplot_role13.asl"": 34, ""role_mainplot_role14.asl"": 34, ""role_mainplot_role15.asl"": 34, ""role_mainplot_role16.asl"": 34, ""role_mainplot_role17.asl"": 34, ""role_mainplot_role18.asl"": 34, ""role_mainplot_role19.asl"": 34, ""role_mainplot_role20.asl"": 34, ""role_mainplot_role21.asl"": 34, ""role_mainplot_role22.asl"": 34, ""role_mainplot_role23.asl"": 34, ""role_mainplot_role24.asl"": 34, ""role_mainplot_role25.asl"": 34, ""role_mainplot_role26.asl"": 34, ""role_mainplot_role27.asl"": 34, ""role_mainplot_role28.asl"": 34, ""role_mainplot_role29.asl"": 34, ""role_mainplot_role30.asl"": 34, ""role_mainplot_role31.asl"": 34, ""role_mainplot_role32.asl"": 34, ""role_mainplot_role33.asl"": 34, ""role_mainplot_role34.asl"": 34, ""role_mainplot_role35.asl"": 34, ""role_mainplot_role36.asl"": 34, ""role_mainplot_role37.asl"": 34, ""role_mainplot_role38.asl"": 34, ""role_mainplot_role39.asl"": 34, ""role_mainplot_role40.asl"": 34, ""role_mainplot_role41.asl"": 34, ""role_mainplot_role42.asl"": 34, ""role_mainplot_role43.asl"": 34, ""role_mainplot_role44.asl"": 34, ""role_mainplot_role45.asl"": 34, ""role_mainplot_role46.asl"": 34, ""role_mainplot_role47.asl"": 34, ""role_mainplot_role48.asl"": 34, ""role_mainplot_role49.asl"": 34}",3.055111111111111,0.04984780199993111,0.0013092570006847382,1.913435935974121,True,0,0
grid_roles_playbooks,205,Linux 7.2.3-arch1-2,x86_64,24,30.44,3.14.7,10,10,5,50,2,1,2,100,2,0,0,42,1475,38160,151,5437,"{""playbook_playbook0.asl"": 26, ""playbook_playbook1.asl"": 26, ""playbook_playbook10.asl"": 26, ""playbook_playbook11.asl"": 26, ""playbook_playbook12.asl"": 26, ""playbook_playbook13.asl"": 26, ""playbook_playbook14.asl"": 26, ""playbook_playbook15.asl"": 26, ""playbook_playbook16.asl"": 26, ""playbook_playbook17.asl"": 26, ""playbook_playbook18.asl"": 26, ""playbook_playbook19.asl"": 26, ""playbook_playbook2.asl"": 26, ""playbook_playbook20.asl"": 26, ""playbook_playbook21.asl"": 26, ""playbook_playbook22.asl"": 26, ""playbook_playbook23.asl"": 26, ""playbook_playbook24.asl"": 26, ""playbook_playbook25.asl"": 26, ""playbook_playbook26.asl"": 26, ""playbook_playbook27.asl"": 26, ""playbook_playbook28.asl"": 26, ""playbook_playbook29.asl"": 26, ""playbook_playbook3.asl"": 26, ""playbook_playbook30.asl"": 26, ""playbook_playbook31.asl"": 26, ""playbook_playbook32.asl"": 26, ""playbook_playbook33.asl"": 26, ""playbook_playbook34.asl"": 26, ""playbook_playbook35.asl"": 26, ""playbook_playbook36.asl"": 26, ""playbook_playbook37.asl"": 26, ""playbook_playbook38.asl"": 26, ""playbook_playbook39.asl"": 26, ""playbook_playbook4.asl"": 26, ""playbook_playbook40.asl"": 26, ""playbook_playbook41.asl"": 26, ""playbook_playbook42.asl"": 26, ""playbook_playbook43.asl"": 26, ""playbook_playbook44.asl"": 26, ""playbook_playbook45.asl"": 26, ""playbook_playbook46.asl"": 26, ""playbook_playbook47.asl"": 26, ""playbook_playbook48.asl"": 26, ""playbook_playbook49.asl"": 26, ""playbook_playbook5.asl"": 26, ""playbook_playbook6.asl"": 26, ""playbook_playbook7.asl"": 26, ""playbook_playbook8.asl"": 26, ""playbook_playbook9.asl"": 26, ""director_mainplot.asl"": 737, ""role_mainplot_role0.asl"": 34, ""role_mainplot_role1.asl"": 34, ""role_mainplot_role2.asl"": 34, ""role_mainplot_role3.asl"": 34, ""role_mainplot_role4.asl"": 34, ""role_mainplot_role5.asl"": 34, ""role_mainplot_role6.asl"": 34, ""role_mainplot_role7.asl"": 34, ""role_mainplot_role8.asl"": 34, ""role_mainplot_role9.asl"": 34, ""role_mainplot_role10.asl"": 34, ""role_mainplot_role11.asl"": 34, ""role_mainplot_role12.asl"": 34, ""role_mainplot_role13.asl"": 34, ""role_mainplot_role14.asl"": 34, ""role_mainplot_role15.asl"": 34, ""role_mainplot_role16.asl"": 34, ""role_mainplot_role17.asl"": 34, ""role_mainplot_role18.asl"": 34, ""role_mainplot_role19.asl"": 34, ""role_mainplot_role20.asl"": 34, ""role_mainplot_role21.asl"": 34, ""role_mainplot_role22.asl"": 34, ""role_mainplot_role23.asl"": 34, ""role_mainplot_role24.asl"": 34, ""role_mainplot_role25.asl"": 34, ""role_mainplot_role26.asl"": 34, ""role_mainplot_role27.asl"": 34, ""role_mainplot_role28.asl"": 34, ""role_mainplot_role29.asl"": 34, ""role_mainplot_role30.asl"": 34, ""role_mainplot_role31.asl"": 34, ""role_mainplot_role32.asl"": 34, ""role_mainplot_role33.asl"": 34, ""role_mainplot_role34.asl"": 34, ""role_mainplot_role35.asl"": 34, ""role_mainplot_role36.asl"": 34, ""role_mainplot_role37.asl"": 34, ""role_mainplot_role38.asl"": 34, ""role_mainplot_role39.asl"": 34, ""role_mainplot_role40.asl"": 34, ""role_mainplot_role41.asl"": 34, ""role_mainplot_role42.asl"": 34, ""role_mainplot_role43.asl"": 34, ""role_mainplot_role44.asl"": 34, ""role_mainplot_role45.asl"": 34, ""role_mainplot_role46.asl"": 34, ""role_mainplot_role47.asl"": 34, ""role_mainplot_role48.asl"": 34, ""role_mainplot_role49.asl"": 34, ""role_mainplot_role50.asl"": 34, ""role_mainplot_role51.asl"": 34, ""role_mainplot_role52.asl"": 34, ""role_mainplot_role53.asl"": 34, ""role_mainplot_role54.asl"": 34, ""role_mainplot_role55.asl"": 34, ""role_mainplot_role56.asl"": 34, ""role_mainplot_role57.asl"": 34, ""role_mainplot_role58.asl"": 34, ""role_mainplot_role59.asl"": 34, ""role_mainplot_role60.asl"": 34, ""role_mainplot_role61.asl"": 34, ""role_mainplot_role62.asl"": 34, ""role_mainplot_role63.asl"": 34, ""role_mainplot_role64.asl"": 34, ""role_mainplot_role65.asl"": 34, ""role_mainplot_role66.asl"": 34, ""role_mainplot_role67.asl"": 34, ""role_mainplot_role68.asl"": 34, ""role_mainplot_role69.asl"": 34, ""role_mainplot_role70.asl"": 34, ""role_mainplot_role71.asl"": 34, ""role_mainplot_role72.asl"": 34, ""role_mainplot_role73.asl"": 34, ""role_mainplot_role74.asl"": 34, ""role_mainplot_role75.asl"": 34, ""role_mainplot_role76.asl"": 34, ""role_mainplot_role77.asl"": 34, ""role_mainplot_role78.asl"": 34, ""role_mainplot_role79.asl"": 34, ""role_mainplot_role80.asl"": 34, ""role_mainplot_role81.asl"": 34, ""role_mainplot_role82.asl"": 34, ""role_mainplot_role83.asl"": 34, ""role_mainplot_role84.asl"": 34, ""role_mainplot_role85.asl"": 34, ""role_mainplot_role86.asl"": 34, ""role_mainplot_role87.asl"": 34, ""role_mainplot_role88.asl"": 34, ""role_mainplot_role89.asl"": 34, ""role_mainplot_role90.asl"": 34, ""role_mainplot_role91.asl"": 34, ""role_mainplot_role92.asl"": 34, ""role_mainplot_role93.asl"": 34, ""role_mainplot_role94.asl"": 34, ""role_mainplot_role95.asl"": 34, ""role_mainplot_role96.asl"": 34, ""role_mainplot_role97.asl"": 34, ""role_mainplot_role98.asl"": 34, ""role_mainplot_role99.asl"": 34}",3.686101694915254,0.06665927299945906,0.0019246770007157465,2.525432586669922,True,0,0
grid_roles_playbooks,206,Linux 7.2.3-arch1-2,x86_64,24,30.44,3.14.7,10,10,5,50,2,1,2,100,2,0,0,42,1475,38160,151,5437,"{""playbook_playbook0.asl"": 26, ""playbook_playbook1.asl"": 26, ""playbook_playbook10.asl"": 26, ""playbook_playbook11.asl"": 26, ""playbook_playbook12.asl"": 26, ""playbook_playbook13.asl"": 26, ""playbook_playbook14.asl"": 26, ""playbook_playbook15.asl"": 26, ""playbook_playbook16.asl"": 26, ""playbook_playbook17.asl"": 26, ""playbook_playbook18.asl"": 26, ""playbook_playbook19.asl"": 26, ""playbook_playbook2.asl"": 26, ""playbook_playbook20.asl"": 26, ""playbook_playbook21.asl"": 26, ""playbook_playbook22.asl"": 26, ""playbook_playbook23.asl"": 26, ""playbook_playbook24.asl"": 26, ""playbook_playbook25.asl"": 26, ""playbook_playbook26.asl"": 26, ""playbook_playbook27.asl"": 26, ""playbook_playbook28.asl"": 26, ""playbook_playbook29.asl"": 26, ""playbook_playbook3.asl"": 26, ""playbook_playbook30.asl"": 26, ""playbook_playbook31.asl"": 26, ""playbook_playbook32.asl"": 26, ""playbook_playbook33.asl"": 26, ""playbook_playbook34.asl"": 26, ""playbook_playbook35.asl"": 26, ""playbook_playbook36.asl"": 26, ""playbook_playbook37.asl"": 26, ""playbook_playbook38.asl"": 26, ""playbook_playbook39.asl"": 26, ""playbook_playbook4.asl"": 26, ""playbook_playbook40.asl"": 26, ""playbook_playbook41.asl"": 26, ""playbook_playbook42.asl"": 26, ""playbook_playbook43.asl"": 26, ""playbook_playbook44.asl"": 26, ""playbook_playbook45.asl"": 26, ""playbook_playbook46.asl"": 26, ""playbook_playbook47.asl"": 26, ""playbook_playbook48.asl"": 26, ""playbook_playbook49.asl"": 26, ""playbook_playbook5.asl"": 26, ""playbook_playbook6.asl"": 26, ""playbook_playbook7.asl"": 26, ""playbook_playbook8.asl"": 26, ""playbook_playbook9.asl"": 26, ""director_mainplot.asl"": 737, ""role_mainplot_role0.asl"": 34, ""role_mainplot_role1.asl"": 34, ""role_mainplot_role2.asl"": 34, ""role_mainplot_role3.asl"": 34, ""role_mainplot_role4.asl"": 34, ""role_mainplot_role5.asl"": 34, ""role_mainplot_role6.asl"": 34, ""role_mainplot_role7.asl"": 34, ""role_mainplot_role8.asl"": 34, ""role_mainplot_role9.asl"": 34, ""role_mainplot_role10.asl"": 34, ""role_mainplot_role11.asl"": 34, ""role_mainplot_role12.asl"": 34, ""role_mainplot_role13.asl"": 34, ""role_mainplot_role14.asl"": 34, ""role_mainplot_role15.asl"": 34, ""role_mainplot_role16.asl"": 34, ""role_mainplot_role17.asl"": 34, ""role_mainplot_role18.asl"": 34, ""role_mainplot_role19.asl"": 34, ""role_mainplot_role20.asl"": 34, ""role_mainplot_role21.asl"": 34, ""role_mainplot_role22.asl"": 34, ""role_mainplot_role23.asl"": 34, ""role_mainplot_role24.asl"": 34, ""role_mainplot_role25.asl"": 34, ""role_mainplot_role26.asl"": 34, ""role_mainplot_role27.asl"": 34, ""role_mainplot_role28.asl"": 34, ""role_mainplot_role29.asl"": 34, ""role_mainplot_role30.asl"": 34, ""role_mainplot_role31.asl"": 34, ""role_mainplot_role32.asl"": 34, ""role_mainplot_role33.asl"": 34, ""role_mainplot_role34.asl"": 34, ""role_mainplot_role35.asl"": 34, ""role_mainplot_role36.asl"": 34, ""role_mainplot_role37.asl"": 34, ""role_mainplot_role38.asl"": 34, ""role_mainplot_role39.asl"": 34, ""role_mainplot_role40.asl"": 34, ""role_mainplot_role41.asl"": 34, ""role_mainplot_role42.asl"": 34, ""role_mainplot_role43.asl"": 34, ""role_mainplot_role44.asl"": 34, ""role_mainplot_role45.asl"": 34, ""role_mainplot_role46.asl"": 34, ""role_mainplot_role47.asl"": 34, ""role_mainplot_role48.asl"": 34, ""role_mainplot_role49.asl"": 34, ""role_mainplot_role50.asl"": 34, ""role_mainplot_role51.asl"": 34, ""role_mainplot_role52.asl"": 34, ""role_mainplot_role53.asl"": 34, ""role_mainplot_role54.asl"": 34, ""role_mainplot_role55.asl"": 34, ""role_mainplot_role56.asl"": 34, ""role_mainplot_role57.asl"": 34, ""role_mainplot_role58.asl"": 34, ""role_mainplot_role59.asl"": 34, ""role_mainplot_role60.asl"": 34, ""role_mainplot_role61.asl"": 34, ""role_mainplot_role62.asl"": 34, ""role_mainplot_role63.asl"": 34, ""role_mainplot_role64.asl"": 34, ""role_mainplot_role65.asl"": 34, ""role_mainplot_role66.asl"": 34, ""role_mainplot_role67.asl"": 34, ""role_mainplot_role68.asl"": 34, ""role_mainplot_role69.asl"": 34, ""role_mainplot_role70.asl"": 34, ""role_mainplot_role71.asl"": 34, ""role_mainplot_role72.asl"": 34, ""role_mainplot_role73.asl"": 34, ""role_mainplot_role74.asl"": 34, ""role_mainplot_role75.asl"": 34, ""role_mainplot_role76.asl"": 34, ""role_mainplot_role77.asl"": 34, ""role_mainplot_role78.asl"": 34, ""role_mainplot_role79.asl"": 34, ""role_mainplot_role80.asl"": 34, ""role_mainplot_role81.asl"": 34, ""role_mainplot_role82.asl"": 34, ""role_mainplot_role83.asl"": 34, ""role_mainplot_role84.asl"": 34, ""role_mainplot_role85.asl"": 34, ""role_mainplot_role86.asl"": 34, ""role_mainplot_role87.asl"": 34, ""role_mainplot_role88.asl"": 34, ""role_mainplot_role89.asl"": 34, ""role_mainplot_role90.asl"": 34, ""role_mainplot_role91.asl"": 34, ""role_mainplot_role92.asl"": 34, ""role_mainplot_role93.asl"": 34, ""role_mainplot_role94.asl"": 34, ""role_mainplot_role95.asl"": 34, ""role_mainplot_role96.asl"": 34, ""role_mainplot_role97.asl"": 34, ""role_mainplot_role98.asl"": 34, ""role_mainplot_role99.asl"": 34}",3.686101694915254,0.06702219199905812,0.0019043970005441224,2.525432586669922,True,0,0
grid_roles_playbooks,207,Linux 7.2.3-arch1-2,x86_64,24,30.44,3.14.7,10,10,5,50,2,1,2,100,2,0,0,42,1475,38160,151,5437,"{""playbook_playbook0.asl"": 26, ""playbook_playbook1.asl"": 26, ""playbook_playbook10.asl"": 26, ""playbook_playbook11.asl"": 26, ""playbook_playbook12.asl"": 26, ""playbook_playbook13.asl"": 26, ""playbook_playbook14.asl"": 26, ""playbook_playbook15.asl"": 26, ""playbook_playbook16.asl"": 26, ""playbook_playbook17.asl"": 26, ""playbook_playbook18.asl"": 26, ""playbook_playbook19.asl"": 26, ""playbook_playbook2.asl"": 26, ""playbook_playbook20.asl"": 26, ""playbook_playbook21.asl"": 26, ""playbook_playbook22.asl"": 26, ""playbook_playbook23.asl"": 26, ""playbook_playbook24.asl"": 26, ""playbook_playbook25.asl"": 26, ""playbook_playbook26.asl"": 26, ""playbook_playbook27.asl"": 26, ""playbook_playbook28.asl"": 26, ""playbook_playbook29.asl"": 26, ""playbook_playbook3.asl"": 26, ""playbook_playbook30.asl"": 26, ""playbook_playbook31.asl"": 26, ""playbook_playbook32.asl"": 26, ""playbook_playbook33.asl"": 26, ""playbook_playbook34.asl"": 26, ""playbook_playbook35.asl"": 26, ""playbook_playbook36.asl"": 26, ""playbook_playbook37.asl"": 26, ""playbook_playbook38.asl"": 26, ""playbook_playbook39.asl"": 26, ""playbook_playbook4.asl"": 26, ""playbook_playbook40.asl"": 26, ""playbook_playbook41.asl"": 26, ""playbook_playbook42.asl"": 26, ""playbook_playbook43.asl"": 26, ""playbook_playbook44.asl"": 26, ""playbook_playbook45.asl"": 26, ""playbook_playbook46.asl"": 26, ""playbook_playbook47.asl"": 26, ""playbook_playbook48.asl"": 26, ""playbook_playbook49.asl"": 26, ""playbook_playbook5.asl"": 26, ""playbook_playbook6.asl"": 26, ""playbook_playbook7.asl"": 26, ""playbook_playbook8.asl"": 26, ""playbook_playbook9.asl"": 26, ""director_mainplot.asl"": 737, ""role_mainplot_role0.asl"": 34, ""role_mainplot_role1.asl"": 34, ""role_mainplot_role2.asl"": 34, ""role_mainplot_role3.asl"": 34, ""role_mainplot_role4.asl"": 34, ""role_mainplot_role5.asl"": 34, ""role_mainplot_role6.asl"": 34, ""role_mainplot_role7.asl"": 34, ""role_mainplot_role8.asl"": 34, ""role_mainplot_role9.asl"": 34, ""role_mainplot_role10.asl"": 34, ""role_mainplot_role11.asl"": 34, ""role_mainplot_role12.asl"": 34, ""role_mainplot_role13.asl"": 34, ""role_mainplot_role14.asl"": 34, ""role_mainplot_role15.asl"": 34, ""role_mainplot_role16.asl"": 34, ""role_mainplot_role17.asl"": 34, ""role_mainplot_role18.asl"": 34, ""role_mainplot_role19.asl"": 34, ""role_mainplot_role20.asl"": 34, ""role_mainplot_role21.asl"": 34, ""role_mainplot_role22.asl"": 34, ""role_mainplot_role23.asl"": 34, ""role_mainplot_role24.asl"": 34, ""role_mainplot_role25.asl"": 34, ""role_mainplot_role26.asl"": 34, ""role_mainplot_role27.asl"": 34, ""role_mainplot_role28.asl"": 34, ""role_mainplot_role29.asl"": 34, ""role_mainplot_role30.asl"": 34, ""role_mainplot_role31.asl"": 34, ""role_mainplot_role32.asl"": 34, ""role_mainplot_role33.asl"": 34, ""role_mainplot_role34.asl"": 34, ""role_mainplot_role35.asl"": 34, ""role_mainplot_role36.asl"": 34, ""role_mainplot_role37.asl"": 34, ""role_mainplot_role38.asl"": 34, ""role_mainplot_role39.asl"": 34, ""role_mainplot_role40.asl"": 34, ""role_mainplot_role41.asl"": 34, ""role_mainplot_role42.asl"": 34, ""role_mainplot_role43.asl"": 34, ""role_mainplot_role44.asl"": 34, ""role_mainplot_role45.asl"": 34, ""role_mainplot_role46.asl"": 34, ""role_mainplot_role47.asl"": 34, ""role_mainplot_role48.asl"": 34, ""role_mainplot_role49.asl"": 34, ""role_mainplot_role50.asl"": 34, ""role_mainplot_role51.asl"": 34, ""role_mainplot_role52.asl"": 34, ""role_mainplot_role53.asl"": 34, ""role_mainplot_role54.asl"": 34, ""role_mainplot_role55.asl"": 34, ""role_mainplot_role56.asl"": 34, ""role_mainplot_role57.asl"": 34, ""role_mainplot_role58.asl"": 34, ""role_mainplot_role59.asl"": 34, ""role_mainplot_role60.asl"": 34, ""role_mainplot_role61.asl"": 34, ""role_mainplot_role62.asl"": 34, ""role_mainplot_role63.asl"": 34, ""role_mainplot_role64.asl"": 34, ""role_mainplot_role65.asl"": 34, ""role_mainplot_role66.asl"": 34, ""role_mainplot_role67.asl"": 34, ""role_mainplot_role68.asl"": 34, ""role_mainplot_role69.asl"": 34, ""role_mainplot_role70.asl"": 34, ""role_mainplot_role71.asl"": 34, ""role_mainplot_role72.asl"": 34, ""role_mainplot_role73.asl"": 34, ""role_mainplot_role74.asl"": 34, ""role_mainplot_role75.asl"": 34, ""role_mainplot_role76.asl"": 34, ""role_mainplot_role77.asl"": 34, ""role_mainplot_role78.asl"": 34, ""role_mainplot_role79.asl"": 34, ""role_mainplot_role80.asl"": 34, ""role_mainplot_role81.asl"": 34, ""role_mainplot_role82.asl"": 34, ""role_mainplot_role83.asl"": 34, ""role_mainplot_role84.asl"": 34, ""role_mainplot_role85.asl"": 34, ""role_mainplot_role86.asl"": 34, ""role_mainplot_role87.asl"": 34, ""role_mainplot_role88.asl"": 34, ""role_mainplot_role89.asl"": 34, ""role_mainplot_role90.asl"": 34, ""role_mainplot_role91.asl"": 34, ""role_mainplot_role92.asl"": 34, ""role_mainplot_role93.asl"": 34, ""role_mainplot_role94.asl"": 34, ""role_mainplot_role95.asl"": 34, ""role_mainplot_role96.asl"": 34, ""role_mainplot_role97.asl"": 34, ""role_mainplot_role98.asl"": 34, ""role_mainplot_role99.asl"": 34}",3.686101694915254,0.06688724200103024,0.0018916160006483551,2.525432586669922,True,0,0
grid_roles_playbooks,208,Linux 7.2.3-arch1-2,x86_64,24,30.44,3.14.7,10,10,5,50,2,1,2,100,2,0,0,42,1475,38160,151,5437,"{""playbook_playbook0.asl"": 26, ""playbook_playbook1.asl"": 26, ""playbook_playbook10.asl"": 26, ""playbook_playbook11.asl"": 26, ""playbook_playbook12.asl"": 26, ""playbook_playbook13.asl"": 26, ""playbook_playbook14.asl"": 26, ""playbook_playbook15.asl"": 26, ""playbook_playbook16.asl"": 26, ""playbook_playbook17.asl"": 26, ""playbook_playbook18.asl"": 26, ""playbook_playbook19.asl"": 26, ""playbook_playbook2.asl"": 26, ""playbook_playbook20.asl"": 26, ""playbook_playbook21.asl"": 26, ""playbook_playbook22.asl"": 26, ""playbook_playbook23.asl"": 26, ""playbook_playbook24.asl"": 26, ""playbook_playbook25.asl"": 26, ""playbook_playbook26.asl"": 26, ""playbook_playbook27.asl"": 26, ""playbook_playbook28.asl"": 26, ""playbook_playbook29.asl"": 26, ""playbook_playbook3.asl"": 26, ""playbook_playbook30.asl"": 26, ""playbook_playbook31.asl"": 26, ""playbook_playbook32.asl"": 26, ""playbook_playbook33.asl"": 26, ""playbook_playbook34.asl"": 26, ""playbook_playbook35.asl"": 26, ""playbook_playbook36.asl"": 26, ""playbook_playbook37.asl"": 26, ""playbook_playbook38.asl"": 26, ""playbook_playbook39.asl"": 26, ""playbook_playbook4.asl"": 26, ""playbook_playbook40.asl"": 26, ""playbook_playbook41.asl"": 26, ""playbook_playbook42.asl"": 26, ""playbook_playbook43.asl"": 26, ""playbook_playbook44.asl"": 26, ""playbook_playbook45.asl"": 26, ""playbook_playbook46.asl"": 26, ""playbook_playbook47.asl"": 26, ""playbook_playbook48.asl"": 26, ""playbook_playbook49.asl"": 26, ""playbook_playbook5.asl"": 26, ""playbook_playbook6.asl"": 26, ""playbook_playbook7.asl"": 26, ""playbook_playbook8.asl"": 26, ""playbook_playbook9.asl"": 26, ""director_mainplot.asl"": 737, ""role_mainplot_role0.asl"": 34, ""role_mainplot_role1.asl"": 34, ""role_mainplot_role2.asl"": 34, ""role_mainplot_role3.asl"": 34, ""role_mainplot_role4.asl"": 34, ""role_mainplot_role5.asl"": 34, ""role_mainplot_role6.asl"": 34, ""role_mainplot_role7.asl"": 34, ""role_mainplot_role8.asl"": 34, ""role_mainplot_role9.asl"": 34, ""role_mainplot_role10.asl"": 34, ""role_mainplot_role11.asl"": 34, ""role_mainplot_role12.asl"": 34, ""role_mainplot_role13.asl"": 34, ""role_mainplot_role14.asl"": 34, ""role_mainplot_role15.asl"": 34, ""role_mainplot_role16.asl"": 34, ""role_mainplot_role17.asl"": 34, ""role_mainplot_role18.asl"": 34, ""role_mainplot_role19.asl"": 34, ""role_mainplot_role20.asl"": 34, ""role_mainplot_role21.asl"": 34, ""role_mainplot_role22.asl"": 34, ""role_mainplot_role23.asl"": 34, ""role_mainplot_role24.asl"": 34, ""role_mainplot_role25.asl"": 34, ""role_mainplot_role26.asl"": 34, ""role_mainplot_role27.asl"": 34, ""role_mainplot_role28.asl"": 34, ""role_mainplot_role29.asl"": 34, ""role_mainplot_role30.asl"": 34, ""role_mainplot_role31.asl"": 34, ""role_mainplot_role32.asl"": 34, ""role_mainplot_role33.asl"": 34, ""role_mainplot_role34.asl"": 34, ""role_mainplot_role35.asl"": 34, ""role_mainplot_role36.asl"": 34, ""role_mainplot_role37.asl"": 34, ""role_mainplot_role38.asl"": 34, ""role_mainplot_role39.asl"": 34, ""role_mainplot_role40.asl"": 34, ""role_mainplot_role41.asl"": 34, ""role_mainplot_role42.asl"": 34, ""role_mainplot_role43.asl"": 34, ""role_mainplot_role44.asl"": 34, ""role_mainplot_role45.asl"": 34, ""role_mainplot_role46.asl"": 34, ""role_mainplot_role47.asl"": 34, ""role_mainplot_role48.asl"": 34, ""role_mainplot_role49.asl"": 34, ""role_mainplot_role50.asl"": 34, ""role_mainplot_role51.asl"": 34, ""role_mainplot_role52.asl"": 34, ""role_mainplot_role53.asl"": 34, ""role_mainplot_role54.asl"": 34, ""role_mainplot_role55.asl"": 34, ""role_mainplot_role56.asl"": 34, ""role_mainplot_role57.asl"": 34, ""role_mainplot_role58.asl"": 34, ""role_mainplot_role59.asl"": 34, ""role_mainplot_role60.asl"": 34, ""role_mainplot_role61.asl"": 34, ""role_mainplot_role62.asl"": 34, ""role_mainplot_role63.asl"": 34, ""role_mainplot_role64.asl"": 34, ""role_mainplot_role65.asl"": 34, ""role_mainplot_role66.asl"": 34, ""role_mainplot_role67.asl"": 34, ""role_mainplot_role68.asl"": 34, ""role_mainplot_role69.asl"": 34, ""role_mainplot_role70.asl"": 34, ""role_mainplot_role71.asl"": 34, ""role_mainplot_role72.asl"": 34, ""role_mainplot_role73.asl"": 34, ""role_mainplot_role74.asl"": 34, ""role_mainplot_role75.asl"": 34, ""role_mainplot_role76.asl"": 34, ""role_mainplot_role77.asl"": 34, ""role_mainplot_role78.asl"": 34, ""role_mainplot_role79.asl"": 34, ""role_mainplot_role80.asl"": 34, ""role_mainplot_role81.asl"": 34, ""role_mainplot_role82.asl"": 34, ""role_mainplot_role83.asl"": 34, ""role_mainplot_role84.asl"": 34, ""role_mainplot_role85.asl"": 34, ""role_mainplot_role86.asl"": 34, ""role_mainplot_role87.asl"": 34, ""role_mainplot_role88.asl"": 34, ""role_mainplot_role89.asl"": 34, ""role_mainplot_role90.asl"": 34, ""role_mainplot_role91.asl"": 34, ""role_mainplot_role92.asl"": 34, ""role_mainplot_role93.asl"": 34, ""role_mainplot_role94.asl"": 34, ""role_mainplot_role95.asl"": 34, ""role_mainplot_role96.asl"": 34, ""role_mainplot_role97.asl"": 34, ""role_mainplot_role98.asl"": 34, ""role_mainplot_role99.asl"": 34}",3.686101694915254,0.06895082899973204,0.0019703069992829114,2.525432586669922,True,0,0
grid_roles_playbooks,209,Linux 7.2.3-arch1-2,x86_64,24,30.44,3.14.7,10,10,5,50,2,1,2,100,2,0,0,42,1475,38160,151,5437,"{""playbook_playbook0.asl"": 26, ""playbook_playbook1.asl"": 26, ""playbook_playbook10.asl"": 26, ""playbook_playbook11.asl"": 26, ""playbook_playbook12.asl"": 26, ""playbook_playbook13.asl"": 26, ""playbook_playbook14.asl"": 26, ""playbook_playbook15.asl"": 26, ""playbook_playbook16.asl"": 26, ""playbook_playbook17.asl"": 26, ""playbook_playbook18.asl"": 26, ""playbook_playbook19.asl"": 26, ""playbook_playbook2.asl"": 26, ""playbook_playbook20.asl"": 26, ""playbook_playbook21.asl"": 26, ""playbook_playbook22.asl"": 26, ""playbook_playbook23.asl"": 26, ""playbook_playbook24.asl"": 26, ""playbook_playbook25.asl"": 26, ""playbook_playbook26.asl"": 26, ""playbook_playbook27.asl"": 26, ""playbook_playbook28.asl"": 26, ""playbook_playbook29.asl"": 26, ""playbook_playbook3.asl"": 26, ""playbook_playbook30.asl"": 26, ""playbook_playbook31.asl"": 26, ""playbook_playbook32.asl"": 26, ""playbook_playbook33.asl"": 26, ""playbook_playbook34.asl"": 26, ""playbook_playbook35.asl"": 26, ""playbook_playbook36.asl"": 26, ""playbook_playbook37.asl"": 26, ""playbook_playbook38.asl"": 26, ""playbook_playbook39.asl"": 26, ""playbook_playbook4.asl"": 26, ""playbook_playbook40.asl"": 26, ""playbook_playbook41.asl"": 26, ""playbook_playbook42.asl"": 26, ""playbook_playbook43.asl"": 26, ""playbook_playbook44.asl"": 26, ""playbook_playbook45.asl"": 26, ""playbook_playbook46.asl"": 26, ""playbook_playbook47.asl"": 26, ""playbook_playbook48.asl"": 26, ""playbook_playbook49.asl"": 26, ""playbook_playbook5.asl"": 26, ""playbook_playbook6.asl"": 26, ""playbook_playbook7.asl"": 26, ""playbook_playbook8.asl"": 26, ""playbook_playbook9.asl"": 26, ""director_mainplot.asl"": 737, ""role_mainplot_role0.asl"": 34, ""role_mainplot_role1.asl"": 34, ""role_mainplot_role2.asl"": 34, ""role_mainplot_role3.asl"": 34, ""role_mainplot_role4.asl"": 34, ""role_mainplot_role5.asl"": 34, ""role_mainplot_role6.asl"": 34, ""role_mainplot_role7.asl"": 34, ""role_mainplot_role8.asl"": 34, ""role_mainplot_role9.asl"": 34, ""role_mainplot_role10.asl"": 34, ""role_mainplot_role11.asl"": 34, ""role_mainplot_role12.asl"": 34, ""role_mainplot_role13.asl"": 34, ""role_mainplot_role14.asl"": 34, ""role_mainplot_role15.asl"": 34, ""role_mainplot_role16.asl"": 34, ""role_mainplot_role17.asl"": 34, ""role_mainplot_role18.asl"": 34, ""role_mainplot_role19.asl"": 34, ""role_mainplot_role20.asl"": 34, ""role_mainplot_role21.asl"": 34, ""role_mainplot_role22.asl"": 34, ""role_mainplot_role23.asl"": 34, ""role_mainplot_role24.asl"": 34, ""role_mainplot_role25.asl"": 34, ""role_mainplot_role26.asl"": 34, ""role_mainplot_role27.asl"": 34, ""role_mainplot_role28.asl"": 34, ""role_mainplot_role29.asl"": 34, ""role_mainplot_role30.asl"": 34, ""role_mainplot_role31.asl"": 34, ""role_mainplot_role32.asl"": 34, ""role_mainplot_role33.asl"": 34, ""role_mainplot_role34.asl"": 34, ""role_mainplot_role35.asl"": 34, ""role_mainplot_role36.asl"": 34, ""role_mainplot_role37.asl"": 34, ""role_mainplot_role38.asl"": 34, ""role_mainplot_role39.asl"": 34, ""role_mainplot_role40.asl"": 34, ""role_mainplot_role41.asl"": 34, ""role_mainplot_role42.asl"": 34, ""role_mainplot_role43.asl"": 34, ""role_mainplot_role44.asl"": 34, ""role_mainplot_role45.asl"": 34, ""role_mainplot_role46.asl"": 34, ""role_mainplot_role47.asl"": 34, ""role_mainplot_role48.asl"": 34, ""role_mainplot_role49.asl"": 34, ""role_mainplot_role50.asl"": 34, ""role_mainplot_role51.asl"": 34, ""role_mainplot_role52.asl"": 34, ""role_mainplot_role53.asl"": 34, ""role_mainplot_role54.asl"": 34, ""role_mainplot_role55.asl"": 34, ""role_mainplot_role56.asl"": 34, ""role_mainplot_role57.asl"": 34, ""role_mainplot_role58.asl"": 34, ""role_mainplot_role59.asl"": 34, ""role_mainplot_role60.asl"": 34, ""role_mainplot_role61.asl"": 34, ""role_mainplot_role62.asl"": 34, ""role_mainplot_role63.asl"": 34, ""role_mainplot_role64.asl"": 34, ""role_mainplot_role65.asl"": 34, ""role_mainplot_role66.asl"": 34, ""role_mainplot_role67.asl"": 34, ""role_mainplot_role68.asl"": 34, ""role_mainplot_role69.asl"": 34, ""role_mainplot_role70.asl"": 34, ""role_mainplot_role71.asl"": 34, ""role_mainplot_role72.asl"": 34, ""role_mainplot_role73.asl"": 34, ""role_mainplot_role74.asl"": 34, ""role_mainplot_role75.asl"": 34, ""role_mainplot_role76.asl"": 34, ""role_mainplot_role77.asl"": 34, ""role_mainplot_role78.asl"": 34, ""role_mainplot_role79.asl"": 34, ""role_mainplot_role80.asl"": 34, ""role_mainplot_role81.asl"": 34, ""role_mainplot_role82.asl"": 34, ""role_mainplot_role83.asl"": 34, ""role_mainplot_role84.asl"": 34, ""role_mainplot_role85.asl"": 34, ""role_mainplot_role86.asl"": 34, ""role_mainplot_role87.asl"": 34, ""role_mainplot_role88.asl"": 34, ""role_mainplot_role89.asl"": 34, ""role_mainplot_role90.asl"": 34, ""role_mainplot_role91.asl"": 34, ""role_mainplot_role92.asl"": 34, ""role_mainplot_role93.asl"": 34, ""role_mainplot_role94.asl"": 34, ""role_mainplot_role95.asl"": 34, ""role_mainplot_role96.asl"": 34, ""role_mainplot_role97.asl"": 34, ""role_mainplot_role98.asl"": 34, ""role_mainplot_role99.asl"": 34}",3.686101694915254,0.06795106000026863,0.0019645960001071217,2.525432586669922,True,0,0
grid_roles_playbooks,210,Linux 7.2.3-arch1-2,x86_64,24,30.44,3.14.7,10,10,5,100,2,1,2,1,2,0,0,42,1482,26525,102,2777,"{""playbook_playbook0.asl"": 26, ""playbook_playbook1.asl"": 26, ""playbook_playbook10.asl"": 26, ""playbook_playbook11.asl"": 26, ""playbook_playbook12.asl"": 26, ""playbook_playbook13.asl"": 26, ""playbook_playbook14.asl"": 26, ""playbook_playbook15.asl"": 26, ""playbook_playbook16.asl"": 26, ""playbook_playbook17.asl"": 26, ""playbook_playbook18.asl"": 26, ""playbook_playbook19.asl"": 26, ""playbook_playbook2.asl"": 26, ""playbook_playbook20.asl"": 26, ""playbook_playbook21.asl"": 26, ""playbook_playbook22.asl"": 26, ""playbook_playbook23.asl"": 26, ""playbook_playbook24.asl"": 26, ""playbook_playbook25.asl"": 26, ""playbook_playbook26.asl"": 26, ""playbook_playbook27.asl"": 26, ""playbook_playbook28.asl"": 26, ""playbook_playbook29.asl"": 26, ""playbook_playbook3.asl"": 26, ""playbook_playbook30.asl"": 26, ""playbook_playbook31.asl"": 26, ""playbook_playbook32.asl"": 26, ""playbook_playbook33.asl"": 26, ""playbook_playbook34.asl"": 26, ""playbook_playbook35.asl"": 26, ""playbook_playbook36.asl"": 26, ""playbook_playbook37.asl"": 26, ""playbook_playbook38.asl"": 26, ""playbook_playbook39.asl"": 26, ""playbook_playbook4.asl"": 26, ""playbook_playbook40.asl"": 26, ""playbook_playbook41.asl"": 26, ""playbook_playbook42.asl"": 26, ""playbook_playbook43.asl"": 26, ""playbook_playbook44.asl"": 26, ""playbook_playbook45.asl"": 26, ""playbook_playbook46.asl"": 26, ""playbook_playbook47.asl"": 26, ""playbook_playbook48.asl"": 26, ""playbook_playbook49.asl"": 26, ""playbook_playbook5.asl"": 26, ""playbook_playbook50.asl"": 26, ""playbook_playbook51.asl"": 26, ""playbook_playbook52.asl"": 26, ""playbook_playbook53.asl"": 26, ""playbook_playbook54.asl"": 26, ""playbook_playbook55.asl"": 26, ""playbook_playbook56.asl"": 26, ""playbook_playbook57.asl"": 26, ""playbook_playbook58.asl"": 26, ""playbook_playbook59.asl"": 26, ""playbook_playbook6.asl"": 26, ""playbook_playbook60.asl"": 26, ""playbook_playbook61.asl"": 26, ""playbook_playbook62.asl"": 26, ""playbook_playbook63.asl"": 26, ""playbook_playbook64.asl"": 26, ""playbook_playbook65.asl"": 26, ""playbook_playbook66.asl"": 26, ""playbook_playbook67.asl"": 26, ""playbook_playbook68.asl"": 26, ""playbook_playbook69.asl"": 26, ""playbook_playbook7.asl"": 26, ""playbook_playbook70.asl"": 26, ""playbook_playbook71.asl"": 26, ""playbook_playbook72.asl"": 26, ""playbook_playbook73.asl"": 26, ""playbook_playbook74.asl"": 26, ""playbook_playbook75.asl"": 26, ""playbook_playbook76.asl"": 26, ""playbook_playbook77.asl"": 26, ""playbook_playbook78.asl"": 26, ""playbook_playbook79.asl"": 26, ""playbook_playbook8.asl"": 26, ""playbook_playbook80.asl"": 26, ""playbook_playbook81.asl"": 26, ""playbook_playbook82.asl"": 26, ""playbook_playbook83.asl"": 26, ""playbook_playbook84.asl"": 26, ""playbook_playbook85.asl"": 26, ""playbook_playbook86.asl"": 26, ""playbook_playbook87.asl"": 26, ""playbook_playbook88.asl"": 26, ""playbook_playbook89.asl"": 26, ""playbook_playbook9.asl"": 26, ""playbook_playbook90.asl"": 26, ""playbook_playbook91.asl"": 26, ""playbook_playbook92.asl"": 26, ""playbook_playbook93.asl"": 26, ""playbook_playbook94.asl"": 26, ""playbook_playbook95.asl"": 26, ""playbook_playbook96.asl"": 26, ""playbook_playbook97.asl"": 26, ""playbook_playbook98.asl"": 26, ""playbook_playbook99.asl"": 26, ""director_mainplot.asl"": 143, ""role_mainplot_role0.asl"": 34}",1.8738191632928476,0.06305410900131392,0.001316148000114481,2.5633249282836914,True,99,0
grid_roles_playbooks,211,Linux 7.2.3-arch1-2,x86_64,24,30.44,3.14.7,10,10,5,100,2,1,2,1,2,0,0,42,1482,26525,102,2777,"{""playbook_playbook0.asl"": 26, ""playbook_playbook1.asl"": 26, ""playbook_playbook10.asl"": 26, ""playbook_playbook11.asl"": 26, ""playbook_playbook12.asl"": 26, ""playbook_playbook13.asl"": 26, ""playbook_playbook14.asl"": 26, ""playbook_playbook15.asl"": 26, ""playbook_playbook16.asl"": 26, ""playbook_playbook17.asl"": 26, ""playbook_playbook18.asl"": 26, ""playbook_playbook19.asl"": 26, ""playbook_playbook2.asl"": 26, ""playbook_playbook20.asl"": 26, ""playbook_playbook21.asl"": 26, ""playbook_playbook22.asl"": 26, ""playbook_playbook23.asl"": 26, ""playbook_playbook24.asl"": 26, ""playbook_playbook25.asl"": 26, ""playbook_playbook26.asl"": 26, ""playbook_playbook27.asl"": 26, ""playbook_playbook28.asl"": 26, ""playbook_playbook29.asl"": 26, ""playbook_playbook3.asl"": 26, ""playbook_playbook30.asl"": 26, ""playbook_playbook31.asl"": 26, ""playbook_playbook32.asl"": 26, ""playbook_playbook33.asl"": 26, ""playbook_playbook34.asl"": 26, ""playbook_playbook35.asl"": 26, ""playbook_playbook36.asl"": 26, ""playbook_playbook37.asl"": 26, ""playbook_playbook38.asl"": 26, ""playbook_playbook39.asl"": 26, ""playbook_playbook4.asl"": 26, ""playbook_playbook40.asl"": 26, ""playbook_playbook41.asl"": 26, ""playbook_playbook42.asl"": 26, ""playbook_playbook43.asl"": 26, ""playbook_playbook44.asl"": 26, ""playbook_playbook45.asl"": 26, ""playbook_playbook46.asl"": 26, ""playbook_playbook47.asl"": 26, ""playbook_playbook48.asl"": 26, ""playbook_playbook49.asl"": 26, ""playbook_playbook5.asl"": 26, ""playbook_playbook50.asl"": 26, ""playbook_playbook51.asl"": 26, ""playbook_playbook52.asl"": 26, ""playbook_playbook53.asl"": 26, ""playbook_playbook54.asl"": 26, ""playbook_playbook55.asl"": 26, ""playbook_playbook56.asl"": 26, ""playbook_playbook57.asl"": 26, ""playbook_playbook58.asl"": 26, ""playbook_playbook59.asl"": 26, ""playbook_playbook6.asl"": 26, ""playbook_playbook60.asl"": 26, ""playbook_playbook61.asl"": 26, ""playbook_playbook62.asl"": 26, ""playbook_playbook63.asl"": 26, ""playbook_playbook64.asl"": 26, ""playbook_playbook65.asl"": 26, ""playbook_playbook66.asl"": 26, ""playbook_playbook67.asl"": 26, ""playbook_playbook68.asl"": 26, ""playbook_playbook69.asl"": 26, ""playbook_playbook7.asl"": 26, ""playbook_playbook70.asl"": 26, ""playbook_playbook71.asl"": 26, ""playbook_playbook72.asl"": 26, ""playbook_playbook73.asl"": 26, ""playbook_playbook74.asl"": 26, ""playbook_playbook75.asl"": 26, ""playbook_playbook76.asl"": 26, ""playbook_playbook77.asl"": 26, ""playbook_playbook78.asl"": 26, ""playbook_playbook79.asl"": 26, ""playbook_playbook8.asl"": 26, ""playbook_playbook80.asl"": 26, ""playbook_playbook81.asl"": 26, ""playbook_playbook82.asl"": 26, ""playbook_playbook83.asl"": 26, ""playbook_playbook84.asl"": 26, ""playbook_playbook85.asl"": 26, ""playbook_playbook86.asl"": 26, ""playbook_playbook87.asl"": 26, ""playbook_playbook88.asl"": 26, ""playbook_playbook89.asl"": 26, ""playbook_playbook9.asl"": 26, ""playbook_playbook90.asl"": 26, ""playbook_playbook91.asl"": 26, ""playbook_playbook92.asl"": 26, ""playbook_playbook93.asl"": 26, ""playbook_playbook94.asl"": 26, ""playbook_playbook95.asl"": 26, ""playbook_playbook96.asl"": 26, ""playbook_playbook97.asl"": 26, ""playbook_playbook98.asl"": 26, ""playbook_playbook99.asl"": 26, ""director_mainplot.asl"": 143, ""role_mainplot_role0.asl"": 34}",1.8738191632928476,0.06256041000051482,0.0012854680007876595,2.5633249282836914,True,99,0
grid_roles_playbooks,212,Linux 7.2.3-arch1-2,x86_64,24,30.44,3.14.7,10,10,5,100,2,1,2,1,2,0,0,42,1482,26525,102,2777,"{""playbook_playbook0.asl"": 26, ""playbook_playbook1.asl"": 26, ""playbook_playbook10.asl"": 26, ""playbook_playbook11.asl"": 26, ""playbook_playbook12.asl"": 26, ""playbook_playbook13.asl"": 26, ""playbook_playbook14.asl"": 26, ""playbook_playbook15.asl"": 26, ""playbook_playbook16.asl"": 26, ""playbook_playbook17.asl"": 26, ""playbook_playbook18.asl"": 26, ""playbook_playbook19.asl"": 26, ""playbook_playbook2.asl"": 26, ""playbook_playbook20.asl"": 26, ""playbook_playbook21.asl"": 26, ""playbook_playbook22.asl"": 26, ""playbook_playbook23.asl"": 26, ""playbook_playbook24.asl"": 26, ""playbook_playbook25.asl"": 26, ""playbook_playbook26.asl"": 26, ""playbook_playbook27.asl"": 26, ""playbook_playbook28.asl"": 26, ""playbook_playbook29.asl"": 26, ""playbook_playbook3.asl"": 26, ""playbook_playbook30.asl"": 26, ""playbook_playbook31.asl"": 26, ""playbook_playbook32.asl"": 26, ""playbook_playbook33.asl"": 26, ""playbook_playbook34.asl"": 26, ""playbook_playbook35.asl"": 26, ""playbook_playbook36.asl"": 26, ""playbook_playbook37.asl"": 26, ""playbook_playbook38.asl"": 26, ""playbook_playbook39.asl"": 26, ""playbook_playbook4.asl"": 26, ""playbook_playbook40.asl"": 26, ""playbook_playbook41.asl"": 26, ""playbook_playbook42.asl"": 26, ""playbook_playbook43.asl"": 26, ""playbook_playbook44.asl"": 26, ""playbook_playbook45.asl"": 26, ""playbook_playbook46.asl"": 26, ""playbook_playbook47.asl"": 26, ""playbook_playbook48.asl"": 26, ""playbook_playbook49.asl"": 26, ""playbook_playbook5.asl"": 26, ""playbook_playbook50.asl"": 26, ""playbook_playbook51.asl"": 26, ""playbook_playbook52.asl"": 26, ""playbook_playbook53.asl"": 26, ""playbook_playbook54.asl"": 26, ""playbook_playbook55.asl"": 26, ""playbook_playbook56.asl"": 26, ""playbook_playbook57.asl"": 26, ""playbook_playbook58.asl"": 26, ""playbook_playbook59.asl"": 26, ""playbook_playbook6.asl"": 26, ""playbook_playbook60.asl"": 26, ""playbook_playbook61.asl"": 26, ""playbook_playbook62.asl"": 26, ""playbook_playbook63.asl"": 26, ""playbook_playbook64.asl"": 26, ""playbook_playbook65.asl"": 26, ""playbook_playbook66.asl"": 26, ""playbook_playbook67.asl"": 26, ""playbook_playbook68.asl"": 26, ""playbook_playbook69.asl"": 26, ""playbook_playbook7.asl"": 26, ""playbook_playbook70.asl"": 26, ""playbook_playbook71.asl"": 26, ""playbook_playbook72.asl"": 26, ""playbook_playbook73.asl"": 26, ""playbook_playbook74.asl"": 26, ""playbook_playbook75.asl"": 26, ""playbook_playbook76.asl"": 26, ""playbook_playbook77.asl"": 26, ""playbook_playbook78.asl"": 26, ""playbook_playbook79.asl"": 26, ""playbook_playbook8.asl"": 26, ""playbook_playbook80.asl"": 26, ""playbook_playbook81.asl"": 26, ""playbook_playbook82.asl"": 26, ""playbook_playbook83.asl"": 26, ""playbook_playbook84.asl"": 26, ""playbook_playbook85.asl"": 26, ""playbook_playbook86.asl"": 26, ""playbook_playbook87.asl"": 26, ""playbook_playbook88.asl"": 26, ""playbook_playbook89.asl"": 26, ""playbook_playbook9.asl"": 26, ""playbook_playbook90.asl"": 26, ""playbook_playbook91.asl"": 26, ""playbook_playbook92.asl"": 26, ""playbook_playbook93.asl"": 26, ""playbook_playbook94.asl"": 26, ""playbook_playbook95.asl"": 26, ""playbook_playbook96.asl"": 26, ""playbook_playbook97.asl"": 26, ""playbook_playbook98.asl"": 26, ""playbook_playbook99.asl"": 26, ""director_mainplot.asl"": 143, ""role_mainplot_role0.asl"": 34}",1.8738191632928476,0.06253229000139982,0.0012791479985025944,2.5633249282836914,True,99,0
grid_roles_playbooks,213,Linux 7.2.3-arch1-2,x86_64,24,30.44,3.14.7,10,10,5,100,2,1,2,1,2,0,0,42,1482,26525,102,2777,"{""playbook_playbook0.asl"": 26, ""playbook_playbook1.asl"": 26, ""playbook_playbook10.asl"": 26, ""playbook_playbook11.asl"": 26, ""playbook_playbook12.asl"": 26, ""playbook_playbook13.asl"": 26, ""playbook_playbook14.asl"": 26, ""playbook_playbook15.asl"": 26, ""playbook_playbook16.asl"": 26, ""playbook_playbook17.asl"": 26, ""playbook_playbook18.asl"": 26, ""playbook_playbook19.asl"": 26, ""playbook_playbook2.asl"": 26, ""playbook_playbook20.asl"": 26, ""playbook_playbook21.asl"": 26, ""playbook_playbook22.asl"": 26, ""playbook_playbook23.asl"": 26, ""playbook_playbook24.asl"": 26, ""playbook_playbook25.asl"": 26, ""playbook_playbook26.asl"": 26, ""playbook_playbook27.asl"": 26, ""playbook_playbook28.asl"": 26, ""playbook_playbook29.asl"": 26, ""playbook_playbook3.asl"": 26, ""playbook_playbook30.asl"": 26, ""playbook_playbook31.asl"": 26, ""playbook_playbook32.asl"": 26, ""playbook_playbook33.asl"": 26, ""playbook_playbook34.asl"": 26, ""playbook_playbook35.asl"": 26, ""playbook_playbook36.asl"": 26, ""playbook_playbook37.asl"": 26, ""playbook_playbook38.asl"": 26, ""playbook_playbook39.asl"": 26, ""playbook_playbook4.asl"": 26, ""playbook_playbook40.asl"": 26, ""playbook_playbook41.asl"": 26, ""playbook_playbook42.asl"": 26, ""playbook_playbook43.asl"": 26, ""playbook_playbook44.asl"": 26, ""playbook_playbook45.asl"": 26, ""playbook_playbook46.asl"": 26, ""playbook_playbook47.asl"": 26, ""playbook_playbook48.asl"": 26, ""playbook_playbook49.asl"": 26, ""playbook_playbook5.asl"": 26, ""playbook_playbook50.asl"": 26, ""playbook_playbook51.asl"": 26, ""playbook_playbook52.asl"": 26, ""playbook_playbook53.asl"": 26, ""playbook_playbook54.asl"": 26, ""playbook_playbook55.asl"": 26, ""playbook_playbook56.asl"": 26, ""playbook_playbook57.asl"": 26, ""playbook_playbook58.asl"": 26, ""playbook_playbook59.asl"": 26, ""playbook_playbook6.asl"": 26, ""playbook_playbook60.asl"": 26, ""playbook_playbook61.asl"": 26, ""playbook_playbook62.asl"": 26, ""playbook_playbook63.asl"": 26, ""playbook_playbook64.asl"": 26, ""playbook_playbook65.asl"": 26, ""playbook_playbook66.asl"": 26, ""playbook_playbook67.asl"": 26, ""playbook_playbook68.asl"": 26, ""playbook_playbook69.asl"": 26, ""playbook_playbook7.asl"": 26, ""playbook_playbook70.asl"": 26, ""playbook_playbook71.asl"": 26, ""playbook_playbook72.asl"": 26, ""playbook_playbook73.asl"": 26, ""playbook_playbook74.asl"": 26, ""playbook_playbook75.asl"": 26, ""playbook_playbook76.asl"": 26, ""playbook_playbook77.asl"": 26, ""playbook_playbook78.asl"": 26, ""playbook_playbook79.asl"": 26, ""playbook_playbook8.asl"": 26, ""playbook_playbook80.asl"": 26, ""playbook_playbook81.asl"": 26, ""playbook_playbook82.asl"": 26, ""playbook_playbook83.asl"": 26, ""playbook_playbook84.asl"": 26, ""playbook_playbook85.asl"": 26, ""playbook_playbook86.asl"": 26, ""playbook_playbook87.asl"": 26, ""playbook_playbook88.asl"": 26, ""playbook_playbook89.asl"": 26, ""playbook_playbook9.asl"": 26, ""playbook_playbook90.asl"": 26, ""playbook_playbook91.asl"": 26, ""playbook_playbook92.asl"": 26, ""playbook_playbook93.asl"": 26, ""playbook_playbook94.asl"": 26, ""playbook_playbook95.asl"": 26, ""playbook_playbook96.asl"": 26, ""playbook_playbook97.asl"": 26, ""playbook_playbook98.asl"": 26, ""playbook_playbook99.asl"": 26, ""director_mainplot.asl"": 143, ""role_mainplot_role0.asl"": 34}",1.8738191632928476,0.06297029900088091,0.0012764479997713352,2.5633249282836914,True,99,0
grid_roles_playbooks,214,Linux 7.2.3-arch1-2,x86_64,24,30.44,3.14.7,10,10,5,100,2,1,2,1,2,0,0,42,1482,26525,102,2777,"{""playbook_playbook0.asl"": 26, ""playbook_playbook1.asl"": 26, ""playbook_playbook10.asl"": 26, ""playbook_playbook11.asl"": 26, ""playbook_playbook12.asl"": 26, ""playbook_playbook13.asl"": 26, ""playbook_playbook14.asl"": 26, ""playbook_playbook15.asl"": 26, ""playbook_playbook16.asl"": 26, ""playbook_playbook17.asl"": 26, ""playbook_playbook18.asl"": 26, ""playbook_playbook19.asl"": 26, ""playbook_playbook2.asl"": 26, ""playbook_playbook20.asl"": 26, ""playbook_playbook21.asl"": 26, ""playbook_playbook22.asl"": 26, ""playbook_playbook23.asl"": 26, ""playbook_playbook24.asl"": 26, ""playbook_playbook25.asl"": 26, ""playbook_playbook26.asl"": 26, ""playbook_playbook27.asl"": 26, ""playbook_playbook28.asl"": 26, ""playbook_playbook29.asl"": 26, ""playbook_playbook3.asl"": 26, ""playbook_playbook30.asl"": 26, ""playbook_playbook31.asl"": 26, ""playbook_playbook32.asl"": 26, ""playbook_playbook33.asl"": 26, ""playbook_playbook34.asl"": 26, ""playbook_playbook35.asl"": 26, ""playbook_playbook36.asl"": 26, ""playbook_playbook37.asl"": 26, ""playbook_playbook38.asl"": 26, ""playbook_playbook39.asl"": 26, ""playbook_playbook4.asl"": 26, ""playbook_playbook40.asl"": 26, ""playbook_playbook41.asl"": 26, ""playbook_playbook42.asl"": 26, ""playbook_playbook43.asl"": 26, ""playbook_playbook44.asl"": 26, ""playbook_playbook45.asl"": 26, ""playbook_playbook46.asl"": 26, ""playbook_playbook47.asl"": 26, ""playbook_playbook48.asl"": 26, ""playbook_playbook49.asl"": 26, ""playbook_playbook5.asl"": 26, ""playbook_playbook50.asl"": 26, ""playbook_playbook51.asl"": 26, ""playbook_playbook52.asl"": 26, ""playbook_playbook53.asl"": 26, ""playbook_playbook54.asl"": 26, ""playbook_playbook55.asl"": 26, ""playbook_playbook56.asl"": 26, ""playbook_playbook57.asl"": 26, ""playbook_playbook58.asl"": 26, ""playbook_playbook59.asl"": 26, ""playbook_playbook6.asl"": 26, ""playbook_playbook60.asl"": 26, ""playbook_playbook61.asl"": 26, ""playbook_playbook62.asl"": 26, ""playbook_playbook63.asl"": 26, ""playbook_playbook64.asl"": 26, ""playbook_playbook65.asl"": 26, ""playbook_playbook66.asl"": 26, ""playbook_playbook67.asl"": 26, ""playbook_playbook68.asl"": 26, ""playbook_playbook69.asl"": 26, ""playbook_playbook7.asl"": 26, ""playbook_playbook70.asl"": 26, ""playbook_playbook71.asl"": 26, ""playbook_playbook72.asl"": 26, ""playbook_playbook73.asl"": 26, ""playbook_playbook74.asl"": 26, ""playbook_playbook75.asl"": 26, ""playbook_playbook76.asl"": 26, ""playbook_playbook77.asl"": 26, ""playbook_playbook78.asl"": 26, ""playbook_playbook79.asl"": 26, ""playbook_playbook8.asl"": 26, ""playbook_playbook80.asl"": 26, ""playbook_playbook81.asl"": 26, ""playbook_playbook82.asl"": 26, ""playbook_playbook83.asl"": 26, ""playbook_playbook84.asl"": 26, ""playbook_playbook85.asl"": 26, ""playbook_playbook86.asl"": 26, ""playbook_playbook87.asl"": 26, ""playbook_playbook88.asl"": 26, ""playbook_playbook89.asl"": 26, ""playbook_playbook9.asl"": 26, ""playbook_playbook90.asl"": 26, ""playbook_playbook91.asl"": 26, ""playbook_playbook92.asl"": 26, ""playbook_playbook93.asl"": 26, ""playbook_playbook94.asl"": 26, ""playbook_playbook95.asl"": 26, ""playbook_playbook96.asl"": 26, ""playbook_playbook97.asl"": 26, ""playbook_playbook98.asl"": 26, ""playbook_playbook99.asl"": 26, ""director_mainplot.asl"": 143, ""role_mainplot_role0.asl"": 34}",1.8738191632928476,0.062447910000628326,0.001294416999371606,2.5633249282836914,True,99,0
grid_roles_playbooks,215,Linux 7.2.3-arch1-2,x86_64,24,30.44,3.14.7,10,10,5,100,2,1,2,2,2,0,0,42,1489,26761,103,2817,"{""playbook_playbook0.asl"": 26, ""playbook_playbook1.asl"": 26, ""playbook_playbook10.asl"": 26, ""playbook_playbook11.asl"": 26, ""playbook_playbook12.asl"": 26, ""playbook_playbook13.asl"": 26, ""playbook_playbook14.asl"": 26, ""playbook_playbook15.asl"": 26, ""playbook_playbook16.asl"": 26, ""playbook_playbook17.asl"": 26, ""playbook_playbook18.asl"": 26, ""playbook_playbook19.asl"": 26, ""playbook_playbook2.asl"": 26, ""playbook_playbook20.asl"": 26, ""playbook_playbook21.asl"": 26, ""playbook_playbook22.asl"": 26, ""playbook_playbook23.asl"": 26, ""playbook_playbook24.asl"": 26, ""playbook_playbook25.asl"": 26, ""playbook_playbook26.asl"": 26, ""playbook_playbook27.asl"": 26, ""playbook_playbook28.asl"": 26, ""playbook_playbook29.asl"": 26, ""playbook_playbook3.asl"": 26, ""playbook_playbook30.asl"": 26, ""playbook_playbook31.asl"": 26, ""playbook_playbook32.asl"": 26, ""playbook_playbook33.asl"": 26, ""playbook_playbook34.asl"": 26, ""playbook_playbook35.asl"": 26, ""playbook_playbook36.asl"": 26, ""playbook_playbook37.asl"": 26, ""playbook_playbook38.asl"": 26, ""playbook_playbook39.asl"": 26, ""playbook_playbook4.asl"": 26, ""playbook_playbook40.asl"": 26, ""playbook_playbook41.asl"": 26, ""playbook_playbook42.asl"": 26, ""playbook_playbook43.asl"": 26, ""playbook_playbook44.asl"": 26, ""playbook_playbook45.asl"": 26, ""playbook_playbook46.asl"": 26, ""playbook_playbook47.asl"": 26, ""playbook_playbook48.asl"": 26, ""playbook_playbook49.asl"": 26, ""playbook_playbook5.asl"": 26, ""playbook_playbook50.asl"": 26, ""playbook_playbook51.asl"": 26, ""playbook_playbook52.asl"": 26, ""playbook_playbook53.asl"": 26, ""playbook_playbook54.asl"": 26, ""playbook_playbook55.asl"": 26, ""playbook_playbook56.asl"": 26, ""playbook_playbook57.asl"": 26, ""playbook_playbook58.asl"": 26, ""playbook_playbook59.asl"": 26, ""playbook_playbook6.asl"": 26, ""playbook_playbook60.asl"": 26, ""playbook_playbook61.asl"": 26, ""playbook_playbook62.asl"": 26, ""playbook_playbook63.asl"": 26, ""playbook_playbook64.asl"": 26, ""playbook_playbook65.asl"": 26, ""playbook_playbook66.asl"": 26, ""playbook_playbook67.asl"": 26, ""playbook_playbook68.asl"": 26, ""playbook_playbook69.asl"": 26, ""playbook_playbook7.asl"": 26, ""playbook_playbook70.asl"": 26, ""playbook_playbook71.asl"": 26, ""playbook_playbook72.asl"": 26, ""playbook_playbook73.asl"": 26, ""playbook_playbook74.asl"": 26, ""playbook_playbook75.asl"": 26, ""playbook_playbook76.asl"": 26, ""playbook_playbook77.asl"": 26, ""playbook_playbook78.asl"": 26, ""playbook_playbook79.asl"": 26, ""playbook_playbook8.asl"": 26, ""playbook_playbook80.asl"": 26, ""playbook_playbook81.asl"": 26, ""playbook_playbook82.asl"": 26, ""playbook_playbook83.asl"": 26, ""playbook_playbook84.asl"": 26, ""playbook_playbook85.asl"": 26, ""playbook_playbook86.asl"": 26, ""playbook_playbook87.asl"": 26, ""playbook_playbook88.asl"": 26, ""playbook_playbook89.asl"": 26, ""playbook_playbook9.asl"": 26, ""playbook_playbook90.asl"": 26, ""playbook_playbook91.asl"": 26, ""playbook_playbook92.asl"": 26, ""playbook_playbook93.asl"": 26, ""playbook_playbook94.asl"": 26, ""playbook_playbook95.asl"": 26, ""playbook_playbook96.asl"": 26, ""playbook_playbook97.asl"": 26, ""playbook_playbook98.asl"": 26, ""playbook_playbook99.asl"": 26, ""director_mainplot.asl"": 149, ""role_mainplot_role0.asl"": 34, ""role_mainplot_role1.asl"": 34}",1.8918737407656145,0.07173979399885866,0.0013143579999450594,2.5773725509643555,True,98,0
grid_roles_playbooks,216,Linux 7.2.3-arch1-2,x86_64,24,30.44,3.14.7,10,10,5,100,2,1,2,2,2,0,0,42,1489,26761,103,2817,"{""playbook_playbook0.asl"": 26, ""playbook_playbook1.asl"": 26, ""playbook_playbook10.asl"": 26, ""playbook_playbook11.asl"": 26, ""playbook_playbook12.asl"": 26, ""playbook_playbook13.asl"": 26, ""playbook_playbook14.asl"": 26, ""playbook_playbook15.asl"": 26, ""playbook_playbook16.asl"": 26, ""playbook_playbook17.asl"": 26, ""playbook_playbook18.asl"": 26, ""playbook_playbook19.asl"": 26, ""playbook_playbook2.asl"": 26, ""playbook_playbook20.asl"": 26, ""playbook_playbook21.asl"": 26, ""playbook_playbook22.asl"": 26, ""playbook_playbook23.asl"": 26, ""playbook_playbook24.asl"": 26, ""playbook_playbook25.asl"": 26, ""playbook_playbook26.asl"": 26, ""playbook_playbook27.asl"": 26, ""playbook_playbook28.asl"": 26, ""playbook_playbook29.asl"": 26, ""playbook_playbook3.asl"": 26, ""playbook_playbook30.asl"": 26, ""playbook_playbook31.asl"": 26, ""playbook_playbook32.asl"": 26, ""playbook_playbook33.asl"": 26, ""playbook_playbook34.asl"": 26, ""playbook_playbook35.asl"": 26, ""playbook_playbook36.asl"": 26, ""playbook_playbook37.asl"": 26, ""playbook_playbook38.asl"": 26, ""playbook_playbook39.asl"": 26, ""playbook_playbook4.asl"": 26, ""playbook_playbook40.asl"": 26, ""playbook_playbook41.asl"": 26, ""playbook_playbook42.asl"": 26, ""playbook_playbook43.asl"": 26, ""playbook_playbook44.asl"": 26, ""playbook_playbook45.asl"": 26, ""playbook_playbook46.asl"": 26, ""playbook_playbook47.asl"": 26, ""playbook_playbook48.asl"": 26, ""playbook_playbook49.asl"": 26, ""playbook_playbook5.asl"": 26, ""playbook_playbook50.asl"": 26, ""playbook_playbook51.asl"": 26, ""playbook_playbook52.asl"": 26, ""playbook_playbook53.asl"": 26, ""playbook_playbook54.asl"": 26, ""playbook_playbook55.asl"": 26, ""playbook_playbook56.asl"": 26, ""playbook_playbook57.asl"": 26, ""playbook_playbook58.asl"": 26, ""playbook_playbook59.asl"": 26, ""playbook_playbook6.asl"": 26, ""playbook_playbook60.asl"": 26, ""playbook_playbook61.asl"": 26, ""playbook_playbook62.asl"": 26, ""playbook_playbook63.asl"": 26, ""playbook_playbook64.asl"": 26, ""playbook_playbook65.asl"": 26, ""playbook_playbook66.asl"": 26, ""playbook_playbook67.asl"": 26, ""playbook_playbook68.asl"": 26, ""playbook_playbook69.asl"": 26, ""playbook_playbook7.asl"": 26, ""playbook_playbook70.asl"": 26, ""playbook_playbook71.asl"": 26, ""playbook_playbook72.asl"": 26, ""playbook_playbook73.asl"": 26, ""playbook_playbook74.asl"": 26, ""playbook_playbook75.asl"": 26, ""playbook_playbook76.asl"": 26, ""playbook_playbook77.asl"": 26, ""playbook_playbook78.asl"": 26, ""playbook_playbook79.asl"": 26, ""playbook_playbook8.asl"": 26, ""playbook_playbook80.asl"": 26, ""playbook_playbook81.asl"": 26, ""playbook_playbook82.asl"": 26, ""playbook_playbook83.asl"": 26, ""playbook_playbook84.asl"": 26, ""playbook_playbook85.asl"": 26, ""playbook_playbook86.asl"": 26, ""playbook_playbook87.asl"": 26, ""playbook_playbook88.asl"": 26, ""playbook_playbook89.asl"": 26, ""playbook_playbook9.asl"": 26, ""playbook_playbook90.asl"": 26, ""playbook_playbook91.asl"": 26, ""playbook_playbook92.asl"": 26, ""playbook_playbook93.asl"": 26, ""playbook_playbook94.asl"": 26, ""playbook_playbook95.asl"": 26, ""playbook_playbook96.asl"": 26, ""playbook_playbook97.asl"": 26, ""playbook_playbook98.asl"": 26, ""playbook_playbook99.asl"": 26, ""director_mainplot.asl"": 149, ""role_mainplot_role0.asl"": 34, ""role_mainplot_role1.asl"": 34}",1.8918737407656145,0.06390644700150006,0.001302836999457213,2.5755109786987305,True,98,0
grid_roles_playbooks,217,Linux 7.2.3-arch1-2,x86_64,24,30.44,3.14.7,10,10,5,100,2,1,2,2,2,0,0,42,1489,26761,103,2817,"{""playbook_playbook0.asl"": 26, ""playbook_playbook1.asl"": 26, ""playbook_playbook10.asl"": 26, ""playbook_playbook11.asl"": 26, ""playbook_playbook12.asl"": 26, ""playbook_playbook13.asl"": 26, ""playbook_playbook14.asl"": 26, ""playbook_playbook15.asl"": 26, ""playbook_playbook16.asl"": 26, ""playbook_playbook17.asl"": 26, ""playbook_playbook18.asl"": 26, ""playbook_playbook19.asl"": 26, ""playbook_playbook2.asl"": 26, ""playbook_playbook20.asl"": 26, ""playbook_playbook21.asl"": 26, ""playbook_playbook22.asl"": 26, ""playbook_playbook23.asl"": 26, ""playbook_playbook24.asl"": 26, ""playbook_playbook25.asl"": 26, ""playbook_playbook26.asl"": 26, ""playbook_playbook27.asl"": 26, ""playbook_playbook28.asl"": 26, ""playbook_playbook29.asl"": 26, ""playbook_playbook3.asl"": 26, ""playbook_playbook30.asl"": 26, ""playbook_playbook31.asl"": 26, ""playbook_playbook32.asl"": 26, ""playbook_playbook33.asl"": 26, ""playbook_playbook34.asl"": 26, ""playbook_playbook35.asl"": 26, ""playbook_playbook36.asl"": 26, ""playbook_playbook37.asl"": 26, ""playbook_playbook38.asl"": 26, ""playbook_playbook39.asl"": 26, ""playbook_playbook4.asl"": 26, ""playbook_playbook40.asl"": 26, ""playbook_playbook41.asl"": 26, ""playbook_playbook42.asl"": 26, ""playbook_playbook43.asl"": 26, ""playbook_playbook44.asl"": 26, ""playbook_playbook45.asl"": 26, ""playbook_playbook46.asl"": 26, ""playbook_playbook47.asl"": 26, ""playbook_playbook48.asl"": 26, ""playbook_playbook49.asl"": 26, ""playbook_playbook5.asl"": 26, ""playbook_playbook50.asl"": 26, ""playbook_playbook51.asl"": 26, ""playbook_playbook52.asl"": 26, ""playbook_playbook53.asl"": 26, ""playbook_playbook54.asl"": 26, ""playbook_playbook55.asl"": 26, ""playbook_playbook56.asl"": 26, ""playbook_playbook57.asl"": 26, ""playbook_playbook58.asl"": 26, ""playbook_playbook59.asl"": 26, ""playbook_playbook6.asl"": 26, ""playbook_playbook60.asl"": 26, ""playbook_playbook61.asl"": 26, ""playbook_playbook62.asl"": 26, ""playbook_playbook63.asl"": 26, ""playbook_playbook64.asl"": 26, ""playbook_playbook65.asl"": 26, ""playbook_playbook66.asl"": 26, ""playbook_playbook67.asl"": 26, ""playbook_playbook68.asl"": 26, ""playbook_playbook69.asl"": 26, ""playbook_playbook7.asl"": 26, ""playbook_playbook70.asl"": 26, ""playbook_playbook71.asl"": 26, ""playbook_playbook72.asl"": 26, ""playbook_playbook73.asl"": 26, ""playbook_playbook74.asl"": 26, ""playbook_playbook75.asl"": 26, ""playbook_playbook76.asl"": 26, ""playbook_playbook77.asl"": 26, ""playbook_playbook78.asl"": 26, ""playbook_playbook79.asl"": 26, ""playbook_playbook8.asl"": 26, ""playbook_playbook80.asl"": 26, ""playbook_playbook81.asl"": 26, ""playbook_playbook82.asl"": 26, ""playbook_playbook83.asl"": 26, ""playbook_playbook84.asl"": 26, ""playbook_playbook85.asl"": 26, ""playbook_playbook86.asl"": 26, ""playbook_playbook87.asl"": 26, ""playbook_playbook88.asl"": 26, ""playbook_playbook89.asl"": 26, ""playbook_playbook9.asl"": 26, ""playbook_playbook90.asl"": 26, ""playbook_playbook91.asl"": 26, ""playbook_playbook92.asl"": 26, ""playbook_playbook93.asl"": 26, ""playbook_playbook94.asl"": 26, ""playbook_playbook95.asl"": 26, ""playbook_playbook96.asl"": 26, ""playbook_playbook97.asl"": 26, ""playbook_playbook98.asl"": 26, ""playbook_playbook99.asl"": 26, ""director_mainplot.asl"": 149, ""role_mainplot_role0.asl"": 34, ""role_mainplot_role1.asl"": 34}",1.8918737407656145,0.06353739800033509,0.0013055670005996944,2.5755109786987305,True,98,0
grid_roles_playbooks,218,Linux 7.2.3-arch1-2,x86_64,24,30.44,3.14.7,10,10,5,100,2,1,2,2,2,0,0,42,1489,26761,103,2817,"{""playbook_playbook0.asl"": 26, ""playbook_playbook1.asl"": 26, ""playbook_playbook10.asl"": 26, ""playbook_playbook11.asl"": 26, ""playbook_playbook12.asl"": 26, ""playbook_playbook13.asl"": 26, ""playbook_playbook14.asl"": 26, ""playbook_playbook15.asl"": 26, ""playbook_playbook16.asl"": 26, ""playbook_playbook17.asl"": 26, ""playbook_playbook18.asl"": 26, ""playbook_playbook19.asl"": 26, ""playbook_playbook2.asl"": 26, ""playbook_playbook20.asl"": 26, ""playbook_playbook21.asl"": 26, ""playbook_playbook22.asl"": 26, ""playbook_playbook23.asl"": 26, ""playbook_playbook24.asl"": 26, ""playbook_playbook25.asl"": 26, ""playbook_playbook26.asl"": 26, ""playbook_playbook27.asl"": 26, ""playbook_playbook28.asl"": 26, ""playbook_playbook29.asl"": 26, ""playbook_playbook3.asl"": 26, ""playbook_playbook30.asl"": 26, ""playbook_playbook31.asl"": 26, ""playbook_playbook32.asl"": 26, ""playbook_playbook33.asl"": 26, ""playbook_playbook34.asl"": 26, ""playbook_playbook35.asl"": 26, ""playbook_playbook36.asl"": 26, ""playbook_playbook37.asl"": 26, ""playbook_playbook38.asl"": 26, ""playbook_playbook39.asl"": 26, ""playbook_playbook4.asl"": 26, ""playbook_playbook40.asl"": 26, ""playbook_playbook41.asl"": 26, ""playbook_playbook42.asl"": 26, ""playbook_playbook43.asl"": 26, ""playbook_playbook44.asl"": 26, ""playbook_playbook45.asl"": 26, ""playbook_playbook46.asl"": 26, ""playbook_playbook47.asl"": 26, ""playbook_playbook48.asl"": 26, ""playbook_playbook49.asl"": 26, ""playbook_playbook5.asl"": 26, ""playbook_playbook50.asl"": 26, ""playbook_playbook51.asl"": 26, ""playbook_playbook52.asl"": 26, ""playbook_playbook53.asl"": 26, ""playbook_playbook54.asl"": 26, ""playbook_playbook55.asl"": 26, ""playbook_playbook56.asl"": 26, ""playbook_playbook57.asl"": 26, ""playbook_playbook58.asl"": 26, ""playbook_playbook59.asl"": 26, ""playbook_playbook6.asl"": 26, ""playbook_playbook60.asl"": 26, ""playbook_playbook61.asl"": 26, ""playbook_playbook62.asl"": 26, ""playbook_playbook63.asl"": 26, ""playbook_playbook64.asl"": 26, ""playbook_playbook65.asl"": 26, ""playbook_playbook66.asl"": 26, ""playbook_playbook67.asl"": 26, ""playbook_playbook68.asl"": 26, ""playbook_playbook69.asl"": 26, ""playbook_playbook7.asl"": 26, ""playbook_playbook70.asl"": 26, ""playbook_playbook71.asl"": 26, ""playbook_playbook72.asl"": 26, ""playbook_playbook73.asl"": 26, ""playbook_playbook74.asl"": 26, ""playbook_playbook75.asl"": 26, ""playbook_playbook76.asl"": 26, ""playbook_playbook77.asl"": 26, ""playbook_playbook78.asl"": 26, ""playbook_playbook79.asl"": 26, ""playbook_playbook8.asl"": 26, ""playbook_playbook80.asl"": 26, ""playbook_playbook81.asl"": 26, ""playbook_playbook82.asl"": 26, ""playbook_playbook83.asl"": 26, ""playbook_playbook84.asl"": 26, ""playbook_playbook85.asl"": 26, ""playbook_playbook86.asl"": 26, ""playbook_playbook87.asl"": 26, ""playbook_playbook88.asl"": 26, ""playbook_playbook89.asl"": 26, ""playbook_playbook9.asl"": 26, ""playbook_playbook90.asl"": 26, ""playbook_playbook91.asl"": 26, ""playbook_playbook92.asl"": 26, ""playbook_playbook93.asl"": 26, ""playbook_playbook94.asl"": 26, ""playbook_playbook95.asl"": 26, ""playbook_playbook96.asl"": 26, ""playbook_playbook97.asl"": 26, ""playbook_playbook98.asl"": 26, ""playbook_playbook99.asl"": 26, ""director_mainplot.asl"": 149, ""role_mainplot_role0.asl"": 34, ""role_mainplot_role1.asl"": 34}",1.8918737407656145,0.06730789100038237,0.0013890779991925228,2.5755109786987305,True,98,0
grid_roles_playbooks,219,Linux 7.2.3-arch1-2,x86_64,24,30.44,3.14.7,10,10,5,100,2,1,2,2,2,0,0,42,1489,26761,103,2817,"{""playbook_playbook0.asl"": 26, ""playbook_playbook1.asl"": 26, ""playbook_playbook10.asl"": 26, ""playbook_playbook11.asl"": 26, ""playbook_playbook12.asl"": 26, ""playbook_playbook13.asl"": 26, ""playbook_playbook14.asl"": 26, ""playbook_playbook15.asl"": 26, ""playbook_playbook16.asl"": 26, ""playbook_playbook17.asl"": 26, ""playbook_playbook18.asl"": 26, ""playbook_playbook19.asl"": 26, ""playbook_playbook2.asl"": 26, ""playbook_playbook20.asl"": 26, ""playbook_playbook21.asl"": 26, ""playbook_playbook22.asl"": 26, ""playbook_playbook23.asl"": 26, ""playbook_playbook24.asl"": 26, ""playbook_playbook25.asl"": 26, ""playbook_playbook26.asl"": 26, ""playbook_playbook27.asl"": 26, ""playbook_playbook28.asl"": 26, ""playbook_playbook29.asl"": 26, ""playbook_playbook3.asl"": 26, ""playbook_playbook30.asl"": 26, ""playbook_playbook31.asl"": 26, ""playbook_playbook32.asl"": 26, ""playbook_playbook33.asl"": 26, ""playbook_playbook34.asl"": 26, ""playbook_playbook35.asl"": 26, ""playbook_playbook36.asl"": 26, ""playbook_playbook37.asl"": 26, ""playbook_playbook38.asl"": 26, ""playbook_playbook39.asl"": 26, ""playbook_playbook4.asl"": 26, ""playbook_playbook40.asl"": 26, ""playbook_playbook41.asl"": 26, ""playbook_playbook42.asl"": 26, ""playbook_playbook43.asl"": 26, ""playbook_playbook44.asl"": 26, ""playbook_playbook45.asl"": 26, ""playbook_playbook46.asl"": 26, ""playbook_playbook47.asl"": 26, ""playbook_playbook48.asl"": 26, ""playbook_playbook49.asl"": 26, ""playbook_playbook5.asl"": 26, ""playbook_playbook50.asl"": 26, ""playbook_playbook51.asl"": 26, ""playbook_playbook52.asl"": 26, ""playbook_playbook53.asl"": 26, ""playbook_playbook54.asl"": 26, ""playbook_playbook55.asl"": 26, ""playbook_playbook56.asl"": 26, ""playbook_playbook57.asl"": 26, ""playbook_playbook58.asl"": 26, ""playbook_playbook59.asl"": 26, ""playbook_playbook6.asl"": 26, ""playbook_playbook60.asl"": 26, ""playbook_playbook61.asl"": 26, ""playbook_playbook62.asl"": 26, ""playbook_playbook63.asl"": 26, ""playbook_playbook64.asl"": 26, ""playbook_playbook65.asl"": 26, ""playbook_playbook66.asl"": 26, ""playbook_playbook67.asl"": 26, ""playbook_playbook68.asl"": 26, ""playbook_playbook69.asl"": 26, ""playbook_playbook7.asl"": 26, ""playbook_playbook70.asl"": 26, ""playbook_playbook71.asl"": 26, ""playbook_playbook72.asl"": 26, ""playbook_playbook73.asl"": 26, ""playbook_playbook74.asl"": 26, ""playbook_playbook75.asl"": 26, ""playbook_playbook76.asl"": 26, ""playbook_playbook77.asl"": 26, ""playbook_playbook78.asl"": 26, ""playbook_playbook79.asl"": 26, ""playbook_playbook8.asl"": 26, ""playbook_playbook80.asl"": 26, ""playbook_playbook81.asl"": 26, ""playbook_playbook82.asl"": 26, ""playbook_playbook83.asl"": 26, ""playbook_playbook84.asl"": 26, ""playbook_playbook85.asl"": 26, ""playbook_playbook86.asl"": 26, ""playbook_playbook87.asl"": 26, ""playbook_playbook88.asl"": 26, ""playbook_playbook89.asl"": 26, ""playbook_playbook9.asl"": 26, ""playbook_playbook90.asl"": 26, ""playbook_playbook91.asl"": 26, ""playbook_playbook92.asl"": 26, ""playbook_playbook93.asl"": 26, ""playbook_playbook94.asl"": 26, ""playbook_playbook95.asl"": 26, ""playbook_playbook96.asl"": 26, ""playbook_playbook97.asl"": 26, ""playbook_playbook98.asl"": 26, ""playbook_playbook99.asl"": 26, ""director_mainplot.asl"": 149, ""role_mainplot_role0.asl"": 34, ""role_mainplot_role1.asl"": 34}",1.8918737407656145,0.06331593799950497,0.001314637000177754,2.5755109786987305,True,98,0
grid_roles_playbooks,220,Linux 7.2.3-arch1-2,x86_64,24,30.44,3.14.7,10,10,5,100,2,1,2,5,2,0,0,42,1510,27469,106,2937,"{""playbook_playbook0.asl"": 26, ""playbook_playbook1.asl"": 26, ""playbook_playbook10.asl"": 26, ""playbook_playbook11.asl"": 26, ""playbook_playbook12.asl"": 26, ""playbook_playbook13.asl"": 26, ""playbook_playbook14.asl"": 26, ""playbook_playbook15.asl"": 26, ""playbook_playbook16.asl"": 26, ""playbook_playbook17.asl"": 26, ""playbook_playbook18.asl"": 26, ""playbook_playbook19.asl"": 26, ""playbook_playbook2.asl"": 26, ""playbook_playbook20.asl"": 26, ""playbook_playbook21.asl"": 26, ""playbook_playbook22.asl"": 26, ""playbook_playbook23.asl"": 26, ""playbook_playbook24.asl"": 26, ""playbook_playbook25.asl"": 26, ""playbook_playbook26.asl"": 26, ""playbook_playbook27.asl"": 26, ""playbook_playbook28.asl"": 26, ""playbook_playbook29.asl"": 26, ""playbook_playbook3.asl"": 26, ""playbook_playbook30.asl"": 26, ""playbook_playbook31.asl"": 26, ""playbook_playbook32.asl"": 26, ""playbook_playbook33.asl"": 26, ""playbook_playbook34.asl"": 26, ""playbook_playbook35.asl"": 26, ""playbook_playbook36.asl"": 26, ""playbook_playbook37.asl"": 26, ""playbook_playbook38.asl"": 26, ""playbook_playbook39.asl"": 26, ""playbook_playbook4.asl"": 26, ""playbook_playbook40.asl"": 26, ""playbook_playbook41.asl"": 26, ""playbook_playbook42.asl"": 26, ""playbook_playbook43.asl"": 26, ""playbook_playbook44.asl"": 26, ""playbook_playbook45.asl"": 26, ""playbook_playbook46.asl"": 26, ""playbook_playbook47.asl"": 26, ""playbook_playbook48.asl"": 26, ""playbook_playbook49.asl"": 26, ""playbook_playbook5.asl"": 26, ""playbook_playbook50.asl"": 26, ""playbook_playbook51.asl"": 26, ""playbook_playbook52.asl"": 26, ""playbook_playbook53.asl"": 26, ""playbook_playbook54.asl"": 26, ""playbook_playbook55.asl"": 26, ""playbook_playbook56.asl"": 26, ""playbook_playbook57.asl"": 26, ""playbook_playbook58.asl"": 26, ""playbook_playbook59.asl"": 26, ""playbook_playbook6.asl"": 26, ""playbook_playbook60.asl"": 26, ""playbook_playbook61.asl"": 26, ""playbook_playbook62.asl"": 26, ""playbook_playbook63.asl"": 26, ""playbook_playbook64.asl"": 26, ""playbook_playbook65.asl"": 26, ""playbook_playbook66.asl"": 26, ""playbook_playbook67.asl"": 26, ""playbook_playbook68.asl"": 26, ""playbook_playbook69.asl"": 26, ""playbook_playbook7.asl"": 26, ""playbook_playbook70.asl"": 26, ""playbook_playbook71.asl"": 26, ""playbook_playbook72.asl"": 26, ""playbook_playbook73.asl"": 26, ""playbook_playbook74.asl"": 26, ""playbook_playbook75.asl"": 26, ""playbook_playbook76.asl"": 26, ""playbook_playbook77.asl"": 26, ""playbook_playbook78.asl"": 26, ""playbook_playbook79.asl"": 26, ""playbook_playbook8.asl"": 26, ""playbook_playbook80.asl"": 26, ""playbook_playbook81.asl"": 26, ""playbook_playbook82.asl"": 26, ""playbook_playbook83.asl"": 26, ""playbook_playbook84.asl"": 26, ""playbook_playbook85.asl"": 26, ""playbook_playbook86.asl"": 26, ""playbook_playbook87.asl"": 26, ""playbook_playbook88.asl"": 26, ""playbook_playbook89.asl"": 26, ""playbook_playbook9.asl"": 26, ""playbook_playbook90.asl"": 26, ""playbook_playbook91.asl"": 26, ""playbook_playbook92.asl"": 26, ""playbook_playbook93.asl"": 26, ""playbook_playbook94.asl"": 26, ""playbook_playbook95.asl"": 26, ""playbook_playbook96.asl"": 26, ""playbook_playbook97.asl"": 26, ""playbook_playbook98.asl"": 26, ""playbook_playbook99.asl"": 26, ""director_mainplot.asl"": 167, ""role_mainplot_role0.asl"": 34, ""role_mainplot_role1.asl"": 34, ""role_mainplot_role2.asl"": 34, ""role_mainplot_role3.asl"": 34, ""role_mainplot_role4.asl"": 34}",1.9450331125827816,0.06532773499930045,0.0013280580005812226,2.61196231842041,True,95,0
grid_roles_playbooks,221,Linux 7.2.3-arch1-2,x86_64,24,30.44,3.14.7,10,10,5,100,2,1,2,5,2,0,0,42,1510,27469,106,2937,"{""playbook_playbook0.asl"": 26, ""playbook_playbook1.asl"": 26, ""playbook_playbook10.asl"": 26, ""playbook_playbook11.asl"": 26, ""playbook_playbook12.asl"": 26, ""playbook_playbook13.asl"": 26, ""playbook_playbook14.asl"": 26, ""playbook_playbook15.asl"": 26, ""playbook_playbook16.asl"": 26, ""playbook_playbook17.asl"": 26, ""playbook_playbook18.asl"": 26, ""playbook_playbook19.asl"": 26, ""playbook_playbook2.asl"": 26, ""playbook_playbook20.asl"": 26, ""playbook_playbook21.asl"": 26, ""playbook_playbook22.asl"": 26, ""playbook_playbook23.asl"": 26, ""playbook_playbook24.asl"": 26, ""playbook_playbook25.asl"": 26, ""playbook_playbook26.asl"": 26, ""playbook_playbook27.asl"": 26, ""playbook_playbook28.asl"": 26, ""playbook_playbook29.asl"": 26, ""playbook_playbook3.asl"": 26, ""playbook_playbook30.asl"": 26, ""playbook_playbook31.asl"": 26, ""playbook_playbook32.asl"": 26, ""playbook_playbook33.asl"": 26, ""playbook_playbook34.asl"": 26, ""playbook_playbook35.asl"": 26, ""playbook_playbook36.asl"": 26, ""playbook_playbook37.asl"": 26, ""playbook_playbook38.asl"": 26, ""playbook_playbook39.asl"": 26, ""playbook_playbook4.asl"": 26, ""playbook_playbook40.asl"": 26, ""playbook_playbook41.asl"": 26, ""playbook_playbook42.asl"": 26, ""playbook_playbook43.asl"": 26, ""playbook_playbook44.asl"": 26, ""playbook_playbook45.asl"": 26, ""playbook_playbook46.asl"": 26, ""playbook_playbook47.asl"": 26, ""playbook_playbook48.asl"": 26, ""playbook_playbook49.asl"": 26, ""playbook_playbook5.asl"": 26, ""playbook_playbook50.asl"": 26, ""playbook_playbook51.asl"": 26, ""playbook_playbook52.asl"": 26, ""playbook_playbook53.asl"": 26, ""playbook_playbook54.asl"": 26, ""playbook_playbook55.asl"": 26, ""playbook_playbook56.asl"": 26, ""playbook_playbook57.asl"": 26, ""playbook_playbook58.asl"": 26, ""playbook_playbook59.asl"": 26, ""playbook_playbook6.asl"": 26, ""playbook_playbook60.asl"": 26, ""playbook_playbook61.asl"": 26, ""playbook_playbook62.asl"": 26, ""playbook_playbook63.asl"": 26, ""playbook_playbook64.asl"": 26, ""playbook_playbook65.asl"": 26, ""playbook_playbook66.asl"": 26, ""playbook_playbook67.asl"": 26, ""playbook_playbook68.asl"": 26, ""playbook_playbook69.asl"": 26, ""playbook_playbook7.asl"": 26, ""playbook_playbook70.asl"": 26, ""playbook_playbook71.asl"": 26, ""playbook_playbook72.asl"": 26, ""playbook_playbook73.asl"": 26, ""playbook_playbook74.asl"": 26, ""playbook_playbook75.asl"": 26, ""playbook_playbook76.asl"": 26, ""playbook_playbook77.asl"": 26, ""playbook_playbook78.asl"": 26, ""playbook_playbook79.asl"": 26, ""playbook_playbook8.asl"": 26, ""playbook_playbook80.asl"": 26, ""playbook_playbook81.asl"": 26, ""playbook_playbook82.asl"": 26, ""playbook_playbook83.asl"": 26, ""playbook_playbook84.asl"": 26, ""playbook_playbook85.asl"": 26, ""playbook_playbook86.asl"": 26, ""playbook_playbook87.asl"": 26, ""playbook_playbook88.asl"": 26, ""playbook_playbook89.asl"": 26, ""playbook_playbook9.asl"": 26, ""playbook_playbook90.asl"": 26, ""playbook_playbook91.asl"": 26, ""playbook_playbook92.asl"": 26, ""playbook_playbook93.asl"": 26, ""playbook_playbook94.asl"": 26, ""playbook_playbook95.asl"": 26, ""playbook_playbook96.asl"": 26, ""playbook_playbook97.asl"": 26, ""playbook_playbook98.asl"": 26, ""playbook_playbook99.asl"": 26, ""director_mainplot.asl"": 167, ""role_mainplot_role0.asl"": 34, ""role_mainplot_role1.asl"": 34, ""role_mainplot_role2.asl"": 34, ""role_mainplot_role3.asl"": 34, ""role_mainplot_role4.asl"": 34}",1.9450331125827816,0.06378628799939179,0.001332847999947262,2.61196231842041,True,95,0
grid_roles_playbooks,222,Linux 7.2.3-arch1-2,x86_64,24,30.44,3.14.7,10,10,5,100,2,1,2,5,2,0,0,42,1510,27469,106,2937,"{""playbook_playbook0.asl"": 26, ""playbook_playbook1.asl"": 26, ""playbook_playbook10.asl"": 26, ""playbook_playbook11.asl"": 26, ""playbook_playbook12.asl"": 26, ""playbook_playbook13.asl"": 26, ""playbook_playbook14.asl"": 26, ""playbook_playbook15.asl"": 26, ""playbook_playbook16.asl"": 26, ""playbook_playbook17.asl"": 26, ""playbook_playbook18.asl"": 26, ""playbook_playbook19.asl"": 26, ""playbook_playbook2.asl"": 26, ""playbook_playbook20.asl"": 26, ""playbook_playbook21.asl"": 26, ""playbook_playbook22.asl"": 26, ""playbook_playbook23.asl"": 26, ""playbook_playbook24.asl"": 26, ""playbook_playbook25.asl"": 26, ""playbook_playbook26.asl"": 26, ""playbook_playbook27.asl"": 26, ""playbook_playbook28.asl"": 26, ""playbook_playbook29.asl"": 26, ""playbook_playbook3.asl"": 26, ""playbook_playbook30.asl"": 26, ""playbook_playbook31.asl"": 26, ""playbook_playbook32.asl"": 26, ""playbook_playbook33.asl"": 26, ""playbook_playbook34.asl"": 26, ""playbook_playbook35.asl"": 26, ""playbook_playbook36.asl"": 26, ""playbook_playbook37.asl"": 26, ""playbook_playbook38.asl"": 26, ""playbook_playbook39.asl"": 26, ""playbook_playbook4.asl"": 26, ""playbook_playbook40.asl"": 26, ""playbook_playbook41.asl"": 26, ""playbook_playbook42.asl"": 26, ""playbook_playbook43.asl"": 26, ""playbook_playbook44.asl"": 26, ""playbook_playbook45.asl"": 26, ""playbook_playbook46.asl"": 26, ""playbook_playbook47.asl"": 26, ""playbook_playbook48.asl"": 26, ""playbook_playbook49.asl"": 26, ""playbook_playbook5.asl"": 26, ""playbook_playbook50.asl"": 26, ""playbook_playbook51.asl"": 26, ""playbook_playbook52.asl"": 26, ""playbook_playbook53.asl"": 26, ""playbook_playbook54.asl"": 26, ""playbook_playbook55.asl"": 26, ""playbook_playbook56.asl"": 26, ""playbook_playbook57.asl"": 26, ""playbook_playbook58.asl"": 26, ""playbook_playbook59.asl"": 26, ""playbook_playbook6.asl"": 26, ""playbook_playbook60.asl"": 26, ""playbook_playbook61.asl"": 26, ""playbook_playbook62.asl"": 26, ""playbook_playbook63.asl"": 26, ""playbook_playbook64.asl"": 26, ""playbook_playbook65.asl"": 26, ""playbook_playbook66.asl"": 26, ""playbook_playbook67.asl"": 26, ""playbook_playbook68.asl"": 26, ""playbook_playbook69.asl"": 26, ""playbook_playbook7.asl"": 26, ""playbook_playbook70.asl"": 26, ""playbook_playbook71.asl"": 26, ""playbook_playbook72.asl"": 26, ""playbook_playbook73.asl"": 26, ""playbook_playbook74.asl"": 26, ""playbook_playbook75.asl"": 26, ""playbook_playbook76.asl"": 26, ""playbook_playbook77.asl"": 26, ""playbook_playbook78.asl"": 26, ""playbook_playbook79.asl"": 26, ""playbook_playbook8.asl"": 26, ""playbook_playbook80.asl"": 26, ""playbook_playbook81.asl"": 26, ""playbook_playbook82.asl"": 26, ""playbook_playbook83.asl"": 26, ""playbook_playbook84.asl"": 26, ""playbook_playbook85.asl"": 26, ""playbook_playbook86.asl"": 26, ""playbook_playbook87.asl"": 26, ""playbook_playbook88.asl"": 26, ""playbook_playbook89.asl"": 26, ""playbook_playbook9.asl"": 26, ""playbook_playbook90.asl"": 26, ""playbook_playbook91.asl"": 26, ""playbook_playbook92.asl"": 26, ""playbook_playbook93.asl"": 26, ""playbook_playbook94.asl"": 26, ""playbook_playbook95.asl"": 26, ""playbook_playbook96.asl"": 26, ""playbook_playbook97.asl"": 26, ""playbook_playbook98.asl"": 26, ""playbook_playbook99.asl"": 26, ""director_mainplot.asl"": 167, ""role_mainplot_role0.asl"": 34, ""role_mainplot_role1.asl"": 34, ""role_mainplot_role2.asl"": 34, ""role_mainplot_role3.asl"": 34, ""role_mainplot_role4.asl"": 34}",1.9450331125827816,0.06423534699933953,0.0013230370004748693,2.61196231842041,True,95,0
grid_roles_playbooks,223,Linux 7.2.3-arch1-2,x86_64,24,30.44,3.14.7,10,10,5,100,2,1,2,5,2,0,0,42,1510,27469,106,2937,"{""playbook_playbook0.asl"": 26, ""playbook_playbook1.asl"": 26, ""playbook_playbook10.asl"": 26, ""playbook_playbook11.asl"": 26, ""playbook_playbook12.asl"": 26, ""playbook_playbook13.asl"": 26, ""playbook_playbook14.asl"": 26, ""playbook_playbook15.asl"": 26, ""playbook_playbook16.asl"": 26, ""playbook_playbook17.asl"": 26, ""playbook_playbook18.asl"": 26, ""playbook_playbook19.asl"": 26, ""playbook_playbook2.asl"": 26, ""playbook_playbook20.asl"": 26, ""playbook_playbook21.asl"": 26, ""playbook_playbook22.asl"": 26, ""playbook_playbook23.asl"": 26, ""playbook_playbook24.asl"": 26, ""playbook_playbook25.asl"": 26, ""playbook_playbook26.asl"": 26, ""playbook_playbook27.asl"": 26, ""playbook_playbook28.asl"": 26, ""playbook_playbook29.asl"": 26, ""playbook_playbook3.asl"": 26, ""playbook_playbook30.asl"": 26, ""playbook_playbook31.asl"": 26, ""playbook_playbook32.asl"": 26, ""playbook_playbook33.asl"": 26, ""playbook_playbook34.asl"": 26, ""playbook_playbook35.asl"": 26, ""playbook_playbook36.asl"": 26, ""playbook_playbook37.asl"": 26, ""playbook_playbook38.asl"": 26, ""playbook_playbook39.asl"": 26, ""playbook_playbook4.asl"": 26, ""playbook_playbook40.asl"": 26, ""playbook_playbook41.asl"": 26, ""playbook_playbook42.asl"": 26, ""playbook_playbook43.asl"": 26, ""playbook_playbook44.asl"": 26, ""playbook_playbook45.asl"": 26, ""playbook_playbook46.asl"": 26, ""playbook_playbook47.asl"": 26, ""playbook_playbook48.asl"": 26, ""playbook_playbook49.asl"": 26, ""playbook_playbook5.asl"": 26, ""playbook_playbook50.asl"": 26, ""playbook_playbook51.asl"": 26, ""playbook_playbook52.asl"": 26, ""playbook_playbook53.asl"": 26, ""playbook_playbook54.asl"": 26, ""playbook_playbook55.asl"": 26, ""playbook_playbook56.asl"": 26, ""playbook_playbook57.asl"": 26, ""playbook_playbook58.asl"": 26, ""playbook_playbook59.asl"": 26, ""playbook_playbook6.asl"": 26, ""playbook_playbook60.asl"": 26, ""playbook_playbook61.asl"": 26, ""playbook_playbook62.asl"": 26, ""playbook_playbook63.asl"": 26, ""playbook_playbook64.asl"": 26, ""playbook_playbook65.asl"": 26, ""playbook_playbook66.asl"": 26, ""playbook_playbook67.asl"": 26, ""playbook_playbook68.asl"": 26, ""playbook_playbook69.asl"": 26, ""playbook_playbook7.asl"": 26, ""playbook_playbook70.asl"": 26, ""playbook_playbook71.asl"": 26, ""playbook_playbook72.asl"": 26, ""playbook_playbook73.asl"": 26, ""playbook_playbook74.asl"": 26, ""playbook_playbook75.asl"": 26, ""playbook_playbook76.asl"": 26, ""playbook_playbook77.asl"": 26, ""playbook_playbook78.asl"": 26, ""playbook_playbook79.asl"": 26, ""playbook_playbook8.asl"": 26, ""playbook_playbook80.asl"": 26, ""playbook_playbook81.asl"": 26, ""playbook_playbook82.asl"": 26, ""playbook_playbook83.asl"": 26, ""playbook_playbook84.asl"": 26, ""playbook_playbook85.asl"": 26, ""playbook_playbook86.asl"": 26, ""playbook_playbook87.asl"": 26, ""playbook_playbook88.asl"": 26, ""playbook_playbook89.asl"": 26, ""playbook_playbook9.asl"": 26, ""playbook_playbook90.asl"": 26, ""playbook_playbook91.asl"": 26, ""playbook_playbook92.asl"": 26, ""playbook_playbook93.asl"": 26, ""playbook_playbook94.asl"": 26, ""playbook_playbook95.asl"": 26, ""playbook_playbook96.asl"": 26, ""playbook_playbook97.asl"": 26, ""playbook_playbook98.asl"": 26, ""playbook_playbook99.asl"": 26, ""director_mainplot.asl"": 167, ""role_mainplot_role0.asl"": 34, ""role_mainplot_role1.asl"": 34, ""role_mainplot_role2.asl"": 34, ""role_mainplot_role3.asl"": 34, ""role_mainplot_role4.asl"": 34}",1.9450331125827816,0.0662869830011914,0.0013560479983425466,2.61196231842041,True,95,0
grid_roles_playbooks,224,Linux 7.2.3-arch1-2,x86_64,24,30.44,3.14.7,10,10,5,100,2,1,2,5,2,0,0,42,1510,27469,106,2937,"{""playbook_playbook0.asl"": 26, ""playbook_playbook1.asl"": 26, ""playbook_playbook10.asl"": 26, ""playbook_playbook11.asl"": 26, ""playbook_playbook12.asl"": 26, ""playbook_playbook13.asl"": 26, ""playbook_playbook14.asl"": 26, ""playbook_playbook15.asl"": 26, ""playbook_playbook16.asl"": 26, ""playbook_playbook17.asl"": 26, ""playbook_playbook18.asl"": 26, ""playbook_playbook19.asl"": 26, ""playbook_playbook2.asl"": 26, ""playbook_playbook20.asl"": 26, ""playbook_playbook21.asl"": 26, ""playbook_playbook22.asl"": 26, ""playbook_playbook23.asl"": 26, ""playbook_playbook24.asl"": 26, ""playbook_playbook25.asl"": 26, ""playbook_playbook26.asl"": 26, ""playbook_playbook27.asl"": 26, ""playbook_playbook28.asl"": 26, ""playbook_playbook29.asl"": 26, ""playbook_playbook3.asl"": 26, ""playbook_playbook30.asl"": 26, ""playbook_playbook31.asl"": 26, ""playbook_playbook32.asl"": 26, ""playbook_playbook33.asl"": 26, ""playbook_playbook34.asl"": 26, ""playbook_playbook35.asl"": 26, ""playbook_playbook36.asl"": 26, ""playbook_playbook37.asl"": 26, ""playbook_playbook38.asl"": 26, ""playbook_playbook39.asl"": 26, ""playbook_playbook4.asl"": 26, ""playbook_playbook40.asl"": 26, ""playbook_playbook41.asl"": 26, ""playbook_playbook42.asl"": 26, ""playbook_playbook43.asl"": 26, ""playbook_playbook44.asl"": 26, ""playbook_playbook45.asl"": 26, ""playbook_playbook46.asl"": 26, ""playbook_playbook47.asl"": 26, ""playbook_playbook48.asl"": 26, ""playbook_playbook49.asl"": 26, ""playbook_playbook5.asl"": 26, ""playbook_playbook50.asl"": 26, ""playbook_playbook51.asl"": 26, ""playbook_playbook52.asl"": 26, ""playbook_playbook53.asl"": 26, ""playbook_playbook54.asl"": 26, ""playbook_playbook55.asl"": 26, ""playbook_playbook56.asl"": 26, ""playbook_playbook57.asl"": 26, ""playbook_playbook58.asl"": 26, ""playbook_playbook59.asl"": 26, ""playbook_playbook6.asl"": 26, ""playbook_playbook60.asl"": 26, ""playbook_playbook61.asl"": 26, ""playbook_playbook62.asl"": 26, ""playbook_playbook63.asl"": 26, ""playbook_playbook64.asl"": 26, ""playbook_playbook65.asl"": 26, ""playbook_playbook66.asl"": 26, ""playbook_playbook67.asl"": 26, ""playbook_playbook68.asl"": 26, ""playbook_playbook69.asl"": 26, ""playbook_playbook7.asl"": 26, ""playbook_playbook70.asl"": 26, ""playbook_playbook71.asl"": 26, ""playbook_playbook72.asl"": 26, ""playbook_playbook73.asl"": 26, ""playbook_playbook74.asl"": 26, ""playbook_playbook75.asl"": 26, ""playbook_playbook76.asl"": 26, ""playbook_playbook77.asl"": 26, ""playbook_playbook78.asl"": 26, ""playbook_playbook79.asl"": 26, ""playbook_playbook8.asl"": 26, ""playbook_playbook80.asl"": 26, ""playbook_playbook81.asl"": 26, ""playbook_playbook82.asl"": 26, ""playbook_playbook83.asl"": 26, ""playbook_playbook84.asl"": 26, ""playbook_playbook85.asl"": 26, ""playbook_playbook86.asl"": 26, ""playbook_playbook87.asl"": 26, ""playbook_playbook88.asl"": 26, ""playbook_playbook89.asl"": 26, ""playbook_playbook9.asl"": 26, ""playbook_playbook90.asl"": 26, ""playbook_playbook91.asl"": 26, ""playbook_playbook92.asl"": 26, ""playbook_playbook93.asl"": 26, ""playbook_playbook94.asl"": 26, ""playbook_playbook95.asl"": 26, ""playbook_playbook96.asl"": 26, ""playbook_playbook97.asl"": 26, ""playbook_playbook98.asl"": 26, ""playbook_playbook99.asl"": 26, ""director_mainplot.asl"": 167, ""role_mainplot_role0.asl"": 34, ""role_mainplot_role1.asl"": 34, ""role_mainplot_role2.asl"": 34, ""role_mainplot_role3.asl"": 34, ""role_mainplot_role4.asl"": 34}",1.9450331125827816,0.06374908699945081,0.001316227999268449,2.61196231842041,True,95,0
grid_roles_playbooks,225,Linux 7.2.3-arch1-2,x86_64,24,30.44,3.14.7,10,10,5,100,2,1,2,10,2,0,0,42,1545,28650,111,3137,"{""playbook_playbook0.asl"": 26, ""playbook_playbook1.asl"": 26, ""playbook_playbook10.asl"": 26, ""playbook_playbook11.asl"": 26, ""playbook_playbook12.asl"": 26, ""playbook_playbook13.asl"": 26, ""playbook_playbook14.asl"": 26, ""playbook_playbook15.asl"": 26, ""playbook_playbook16.asl"": 26, ""playbook_playbook17.asl"": 26, ""playbook_playbook18.asl"": 26, ""playbook_playbook19.asl"": 26, ""playbook_playbook2.asl"": 26, ""playbook_playbook20.asl"": 26, ""playbook_playbook21.asl"": 26, ""playbook_playbook22.asl"": 26, ""playbook_playbook23.asl"": 26, ""playbook_playbook24.asl"": 26, ""playbook_playbook25.asl"": 26, ""playbook_playbook26.asl"": 26, ""playbook_playbook27.asl"": 26, ""playbook_playbook28.asl"": 26, ""playbook_playbook29.asl"": 26, ""playbook_playbook3.asl"": 26, ""playbook_playbook30.asl"": 26, ""playbook_playbook31.asl"": 26, ""playbook_playbook32.asl"": 26, ""playbook_playbook33.asl"": 26, ""playbook_playbook34.asl"": 26, ""playbook_playbook35.asl"": 26, ""playbook_playbook36.asl"": 26, ""playbook_playbook37.asl"": 26, ""playbook_playbook38.asl"": 26, ""playbook_playbook39.asl"": 26, ""playbook_playbook4.asl"": 26, ""playbook_playbook40.asl"": 26, ""playbook_playbook41.asl"": 26, ""playbook_playbook42.asl"": 26, ""playbook_playbook43.asl"": 26, ""playbook_playbook44.asl"": 26, ""playbook_playbook45.asl"": 26, ""playbook_playbook46.asl"": 26, ""playbook_playbook47.asl"": 26, ""playbook_playbook48.asl"": 26, ""playbook_playbook49.asl"": 26, ""playbook_playbook5.asl"": 26, ""playbook_playbook50.asl"": 26, ""playbook_playbook51.asl"": 26, ""playbook_playbook52.asl"": 26, ""playbook_playbook53.asl"": 26, ""playbook_playbook54.asl"": 26, ""playbook_playbook55.asl"": 26, ""playbook_playbook56.asl"": 26, ""playbook_playbook57.asl"": 26, ""playbook_playbook58.asl"": 26, ""playbook_playbook59.asl"": 26, ""playbook_playbook6.asl"": 26, ""playbook_playbook60.asl"": 26, ""playbook_playbook61.asl"": 26, ""playbook_playbook62.asl"": 26, ""playbook_playbook63.asl"": 26, ""playbook_playbook64.asl"": 26, ""playbook_playbook65.asl"": 26, ""playbook_playbook66.asl"": 26, ""playbook_playbook67.asl"": 26, ""playbook_playbook68.asl"": 26, ""playbook_playbook69.asl"": 26, ""playbook_playbook7.asl"": 26, ""playbook_playbook70.asl"": 26, ""playbook_playbook71.asl"": 26, ""playbook_playbook72.asl"": 26, ""playbook_playbook73.asl"": 26, ""playbook_playbook74.asl"": 26, ""playbook_playbook75.asl"": 26, ""playbook_playbook76.asl"": 26, ""playbook_playbook77.asl"": 26, ""playbook_playbook78.asl"": 26, ""playbook_playbook79.asl"": 26, ""playbook_playbook8.asl"": 26, ""playbook_playbook80.asl"": 26, ""playbook_playbook81.asl"": 26, ""playbook_playbook82.asl"": 26, ""playbook_playbook83.asl"": 26, ""playbook_playbook84.asl"": 26, ""playbook_playbook85.asl"": 26, ""playbook_playbook86.asl"": 26, ""playbook_playbook87.asl"": 26, ""playbook_playbook88.asl"": 26, ""playbook_playbook89.asl"": 26, ""playbook_playbook9.asl"": 26, ""playbook_playbook90.asl"": 26, ""playbook_playbook91.asl"": 26, ""playbook_playbook92.asl"": 26, ""playbook_playbook93.asl"": 26, ""playbook_playbook94.asl"": 26, ""playbook_playbook95.asl"": 26, ""playbook_playbook96.asl"": 26, ""playbook_playbook97.asl"": 26, ""playbook_playbook98.asl"": 26, ""playbook_playbook99.asl"": 26, ""director_mainplot.asl"": 197, ""role_mainplot_role0.asl"": 34, ""role_mainplot_role1.asl"": 34, ""role_mainplot_role2.asl"": 34, ""role_mainplot_role3.asl"": 34, ""role_mainplot_role4.asl"": 34, ""role_mainplot_role5.asl"": 34, ""role_mainplot_role6.asl"": 34, ""role_mainplot_role7.asl"": 34, ""role_mainplot_role8.asl"": 34, ""role_mainplot_role9.asl"": 34}",2.0304207119741102,0.06626000400137855,0.0013764070008619456,2.6727867126464844,True,90,0
grid_roles_playbooks,226,Linux 7.2.3-arch1-2,x86_64,24,30.44,3.14.7,10,10,5,100,2,1,2,10,2,0,0,42,1545,28650,111,3137,"{""playbook_playbook0.asl"": 26, ""playbook_playbook1.asl"": 26, ""playbook_playbook10.asl"": 26, ""playbook_playbook11.asl"": 26, ""playbook_playbook12.asl"": 26, ""playbook_playbook13.asl"": 26, ""playbook_playbook14.asl"": 26, ""playbook_playbook15.asl"": 26, ""playbook_playbook16.asl"": 26, ""playbook_playbook17.asl"": 26, ""playbook_playbook18.asl"": 26, ""playbook_playbook19.asl"": 26, ""playbook_playbook2.asl"": 26, ""playbook_playbook20.asl"": 26, ""playbook_playbook21.asl"": 26, ""playbook_playbook22.asl"": 26, ""playbook_playbook23.asl"": 26, ""playbook_playbook24.asl"": 26, ""playbook_playbook25.asl"": 26, ""playbook_playbook26.asl"": 26, ""playbook_playbook27.asl"": 26, ""playbook_playbook28.asl"": 26, ""playbook_playbook29.asl"": 26, ""playbook_playbook3.asl"": 26, ""playbook_playbook30.asl"": 26, ""playbook_playbook31.asl"": 26, ""playbook_playbook32.asl"": 26, ""playbook_playbook33.asl"": 26, ""playbook_playbook34.asl"": 26, ""playbook_playbook35.asl"": 26, ""playbook_playbook36.asl"": 26, ""playbook_playbook37.asl"": 26, ""playbook_playbook38.asl"": 26, ""playbook_playbook39.asl"": 26, ""playbook_playbook4.asl"": 26, ""playbook_playbook40.asl"": 26, ""playbook_playbook41.asl"": 26, ""playbook_playbook42.asl"": 26, ""playbook_playbook43.asl"": 26, ""playbook_playbook44.asl"": 26, ""playbook_playbook45.asl"": 26, ""playbook_playbook46.asl"": 26, ""playbook_playbook47.asl"": 26, ""playbook_playbook48.asl"": 26, ""playbook_playbook49.asl"": 26, ""playbook_playbook5.asl"": 26, ""playbook_playbook50.asl"": 26, ""playbook_playbook51.asl"": 26, ""playbook_playbook52.asl"": 26, ""playbook_playbook53.asl"": 26, ""playbook_playbook54.asl"": 26, ""playbook_playbook55.asl"": 26, ""playbook_playbook56.asl"": 26, ""playbook_playbook57.asl"": 26, ""playbook_playbook58.asl"": 26, ""playbook_playbook59.asl"": 26, ""playbook_playbook6.asl"": 26, ""playbook_playbook60.asl"": 26, ""playbook_playbook61.asl"": 26, ""playbook_playbook62.asl"": 26, ""playbook_playbook63.asl"": 26, ""playbook_playbook64.asl"": 26, ""playbook_playbook65.asl"": 26, ""playbook_playbook66.asl"": 26, ""playbook_playbook67.asl"": 26, ""playbook_playbook68.asl"": 26, ""playbook_playbook69.asl"": 26, ""playbook_playbook7.asl"": 26, ""playbook_playbook70.asl"": 26, ""playbook_playbook71.asl"": 26, ""playbook_playbook72.asl"": 26, ""playbook_playbook73.asl"": 26, ""playbook_playbook74.asl"": 26, ""playbook_playbook75.asl"": 26, ""playbook_playbook76.asl"": 26, ""playbook_playbook77.asl"": 26, ""playbook_playbook78.asl"": 26, ""playbook_playbook79.asl"": 26, ""playbook_playbook8.asl"": 26, ""playbook_playbook80.asl"": 26, ""playbook_playbook81.asl"": 26, ""playbook_playbook82.asl"": 26, ""playbook_playbook83.asl"": 26, ""playbook_playbook84.asl"": 26, ""playbook_playbook85.asl"": 26, ""playbook_playbook86.asl"": 26, ""playbook_playbook87.asl"": 26, ""playbook_playbook88.asl"": 26, ""playbook_playbook89.asl"": 26, ""playbook_playbook9.asl"": 26, ""playbook_playbook90.asl"": 26, ""playbook_playbook91.asl"": 26, ""playbook_playbook92.asl"": 26, ""playbook_playbook93.asl"": 26, ""playbook_playbook94.asl"": 26, ""playbook_playbook95.asl"": 26, ""playbook_playbook96.asl"": 26, ""playbook_playbook97.asl"": 26, ""playbook_playbook98.asl"": 26, ""playbook_playbook99.asl"": 26, ""director_mainplot.asl"": 197, ""role_mainplot_role0.asl"": 34, ""role_mainplot_role1.asl"": 34, ""role_mainplot_role2.asl"": 34, ""role_mainplot_role3.asl"": 34, ""role_mainplot_role4.asl"": 34, ""role_mainplot_role5.asl"": 34, ""role_mainplot_role6.asl"": 34, ""role_mainplot_role7.asl"": 34, ""role_mainplot_role8.asl"": 34, ""role_mainplot_role9.asl"": 34}",2.0304207119741102,0.06544503499935672,0.001413666999724228,2.6727867126464844,True,90,0
grid_roles_playbooks,227,Linux 7.2.3-arch1-2,x86_64,24,30.44,3.14.7,10,10,5,100,2,1,2,10,2,0,0,42,1545,28650,111,3137,"{""playbook_playbook0.asl"": 26, ""playbook_playbook1.asl"": 26, ""playbook_playbook10.asl"": 26, ""playbook_playbook11.asl"": 26, ""playbook_playbook12.asl"": 26, ""playbook_playbook13.asl"": 26, ""playbook_playbook14.asl"": 26, ""playbook_playbook15.asl"": 26, ""playbook_playbook16.asl"": 26, ""playbook_playbook17.asl"": 26, ""playbook_playbook18.asl"": 26, ""playbook_playbook19.asl"": 26, ""playbook_playbook2.asl"": 26, ""playbook_playbook20.asl"": 26, ""playbook_playbook21.asl"": 26, ""playbook_playbook22.asl"": 26, ""playbook_playbook23.asl"": 26, ""playbook_playbook24.asl"": 26, ""playbook_playbook25.asl"": 26, ""playbook_playbook26.asl"": 26, ""playbook_playbook27.asl"": 26, ""playbook_playbook28.asl"": 26, ""playbook_playbook29.asl"": 26, ""playbook_playbook3.asl"": 26, ""playbook_playbook30.asl"": 26, ""playbook_playbook31.asl"": 26, ""playbook_playbook32.asl"": 26, ""playbook_playbook33.asl"": 26, ""playbook_playbook34.asl"": 26, ""playbook_playbook35.asl"": 26, ""playbook_playbook36.asl"": 26, ""playbook_playbook37.asl"": 26, ""playbook_playbook38.asl"": 26, ""playbook_playbook39.asl"": 26, ""playbook_playbook4.asl"": 26, ""playbook_playbook40.asl"": 26, ""playbook_playbook41.asl"": 26, ""playbook_playbook42.asl"": 26, ""playbook_playbook43.asl"": 26, ""playbook_playbook44.asl"": 26, ""playbook_playbook45.asl"": 26, ""playbook_playbook46.asl"": 26, ""playbook_playbook47.asl"": 26, ""playbook_playbook48.asl"": 26, ""playbook_playbook49.asl"": 26, ""playbook_playbook5.asl"": 26, ""playbook_playbook50.asl"": 26, ""playbook_playbook51.asl"": 26, ""playbook_playbook52.asl"": 26, ""playbook_playbook53.asl"": 26, ""playbook_playbook54.asl"": 26, ""playbook_playbook55.asl"": 26, ""playbook_playbook56.asl"": 26, ""playbook_playbook57.asl"": 26, ""playbook_playbook58.asl"": 26, ""playbook_playbook59.asl"": 26, ""playbook_playbook6.asl"": 26, ""playbook_playbook60.asl"": 26, ""playbook_playbook61.asl"": 26, ""playbook_playbook62.asl"": 26, ""playbook_playbook63.asl"": 26, ""playbook_playbook64.asl"": 26, ""playbook_playbook65.asl"": 26, ""playbook_playbook66.asl"": 26, ""playbook_playbook67.asl"": 26, ""playbook_playbook68.asl"": 26, ""playbook_playbook69.asl"": 26, ""playbook_playbook7.asl"": 26, ""playbook_playbook70.asl"": 26, ""playbook_playbook71.asl"": 26, ""playbook_playbook72.asl"": 26, ""playbook_playbook73.asl"": 26, ""playbook_playbook74.asl"": 26, ""playbook_playbook75.asl"": 26, ""playbook_playbook76.asl"": 26, ""playbook_playbook77.asl"": 26, ""playbook_playbook78.asl"": 26, ""playbook_playbook79.asl"": 26, ""playbook_playbook8.asl"": 26, ""playbook_playbook80.asl"": 26, ""playbook_playbook81.asl"": 26, ""playbook_playbook82.asl"": 26, ""playbook_playbook83.asl"": 26, ""playbook_playbook84.asl"": 26, ""playbook_playbook85.asl"": 26, ""playbook_playbook86.asl"": 26, ""playbook_playbook87.asl"": 26, ""playbook_playbook88.asl"": 26, ""playbook_playbook89.asl"": 26, ""playbook_playbook9.asl"": 26, ""playbook_playbook90.asl"": 26, ""playbook_playbook91.asl"": 26, ""playbook_playbook92.asl"": 26, ""playbook_playbook93.asl"": 26, ""playbook_playbook94.asl"": 26, ""playbook_playbook95.asl"": 26, ""playbook_playbook96.asl"": 26, ""playbook_playbook97.asl"": 26, ""playbook_playbook98.asl"": 26, ""playbook_playbook99.asl"": 26, ""director_mainplot.asl"": 197, ""role_mainplot_role0.asl"": 34, ""role_mainplot_role1.asl"": 34, ""role_mainplot_role2.asl"": 34, ""role_mainplot_role3.asl"": 34, ""role_mainplot_role4.asl"": 34, ""role_mainplot_role5.asl"": 34, ""role_mainplot_role6.asl"": 34, ""role_mainplot_role7.asl"": 34, ""role_mainplot_role8.asl"": 34, ""role_mainplot_role9.asl"": 34}",2.0304207119741102,0.06631067299895221,0.001393947000906337,2.6727867126464844,True,90,0
grid_roles_playbooks,228,Linux 7.2.3-arch1-2,x86_64,24,30.44,3.14.7,10,10,5,100,2,1,2,10,2,0,0,42,1545,28650,111,3137,"{""playbook_playbook0.asl"": 26, ""playbook_playbook1.asl"": 26, ""playbook_playbook10.asl"": 26, ""playbook_playbook11.asl"": 26, ""playbook_playbook12.asl"": 26, ""playbook_playbook13.asl"": 26, ""playbook_playbook14.asl"": 26, ""playbook_playbook15.asl"": 26, ""playbook_playbook16.asl"": 26, ""playbook_playbook17.asl"": 26, ""playbook_playbook18.asl"": 26, ""playbook_playbook19.asl"": 26, ""playbook_playbook2.asl"": 26, ""playbook_playbook20.asl"": 26, ""playbook_playbook21.asl"": 26, ""playbook_playbook22.asl"": 26, ""playbook_playbook23.asl"": 26, ""playbook_playbook24.asl"": 26, ""playbook_playbook25.asl"": 26, ""playbook_playbook26.asl"": 26, ""playbook_playbook27.asl"": 26, ""playbook_playbook28.asl"": 26, ""playbook_playbook29.asl"": 26, ""playbook_playbook3.asl"": 26, ""playbook_playbook30.asl"": 26, ""playbook_playbook31.asl"": 26, ""playbook_playbook32.asl"": 26, ""playbook_playbook33.asl"": 26, ""playbook_playbook34.asl"": 26, ""playbook_playbook35.asl"": 26, ""playbook_playbook36.asl"": 26, ""playbook_playbook37.asl"": 26, ""playbook_playbook38.asl"": 26, ""playbook_playbook39.asl"": 26, ""playbook_playbook4.asl"": 26, ""playbook_playbook40.asl"": 26, ""playbook_playbook41.asl"": 26, ""playbook_playbook42.asl"": 26, ""playbook_playbook43.asl"": 26, ""playbook_playbook44.asl"": 26, ""playbook_playbook45.asl"": 26, ""playbook_playbook46.asl"": 26, ""playbook_playbook47.asl"": 26, ""playbook_playbook48.asl"": 26, ""playbook_playbook49.asl"": 26, ""playbook_playbook5.asl"": 26, ""playbook_playbook50.asl"": 26, ""playbook_playbook51.asl"": 26, ""playbook_playbook52.asl"": 26, ""playbook_playbook53.asl"": 26, ""playbook_playbook54.asl"": 26, ""playbook_playbook55.asl"": 26, ""playbook_playbook56.asl"": 26, ""playbook_playbook57.asl"": 26, ""playbook_playbook58.asl"": 26, ""playbook_playbook59.asl"": 26, ""playbook_playbook6.asl"": 26, ""playbook_playbook60.asl"": 26, ""playbook_playbook61.asl"": 26, ""playbook_playbook62.asl"": 26, ""playbook_playbook63.asl"": 26, ""playbook_playbook64.asl"": 26, ""playbook_playbook65.asl"": 26, ""playbook_playbook66.asl"": 26, ""playbook_playbook67.asl"": 26, ""playbook_playbook68.asl"": 26, ""playbook_playbook69.asl"": 26, ""playbook_playbook7.asl"": 26, ""playbook_playbook70.asl"": 26, ""playbook_playbook71.asl"": 26, ""playbook_playbook72.asl"": 26, ""playbook_playbook73.asl"": 26, ""playbook_playbook74.asl"": 26, ""playbook_playbook75.asl"": 26, ""playbook_playbook76.asl"": 26, ""playbook_playbook77.asl"": 26, ""playbook_playbook78.asl"": 26, ""playbook_playbook79.asl"": 26, ""playbook_playbook8.asl"": 26, ""playbook_playbook80.asl"": 26, ""playbook_playbook81.asl"": 26, ""playbook_playbook82.asl"": 26, ""playbook_playbook83.asl"": 26, ""playbook_playbook84.asl"": 26, ""playbook_playbook85.asl"": 26, ""playbook_playbook86.asl"": 26, ""playbook_playbook87.asl"": 26, ""playbook_playbook88.asl"": 26, ""playbook_playbook89.asl"": 26, ""playbook_playbook9.asl"": 26, ""playbook_playbook90.asl"": 26, ""playbook_playbook91.asl"": 26, ""playbook_playbook92.asl"": 26, ""playbook_playbook93.asl"": 26, ""playbook_playbook94.asl"": 26, ""playbook_playbook95.asl"": 26, ""playbook_playbook96.asl"": 26, ""playbook_playbook97.asl"": 26, ""playbook_playbook98.asl"": 26, ""playbook_playbook99.asl"": 26, ""director_mainplot.asl"": 197, ""role_mainplot_role0.asl"": 34, ""role_mainplot_role1.asl"": 34, ""role_mainplot_role2.asl"": 34, ""role_mainplot_role3.asl"": 34, ""role_mainplot_role4.asl"": 34, ""role_mainplot_role5.asl"": 34, ""role_mainplot_role6.asl"": 34, ""role_mainplot_role7.asl"": 34, ""role_mainplot_role8.asl"": 34, ""role_mainplot_role9.asl"": 34}",2.0304207119741102,0.06588899400048831,0.0013861970001016743,2.6727867126464844,True,90,0
grid_roles_playbooks,229,Linux 7.2.3-arch1-2,x86_64,24,30.44,3.14.7,10,10,5,100,2,1,2,10,2,0,0,42,1545,28650,111,3137,"{""playbook_playbook0.asl"": 26, ""playbook_playbook1.asl"": 26, ""playbook_playbook10.asl"": 26, ""playbook_playbook11.asl"": 26, ""playbook_playbook12.asl"": 26, ""playbook_playbook13.asl"": 26, ""playbook_playbook14.asl"": 26, ""playbook_playbook15.asl"": 26, ""playbook_playbook16.asl"": 26, ""playbook_playbook17.asl"": 26, ""playbook_playbook18.asl"": 26, ""playbook_playbook19.asl"": 26, ""playbook_playbook2.asl"": 26, ""playbook_playbook20.asl"": 26, ""playbook_playbook21.asl"": 26, ""playbook_playbook22.asl"": 26, ""playbook_playbook23.asl"": 26, ""playbook_playbook24.asl"": 26, ""playbook_playbook25.asl"": 26, ""playbook_playbook26.asl"": 26, ""playbook_playbook27.asl"": 26, ""playbook_playbook28.asl"": 26, ""playbook_playbook29.asl"": 26, ""playbook_playbook3.asl"": 26, ""playbook_playbook30.asl"": 26, ""playbook_playbook31.asl"": 26, ""playbook_playbook32.asl"": 26, ""playbook_playbook33.asl"": 26, ""playbook_playbook34.asl"": 26, ""playbook_playbook35.asl"": 26, ""playbook_playbook36.asl"": 26, ""playbook_playbook37.asl"": 26, ""playbook_playbook38.asl"": 26, ""playbook_playbook39.asl"": 26, ""playbook_playbook4.asl"": 26, ""playbook_playbook40.asl"": 26, ""playbook_playbook41.asl"": 26, ""playbook_playbook42.asl"": 26, ""playbook_playbook43.asl"": 26, ""playbook_playbook44.asl"": 26, ""playbook_playbook45.asl"": 26, ""playbook_playbook46.asl"": 26, ""playbook_playbook47.asl"": 26, ""playbook_playbook48.asl"": 26, ""playbook_playbook49.asl"": 26, ""playbook_playbook5.asl"": 26, ""playbook_playbook50.asl"": 26, ""playbook_playbook51.asl"": 26, ""playbook_playbook52.asl"": 26, ""playbook_playbook53.asl"": 26, ""playbook_playbook54.asl"": 26, ""playbook_playbook55.asl"": 26, ""playbook_playbook56.asl"": 26, ""playbook_playbook57.asl"": 26, ""playbook_playbook58.asl"": 26, ""playbook_playbook59.asl"": 26, ""playbook_playbook6.asl"": 26, ""playbook_playbook60.asl"": 26, ""playbook_playbook61.asl"": 26, ""playbook_playbook62.asl"": 26, ""playbook_playbook63.asl"": 26, ""playbook_playbook64.asl"": 26, ""playbook_playbook65.asl"": 26, ""playbook_playbook66.asl"": 26, ""playbook_playbook67.asl"": 26, ""playbook_playbook68.asl"": 26, ""playbook_playbook69.asl"": 26, ""playbook_playbook7.asl"": 26, ""playbook_playbook70.asl"": 26, ""playbook_playbook71.asl"": 26, ""playbook_playbook72.asl"": 26, ""playbook_playbook73.asl"": 26, ""playbook_playbook74.asl"": 26, ""playbook_playbook75.asl"": 26, ""playbook_playbook76.asl"": 26, ""playbook_playbook77.asl"": 26, ""playbook_playbook78.asl"": 26, ""playbook_playbook79.asl"": 26, ""playbook_playbook8.asl"": 26, ""playbook_playbook80.asl"": 26, ""playbook_playbook81.asl"": 26, ""playbook_playbook82.asl"": 26, ""playbook_playbook83.asl"": 26, ""playbook_playbook84.asl"": 26, ""playbook_playbook85.asl"": 26, ""playbook_playbook86.asl"": 26, ""playbook_playbook87.asl"": 26, ""playbook_playbook88.asl"": 26, ""playbook_playbook89.asl"": 26, ""playbook_playbook9.asl"": 26, ""playbook_playbook90.asl"": 26, ""playbook_playbook91.asl"": 26, ""playbook_playbook92.asl"": 26, ""playbook_playbook93.asl"": 26, ""playbook_playbook94.asl"": 26, ""playbook_playbook95.asl"": 26, ""playbook_playbook96.asl"": 26, ""playbook_playbook97.asl"": 26, ""playbook_playbook98.asl"": 26, ""playbook_playbook99.asl"": 26, ""director_mainplot.asl"": 197, ""role_mainplot_role0.asl"": 34, ""role_mainplot_role1.asl"": 34, ""role_mainplot_role2.asl"": 34, ""role_mainplot_role3.asl"": 34, ""role_mainplot_role4.asl"": 34, ""role_mainplot_role5.asl"": 34, ""role_mainplot_role6.asl"": 34, ""role_mainplot_role7.asl"": 34, ""role_mainplot_role8.asl"": 34, ""role_mainplot_role9.asl"": 34}",2.0304207119741102,0.06623996400048782,0.001387526999678812,2.6727867126464844,True,90,0
grid_roles_playbooks,230,Linux 7.2.3-arch1-2,x86_64,24,30.44,3.14.7,10,10,5,100,2,1,2,20,2,0,0,42,1615,31100,121,3537,"{""playbook_playbook0.asl"": 26, ""playbook_playbook1.asl"": 26, ""playbook_playbook10.asl"": 26, ""playbook_playbook11.asl"": 26, ""playbook_playbook12.asl"": 26, ""playbook_playbook13.asl"": 26, ""playbook_playbook14.asl"": 26, ""playbook_playbook15.asl"": 26, ""playbook_playbook16.asl"": 26, ""playbook_playbook17.asl"": 26, ""playbook_playbook18.asl"": 26, ""playbook_playbook19.asl"": 26, ""playbook_playbook2.asl"": 26, ""playbook_playbook20.asl"": 26, ""playbook_playbook21.asl"": 26, ""playbook_playbook22.asl"": 26, ""playbook_playbook23.asl"": 26, ""playbook_playbook24.asl"": 26, ""playbook_playbook25.asl"": 26, ""playbook_playbook26.asl"": 26, ""playbook_playbook27.asl"": 26, ""playbook_playbook28.asl"": 26, ""playbook_playbook29.asl"": 26, ""playbook_playbook3.asl"": 26, ""playbook_playbook30.asl"": 26, ""playbook_playbook31.asl"": 26, ""playbook_playbook32.asl"": 26, ""playbook_playbook33.asl"": 26, ""playbook_playbook34.asl"": 26, ""playbook_playbook35.asl"": 26, ""playbook_playbook36.asl"": 26, ""playbook_playbook37.asl"": 26, ""playbook_playbook38.asl"": 26, ""playbook_playbook39.asl"": 26, ""playbook_playbook4.asl"": 26, ""playbook_playbook40.asl"": 26, ""playbook_playbook41.asl"": 26, ""playbook_playbook42.asl"": 26, ""playbook_playbook43.asl"": 26, ""playbook_playbook44.asl"": 26, ""playbook_playbook45.asl"": 26, ""playbook_playbook46.asl"": 26, ""playbook_playbook47.asl"": 26, ""playbook_playbook48.asl"": 26, ""playbook_playbook49.asl"": 26, ""playbook_playbook5.asl"": 26, ""playbook_playbook50.asl"": 26, ""playbook_playbook51.asl"": 26, ""playbook_playbook52.asl"": 26, ""playbook_playbook53.asl"": 26, ""playbook_playbook54.asl"": 26, ""playbook_playbook55.asl"": 26, ""playbook_playbook56.asl"": 26, ""playbook_playbook57.asl"": 26, ""playbook_playbook58.asl"": 26, ""playbook_playbook59.asl"": 26, ""playbook_playbook6.asl"": 26, ""playbook_playbook60.asl"": 26, ""playbook_playbook61.asl"": 26, ""playbook_playbook62.asl"": 26, ""playbook_playbook63.asl"": 26, ""playbook_playbook64.asl"": 26, ""playbook_playbook65.asl"": 26, ""playbook_playbook66.asl"": 26, ""playbook_playbook67.asl"": 26, ""playbook_playbook68.asl"": 26, ""playbook_playbook69.asl"": 26, ""playbook_playbook7.asl"": 26, ""playbook_playbook70.asl"": 26, ""playbook_playbook71.asl"": 26, ""playbook_playbook72.asl"": 26, ""playbook_playbook73.asl"": 26, ""playbook_playbook74.asl"": 26, ""playbook_playbook75.asl"": 26, ""playbook_playbook76.asl"": 26, ""playbook_playbook77.asl"": 26, ""playbook_playbook78.asl"": 26, ""playbook_playbook79.asl"": 26, ""playbook_playbook8.asl"": 26, ""playbook_playbook80.asl"": 26, ""playbook_playbook81.asl"": 26, ""playbook_playbook82.asl"": 26, ""playbook_playbook83.asl"": 26, ""playbook_playbook84.asl"": 26, ""playbook_playbook85.asl"": 26, ""playbook_playbook86.asl"": 26, ""playbook_playbook87.asl"": 26, ""playbook_playbook88.asl"": 26, ""playbook_playbook89.asl"": 26, ""playbook_playbook9.asl"": 26, ""playbook_playbook90.asl"": 26, ""playbook_playbook91.asl"": 26, ""playbook_playbook92.asl"": 26, ""playbook_playbook93.asl"": 26, ""playbook_playbook94.asl"": 26, ""playbook_playbook95.asl"": 26, ""playbook_playbook96.asl"": 26, ""playbook_playbook97.asl"": 26, ""playbook_playbook98.asl"": 26, ""playbook_playbook99.asl"": 26, ""director_mainplot.asl"": 257, ""role_mainplot_role0.asl"": 34, ""role_mainplot_role1.asl"": 34, ""role_mainplot_role2.asl"": 34, ""role_mainplot_role3.asl"": 34, ""role_mainplot_role4.asl"": 34, ""role_mainplot_role5.asl"": 34, ""role_mainplot_role6.asl"": 34, ""role_mainplot_role7.asl"": 34, ""role_mainplot_role8.asl"": 34, ""role_mainplot_role9.asl"": 34, ""role_mainplot_role10.asl"": 34, ""role_mainplot_role11.asl"": 34, ""role_mainplot_role12.asl"": 34, ""role_mainplot_role13.asl"": 34, ""role_mainplot_role14.asl"": 34, ""role_mainplot_role15.asl"": 34, ""role_mainplot_role16.asl"": 34, ""role_mainplot_role17.asl"": 34, ""role_mainplot_role18.asl"": 34, ""role_mainplot_role19.asl"": 34}",2.190092879256966,0.06925755799966282,0.0015106679984455695,2.7961196899414062,True,80,0
grid_roles_playbooks,231,Linux 7.2.3-arch1-2,x86_64,24,30.44,3.14.7,10,10,5,100,2,1,2,20,2,0,0,42,1615,31100,121,3537,"{""playbook_playbook0.asl"": 26, ""playbook_playbook1.asl"": 26, ""playbook_playbook10.asl"": 26, ""playbook_playbook11.asl"": 26, ""playbook_playbook12.asl"": 26, ""playbook_playbook13.asl"": 26, ""playbook_playbook14.asl"": 26, ""playbook_playbook15.asl"": 26, ""playbook_playbook16.asl"": 26, ""playbook_playbook17.asl"": 26, ""playbook_playbook18.asl"": 26, ""playbook_playbook19.asl"": 26, ""playbook_playbook2.asl"": 26, ""playbook_playbook20.asl"": 26, ""playbook_playbook21.asl"": 26, ""playbook_playbook22.asl"": 26, ""playbook_playbook23.asl"": 26, ""playbook_playbook24.asl"": 26, ""playbook_playbook25.asl"": 26, ""playbook_playbook26.asl"": 26, ""playbook_playbook27.asl"": 26, ""playbook_playbook28.asl"": 26, ""playbook_playbook29.asl"": 26, ""playbook_playbook3.asl"": 26, ""playbook_playbook30.asl"": 26, ""playbook_playbook31.asl"": 26, ""playbook_playbook32.asl"": 26, ""playbook_playbook33.asl"": 26, ""playbook_playbook34.asl"": 26, ""playbook_playbook35.asl"": 26, ""playbook_playbook36.asl"": 26, ""playbook_playbook37.asl"": 26, ""playbook_playbook38.asl"": 26, ""playbook_playbook39.asl"": 26, ""playbook_playbook4.asl"": 26, ""playbook_playbook40.asl"": 26, ""playbook_playbook41.asl"": 26, ""playbook_playbook42.asl"": 26, ""playbook_playbook43.asl"": 26, ""playbook_playbook44.asl"": 26, ""playbook_playbook45.asl"": 26, ""playbook_playbook46.asl"": 26, ""playbook_playbook47.asl"": 26, ""playbook_playbook48.asl"": 26, ""playbook_playbook49.asl"": 26, ""playbook_playbook5.asl"": 26, ""playbook_playbook50.asl"": 26, ""playbook_playbook51.asl"": 26, ""playbook_playbook52.asl"": 26, ""playbook_playbook53.asl"": 26, ""playbook_playbook54.asl"": 26, ""playbook_playbook55.asl"": 26, ""playbook_playbook56.asl"": 26, ""playbook_playbook57.asl"": 26, ""playbook_playbook58.asl"": 26, ""playbook_playbook59.asl"": 26, ""playbook_playbook6.asl"": 26, ""playbook_playbook60.asl"": 26, ""playbook_playbook61.asl"": 26, ""playbook_playbook62.asl"": 26, ""playbook_playbook63.asl"": 26, ""playbook_playbook64.asl"": 26, ""playbook_playbook65.asl"": 26, ""playbook_playbook66.asl"": 26, ""playbook_playbook67.asl"": 26, ""playbook_playbook68.asl"": 26, ""playbook_playbook69.asl"": 26, ""playbook_playbook7.asl"": 26, ""playbook_playbook70.asl"": 26, ""playbook_playbook71.asl"": 26, ""playbook_playbook72.asl"": 26, ""playbook_playbook73.asl"": 26, ""playbook_playbook74.asl"": 26, ""playbook_playbook75.asl"": 26, ""playbook_playbook76.asl"": 26, ""playbook_playbook77.asl"": 26, ""playbook_playbook78.asl"": 26, ""playbook_playbook79.asl"": 26, ""playbook_playbook8.asl"": 26, ""playbook_playbook80.asl"": 26, ""playbook_playbook81.asl"": 26, ""playbook_playbook82.asl"": 26, ""playbook_playbook83.asl"": 26, ""playbook_playbook84.asl"": 26, ""playbook_playbook85.asl"": 26, ""playbook_playbook86.asl"": 26, ""playbook_playbook87.asl"": 26, ""playbook_playbook88.asl"": 26, ""playbook_playbook89.asl"": 26, ""playbook_playbook9.asl"": 26, ""playbook_playbook90.asl"": 26, ""playbook_playbook91.asl"": 26, ""playbook_playbook92.asl"": 26, ""playbook_playbook93.asl"": 26, ""playbook_playbook94.asl"": 26, ""playbook_playbook95.asl"": 26, ""playbook_playbook96.asl"": 26, ""playbook_playbook97.asl"": 26, ""playbook_playbook98.asl"": 26, ""playbook_playbook99.asl"": 26, ""director_mainplot.asl"": 257, ""role_mainplot_role0.asl"": 34, ""role_mainplot_role1.asl"": 34, ""role_mainplot_role2.asl"": 34, ""role_mainplot_role3.asl"": 34, ""role_mainplot_role4.asl"": 34, ""role_mainplot_role5.asl"": 34, ""role_mainplot_role6.asl"": 34, ""role_mainplot_role7.asl"": 34, ""role_mainplot_role8.asl"": 34, ""role_mainplot_role9.asl"": 34, ""role_mainplot_role10.asl"": 34, ""role_mainplot_role11.asl"": 34, ""role_mainplot_role12.asl"": 34, ""role_mainplot_role13.asl"": 34, ""role_mainplot_role14.asl"": 34, ""role_mainplot_role15.asl"": 34, ""role_mainplot_role16.asl"": 34, ""role_mainplot_role17.asl"": 34, ""role_mainplot_role18.asl"": 34, ""role_mainplot_role19.asl"": 34}",2.190092879256966,0.07038530600038939,0.0015070970002852846,2.7961196899414062,True,80,0
grid_roles_playbooks,232,Linux 7.2.3-arch1-2,x86_64,24,30.44,3.14.7,10,10,5,100,2,1,2,20,2,0,0,42,1615,31100,121,3537,"{""playbook_playbook0.asl"": 26, ""playbook_playbook1.asl"": 26, ""playbook_playbook10.asl"": 26, ""playbook_playbook11.asl"": 26, ""playbook_playbook12.asl"": 26, ""playbook_playbook13.asl"": 26, ""playbook_playbook14.asl"": 26, ""playbook_playbook15.asl"": 26, ""playbook_playbook16.asl"": 26, ""playbook_playbook17.asl"": 26, ""playbook_playbook18.asl"": 26, ""playbook_playbook19.asl"": 26, ""playbook_playbook2.asl"": 26, ""playbook_playbook20.asl"": 26, ""playbook_playbook21.asl"": 26, ""playbook_playbook22.asl"": 26, ""playbook_playbook23.asl"": 26, ""playbook_playbook24.asl"": 26, ""playbook_playbook25.asl"": 26, ""playbook_playbook26.asl"": 26, ""playbook_playbook27.asl"": 26, ""playbook_playbook28.asl"": 26, ""playbook_playbook29.asl"": 26, ""playbook_playbook3.asl"": 26, ""playbook_playbook30.asl"": 26, ""playbook_playbook31.asl"": 26, ""playbook_playbook32.asl"": 26, ""playbook_playbook33.asl"": 26, ""playbook_playbook34.asl"": 26, ""playbook_playbook35.asl"": 26, ""playbook_playbook36.asl"": 26, ""playbook_playbook37.asl"": 26, ""playbook_playbook38.asl"": 26, ""playbook_playbook39.asl"": 26, ""playbook_playbook4.asl"": 26, ""playbook_playbook40.asl"": 26, ""playbook_playbook41.asl"": 26, ""playbook_playbook42.asl"": 26, ""playbook_playbook43.asl"": 26, ""playbook_playbook44.asl"": 26, ""playbook_playbook45.asl"": 26, ""playbook_playbook46.asl"": 26, ""playbook_playbook47.asl"": 26, ""playbook_playbook48.asl"": 26, ""playbook_playbook49.asl"": 26, ""playbook_playbook5.asl"": 26, ""playbook_playbook50.asl"": 26, ""playbook_playbook51.asl"": 26, ""playbook_playbook52.asl"": 26, ""playbook_playbook53.asl"": 26, ""playbook_playbook54.asl"": 26, ""playbook_playbook55.asl"": 26, ""playbook_playbook56.asl"": 26, ""playbook_playbook57.asl"": 26, ""playbook_playbook58.asl"": 26, ""playbook_playbook59.asl"": 26, ""playbook_playbook6.asl"": 26, ""playbook_playbook60.asl"": 26, ""playbook_playbook61.asl"": 26, ""playbook_playbook62.asl"": 26, ""playbook_playbook63.asl"": 26, ""playbook_playbook64.asl"": 26, ""playbook_playbook65.asl"": 26, ""playbook_playbook66.asl"": 26, ""playbook_playbook67.asl"": 26, ""playbook_playbook68.asl"": 26, ""playbook_playbook69.asl"": 26, ""playbook_playbook7.asl"": 26, ""playbook_playbook70.asl"": 26, ""playbook_playbook71.asl"": 26, ""playbook_playbook72.asl"": 26, ""playbook_playbook73.asl"": 26, ""playbook_playbook74.asl"": 26, ""playbook_playbook75.asl"": 26, ""playbook_playbook76.asl"": 26, ""playbook_playbook77.asl"": 26, ""playbook_playbook78.asl"": 26, ""playbook_playbook79.asl"": 26, ""playbook_playbook8.asl"": 26, ""playbook_playbook80.asl"": 26, ""playbook_playbook81.asl"": 26, ""playbook_playbook82.asl"": 26, ""playbook_playbook83.asl"": 26, ""playbook_playbook84.asl"": 26, ""playbook_playbook85.asl"": 26, ""playbook_playbook86.asl"": 26, ""playbook_playbook87.asl"": 26, ""playbook_playbook88.asl"": 26, ""playbook_playbook89.asl"": 26, ""playbook_playbook9.asl"": 26, ""playbook_playbook90.asl"": 26, ""playbook_playbook91.asl"": 26, ""playbook_playbook92.asl"": 26, ""playbook_playbook93.asl"": 26, ""playbook_playbook94.asl"": 26, ""playbook_playbook95.asl"": 26, ""playbook_playbook96.asl"": 26, ""playbook_playbook97.asl"": 26, ""playbook_playbook98.asl"": 26, ""playbook_playbook99.asl"": 26, ""director_mainplot.asl"": 257, ""role_mainplot_role0.asl"": 34, ""role_mainplot_role1.asl"": 34, ""role_mainplot_role2.asl"": 34, ""role_mainplot_role3.asl"": 34, ""role_mainplot_role4.asl"": 34, ""role_mainplot_role5.asl"": 34, ""role_mainplot_role6.asl"": 34, ""role_mainplot_role7.asl"": 34, ""role_mainplot_role8.asl"": 34, ""role_mainplot_role9.asl"": 34, ""role_mainplot_role10.asl"": 34, ""role_mainplot_role11.asl"": 34, ""role_mainplot_role12.asl"": 34, ""role_mainplot_role13.asl"": 34, ""role_mainplot_role14.asl"": 34, ""role_mainplot_role15.asl"": 34, ""role_mainplot_role16.asl"": 34, ""role_mainplot_role17.asl"": 34, ""role_mainplot_role18.asl"": 34, ""role_mainplot_role19.asl"": 34}",2.190092879256966,0.06879147899962845,0.0015105380007298663,2.7961196899414062,True,80,0
grid_roles_playbooks,233,Linux 7.2.3-arch1-2,x86_64,24,30.44,3.14.7,10,10,5,100,2,1,2,20,2,0,0,42,1615,31100,121,3537,"{""playbook_playbook0.asl"": 26, ""playbook_playbook1.asl"": 26, ""playbook_playbook10.asl"": 26, ""playbook_playbook11.asl"": 26, ""playbook_playbook12.asl"": 26, ""playbook_playbook13.asl"": 26, ""playbook_playbook14.asl"": 26, ""playbook_playbook15.asl"": 26, ""playbook_playbook16.asl"": 26, ""playbook_playbook17.asl"": 26, ""playbook_playbook18.asl"": 26, ""playbook_playbook19.asl"": 26, ""playbook_playbook2.asl"": 26, ""playbook_playbook20.asl"": 26, ""playbook_playbook21.asl"": 26, ""playbook_playbook22.asl"": 26, ""playbook_playbook23.asl"": 26, ""playbook_playbook24.asl"": 26, ""playbook_playbook25.asl"": 26, ""playbook_playbook26.asl"": 26, ""playbook_playbook27.asl"": 26, ""playbook_playbook28.asl"": 26, ""playbook_playbook29.asl"": 26, ""playbook_playbook3.asl"": 26, ""playbook_playbook30.asl"": 26, ""playbook_playbook31.asl"": 26, ""playbook_playbook32.asl"": 26, ""playbook_playbook33.asl"": 26, ""playbook_playbook34.asl"": 26, ""playbook_playbook35.asl"": 26, ""playbook_playbook36.asl"": 26, ""playbook_playbook37.asl"": 26, ""playbook_playbook38.asl"": 26, ""playbook_playbook39.asl"": 26, ""playbook_playbook4.asl"": 26, ""playbook_playbook40.asl"": 26, ""playbook_playbook41.asl"": 26, ""playbook_playbook42.asl"": 26, ""playbook_playbook43.asl"": 26, ""playbook_playbook44.asl"": 26, ""playbook_playbook45.asl"": 26, ""playbook_playbook46.asl"": 26, ""playbook_playbook47.asl"": 26, ""playbook_playbook48.asl"": 26, ""playbook_playbook49.asl"": 26, ""playbook_playbook5.asl"": 26, ""playbook_playbook50.asl"": 26, ""playbook_playbook51.asl"": 26, ""playbook_playbook52.asl"": 26, ""playbook_playbook53.asl"": 26, ""playbook_playbook54.asl"": 26, ""playbook_playbook55.asl"": 26, ""playbook_playbook56.asl"": 26, ""playbook_playbook57.asl"": 26, ""playbook_playbook58.asl"": 26, ""playbook_playbook59.asl"": 26, ""playbook_playbook6.asl"": 26, ""playbook_playbook60.asl"": 26, ""playbook_playbook61.asl"": 26, ""playbook_playbook62.asl"": 26, ""playbook_playbook63.asl"": 26, ""playbook_playbook64.asl"": 26, ""playbook_playbook65.asl"": 26, ""playbook_playbook66.asl"": 26, ""playbook_playbook67.asl"": 26, ""playbook_playbook68.asl"": 26, ""playbook_playbook69.asl"": 26, ""playbook_playbook7.asl"": 26, ""playbook_playbook70.asl"": 26, ""playbook_playbook71.asl"": 26, ""playbook_playbook72.asl"": 26, ""playbook_playbook73.asl"": 26, ""playbook_playbook74.asl"": 26, ""playbook_playbook75.asl"": 26, ""playbook_playbook76.asl"": 26, ""playbook_playbook77.asl"": 26, ""playbook_playbook78.asl"": 26, ""playbook_playbook79.asl"": 26, ""playbook_playbook8.asl"": 26, ""playbook_playbook80.asl"": 26, ""playbook_playbook81.asl"": 26, ""playbook_playbook82.asl"": 26, ""playbook_playbook83.asl"": 26, ""playbook_playbook84.asl"": 26, ""playbook_playbook85.asl"": 26, ""playbook_playbook86.asl"": 26, ""playbook_playbook87.asl"": 26, ""playbook_playbook88.asl"": 26, ""playbook_playbook89.asl"": 26, ""playbook_playbook9.asl"": 26, ""playbook_playbook90.asl"": 26, ""playbook_playbook91.asl"": 26, ""playbook_playbook92.asl"": 26, ""playbook_playbook93.asl"": 26, ""playbook_playbook94.asl"": 26, ""playbook_playbook95.asl"": 26, ""playbook_playbook96.asl"": 26, ""playbook_playbook97.asl"": 26, ""playbook_playbook98.asl"": 26, ""playbook_playbook99.asl"": 26, ""director_mainplot.asl"": 257, ""role_mainplot_role0.asl"": 34, ""role_mainplot_role1.asl"": 34, ""role_mainplot_role2.asl"": 34, ""role_mainplot_role3.asl"": 34, ""role_mainplot_role4.asl"": 34, ""role_mainplot_role5.asl"": 34, ""role_mainplot_role6.asl"": 34, ""role_mainplot_role7.asl"": 34, ""role_mainplot_role8.asl"": 34, ""role_mainplot_role9.asl"": 34, ""role_mainplot_role10.asl"": 34, ""role_mainplot_role11.asl"": 34, ""role_mainplot_role12.asl"": 34, ""role_mainplot_role13.asl"": 34, ""role_mainplot_role14.asl"": 34, ""role_mainplot_role15.asl"": 34, ""role_mainplot_role16.asl"": 34, ""role_mainplot_role17.asl"": 34, ""role_mainplot_role18.asl"": 34, ""role_mainplot_role19.asl"": 34}",2.190092879256966,0.079828178999378,0.0015204170013021212,2.7979736328125,True,80,0
grid_roles_playbooks,234,Linux 7.2.3-arch1-2,x86_64,24,30.44,3.14.7,10,10,5,100,2,1,2,20,2,0,0,42,1615,31100,121,3537,"{""playbook_playbook0.asl"": 26, ""playbook_playbook1.asl"": 26, ""playbook_playbook10.asl"": 26, ""playbook_playbook11.asl"": 26, ""playbook_playbook12.asl"": 26, ""playbook_playbook13.asl"": 26, ""playbook_playbook14.asl"": 26, ""playbook_playbook15.asl"": 26, ""playbook_playbook16.asl"": 26, ""playbook_playbook17.asl"": 26, ""playbook_playbook18.asl"": 26, ""playbook_playbook19.asl"": 26, ""playbook_playbook2.asl"": 26, ""playbook_playbook20.asl"": 26, ""playbook_playbook21.asl"": 26, ""playbook_playbook22.asl"": 26, ""playbook_playbook23.asl"": 26, ""playbook_playbook24.asl"": 26, ""playbook_playbook25.asl"": 26, ""playbook_playbook26.asl"": 26, ""playbook_playbook27.asl"": 26, ""playbook_playbook28.asl"": 26, ""playbook_playbook29.asl"": 26, ""playbook_playbook3.asl"": 26, ""playbook_playbook30.asl"": 26, ""playbook_playbook31.asl"": 26, ""playbook_playbook32.asl"": 26, ""playbook_playbook33.asl"": 26, ""playbook_playbook34.asl"": 26, ""playbook_playbook35.asl"": 26, ""playbook_playbook36.asl"": 26, ""playbook_playbook37.asl"": 26, ""playbook_playbook38.asl"": 26, ""playbook_playbook39.asl"": 26, ""playbook_playbook4.asl"": 26, ""playbook_playbook40.asl"": 26, ""playbook_playbook41.asl"": 26, ""playbook_playbook42.asl"": 26, ""playbook_playbook43.asl"": 26, ""playbook_playbook44.asl"": 26, ""playbook_playbook45.asl"": 26, ""playbook_playbook46.asl"": 26, ""playbook_playbook47.asl"": 26, ""playbook_playbook48.asl"": 26, ""playbook_playbook49.asl"": 26, ""playbook_playbook5.asl"": 26, ""playbook_playbook50.asl"": 26, ""playbook_playbook51.asl"": 26, ""playbook_playbook52.asl"": 26, ""playbook_playbook53.asl"": 26, ""playbook_playbook54.asl"": 26, ""playbook_playbook55.asl"": 26, ""playbook_playbook56.asl"": 26, ""playbook_playbook57.asl"": 26, ""playbook_playbook58.asl"": 26, ""playbook_playbook59.asl"": 26, ""playbook_playbook6.asl"": 26, ""playbook_playbook60.asl"": 26, ""playbook_playbook61.asl"": 26, ""playbook_playbook62.asl"": 26, ""playbook_playbook63.asl"": 26, ""playbook_playbook64.asl"": 26, ""playbook_playbook65.asl"": 26, ""playbook_playbook66.asl"": 26, ""playbook_playbook67.asl"": 26, ""playbook_playbook68.asl"": 26, ""playbook_playbook69.asl"": 26, ""playbook_playbook7.asl"": 26, ""playbook_playbook70.asl"": 26, ""playbook_playbook71.asl"": 26, ""playbook_playbook72.asl"": 26, ""playbook_playbook73.asl"": 26, ""playbook_playbook74.asl"": 26, ""playbook_playbook75.asl"": 26, ""playbook_playbook76.asl"": 26, ""playbook_playbook77.asl"": 26, ""playbook_playbook78.asl"": 26, ""playbook_playbook79.asl"": 26, ""playbook_playbook8.asl"": 26, ""playbook_playbook80.asl"": 26, ""playbook_playbook81.asl"": 26, ""playbook_playbook82.asl"": 26, ""playbook_playbook83.asl"": 26, ""playbook_playbook84.asl"": 26, ""playbook_playbook85.asl"": 26, ""playbook_playbook86.asl"": 26, ""playbook_playbook87.asl"": 26, ""playbook_playbook88.asl"": 26, ""playbook_playbook89.asl"": 26, ""playbook_playbook9.asl"": 26, ""playbook_playbook90.asl"": 26, ""playbook_playbook91.asl"": 26, ""playbook_playbook92.asl"": 26, ""playbook_playbook93.asl"": 26, ""playbook_playbook94.asl"": 26, ""playbook_playbook95.asl"": 26, ""playbook_playbook96.asl"": 26, ""playbook_playbook97.asl"": 26, ""playbook_playbook98.asl"": 26, ""playbook_playbook99.asl"": 26, ""director_mainplot.asl"": 257, ""role_mainplot_role0.asl"": 34, ""role_mainplot_role1.asl"": 34, ""role_mainplot_role2.asl"": 34, ""role_mainplot_role3.asl"": 34, ""role_mainplot_role4.asl"": 34, ""role_mainplot_role5.asl"": 34, ""role_mainplot_role6.asl"": 34, ""role_mainplot_role7.asl"": 34, ""role_mainplot_role8.asl"": 34, ""role_mainplot_role9.asl"": 34, ""role_mainplot_role10.asl"": 34, ""role_mainplot_role11.asl"": 34, ""role_mainplot_role12.asl"": 34, ""role_mainplot_role13.asl"": 34, ""role_mainplot_role14.asl"": 34, ""role_mainplot_role15.asl"": 34, ""role_mainplot_role16.asl"": 34, ""role_mainplot_role17.asl"": 34, ""role_mainplot_role18.asl"": 34, ""role_mainplot_role19.asl"": 34}",2.190092879256966,0.06959990700124763,0.001506296999650658,2.7961196899414062,True,80,0
grid_roles_playbooks,235,Linux 7.2.3-arch1-2,x86_64,24,30.44,3.14.7,10,10,5,100,2,1,2,50,2,0,0,42,1825,38450,151,4737,"{""playbook_playbook0.asl"": 26, ""playbook_playbook1.asl"": 26, ""playbook_playbook10.asl"": 26, ""playbook_playbook11.asl"": 26, ""playbook_playbook12.asl"": 26, ""playbook_playbook13.asl"": 26, ""playbook_playbook14.asl"": 26, ""playbook_playbook15.asl"": 26, ""playbook_playbook16.asl"": 26, ""playbook_playbook17.asl"": 26, ""playbook_playbook18.asl"": 26, ""playbook_playbook19.asl"": 26, ""playbook_playbook2.asl"": 26, ""playbook_playbook20.asl"": 26, ""playbook_playbook21.asl"": 26, ""playbook_playbook22.asl"": 26, ""playbook_playbook23.asl"": 26, ""playbook_playbook24.asl"": 26, ""playbook_playbook25.asl"": 26, ""playbook_playbook26.asl"": 26, ""playbook_playbook27.asl"": 26, ""playbook_playbook28.asl"": 26, ""playbook_playbook29.asl"": 26, ""playbook_playbook3.asl"": 26, ""playbook_playbook30.asl"": 26, ""playbook_playbook31.asl"": 26, ""playbook_playbook32.asl"": 26, ""playbook_playbook33.asl"": 26, ""playbook_playbook34.asl"": 26, ""playbook_playbook35.asl"": 26, ""playbook_playbook36.asl"": 26, ""playbook_playbook37.asl"": 26, ""playbook_playbook38.asl"": 26, ""playbook_playbook39.asl"": 26, ""playbook_playbook4.asl"": 26, ""playbook_playbook40.asl"": 26, ""playbook_playbook41.asl"": 26, ""playbook_playbook42.asl"": 26, ""playbook_playbook43.asl"": 26, ""playbook_playbook44.asl"": 26, ""playbook_playbook45.asl"": 26, ""playbook_playbook46.asl"": 26, ""playbook_playbook47.asl"": 26, ""playbook_playbook48.asl"": 26, ""playbook_playbook49.asl"": 26, ""playbook_playbook5.asl"": 26, ""playbook_playbook50.asl"": 26, ""playbook_playbook51.asl"": 26, ""playbook_playbook52.asl"": 26, ""playbook_playbook53.asl"": 26, ""playbook_playbook54.asl"": 26, ""playbook_playbook55.asl"": 26, ""playbook_playbook56.asl"": 26, ""playbook_playbook57.asl"": 26, ""playbook_playbook58.asl"": 26, ""playbook_playbook59.asl"": 26, ""playbook_playbook6.asl"": 26, ""playbook_playbook60.asl"": 26, ""playbook_playbook61.asl"": 26, ""playbook_playbook62.asl"": 26, ""playbook_playbook63.asl"": 26, ""playbook_playbook64.asl"": 26, ""playbook_playbook65.asl"": 26, ""playbook_playbook66.asl"": 26, ""playbook_playbook67.asl"": 26, ""playbook_playbook68.asl"": 26, ""playbook_playbook69.asl"": 26, ""playbook_playbook7.asl"": 26, ""playbook_playbook70.asl"": 26, ""playbook_playbook71.asl"": 26, ""playbook_playbook72.asl"": 26, ""playbook_playbook73.asl"": 26, ""playbook_playbook74.asl"": 26, ""playbook_playbook75.asl"": 26, ""playbook_playbook76.asl"": 26, ""playbook_playbook77.asl"": 26, ""playbook_playbook78.asl"": 26, ""playbook_playbook79.asl"": 26, ""playbook_playbook8.asl"": 26, ""playbook_playbook80.asl"": 26, ""playbook_playbook81.asl"": 26, ""playbook_playbook82.asl"": 26, ""playbook_playbook83.asl"": 26, ""playbook_playbook84.asl"": 26, ""playbook_playbook85.asl"": 26, ""playbook_playbook86.asl"": 26, ""playbook_playbook87.asl"": 26, ""playbook_playbook88.asl"": 26, ""playbook_playbook89.asl"": 26, ""playbook_playbook9.asl"": 26, ""playbook_playbook90.asl"": 26, ""playbook_playbook91.asl"": 26, ""playbook_playbook92.asl"": 26, ""playbook_playbook93.asl"": 26, ""playbook_playbook94.asl"": 26, ""playbook_playbook95.asl"": 26, ""playbook_playbook96.asl"": 26, ""playbook_playbook97.asl"": 26, ""playbook_playbook98.asl"": 26, ""playbook_playbook99.asl"": 26, ""director_mainplot.asl"": 437, ""role_mainplot_role0.asl"": 34, ""role_mainplot_role1.asl"": 34, ""role_mainplot_role2.asl"": 34, ""role_mainplot_role3.asl"": 34, ""role_mainplot_role4.asl"": 34, ""role_mainplot_role5.asl"": 34, ""role_mainplot_role6.asl"": 34, ""role_mainplot_role7.asl"": 34, ""role_mainplot_role8.asl"": 34, ""role_mainplot_role9.asl"": 34, ""role_mainplot_role10.asl"": 34, ""role_mainplot_role11.asl"": 34, ""role_mainplot_role12.asl"": 34, ""role_mainplot_role13.asl"": 34, ""role_mainplot_role14.asl"": 34, ""role_mainplot_role15.asl"": 34, ""role_mainplot_role16.asl"": 34, ""role_mainplot_role17.asl"": 34, ""role_mainplot_role18.asl"": 34, ""role_mainplot_role19.asl"": 34, ""role_mainplot_role20.asl"": 34, ""role_mainplot_role21.asl"": 34, ""role_mainplot_role22.asl"": 34, ""role_mainplot_role23.asl"": 34, ""role_mainplot_role24.asl"": 34, ""role_mainplot_role25.asl"": 34, ""role_mainplot_role26.asl"": 34, ""role_mainplot_role27.asl"": 34, ""role_mainplot_role28.asl"": 34, ""role_mainplot_role29.asl"": 34, ""role_mainplot_role30.asl"": 34, ""role_mainplot_role31.asl"": 34, ""role_mainplot_role32.asl"": 34, ""role_mainplot_role33.asl"": 34, ""role_mainplot_role34.asl"": 34, ""role_mainplot_role35.asl"": 34, ""role_mainplot_role36.asl"": 34, ""role_mainplot_role37.asl"": 34, ""role_mainplot_role38.asl"": 34, ""role_mainplot_role39.asl"": 34, ""role_mainplot_role40.asl"": 34, ""role_mainplot_role41.asl"": 34, ""role_mainplot_role42.asl"": 34, ""role_mainplot_role43.asl"": 34, ""role_mainplot_role44.asl"": 34, ""role_mainplot_role45.asl"": 34, ""role_mainplot_role46.asl"": 34, ""role_mainplot_role47.asl"": 34, ""role_mainplot_role48.asl"": 34, ""role_mainplot_role49.asl"": 34}",2.5956164383561644,0.07939009000074293,0.0018910960006905952,3.163616180419922,True,50,0
grid_roles_playbooks,236,Linux 7.2.3-arch1-2,x86_64,24,30.44,3.14.7,10,10,5,100,2,1,2,50,2,0,0,42,1825,38450,151,4737,"{""playbook_playbook0.asl"": 26, ""playbook_playbook1.asl"": 26, ""playbook_playbook10.asl"": 26, ""playbook_playbook11.asl"": 26, ""playbook_playbook12.asl"": 26, ""playbook_playbook13.asl"": 26, ""playbook_playbook14.asl"": 26, ""playbook_playbook15.asl"": 26, ""playbook_playbook16.asl"": 26, ""playbook_playbook17.asl"": 26, ""playbook_playbook18.asl"": 26, ""playbook_playbook19.asl"": 26, ""playbook_playbook2.asl"": 26, ""playbook_playbook20.asl"": 26, ""playbook_playbook21.asl"": 26, ""playbook_playbook22.asl"": 26, ""playbook_playbook23.asl"": 26, ""playbook_playbook24.asl"": 26, ""playbook_playbook25.asl"": 26, ""playbook_playbook26.asl"": 26, ""playbook_playbook27.asl"": 26, ""playbook_playbook28.asl"": 26, ""playbook_playbook29.asl"": 26, ""playbook_playbook3.asl"": 26, ""playbook_playbook30.asl"": 26, ""playbook_playbook31.asl"": 26, ""playbook_playbook32.asl"": 26, ""playbook_playbook33.asl"": 26, ""playbook_playbook34.asl"": 26, ""playbook_playbook35.asl"": 26, ""playbook_playbook36.asl"": 26, ""playbook_playbook37.asl"": 26, ""playbook_playbook38.asl"": 26, ""playbook_playbook39.asl"": 26, ""playbook_playbook4.asl"": 26, ""playbook_playbook40.asl"": 26, ""playbook_playbook41.asl"": 26, ""playbook_playbook42.asl"": 26, ""playbook_playbook43.asl"": 26, ""playbook_playbook44.asl"": 26, ""playbook_playbook45.asl"": 26, ""playbook_playbook46.asl"": 26, ""playbook_playbook47.asl"": 26, ""playbook_playbook48.asl"": 26, ""playbook_playbook49.asl"": 26, ""playbook_playbook5.asl"": 26, ""playbook_playbook50.asl"": 26, ""playbook_playbook51.asl"": 26, ""playbook_playbook52.asl"": 26, ""playbook_playbook53.asl"": 26, ""playbook_playbook54.asl"": 26, ""playbook_playbook55.asl"": 26, ""playbook_playbook56.asl"": 26, ""playbook_playbook57.asl"": 26, ""playbook_playbook58.asl"": 26, ""playbook_playbook59.asl"": 26, ""playbook_playbook6.asl"": 26, ""playbook_playbook60.asl"": 26, ""playbook_playbook61.asl"": 26, ""playbook_playbook62.asl"": 26, ""playbook_playbook63.asl"": 26, ""playbook_playbook64.asl"": 26, ""playbook_playbook65.asl"": 26, ""playbook_playbook66.asl"": 26, ""playbook_playbook67.asl"": 26, ""playbook_playbook68.asl"": 26, ""playbook_playbook69.asl"": 26, ""playbook_playbook7.asl"": 26, ""playbook_playbook70.asl"": 26, ""playbook_playbook71.asl"": 26, ""playbook_playbook72.asl"": 26, ""playbook_playbook73.asl"": 26, ""playbook_playbook74.asl"": 26, ""playbook_playbook75.asl"": 26, ""playbook_playbook76.asl"": 26, ""playbook_playbook77.asl"": 26, ""playbook_playbook78.asl"": 26, ""playbook_playbook79.asl"": 26, ""playbook_playbook8.asl"": 26, ""playbook_playbook80.asl"": 26, ""playbook_playbook81.asl"": 26, ""playbook_playbook82.asl"": 26, ""playbook_playbook83.asl"": 26, ""playbook_playbook84.asl"": 26, ""playbook_playbook85.asl"": 26, ""playbook_playbook86.asl"": 26, ""playbook_playbook87.asl"": 26, ""playbook_playbook88.asl"": 26, ""playbook_playbook89.asl"": 26, ""playbook_playbook9.asl"": 26, ""playbook_playbook90.asl"": 26, ""playbook_playbook91.asl"": 26, ""playbook_playbook92.asl"": 26, ""playbook_playbook93.asl"": 26, ""playbook_playbook94.asl"": 26, ""playbook_playbook95.asl"": 26, ""playbook_playbook96.asl"": 26, ""playbook_playbook97.asl"": 26, ""playbook_playbook98.asl"": 26, ""playbook_playbook99.asl"": 26, ""director_mainplot.asl"": 437, ""role_mainplot_role0.asl"": 34, ""role_mainplot_role1.asl"": 34, ""role_mainplot_role2.asl"": 34, ""role_mainplot_role3.asl"": 34, ""role_mainplot_role4.asl"": 34, ""role_mainplot_role5.asl"": 34, ""role_mainplot_role6.asl"": 34, ""role_mainplot_role7.asl"": 34, ""role_mainplot_role8.asl"": 34, ""role_mainplot_role9.asl"": 34, ""role_mainplot_role10.asl"": 34, ""role_mainplot_role11.asl"": 34, ""role_mainplot_role12.asl"": 34, ""role_mainplot_role13.asl"": 34, ""role_mainplot_role14.asl"": 34, ""role_mainplot_role15.asl"": 34, ""role_mainplot_role16.asl"": 34, ""role_mainplot_role17.asl"": 34, ""role_mainplot_role18.asl"": 34, ""role_mainplot_role19.asl"": 34, ""role_mainplot_role20.asl"": 34, ""role_mainplot_role21.asl"": 34, ""role_mainplot_role22.asl"": 34, ""role_mainplot_role23.asl"": 34, ""role_mainplot_role24.asl"": 34, ""role_mainplot_role25.asl"": 34, ""role_mainplot_role26.asl"": 34, ""role_mainplot_role27.asl"": 34, ""role_mainplot_role28.asl"": 34, ""role_mainplot_role29.asl"": 34, ""role_mainplot_role30.asl"": 34, ""role_mainplot_role31.asl"": 34, ""role_mainplot_role32.asl"": 34, ""role_mainplot_role33.asl"": 34, ""role_mainplot_role34.asl"": 34, ""role_mainplot_role35.asl"": 34, ""role_mainplot_role36.asl"": 34, ""role_mainplot_role37.asl"": 34, ""role_mainplot_role38.asl"": 34, ""role_mainplot_role39.asl"": 34, ""role_mainplot_role40.asl"": 34, ""role_mainplot_role41.asl"": 34, ""role_mainplot_role42.asl"": 34, ""role_mainplot_role43.asl"": 34, ""role_mainplot_role44.asl"": 34, ""role_mainplot_role45.asl"": 34, ""role_mainplot_role46.asl"": 34, ""role_mainplot_role47.asl"": 34, ""role_mainplot_role48.asl"": 34, ""role_mainplot_role49.asl"": 34}",2.5956164383561644,0.0793444199989608,0.001876406000519637,3.163616180419922,True,50,0
grid_roles_playbooks,237,Linux 7.2.3-arch1-2,x86_64,24,30.44,3.14.7,10,10,5,100,2,1,2,50,2,0,0,42,1825,38450,151,4737,"{""playbook_playbook0.asl"": 26, ""playbook_playbook1.asl"": 26, ""playbook_playbook10.asl"": 26, ""playbook_playbook11.asl"": 26, ""playbook_playbook12.asl"": 26, ""playbook_playbook13.asl"": 26, ""playbook_playbook14.asl"": 26, ""playbook_playbook15.asl"": 26, ""playbook_playbook16.asl"": 26, ""playbook_playbook17.asl"": 26, ""playbook_playbook18.asl"": 26, ""playbook_playbook19.asl"": 26, ""playbook_playbook2.asl"": 26, ""playbook_playbook20.asl"": 26, ""playbook_playbook21.asl"": 26, ""playbook_playbook22.asl"": 26, ""playbook_playbook23.asl"": 26, ""playbook_playbook24.asl"": 26, ""playbook_playbook25.asl"": 26, ""playbook_playbook26.asl"": 26, ""playbook_playbook27.asl"": 26, ""playbook_playbook28.asl"": 26, ""playbook_playbook29.asl"": 26, ""playbook_playbook3.asl"": 26, ""playbook_playbook30.asl"": 26, ""playbook_playbook31.asl"": 26, ""playbook_playbook32.asl"": 26, ""playbook_playbook33.asl"": 26, ""playbook_playbook34.asl"": 26, ""playbook_playbook35.asl"": 26, ""playbook_playbook36.asl"": 26, ""playbook_playbook37.asl"": 26, ""playbook_playbook38.asl"": 26, ""playbook_playbook39.asl"": 26, ""playbook_playbook4.asl"": 26, ""playbook_playbook40.asl"": 26, ""playbook_playbook41.asl"": 26, ""playbook_playbook42.asl"": 26, ""playbook_playbook43.asl"": 26, ""playbook_playbook44.asl"": 26, ""playbook_playbook45.asl"": 26, ""playbook_playbook46.asl"": 26, ""playbook_playbook47.asl"": 26, ""playbook_playbook48.asl"": 26, ""playbook_playbook49.asl"": 26, ""playbook_playbook5.asl"": 26, ""playbook_playbook50.asl"": 26, ""playbook_playbook51.asl"": 26, ""playbook_playbook52.asl"": 26, ""playbook_playbook53.asl"": 26, ""playbook_playbook54.asl"": 26, ""playbook_playbook55.asl"": 26, ""playbook_playbook56.asl"": 26, ""playbook_playbook57.asl"": 26, ""playbook_playbook58.asl"": 26, ""playbook_playbook59.asl"": 26, ""playbook_playbook6.asl"": 26, ""playbook_playbook60.asl"": 26, ""playbook_playbook61.asl"": 26, ""playbook_playbook62.asl"": 26, ""playbook_playbook63.asl"": 26, ""playbook_playbook64.asl"": 26, ""playbook_playbook65.asl"": 26, ""playbook_playbook66.asl"": 26, ""playbook_playbook67.asl"": 26, ""playbook_playbook68.asl"": 26, ""playbook_playbook69.asl"": 26, ""playbook_playbook7.asl"": 26, ""playbook_playbook70.asl"": 26, ""playbook_playbook71.asl"": 26, ""playbook_playbook72.asl"": 26, ""playbook_playbook73.asl"": 26, ""playbook_playbook74.asl"": 26, ""playbook_playbook75.asl"": 26, ""playbook_playbook76.asl"": 26, ""playbook_playbook77.asl"": 26, ""playbook_playbook78.asl"": 26, ""playbook_playbook79.asl"": 26, ""playbook_playbook8.asl"": 26, ""playbook_playbook80.asl"": 26, ""playbook_playbook81.asl"": 26, ""playbook_playbook82.asl"": 26, ""playbook_playbook83.asl"": 26, ""playbook_playbook84.asl"": 26, ""playbook_playbook85.asl"": 26, ""playbook_playbook86.asl"": 26, ""playbook_playbook87.asl"": 26, ""playbook_playbook88.asl"": 26, ""playbook_playbook89.asl"": 26, ""playbook_playbook9.asl"": 26, ""playbook_playbook90.asl"": 26, ""playbook_playbook91.asl"": 26, ""playbook_playbook92.asl"": 26, ""playbook_playbook93.asl"": 26, ""playbook_playbook94.asl"": 26, ""playbook_playbook95.asl"": 26, ""playbook_playbook96.asl"": 26, ""playbook_playbook97.asl"": 26, ""playbook_playbook98.asl"": 26, ""playbook_playbook99.asl"": 26, ""director_mainplot.asl"": 437, ""role_mainplot_role0.asl"": 34, ""role_mainplot_role1.asl"": 34, ""role_mainplot_role2.asl"": 34, ""role_mainplot_role3.asl"": 34, ""role_mainplot_role4.asl"": 34, ""role_mainplot_role5.asl"": 34, ""role_mainplot_role6.asl"": 34, ""role_mainplot_role7.asl"": 34, ""role_mainplot_role8.asl"": 34, ""role_mainplot_role9.asl"": 34, ""role_mainplot_role10.asl"": 34, ""role_mainplot_role11.asl"": 34, ""role_mainplot_role12.asl"": 34, ""role_mainplot_role13.asl"": 34, ""role_mainplot_role14.asl"": 34, ""role_mainplot_role15.asl"": 34, ""role_mainplot_role16.asl"": 34, ""role_mainplot_role17.asl"": 34, ""role_mainplot_role18.asl"": 34, ""role_mainplot_role19.asl"": 34, ""role_mainplot_role20.asl"": 34, ""role_mainplot_role21.asl"": 34, ""role_mainplot_role22.asl"": 34, ""role_mainplot_role23.asl"": 34, ""role_mainplot_role24.asl"": 34, ""role_mainplot_role25.asl"": 34, ""role_mainplot_role26.asl"": 34, ""role_mainplot_role27.asl"": 34, ""role_mainplot_role28.asl"": 34, ""role_mainplot_role29.asl"": 34, ""role_mainplot_role30.asl"": 34, ""role_mainplot_role31.asl"": 34, ""role_mainplot_role32.asl"": 34, ""role_mainplot_role33.asl"": 34, ""role_mainplot_role34.asl"": 34, ""role_mainplot_role35.asl"": 34, ""role_mainplot_role36.asl"": 34, ""role_mainplot_role37.asl"": 34, ""role_mainplot_role38.asl"": 34, ""role_mainplot_role39.asl"": 34, ""role_mainplot_role40.asl"": 34, ""role_mainplot_role41.asl"": 34, ""role_mainplot_role42.asl"": 34, ""role_mainplot_role43.asl"": 34, ""role_mainplot_role44.asl"": 34, ""role_mainplot_role45.asl"": 34, ""role_mainplot_role46.asl"": 34, ""role_mainplot_role47.asl"": 34, ""role_mainplot_role48.asl"": 34, ""role_mainplot_role49.asl"": 34}",2.5956164383561644,0.0807926680008677,0.0018853069996112026,3.163616180419922,True,50,0
grid_roles_playbooks,238,Linux 7.2.3-arch1-2,x86_64,24,30.44,3.14.7,10,10,5,100,2,1,2,50,2,0,0,42,1825,38450,151,4737,"{""playbook_playbook0.asl"": 26, ""playbook_playbook1.asl"": 26, ""playbook_playbook10.asl"": 26, ""playbook_playbook11.asl"": 26, ""playbook_playbook12.asl"": 26, ""playbook_playbook13.asl"": 26, ""playbook_playbook14.asl"": 26, ""playbook_playbook15.asl"": 26, ""playbook_playbook16.asl"": 26, ""playbook_playbook17.asl"": 26, ""playbook_playbook18.asl"": 26, ""playbook_playbook19.asl"": 26, ""playbook_playbook2.asl"": 26, ""playbook_playbook20.asl"": 26, ""playbook_playbook21.asl"": 26, ""playbook_playbook22.asl"": 26, ""playbook_playbook23.asl"": 26, ""playbook_playbook24.asl"": 26, ""playbook_playbook25.asl"": 26, ""playbook_playbook26.asl"": 26, ""playbook_playbook27.asl"": 26, ""playbook_playbook28.asl"": 26, ""playbook_playbook29.asl"": 26, ""playbook_playbook3.asl"": 26, ""playbook_playbook30.asl"": 26, ""playbook_playbook31.asl"": 26, ""playbook_playbook32.asl"": 26, ""playbook_playbook33.asl"": 26, ""playbook_playbook34.asl"": 26, ""playbook_playbook35.asl"": 26, ""playbook_playbook36.asl"": 26, ""playbook_playbook37.asl"": 26, ""playbook_playbook38.asl"": 26, ""playbook_playbook39.asl"": 26, ""playbook_playbook4.asl"": 26, ""playbook_playbook40.asl"": 26, ""playbook_playbook41.asl"": 26, ""playbook_playbook42.asl"": 26, ""playbook_playbook43.asl"": 26, ""playbook_playbook44.asl"": 26, ""playbook_playbook45.asl"": 26, ""playbook_playbook46.asl"": 26, ""playbook_playbook47.asl"": 26, ""playbook_playbook48.asl"": 26, ""playbook_playbook49.asl"": 26, ""playbook_playbook5.asl"": 26, ""playbook_playbook50.asl"": 26, ""playbook_playbook51.asl"": 26, ""playbook_playbook52.asl"": 26, ""playbook_playbook53.asl"": 26, ""playbook_playbook54.asl"": 26, ""playbook_playbook55.asl"": 26, ""playbook_playbook56.asl"": 26, ""playbook_playbook57.asl"": 26, ""playbook_playbook58.asl"": 26, ""playbook_playbook59.asl"": 26, ""playbook_playbook6.asl"": 26, ""playbook_playbook60.asl"": 26, ""playbook_playbook61.asl"": 26, ""playbook_playbook62.asl"": 26, ""playbook_playbook63.asl"": 26, ""playbook_playbook64.asl"": 26, ""playbook_playbook65.asl"": 26, ""playbook_playbook66.asl"": 26, ""playbook_playbook67.asl"": 26, ""playbook_playbook68.asl"": 26, ""playbook_playbook69.asl"": 26, ""playbook_playbook7.asl"": 26, ""playbook_playbook70.asl"": 26, ""playbook_playbook71.asl"": 26, ""playbook_playbook72.asl"": 26, ""playbook_playbook73.asl"": 26, ""playbook_playbook74.asl"": 26, ""playbook_playbook75.asl"": 26, ""playbook_playbook76.asl"": 26, ""playbook_playbook77.asl"": 26, ""playbook_playbook78.asl"": 26, ""playbook_playbook79.asl"": 26, ""playbook_playbook8.asl"": 26, ""playbook_playbook80.asl"": 26, ""playbook_playbook81.asl"": 26, ""playbook_playbook82.asl"": 26, ""playbook_playbook83.asl"": 26, ""playbook_playbook84.asl"": 26, ""playbook_playbook85.asl"": 26, ""playbook_playbook86.asl"": 26, ""playbook_playbook87.asl"": 26, ""playbook_playbook88.asl"": 26, ""playbook_playbook89.asl"": 26, ""playbook_playbook9.asl"": 26, ""playbook_playbook90.asl"": 26, ""playbook_playbook91.asl"": 26, ""playbook_playbook92.asl"": 26, ""playbook_playbook93.asl"": 26, ""playbook_playbook94.asl"": 26, ""playbook_playbook95.asl"": 26, ""playbook_playbook96.asl"": 26, ""playbook_playbook97.asl"": 26, ""playbook_playbook98.asl"": 26, ""playbook_playbook99.asl"": 26, ""director_mainplot.asl"": 437, ""role_mainplot_role0.asl"": 34, ""role_mainplot_role1.asl"": 34, ""role_mainplot_role2.asl"": 34, ""role_mainplot_role3.asl"": 34, ""role_mainplot_role4.asl"": 34, ""role_mainplot_role5.asl"": 34, ""role_mainplot_role6.asl"": 34, ""role_mainplot_role7.asl"": 34, ""role_mainplot_role8.asl"": 34, ""role_mainplot_role9.asl"": 34, ""role_mainplot_role10.asl"": 34, ""role_mainplot_role11.asl"": 34, ""role_mainplot_role12.asl"": 34, ""role_mainplot_role13.asl"": 34, ""role_mainplot_role14.asl"": 34, ""role_mainplot_role15.asl"": 34, ""role_mainplot_role16.asl"": 34, ""role_mainplot_role17.asl"": 34, ""role_mainplot_role18.asl"": 34, ""role_mainplot_role19.asl"": 34, ""role_mainplot_role20.asl"": 34, ""role_mainplot_role21.asl"": 34, ""role_mainplot_role22.asl"": 34, ""role_mainplot_role23.asl"": 34, ""role_mainplot_role24.asl"": 34, ""role_mainplot_role25.asl"": 34, ""role_mainplot_role26.asl"": 34, ""role_mainplot_role27.asl"": 34, ""role_mainplot_role28.asl"": 34, ""role_mainplot_role29.asl"": 34, ""role_mainplot_role30.asl"": 34, ""role_mainplot_role31.asl"": 34, ""role_mainplot_role32.asl"": 34, ""role_mainplot_role33.asl"": 34, ""role_mainplot_role34.asl"": 34, ""role_mainplot_role35.asl"": 34, ""role_mainplot_role36.asl"": 34, ""role_mainplot_role37.asl"": 34, ""role_mainplot_role38.asl"": 34, ""role_mainplot_role39.asl"": 34, ""role_mainplot_role40.asl"": 34, ""role_mainplot_role41.asl"": 34, ""role_mainplot_role42.asl"": 34, ""role_mainplot_role43.asl"": 34, ""role_mainplot_role44.asl"": 34, ""role_mainplot_role45.asl"": 34, ""role_mainplot_role46.asl"": 34, ""role_mainplot_role47.asl"": 34, ""role_mainplot_role48.asl"": 34, ""role_mainplot_role49.asl"": 34}",2.5956164383561644,0.08141202699880523,0.0018719370000326307,3.163616180419922,True,50,0
grid_roles_playbooks,239,Linux 7.2.3-arch1-2,x86_64,24,30.44,3.14.7,10,10,5,100,2,1,2,50,2,0,0,42,1825,38450,151,4737,"{""playbook_playbook0.asl"": 26, ""playbook_playbook1.asl"": 26, ""playbook_playbook10.asl"": 26, ""playbook_playbook11.asl"": 26, ""playbook_playbook12.asl"": 26, ""playbook_playbook13.asl"": 26, ""playbook_playbook14.asl"": 26, ""playbook_playbook15.asl"": 26, ""playbook_playbook16.asl"": 26, ""playbook_playbook17.asl"": 26, ""playbook_playbook18.asl"": 26, ""playbook_playbook19.asl"": 26, ""playbook_playbook2.asl"": 26, ""playbook_playbook20.asl"": 26, ""playbook_playbook21.asl"": 26, ""playbook_playbook22.asl"": 26, ""playbook_playbook23.asl"": 26, ""playbook_playbook24.asl"": 26, ""playbook_playbook25.asl"": 26, ""playbook_playbook26.asl"": 26, ""playbook_playbook27.asl"": 26, ""playbook_playbook28.asl"": 26, ""playbook_playbook29.asl"": 26, ""playbook_playbook3.asl"": 26, ""playbook_playbook30.asl"": 26, ""playbook_playbook31.asl"": 26, ""playbook_playbook32.asl"": 26, ""playbook_playbook33.asl"": 26, ""playbook_playbook34.asl"": 26, ""playbook_playbook35.asl"": 26, ""playbook_playbook36.asl"": 26, ""playbook_playbook37.asl"": 26, ""playbook_playbook38.asl"": 26, ""playbook_playbook39.asl"": 26, ""playbook_playbook4.asl"": 26, ""playbook_playbook40.asl"": 26, ""playbook_playbook41.asl"": 26, ""playbook_playbook42.asl"": 26, ""playbook_playbook43.asl"": 26, ""playbook_playbook44.asl"": 26, ""playbook_playbook45.asl"": 26, ""playbook_playbook46.asl"": 26, ""playbook_playbook47.asl"": 26, ""playbook_playbook48.asl"": 26, ""playbook_playbook49.asl"": 26, ""playbook_playbook5.asl"": 26, ""playbook_playbook50.asl"": 26, ""playbook_playbook51.asl"": 26, ""playbook_playbook52.asl"": 26, ""playbook_playbook53.asl"": 26, ""playbook_playbook54.asl"": 26, ""playbook_playbook55.asl"": 26, ""playbook_playbook56.asl"": 26, ""playbook_playbook57.asl"": 26, ""playbook_playbook58.asl"": 26, ""playbook_playbook59.asl"": 26, ""playbook_playbook6.asl"": 26, ""playbook_playbook60.asl"": 26, ""playbook_playbook61.asl"": 26, ""playbook_playbook62.asl"": 26, ""playbook_playbook63.asl"": 26, ""playbook_playbook64.asl"": 26, ""playbook_playbook65.asl"": 26, ""playbook_playbook66.asl"": 26, ""playbook_playbook67.asl"": 26, ""playbook_playbook68.asl"": 26, ""playbook_playbook69.asl"": 26, ""playbook_playbook7.asl"": 26, ""playbook_playbook70.asl"": 26, ""playbook_playbook71.asl"": 26, ""playbook_playbook72.asl"": 26, ""playbook_playbook73.asl"": 26, ""playbook_playbook74.asl"": 26, ""playbook_playbook75.asl"": 26, ""playbook_playbook76.asl"": 26, ""playbook_playbook77.asl"": 26, ""playbook_playbook78.asl"": 26, ""playbook_playbook79.asl"": 26, ""playbook_playbook8.asl"": 26, ""playbook_playbook80.asl"": 26, ""playbook_playbook81.asl"": 26, ""playbook_playbook82.asl"": 26, ""playbook_playbook83.asl"": 26, ""playbook_playbook84.asl"": 26, ""playbook_playbook85.asl"": 26, ""playbook_playbook86.asl"": 26, ""playbook_playbook87.asl"": 26, ""playbook_playbook88.asl"": 26, ""playbook_playbook89.asl"": 26, ""playbook_playbook9.asl"": 26, ""playbook_playbook90.asl"": 26, ""playbook_playbook91.asl"": 26, ""playbook_playbook92.asl"": 26, ""playbook_playbook93.asl"": 26, ""playbook_playbook94.asl"": 26, ""playbook_playbook95.asl"": 26, ""playbook_playbook96.asl"": 26, ""playbook_playbook97.asl"": 26, ""playbook_playbook98.asl"": 26, ""playbook_playbook99.asl"": 26, ""director_mainplot.asl"": 437, ""role_mainplot_role0.asl"": 34, ""role_mainplot_role1.asl"": 34, ""role_mainplot_role2.asl"": 34, ""role_mainplot_role3.asl"": 34, ""role_mainplot_role4.asl"": 34, ""role_mainplot_role5.asl"": 34, ""role_mainplot_role6.asl"": 34, ""role_mainplot_role7.asl"": 34, ""role_mainplot_role8.asl"": 34, ""role_mainplot_role9.asl"": 34, ""role_mainplot_role10.asl"": 34, ""role_mainplot_role11.asl"": 34, ""role_mainplot_role12.asl"": 34, ""role_mainplot_role13.asl"": 34, ""role_mainplot_role14.asl"": 34, ""role_mainplot_role15.asl"": 34, ""role_mainplot_role16.asl"": 34, ""role_mainplot_role17.asl"": 34, ""role_mainplot_role18.asl"": 34, ""role_mainplot_role19.asl"": 34, ""role_mainplot_role20.asl"": 34, ""role_mainplot_role21.asl"": 34, ""role_mainplot_role22.asl"": 34, ""role_mainplot_role23.asl"": 34, ""role_mainplot_role24.asl"": 34, ""role_mainplot_role25.asl"": 34, ""role_mainplot_role26.asl"": 34, ""role_mainplot_role27.asl"": 34, ""role_mainplot_role28.asl"": 34, ""role_mainplot_role29.asl"": 34, ""role_mainplot_role30.asl"": 34, ""role_mainplot_role31.asl"": 34, ""role_mainplot_role32.asl"": 34, ""role_mainplot_role33.asl"": 34, ""role_mainplot_role34.asl"": 34, ""role_mainplot_role35.asl"": 34, ""role_mainplot_role36.asl"": 34, ""role_mainplot_role37.asl"": 34, ""role_mainplot_role38.asl"": 34, ""role_mainplot_role39.asl"": 34, ""role_mainplot_role40.asl"": 34, ""role_mainplot_role41.asl"": 34, ""role_mainplot_role42.asl"": 34, ""role_mainplot_role43.asl"": 34, ""role_mainplot_role44.asl"": 34, ""role_mainplot_role45.asl"": 34, ""role_mainplot_role46.asl"": 34, ""role_mainplot_role47.asl"": 34, ""role_mainplot_role48.asl"": 34, ""role_mainplot_role49.asl"": 34}",2.5956164383561644,0.0792788799990376,0.0019361659997230163,3.163616180419922,True,50,0
grid_roles_playbooks,240,Linux 7.2.3-arch1-2,x86_64,24,30.44,3.14.7,10,10,5,100,2,1,2,100,2,0,0,42,2175,50701,201,6737,"{""playbook_playbook0.asl"": 26, ""playbook_playbook1.asl"": 26, ""playbook_playbook10.asl"": 26, ""playbook_playbook11.asl"": 26, ""playbook_playbook12.asl"": 26, ""playbook_playbook13.asl"": 26, ""playbook_playbook14.asl"": 26, ""playbook_playbook15.asl"": 26, ""playbook_playbook16.asl"": 26, ""playbook_playbook17.asl"": 26, ""playbook_playbook18.asl"": 26, ""playbook_playbook19.asl"": 26, ""playbook_playbook2.asl"": 26, ""playbook_playbook20.asl"": 26, ""playbook_playbook21.asl"": 26, ""playbook_playbook22.asl"": 26, ""playbook_playbook23.asl"": 26, ""playbook_playbook24.asl"": 26, ""playbook_playbook25.asl"": 26, ""playbook_playbook26.asl"": 26, ""playbook_playbook27.asl"": 26, ""playbook_playbook28.asl"": 26, ""playbook_playbook29.asl"": 26, ""playbook_playbook3.asl"": 26, ""playbook_playbook30.asl"": 26, ""playbook_playbook31.asl"": 26, ""playbook_playbook32.asl"": 26, ""playbook_playbook33.asl"": 26, ""playbook_playbook34.asl"": 26, ""playbook_playbook35.asl"": 26, ""playbook_playbook36.asl"": 26, ""playbook_playbook37.asl"": 26, ""playbook_playbook38.asl"": 26, ""playbook_playbook39.asl"": 26, ""playbook_playbook4.asl"": 26, ""playbook_playbook40.asl"": 26, ""playbook_playbook41.asl"": 26, ""playbook_playbook42.asl"": 26, ""playbook_playbook43.asl"": 26, ""playbook_playbook44.asl"": 26, ""playbook_playbook45.asl"": 26, ""playbook_playbook46.asl"": 26, ""playbook_playbook47.asl"": 26, ""playbook_playbook48.asl"": 26, ""playbook_playbook49.asl"": 26, ""playbook_playbook5.asl"": 26, ""playbook_playbook50.asl"": 26, ""playbook_playbook51.asl"": 26, ""playbook_playbook52.asl"": 26, ""playbook_playbook53.asl"": 26, ""playbook_playbook54.asl"": 26, ""playbook_playbook55.asl"": 26, ""playbook_playbook56.asl"": 26, ""playbook_playbook57.asl"": 26, ""playbook_playbook58.asl"": 26, ""playbook_playbook59.asl"": 26, ""playbook_playbook6.asl"": 26, ""playbook_playbook60.asl"": 26, ""playbook_playbook61.asl"": 26, ""playbook_playbook62.asl"": 26, ""playbook_playbook63.asl"": 26, ""playbook_playbook64.asl"": 26, ""playbook_playbook65.asl"": 26, ""playbook_playbook66.asl"": 26, ""playbook_playbook67.asl"": 26, ""playbook_playbook68.asl"": 26, ""playbook_playbook69.asl"": 26, ""playbook_playbook7.asl"": 26, ""playbook_playbook70.asl"": 26, ""playbook_playbook71.asl"": 26, ""playbook_playbook72.asl"": 26, ""playbook_playbook73.asl"": 26, ""playbook_playbook74.asl"": 26, ""playbook_playbook75.asl"": 26, ""playbook_playbook76.asl"": 26, ""playbook_playbook77.asl"": 26, ""playbook_playbook78.asl"": 26, ""playbook_playbook79.asl"": 26, ""playbook_playbook8.asl"": 26, ""playbook_playbook80.asl"": 26, ""playbook_playbook81.asl"": 26, ""playbook_playbook82.asl"": 26, ""playbook_playbook83.asl"": 26, ""playbook_playbook84.asl"": 26, ""playbook_playbook85.asl"": 26, ""playbook_playbook86.asl"": 26, ""playbook_playbook87.asl"": 26, ""playbook_playbook88.asl"": 26, ""playbook_playbook89.asl"": 26, ""playbook_playbook9.asl"": 26, ""playbook_playbook90.asl"": 26, ""playbook_playbook91.asl"": 26, ""playbook_playbook92.asl"": 26, ""playbook_playbook93.asl"": 26, ""playbook_playbook94.asl"": 26, ""playbook_playbook95.asl"": 26, ""playbook_playbook96.asl"": 26, ""playbook_playbook97.asl"": 26, ""playbook_playbook98.asl"": 26, ""playbook_playbook99.asl"": 26, ""director_mainplot.asl"": 737, ""role_mainplot_role0.asl"": 34, ""role_mainplot_role1.asl"": 34, ""role_mainplot_role2.asl"": 34, ""role_mainplot_role3.asl"": 34, ""role_mainplot_role4.asl"": 34, ""role_mainplot_role5.asl"": 34, ""role_mainplot_role6.asl"": 34, ""role_mainplot_role7.asl"": 34, ""role_mainplot_role8.asl"": 34, ""role_mainplot_role9.asl"": 34, ""role_mainplot_role10.asl"": 34, ""role_mainplot_role11.asl"": 34, ""role_mainplot_role12.asl"": 34, ""role_mainplot_role13.asl"": 34, ""role_mainplot_role14.asl"": 34, ""role_mainplot_role15.asl"": 34, ""role_mainplot_role16.asl"": 34, ""role_mainplot_role17.asl"": 34, ""role_mainplot_role18.asl"": 34, ""role_mainplot_role19.asl"": 34, ""role_mainplot_role20.asl"": 34, ""role_mainplot_role21.asl"": 34, ""role_mainplot_role22.asl"": 34, ""role_mainplot_role23.asl"": 34, ""role_mainplot_role24.asl"": 34, ""role_mainplot_role25.asl"": 34, ""role_mainplot_role26.asl"": 34, ""role_mainplot_role27.asl"": 34, ""role_mainplot_role28.asl"": 34, ""role_mainplot_role29.asl"": 34, ""role_mainplot_role30.asl"": 34, ""role_mainplot_role31.asl"": 34, ""role_mainplot_role32.asl"": 34, ""role_mainplot_role33.asl"": 34, ""role_mainplot_role34.asl"": 34, ""role_mainplot_role35.asl"": 34, ""role_mainplot_role36.asl"": 34, ""role_mainplot_role37.asl"": 34, ""role_mainplot_role38.asl"": 34, ""role_mainplot_role39.asl"": 34, ""role_mainplot_role40.asl"": 34, ""role_mainplot_role41.asl"": 34, ""role_mainplot_role42.asl"": 34, ""role_mainplot_role43.asl"": 34, ""role_mainplot_role44.asl"": 34, ""role_mainplot_role45.asl"": 34, ""role_mainplot_role46.asl"": 34, ""role_mainplot_role47.asl"": 34, ""role_mainplot_role48.asl"": 34, ""role_mainplot_role49.asl"": 34, ""role_mainplot_role50.asl"": 34, ""role_mainplot_role51.asl"": 34, ""role_mainplot_role52.asl"": 34, ""role_mainplot_role53.asl"": 34, ""role_mainplot_role54.asl"": 34, ""role_mainplot_role55.asl"": 34, ""role_mainplot_role56.asl"": 34, ""role_mainplot_role57.asl"": 34, ""role_mainplot_role58.asl"": 34, ""role_mainplot_role59.asl"": 34, ""role_mainplot_role60.asl"": 34, ""role_mainplot_role61.asl"": 34, ""role_mainplot_role62.asl"": 34, ""role_mainplot_role63.asl"": 34, ""role_mainplot_role64.asl"": 34, ""role_mainplot_role65.asl"": 34, ""role_mainplot_role66.asl"": 34, ""role_mainplot_role67.asl"": 34, ""role_mainplot_role68.asl"": 34, ""role_mainplot_role69.asl"": 34, ""role_mainplot_role70.asl"": 34, ""role_mainplot_role71.asl"": 34, ""role_mainplot_role72.asl"": 34, ""role_mainplot_role73.asl"": 34, ""role_mainplot_role74.asl"": 34, ""role_mainplot_role75.asl"": 34, ""role_mainplot_role76.asl"": 34, ""role_mainplot_role77.asl"": 34, ""role_mainplot_role78.asl"": 34, ""role_mainplot_role79.asl"": 34, ""role_mainplot_role80.asl"": 34, ""role_mainplot_role81.asl"": 34, ""role_mainplot_role82.asl"": 34, ""role_mainplot_role83.asl"": 34, ""role_mainplot_role84.asl"": 34, ""role_mainplot_role85.asl"": 34, ""role_mainplot_role86.asl"": 34, ""role_mainplot_role87.asl"": 34, ""role_mainplot_role88.asl"": 34, ""role_mainplot_role89.asl"": 34, ""role_mainplot_role90.asl"": 34, ""role_mainplot_role91.asl"": 34, ""role_mainplot_role92.asl"": 34, ""role_mainplot_role93.asl"": 34, ""role_mainplot_role94.asl"": 34, ""role_mainplot_role95.asl"": 34, ""role_mainplot_role96.asl"": 34, ""role_mainplot_role97.asl"": 34, ""role_mainplot_role98.asl"": 34, ""role_mainplot_role99.asl"": 34}",3.097471264367816,0.09573816099873511,0.0025090649996855063,3.7751245498657227,True,0,0
grid_roles_playbooks,241,Linux 7.2.3-arch1-2,x86_64,24,30.44,3.14.7,10,10,5,100,2,1,2,100,2,0,0,42,2175,50701,201,6737,"{""playbook_playbook0.asl"": 26, ""playbook_playbook1.asl"": 26, ""playbook_playbook10.asl"": 26, ""playbook_playbook11.asl"": 26, ""playbook_playbook12.asl"": 26, ""playbook_playbook13.asl"": 26, ""playbook_playbook14.asl"": 26, ""playbook_playbook15.asl"": 26, ""playbook_playbook16.asl"": 26, ""playbook_playbook17.asl"": 26, ""playbook_playbook18.asl"": 26, ""playbook_playbook19.asl"": 26, ""playbook_playbook2.asl"": 26, ""playbook_playbook20.asl"": 26, ""playbook_playbook21.asl"": 26, ""playbook_playbook22.asl"": 26, ""playbook_playbook23.asl"": 26, ""playbook_playbook24.asl"": 26, ""playbook_playbook25.asl"": 26, ""playbook_playbook26.asl"": 26, ""playbook_playbook27.asl"": 26, ""playbook_playbook28.asl"": 26, ""playbook_playbook29.asl"": 26, ""playbook_playbook3.asl"": 26, ""playbook_playbook30.asl"": 26, ""playbook_playbook31.asl"": 26, ""playbook_playbook32.asl"": 26, ""playbook_playbook33.asl"": 26, ""playbook_playbook34.asl"": 26, ""playbook_playbook35.asl"": 26, ""playbook_playbook36.asl"": 26, ""playbook_playbook37.asl"": 26, ""playbook_playbook38.asl"": 26, ""playbook_playbook39.asl"": 26, ""playbook_playbook4.asl"": 26, ""playbook_playbook40.asl"": 26, ""playbook_playbook41.asl"": 26, ""playbook_playbook42.asl"": 26, ""playbook_playbook43.asl"": 26, ""playbook_playbook44.asl"": 26, ""playbook_playbook45.asl"": 26, ""playbook_playbook46.asl"": 26, ""playbook_playbook47.asl"": 26, ""playbook_playbook48.asl"": 26, ""playbook_playbook49.asl"": 26, ""playbook_playbook5.asl"": 26, ""playbook_playbook50.asl"": 26, ""playbook_playbook51.asl"": 26, ""playbook_playbook52.asl"": 26, ""playbook_playbook53.asl"": 26, ""playbook_playbook54.asl"": 26, ""playbook_playbook55.asl"": 26, ""playbook_playbook56.asl"": 26, ""playbook_playbook57.asl"": 26, ""playbook_playbook58.asl"": 26, ""playbook_playbook59.asl"": 26, ""playbook_playbook6.asl"": 26, ""playbook_playbook60.asl"": 26, ""playbook_playbook61.asl"": 26, ""playbook_playbook62.asl"": 26, ""playbook_playbook63.asl"": 26, ""playbook_playbook64.asl"": 26, ""playbook_playbook65.asl"": 26, ""playbook_playbook66.asl"": 26, ""playbook_playbook67.asl"": 26, ""playbook_playbook68.asl"": 26, ""playbook_playbook69.asl"": 26, ""playbook_playbook7.asl"": 26, ""playbook_playbook70.asl"": 26, ""playbook_playbook71.asl"": 26, ""playbook_playbook72.asl"": 26, ""playbook_playbook73.asl"": 26, ""playbook_playbook74.asl"": 26, ""playbook_playbook75.asl"": 26, ""playbook_playbook76.asl"": 26, ""playbook_playbook77.asl"": 26, ""playbook_playbook78.asl"": 26, ""playbook_playbook79.asl"": 26, ""playbook_playbook8.asl"": 26, ""playbook_playbook80.asl"": 26, ""playbook_playbook81.asl"": 26, ""playbook_playbook82.asl"": 26, ""playbook_playbook83.asl"": 26, ""playbook_playbook84.asl"": 26, ""playbook_playbook85.asl"": 26, ""playbook_playbook86.asl"": 26, ""playbook_playbook87.asl"": 26, ""playbook_playbook88.asl"": 26, ""playbook_playbook89.asl"": 26, ""playbook_playbook9.asl"": 26, ""playbook_playbook90.asl"": 26, ""playbook_playbook91.asl"": 26, ""playbook_playbook92.asl"": 26, ""playbook_playbook93.asl"": 26, ""playbook_playbook94.asl"": 26, ""playbook_playbook95.asl"": 26, ""playbook_playbook96.asl"": 26, ""playbook_playbook97.asl"": 26, ""playbook_playbook98.asl"": 26, ""playbook_playbook99.asl"": 26, ""director_mainplot.asl"": 737, ""role_mainplot_role0.asl"": 34, ""role_mainplot_role1.asl"": 34, ""role_mainplot_role2.asl"": 34, ""role_mainplot_role3.asl"": 34, ""role_mainplot_role4.asl"": 34, ""role_mainplot_role5.asl"": 34, ""role_mainplot_role6.asl"": 34, ""role_mainplot_role7.asl"": 34, ""role_mainplot_role8.asl"": 34, ""role_mainplot_role9.asl"": 34, ""role_mainplot_role10.asl"": 34, ""role_mainplot_role11.asl"": 34, ""role_mainplot_role12.asl"": 34, ""role_mainplot_role13.asl"": 34, ""role_mainplot_role14.asl"": 34, ""role_mainplot_role15.asl"": 34, ""role_mainplot_role16.asl"": 34, ""role_mainplot_role17.asl"": 34, ""role_mainplot_role18.asl"": 34, ""role_mainplot_role19.asl"": 34, ""role_mainplot_role20.asl"": 34, ""role_mainplot_role21.asl"": 34, ""role_mainplot_role22.asl"": 34, ""role_mainplot_role23.asl"": 34, ""role_mainplot_role24.asl"": 34, ""role_mainplot_role25.asl"": 34, ""role_mainplot_role26.asl"": 34, ""role_mainplot_role27.asl"": 34, ""role_mainplot_role28.asl"": 34, ""role_mainplot_role29.asl"": 34, ""role_mainplot_role30.asl"": 34, ""role_mainplot_role31.asl"": 34, ""role_mainplot_role32.asl"": 34, ""role_mainplot_role33.asl"": 34, ""role_mainplot_role34.asl"": 34, ""role_mainplot_role35.asl"": 34, ""role_mainplot_role36.asl"": 34, ""role_mainplot_role37.asl"": 34, ""role_mainplot_role38.asl"": 34, ""role_mainplot_role39.asl"": 34, ""role_mainplot_role40.asl"": 34, ""role_mainplot_role41.asl"": 34, ""role_mainplot_role42.asl"": 34, ""role_mainplot_role43.asl"": 34, ""role_mainplot_role44.asl"": 34, ""role_mainplot_role45.asl"": 34, ""role_mainplot_role46.asl"": 34, ""role_mainplot_role47.asl"": 34, ""role_mainplot_role48.asl"": 34, ""role_mainplot_role49.asl"": 34, ""role_mainplot_role50.asl"": 34, ""role_mainplot_role51.asl"": 34, ""role_mainplot_role52.asl"": 34, ""role_mainplot_role53.asl"": 34, ""role_mainplot_role54.asl"": 34, ""role_mainplot_role55.asl"": 34, ""role_mainplot_role56.asl"": 34, ""role_mainplot_role57.asl"": 34, ""role_mainplot_role58.asl"": 34, ""role_mainplot_role59.asl"": 34, ""role_mainplot_role60.asl"": 34, ""role_mainplot_role61.asl"": 34, ""role_mainplot_role62.asl"": 34, ""role_mainplot_role63.asl"": 34, ""role_mainplot_role64.asl"": 34, ""role_mainplot_role65.asl"": 34, ""role_mainplot_role66.asl"": 34, ""role_mainplot_role67.asl"": 34, ""role_mainplot_role68.asl"": 34, ""role_mainplot_role69.asl"": 34, ""role_mainplot_role70.asl"": 34, ""role_mainplot_role71.asl"": 34, ""role_mainplot_role72.asl"": 34, ""role_mainplot_role73.asl"": 34, ""role_mainplot_role74.asl"": 34, ""role_mainplot_role75.asl"": 34, ""role_mainplot_role76.asl"": 34, ""role_mainplot_role77.asl"": 34, ""role_mainplot_role78.asl"": 34, ""role_mainplot_role79.asl"": 34, ""role_mainplot_role80.asl"": 34, ""role_mainplot_role81.asl"": 34, ""role_mainplot_role82.asl"": 34, ""role_mainplot_role83.asl"": 34, ""role_mainplot_role84.asl"": 34, ""role_mainplot_role85.asl"": 34, ""role_mainplot_role86.asl"": 34, ""role_mainplot_role87.asl"": 34, ""role_mainplot_role88.asl"": 34, ""role_mainplot_role89.asl"": 34, ""role_mainplot_role90.asl"": 34, ""role_mainplot_role91.asl"": 34, ""role_mainplot_role92.asl"": 34, ""role_mainplot_role93.asl"": 34, ""role_mainplot_role94.asl"": 34, ""role_mainplot_role95.asl"": 34, ""role_mainplot_role96.asl"": 34, ""role_mainplot_role97.asl"": 34, ""role_mainplot_role98.asl"": 34, ""role_mainplot_role99.asl"": 34}",3.097471264367816,0.09585419100039871,0.0025137760003417498,3.7751245498657227,True,0,0
grid_roles_playbooks,242,Linux 7.2.3-arch1-2,x86_64,24,30.44,3.14.7,10,10,5,100,2,1,2,100,2,0,0,42,2175,50701,201,6737,"{""playbook_playbook0.asl"": 26, ""playbook_playbook1.asl"": 26, ""playbook_playbook10.asl"": 26, ""playbook_playbook11.asl"": 26, ""playbook_playbook12.asl"": 26, ""playbook_playbook13.asl"": 26, ""playbook_playbook14.asl"": 26, ""playbook_playbook15.asl"": 26, ""playbook_playbook16.asl"": 26, ""playbook_playbook17.asl"": 26, ""playbook_playbook18.asl"": 26, ""playbook_playbook19.asl"": 26, ""playbook_playbook2.asl"": 26, ""playbook_playbook20.asl"": 26, ""playbook_playbook21.asl"": 26, ""playbook_playbook22.asl"": 26, ""playbook_playbook23.asl"": 26, ""playbook_playbook24.asl"": 26, ""playbook_playbook25.asl"": 26, ""playbook_playbook26.asl"": 26, ""playbook_playbook27.asl"": 26, ""playbook_playbook28.asl"": 26, ""playbook_playbook29.asl"": 26, ""playbook_playbook3.asl"": 26, ""playbook_playbook30.asl"": 26, ""playbook_playbook31.asl"": 26, ""playbook_playbook32.asl"": 26, ""playbook_playbook33.asl"": 26, ""playbook_playbook34.asl"": 26, ""playbook_playbook35.asl"": 26, ""playbook_playbook36.asl"": 26, ""playbook_playbook37.asl"": 26, ""playbook_playbook38.asl"": 26, ""playbook_playbook39.asl"": 26, ""playbook_playbook4.asl"": 26, ""playbook_playbook40.asl"": 26, ""playbook_playbook41.asl"": 26, ""playbook_playbook42.asl"": 26, ""playbook_playbook43.asl"": 26, ""playbook_playbook44.asl"": 26, ""playbook_playbook45.asl"": 26, ""playbook_playbook46.asl"": 26, ""playbook_playbook47.asl"": 26, ""playbook_playbook48.asl"": 26, ""playbook_playbook49.asl"": 26, ""playbook_playbook5.asl"": 26, ""playbook_playbook50.asl"": 26, ""playbook_playbook51.asl"": 26, ""playbook_playbook52.asl"": 26, ""playbook_playbook53.asl"": 26, ""playbook_playbook54.asl"": 26, ""playbook_playbook55.asl"": 26, ""playbook_playbook56.asl"": 26, ""playbook_playbook57.asl"": 26, ""playbook_playbook58.asl"": 26, ""playbook_playbook59.asl"": 26, ""playbook_playbook6.asl"": 26, ""playbook_playbook60.asl"": 26, ""playbook_playbook61.asl"": 26, ""playbook_playbook62.asl"": 26, ""playbook_playbook63.asl"": 26, ""playbook_playbook64.asl"": 26, ""playbook_playbook65.asl"": 26, ""playbook_playbook66.asl"": 26, ""playbook_playbook67.asl"": 26, ""playbook_playbook68.asl"": 26, ""playbook_playbook69.asl"": 26, ""playbook_playbook7.asl"": 26, ""playbook_playbook70.asl"": 26, ""playbook_playbook71.asl"": 26, ""playbook_playbook72.asl"": 26, ""playbook_playbook73.asl"": 26, ""playbook_playbook74.asl"": 26, ""playbook_playbook75.asl"": 26, ""playbook_playbook76.asl"": 26, ""playbook_playbook77.asl"": 26, ""playbook_playbook78.asl"": 26, ""playbook_playbook79.asl"": 26, ""playbook_playbook8.asl"": 26, ""playbook_playbook80.asl"": 26, ""playbook_playbook81.asl"": 26, ""playbook_playbook82.asl"": 26, ""playbook_playbook83.asl"": 26, ""playbook_playbook84.asl"": 26, ""playbook_playbook85.asl"": 26, ""playbook_playbook86.asl"": 26, ""playbook_playbook87.asl"": 26, ""playbook_playbook88.asl"": 26, ""playbook_playbook89.asl"": 26, ""playbook_playbook9.asl"": 26, ""playbook_playbook90.asl"": 26, ""playbook_playbook91.asl"": 26, ""playbook_playbook92.asl"": 26, ""playbook_playbook93.asl"": 26, ""playbook_playbook94.asl"": 26, ""playbook_playbook95.asl"": 26, ""playbook_playbook96.asl"": 26, ""playbook_playbook97.asl"": 26, ""playbook_playbook98.asl"": 26, ""playbook_playbook99.asl"": 26, ""director_mainplot.asl"": 737, ""role_mainplot_role0.asl"": 34, ""role_mainplot_role1.asl"": 34, ""role_mainplot_role2.asl"": 34, ""role_mainplot_role3.asl"": 34, ""role_mainplot_role4.asl"": 34, ""role_mainplot_role5.asl"": 34, ""role_mainplot_role6.asl"": 34, ""role_mainplot_role7.asl"": 34, ""role_mainplot_role8.asl"": 34, ""role_mainplot_role9.asl"": 34, ""role_mainplot_role10.asl"": 34, ""role_mainplot_role11.asl"": 34, ""role_mainplot_role12.asl"": 34, ""role_mainplot_role13.asl"": 34, ""role_mainplot_role14.asl"": 34, ""role_mainplot_role15.asl"": 34, ""role_mainplot_role16.asl"": 34, ""role_mainplot_role17.asl"": 34, ""role_mainplot_role18.asl"": 34, ""role_mainplot_role19.asl"": 34, ""role_mainplot_role20.asl"": 34, ""role_mainplot_role21.asl"": 34, ""role_mainplot_role22.asl"": 34, ""role_mainplot_role23.asl"": 34, ""role_mainplot_role24.asl"": 34, ""role_mainplot_role25.asl"": 34, ""role_mainplot_role26.asl"": 34, ""role_mainplot_role27.asl"": 34, ""role_mainplot_role28.asl"": 34, ""role_mainplot_role29.asl"": 34, ""role_mainplot_role30.asl"": 34, ""role_mainplot_role31.asl"": 34, ""role_mainplot_role32.asl"": 34, ""role_mainplot_role33.asl"": 34, ""role_mainplot_role34.asl"": 34, ""role_mainplot_role35.asl"": 34, ""role_mainplot_role36.asl"": 34, ""role_mainplot_role37.asl"": 34, ""role_mainplot_role38.asl"": 34, ""role_mainplot_role39.asl"": 34, ""role_mainplot_role40.asl"": 34, ""role_mainplot_role41.asl"": 34, ""role_mainplot_role42.asl"": 34, ""role_mainplot_role43.asl"": 34, ""role_mainplot_role44.asl"": 34, ""role_mainplot_role45.asl"": 34, ""role_mainplot_role46.asl"": 34, ""role_mainplot_role47.asl"": 34, ""role_mainplot_role48.asl"": 34, ""role_mainplot_role49.asl"": 34, ""role_mainplot_role50.asl"": 34, ""role_mainplot_role51.asl"": 34, ""role_mainplot_role52.asl"": 34, ""role_mainplot_role53.asl"": 34, ""role_mainplot_role54.asl"": 34, ""role_mainplot_role55.asl"": 34, ""role_mainplot_role56.asl"": 34, ""role_mainplot_role57.asl"": 34, ""role_mainplot_role58.asl"": 34, ""role_mainplot_role59.asl"": 34, ""role_mainplot_role60.asl"": 34, ""role_mainplot_role61.asl"": 34, ""role_mainplot_role62.asl"": 34, ""role_mainplot_role63.asl"": 34, ""role_mainplot_role64.asl"": 34, ""role_mainplot_role65.asl"": 34, ""role_mainplot_role66.asl"": 34, ""role_mainplot_role67.asl"": 34, ""role_mainplot_role68.asl"": 34, ""role_mainplot_role69.asl"": 34, ""role_mainplot_role70.asl"": 34, ""role_mainplot_role71.asl"": 34, ""role_mainplot_role72.asl"": 34, ""role_mainplot_role73.asl"": 34, ""role_mainplot_role74.asl"": 34, ""role_mainplot_role75.asl"": 34, ""role_mainplot_role76.asl"": 34, ""role_mainplot_role77.asl"": 34, ""role_mainplot_role78.asl"": 34, ""role_mainplot_role79.asl"": 34, ""role_mainplot_role80.asl"": 34, ""role_mainplot_role81.asl"": 34, ""role_mainplot_role82.asl"": 34, ""role_mainplot_role83.asl"": 34, ""role_mainplot_role84.asl"": 34, ""role_mainplot_role85.asl"": 34, ""role_mainplot_role86.asl"": 34, ""role_mainplot_role87.asl"": 34, ""role_mainplot_role88.asl"": 34, ""role_mainplot_role89.asl"": 34, ""role_mainplot_role90.asl"": 34, ""role_mainplot_role91.asl"": 34, ""role_mainplot_role92.asl"": 34, ""role_mainplot_role93.asl"": 34, ""role_mainplot_role94.asl"": 34, ""role_mainplot_role95.asl"": 34, ""role_mainplot_role96.asl"": 34, ""role_mainplot_role97.asl"": 34, ""role_mainplot_role98.asl"": 34, ""role_mainplot_role99.asl"": 34}",3.097471264367816,0.09626451000076486,0.002473705000738846,3.7751245498657227,True,0,0
grid_roles_playbooks,243,Linux 7.2.3-arch1-2,x86_64,24,30.44,3.14.7,10,10,5,100,2,1,2,100,2,0,0,42,2175,50701,201,6737,"{""playbook_playbook0.asl"": 26, ""playbook_playbook1.asl"": 26, ""playbook_playbook10.asl"": 26, ""playbook_playbook11.asl"": 26, ""playbook_playbook12.asl"": 26, ""playbook_playbook13.asl"": 26, ""playbook_playbook14.asl"": 26, ""playbook_playbook15.asl"": 26, ""playbook_playbook16.asl"": 26, ""playbook_playbook17.asl"": 26, ""playbook_playbook18.asl"": 26, ""playbook_playbook19.asl"": 26, ""playbook_playbook2.asl"": 26, ""playbook_playbook20.asl"": 26, ""playbook_playbook21.asl"": 26, ""playbook_playbook22.asl"": 26, ""playbook_playbook23.asl"": 26, ""playbook_playbook24.asl"": 26, ""playbook_playbook25.asl"": 26, ""playbook_playbook26.asl"": 26, ""playbook_playbook27.asl"": 26, ""playbook_playbook28.asl"": 26, ""playbook_playbook29.asl"": 26, ""playbook_playbook3.asl"": 26, ""playbook_playbook30.asl"": 26, ""playbook_playbook31.asl"": 26, ""playbook_playbook32.asl"": 26, ""playbook_playbook33.asl"": 26, ""playbook_playbook34.asl"": 26, ""playbook_playbook35.asl"": 26, ""playbook_playbook36.asl"": 26, ""playbook_playbook37.asl"": 26, ""playbook_playbook38.asl"": 26, ""playbook_playbook39.asl"": 26, ""playbook_playbook4.asl"": 26, ""playbook_playbook40.asl"": 26, ""playbook_playbook41.asl"": 26, ""playbook_playbook42.asl"": 26, ""playbook_playbook43.asl"": 26, ""playbook_playbook44.asl"": 26, ""playbook_playbook45.asl"": 26, ""playbook_playbook46.asl"": 26, ""playbook_playbook47.asl"": 26, ""playbook_playbook48.asl"": 26, ""playbook_playbook49.asl"": 26, ""playbook_playbook5.asl"": 26, ""playbook_playbook50.asl"": 26, ""playbook_playbook51.asl"": 26, ""playbook_playbook52.asl"": 26, ""playbook_playbook53.asl"": 26, ""playbook_playbook54.asl"": 26, ""playbook_playbook55.asl"": 26, ""playbook_playbook56.asl"": 26, ""playbook_playbook57.asl"": 26, ""playbook_playbook58.asl"": 26, ""playbook_playbook59.asl"": 26, ""playbook_playbook6.asl"": 26, ""playbook_playbook60.asl"": 26, ""playbook_playbook61.asl"": 26, ""playbook_playbook62.asl"": 26, ""playbook_playbook63.asl"": 26, ""playbook_playbook64.asl"": 26, ""playbook_playbook65.asl"": 26, ""playbook_playbook66.asl"": 26, ""playbook_playbook67.asl"": 26, ""playbook_playbook68.asl"": 26, ""playbook_playbook69.asl"": 26, ""playbook_playbook7.asl"": 26, ""playbook_playbook70.asl"": 26, ""playbook_playbook71.asl"": 26, ""playbook_playbook72.asl"": 26, ""playbook_playbook73.asl"": 26, ""playbook_playbook74.asl"": 26, ""playbook_playbook75.asl"": 26, ""playbook_playbook76.asl"": 26, ""playbook_playbook77.asl"": 26, ""playbook_playbook78.asl"": 26, ""playbook_playbook79.asl"": 26, ""playbook_playbook8.asl"": 26, ""playbook_playbook80.asl"": 26, ""playbook_playbook81.asl"": 26, ""playbook_playbook82.asl"": 26, ""playbook_playbook83.asl"": 26, ""playbook_playbook84.asl"": 26, ""playbook_playbook85.asl"": 26, ""playbook_playbook86.asl"": 26, ""playbook_playbook87.asl"": 26, ""playbook_playbook88.asl"": 26, ""playbook_playbook89.asl"": 26, ""playbook_playbook9.asl"": 26, ""playbook_playbook90.asl"": 26, ""playbook_playbook91.asl"": 26, ""playbook_playbook92.asl"": 26, ""playbook_playbook93.asl"": 26, ""playbook_playbook94.asl"": 26, ""playbook_playbook95.asl"": 26, ""playbook_playbook96.asl"": 26, ""playbook_playbook97.asl"": 26, ""playbook_playbook98.asl"": 26, ""playbook_playbook99.asl"": 26, ""director_mainplot.asl"": 737, ""role_mainplot_role0.asl"": 34, ""role_mainplot_role1.asl"": 34, ""role_mainplot_role2.asl"": 34, ""role_mainplot_role3.asl"": 34, ""role_mainplot_role4.asl"": 34, ""role_mainplot_role5.asl"": 34, ""role_mainplot_role6.asl"": 34, ""role_mainplot_role7.asl"": 34, ""role_mainplot_role8.asl"": 34, ""role_mainplot_role9.asl"": 34, ""role_mainplot_role10.asl"": 34, ""role_mainplot_role11.asl"": 34, ""role_mainplot_role12.asl"": 34, ""role_mainplot_role13.asl"": 34, ""role_mainplot_role14.asl"": 34, ""role_mainplot_role15.asl"": 34, ""role_mainplot_role16.asl"": 34, ""role_mainplot_role17.asl"": 34, ""role_mainplot_role18.asl"": 34, ""role_mainplot_role19.asl"": 34, ""role_mainplot_role20.asl"": 34, ""role_mainplot_role21.asl"": 34, ""role_mainplot_role22.asl"": 34, ""role_mainplot_role23.asl"": 34, ""role_mainplot_role24.asl"": 34, ""role_mainplot_role25.asl"": 34, ""role_mainplot_role26.asl"": 34, ""role_mainplot_role27.asl"": 34, ""role_mainplot_role28.asl"": 34, ""role_mainplot_role29.asl"": 34, ""role_mainplot_role30.asl"": 34, ""role_mainplot_role31.asl"": 34, ""role_mainplot_role32.asl"": 34, ""role_mainplot_role33.asl"": 34, ""role_mainplot_role34.asl"": 34, ""role_mainplot_role35.asl"": 34, ""role_mainplot_role36.asl"": 34, ""role_mainplot_role37.asl"": 34, ""role_mainplot_role38.asl"": 34, ""role_mainplot_role39.asl"": 34, ""role_mainplot_role40.asl"": 34, ""role_mainplot_role41.asl"": 34, ""role_mainplot_role42.asl"": 34, ""role_mainplot_role43.asl"": 34, ""role_mainplot_role44.asl"": 34, ""role_mainplot_role45.asl"": 34, ""role_mainplot_role46.asl"": 34, ""role_mainplot_role47.asl"": 34, ""role_mainplot_role48.asl"": 34, ""role_mainplot_role49.asl"": 34, ""role_mainplot_role50.asl"": 34, ""role_mainplot_role51.asl"": 34, ""role_mainplot_role52.asl"": 34, ""role_mainplot_role53.asl"": 34, ""role_mainplot_role54.asl"": 34, ""role_mainplot_role55.asl"": 34, ""role_mainplot_role56.asl"": 34, ""role_mainplot_role57.asl"": 34, ""role_mainplot_role58.asl"": 34, ""role_mainplot_role59.asl"": 34, ""role_mainplot_role60.asl"": 34, ""role_mainplot_role61.asl"": 34, ""role_mainplot_role62.asl"": 34, ""role_mainplot_role63.asl"": 34, ""role_mainplot_role64.asl"": 34, ""role_mainplot_role65.asl"": 34, ""role_mainplot_role66.asl"": 34, ""role_mainplot_role67.asl"": 34, ""role_mainplot_role68.asl"": 34, ""role_mainplot_role69.asl"": 34, ""role_mainplot_role70.asl"": 34, ""role_mainplot_role71.asl"": 34, ""role_mainplot_role72.asl"": 34, ""role_mainplot_role73.asl"": 34, ""role_mainplot_role74.asl"": 34, ""role_mainplot_role75.asl"": 34, ""role_mainplot_role76.asl"": 34, ""role_mainplot_role77.asl"": 34, ""role_mainplot_role78.asl"": 34, ""role_mainplot_role79.asl"": 34, ""role_mainplot_role80.asl"": 34, ""role_mainplot_role81.asl"": 34, ""role_mainplot_role82.asl"": 34, ""role_mainplot_role83.asl"": 34, ""role_mainplot_role84.asl"": 34, ""role_mainplot_role85.asl"": 34, ""role_mainplot_role86.asl"": 34, ""role_mainplot_role87.asl"": 34, ""role_mainplot_role88.asl"": 34, ""role_mainplot_role89.asl"": 34, ""role_mainplot_role90.asl"": 34, ""role_mainplot_role91.asl"": 34, ""role_mainplot_role92.asl"": 34, ""role_mainplot_role93.asl"": 34, ""role_mainplot_role94.asl"": 34, ""role_mainplot_role95.asl"": 34, ""role_mainplot_role96.asl"": 34, ""role_mainplot_role97.asl"": 34, ""role_mainplot_role98.asl"": 34, ""role_mainplot_role99.asl"": 34}",3.097471264367816,0.0961887299999944,0.0024862959999154555,3.7751245498657227,True,0,0
grid_roles_playbooks,244,Linux 7.2.3-arch1-2,x86_64,24,30.44,3.14.7,10,10,5,100,2,1,2,100,2,0,0,42,2175,50701,201,6737,"{""playbook_playbook0.asl"": 26, ""playbook_playbook1.asl"": 26, ""playbook_playbook10.asl"": 26, ""playbook_playbook11.asl"": 26, ""playbook_playbook12.asl"": 26, ""playbook_playbook13.asl"": 26, ""playbook_playbook14.asl"": 26, ""playbook_playbook15.asl"": 26, ""playbook_playbook16.asl"": 26, ""playbook_playbook17.asl"": 26, ""playbook_playbook18.asl"": 26, ""playbook_playbook19.asl"": 26, ""playbook_playbook2.asl"": 26, ""playbook_playbook20.asl"": 26, ""playbook_playbook21.asl"": 26, ""playbook_playbook22.asl"": 26, ""playbook_playbook23.asl"": 26, ""playbook_playbook24.asl"": 26, ""playbook_playbook25.asl"": 26, ""playbook_playbook26.asl"": 26, ""playbook_playbook27.asl"": 26, ""playbook_playbook28.asl"": 26, ""playbook_playbook29.asl"": 26, ""playbook_playbook3.asl"": 26, ""playbook_playbook30.asl"": 26, ""playbook_playbook31.asl"": 26, ""playbook_playbook32.asl"": 26, ""playbook_playbook33.asl"": 26, ""playbook_playbook34.asl"": 26, ""playbook_playbook35.asl"": 26, ""playbook_playbook36.asl"": 26, ""playbook_playbook37.asl"": 26, ""playbook_playbook38.asl"": 26, ""playbook_playbook39.asl"": 26, ""playbook_playbook4.asl"": 26, ""playbook_playbook40.asl"": 26, ""playbook_playbook41.asl"": 26, ""playbook_playbook42.asl"": 26, ""playbook_playbook43.asl"": 26, ""playbook_playbook44.asl"": 26, ""playbook_playbook45.asl"": 26, ""playbook_playbook46.asl"": 26, ""playbook_playbook47.asl"": 26, ""playbook_playbook48.asl"": 26, ""playbook_playbook49.asl"": 26, ""playbook_playbook5.asl"": 26, ""playbook_playbook50.asl"": 26, ""playbook_playbook51.asl"": 26, ""playbook_playbook52.asl"": 26, ""playbook_playbook53.asl"": 26, ""playbook_playbook54.asl"": 26, ""playbook_playbook55.asl"": 26, ""playbook_playbook56.asl"": 26, ""playbook_playbook57.asl"": 26, ""playbook_playbook58.asl"": 26, ""playbook_playbook59.asl"": 26, ""playbook_playbook6.asl"": 26, ""playbook_playbook60.asl"": 26, ""playbook_playbook61.asl"": 26, ""playbook_playbook62.asl"": 26, ""playbook_playbook63.asl"": 26, ""playbook_playbook64.asl"": 26, ""playbook_playbook65.asl"": 26, ""playbook_playbook66.asl"": 26, ""playbook_playbook67.asl"": 26, ""playbook_playbook68.asl"": 26, ""playbook_playbook69.asl"": 26, ""playbook_playbook7.asl"": 26, ""playbook_playbook70.asl"": 26, ""playbook_playbook71.asl"": 26, ""playbook_playbook72.asl"": 26, ""playbook_playbook73.asl"": 26, ""playbook_playbook74.asl"": 26, ""playbook_playbook75.asl"": 26, ""playbook_playbook76.asl"": 26, ""playbook_playbook77.asl"": 26, ""playbook_playbook78.asl"": 26, ""playbook_playbook79.asl"": 26, ""playbook_playbook8.asl"": 26, ""playbook_playbook80.asl"": 26, ""playbook_playbook81.asl"": 26, ""playbook_playbook82.asl"": 26, ""playbook_playbook83.asl"": 26, ""playbook_playbook84.asl"": 26, ""playbook_playbook85.asl"": 26, ""playbook_playbook86.asl"": 26, ""playbook_playbook87.asl"": 26, ""playbook_playbook88.asl"": 26, ""playbook_playbook89.asl"": 26, ""playbook_playbook9.asl"": 26, ""playbook_playbook90.asl"": 26, ""playbook_playbook91.asl"": 26, ""playbook_playbook92.asl"": 26, ""playbook_playbook93.asl"": 26, ""playbook_playbook94.asl"": 26, ""playbook_playbook95.asl"": 26, ""playbook_playbook96.asl"": 26, ""playbook_playbook97.asl"": 26, ""playbook_playbook98.asl"": 26, ""playbook_playbook99.asl"": 26, ""director_mainplot.asl"": 737, ""role_mainplot_role0.asl"": 34, ""role_mainplot_role1.asl"": 34, ""role_mainplot_role2.asl"": 34, ""role_mainplot_role3.asl"": 34, ""role_mainplot_role4.asl"": 34, ""role_mainplot_role5.asl"": 34, ""role_mainplot_role6.asl"": 34, ""role_mainplot_role7.asl"": 34, ""role_mainplot_role8.asl"": 34, ""role_mainplot_role9.asl"": 34, ""role_mainplot_role10.asl"": 34, ""role_mainplot_role11.asl"": 34, ""role_mainplot_role12.asl"": 34, ""role_mainplot_role13.asl"": 34, ""role_mainplot_role14.asl"": 34, ""role_mainplot_role15.asl"": 34, ""role_mainplot_role16.asl"": 34, ""role_mainplot_role17.asl"": 34, ""role_mainplot_role18.asl"": 34, ""role_mainplot_role19.asl"": 34, ""role_mainplot_role20.asl"": 34, ""role_mainplot_role21.asl"": 34, ""role_mainplot_role22.asl"": 34, ""role_mainplot_role23.asl"": 34, ""role_mainplot_role24.asl"": 34, ""role_mainplot_role25.asl"": 34, ""role_mainplot_role26.asl"": 34, ""role_mainplot_role27.asl"": 34, ""role_mainplot_role28.asl"": 34, ""role_mainplot_role29.asl"": 34, ""role_mainplot_role30.asl"": 34, ""role_mainplot_role31.asl"": 34, ""role_mainplot_role32.asl"": 34, ""role_mainplot_role33.asl"": 34, ""role_mainplot_role34.asl"": 34, ""role_mainplot_role35.asl"": 34, ""role_mainplot_role36.asl"": 34, ""role_mainplot_role37.asl"": 34, ""role_mainplot_role38.asl"": 34, ""role_mainplot_role39.asl"": 34, ""role_mainplot_role40.asl"": 34, ""role_mainplot_role41.asl"": 34, ""role_mainplot_role42.asl"": 34, ""role_mainplot_role43.asl"": 34, ""role_mainplot_role44.asl"": 34, ""role_mainplot_role45.asl"": 34, ""role_mainplot_role46.asl"": 34, ""role_mainplot_role47.asl"": 34, ""role_mainplot_role48.asl"": 34, ""role_mainplot_role49.asl"": 34, ""role_mainplot_role50.asl"": 34, ""role_mainplot_role51.asl"": 34, ""role_mainplot_role52.asl"": 34, ""role_mainplot_role53.asl"": 34, ""role_mainplot_role54.asl"": 34, ""role_mainplot_role55.asl"": 34, ""role_mainplot_role56.asl"": 34, ""role_mainplot_role57.asl"": 34, ""role_mainplot_role58.asl"": 34, ""role_mainplot_role59.asl"": 34, ""role_mainplot_role60.asl"": 34, ""role_mainplot_role61.asl"": 34, ""role_mainplot_role62.asl"": 34, ""role_mainplot_role63.asl"": 34, ""role_mainplot_role64.asl"": 34, ""role_mainplot_role65.asl"": 34, ""role_mainplot_role66.asl"": 34, ""role_mainplot_role67.asl"": 34, ""role_mainplot_role68.asl"": 34, ""role_mainplot_role69.asl"": 34, ""role_mainplot_role70.asl"": 34, ""role_mainplot_role71.asl"": 34, ""role_mainplot_role72.asl"": 34, ""role_mainplot_role73.asl"": 34, ""role_mainplot_role74.asl"": 34, ""role_mainplot_role75.asl"": 34, ""role_mainplot_role76.asl"": 34, ""role_mainplot_role77.asl"": 34, ""role_mainplot_role78.asl"": 34, ""role_mainplot_role79.asl"": 34, ""role_mainplot_role80.asl"": 34, ""role_mainplot_role81.asl"": 34, ""role_mainplot_role82.asl"": 34, ""role_mainplot_role83.asl"": 34, ""role_mainplot_role84.asl"": 34, ""role_mainplot_role85.asl"": 34, ""role_mainplot_role86.asl"": 34, ""role_mainplot_role87.asl"": 34, ""role_mainplot_role88.asl"": 34, ""role_mainplot_role89.asl"": 34, ""role_mainplot_role90.asl"": 34, ""role_mainplot_role91.asl"": 34, ""role_mainplot_role92.asl"": 34, ""role_mainplot_role93.asl"": 34, ""role_mainplot_role94.asl"": 34, ""role_mainplot_role95.asl"": 34, ""role_mainplot_role96.asl"": 34, ""role_mainplot_role97.asl"": 34, ""role_mainplot_role98.asl"": 34, ""role_mainplot_role99.asl"": 34}",3.097471264367816,0.09642713100038236,0.0024801049985399004,3.7751245498657227,True,0,0
