experiment,run_id,sys_os,sys_cpu,sys_cores,sys_ram_gb,sys_python,n_actions,n_events,n_facts,n_playbooks,n_plans_per_playbook,n_branches_per_plan,n_stmts_per_branch,n_roles,n_phases,n_subplot_breadth,n_subplot_depth,seed,input_loc,input_bytes,output_files,output_loc_total,output_loc_per_file,loc_ratio,compile_time_s,io_time_s,peak_ram_mb,success,warning_count,error_count
scale_subplot_depth,0,Linux 7.2.6-arch2-1,x86_64,24,30.44,3.14.7,10,10,5,2,2,1,2,2,2,2,0,42,117,2267,5,269,"{""playbook_playbook0.asl"": 26, ""playbook_playbook1.asl"": 26, ""director_mainplot.asl"": 149, ""role_mainplot_role0.asl"": 34, ""role_mainplot_role1.asl"": 34}",2.299145299145299,0.0034248459996888414,9.14999991437071e-05,0.14139270782470703,True,9,0
scale_subplot_depth,1,Linux 7.2.6-arch2-1,x86_64,24,30.44,3.14.7,10,10,5,2,2,1,2,2,2,2,0,42,117,2267,5,269,"{""playbook_playbook0.asl"": 26, ""playbook_playbook1.asl"": 26, ""director_mainplot.asl"": 149, ""role_mainplot_role0.asl"": 34, ""role_mainplot_role1.asl"": 34}",2.299145299145299,0.0015267629996742471,9.310999939771136e-05,0.13566303253173828,True,9,0
scale_subplot_depth,2,Linux 7.2.6-arch2-1,x86_64,24,30.44,3.14.7,10,10,5,2,2,1,2,2,2,2,0,42,117,2267,5,269,"{""playbook_playbook0.asl"": 26, ""playbook_playbook1.asl"": 26, ""director_mainplot.asl"": 149, ""role_mainplot_role0.asl"": 34, ""role_mainplot_role1.asl"": 34}",2.299145299145299,0.0015157819998421473,9.007000062410953e-05,0.13262653350830078,True,9,0
scale_subplot_depth,3,Linux 7.2.6-arch2-1,x86_64,24,30.44,3.14.7,10,10,5,2,2,1,2,2,2,2,0,42,117,2267,5,269,"{""playbook_playbook0.asl"": 26, ""playbook_playbook1.asl"": 26, ""director_mainplot.asl"": 149, ""role_mainplot_role0.asl"": 34, ""role_mainplot_role1.asl"": 34}",2.299145299145299,0.0015159409995249007,9.378100003232248e-05,0.13084125518798828,True,9,0
scale_subplot_depth,4,Linux 7.2.6-arch2-1,x86_64,24,30.44,3.14.7,10,10,5,2,2,1,2,2,2,2,0,42,117,2267,5,269,"{""playbook_playbook0.asl"": 26, ""playbook_playbook1.asl"": 26, ""director_mainplot.asl"": 149, ""role_mainplot_role0.asl"": 34, ""role_mainplot_role1.asl"": 34}",2.299145299145299,0.0015085619997989852,8.97110003279522e-05,0.13031482696533203,True,9,0
scale_subplot_depth,5,Linux 7.2.6-arch2-1,x86_64,24,30.44,3.14.7,10,10,5,2,2,1,2,2,2,2,1,42,164,3155,9,597,"{""playbook_playbook0.asl"": 26, ""playbook_playbook1.asl"": 26, ""director_mainplot.asl"": 161, ""director_subplot_l1_0.asl"": 129, ""director_subplot_l1_1.asl"": 129, ""role_mainplot_role0.asl"": 34, ""role_mainplot_role1.asl"": 34, ""role_subplot_l1_0_subrole.asl"": 29, ""role_subplot_l1_1_subrole.asl"": 29}",3.6402439024390243,0.0023058779997882084,0.000146170999869355,0.1835641860961914,True,9,0
scale_subplot_depth,6,Linux 7.2.6-arch2-1,x86_64,24,30.44,3.14.7,10,10,5,2,2,1,2,2,2,2,1,42,164,3155,9,597,"{""playbook_playbook0.asl"": 26, ""playbook_playbook1.asl"": 26, ""director_mainplot.asl"": 161, ""director_subplot_l1_0.asl"": 129, ""director_subplot_l1_1.asl"": 129, ""role_mainplot_role0.asl"": 34, ""role_mainplot_role1.asl"": 34, ""role_subplot_l1_0_subrole.asl"": 29, ""role_subplot_l1_1_subrole.asl"": 29}",3.6402439024390243,0.002035234999311797,0.00014121200001682155,0.1828775405883789,True,9,0
scale_subplot_depth,7,Linux 7.2.6-arch2-1,x86_64,24,30.44,3.14.7,10,10,5,2,2,1,2,2,2,2,1,42,164,3155,9,597,"{""playbook_playbook0.asl"": 26, ""playbook_playbook1.asl"": 26, ""director_mainplot.asl"": 161, ""director_subplot_l1_0.asl"": 129, ""director_subplot_l1_1.asl"": 129, ""role_mainplot_role0.asl"": 34, ""role_mainplot_role1.asl"": 34, ""role_subplot_l1_0_subrole.asl"": 29, ""role_subplot_l1_1_subrole.asl"": 29}",3.6402439024390243,0.002069557000140776,0.000141041000460973,0.1825113296508789,True,9,0
scale_subplot_depth,8,Linux 7.2.6-arch2-1,x86_64,24,30.44,3.14.7,10,10,5,2,2,1,2,2,2,2,1,42,164,3155,9,597,"{""playbook_playbook0.asl"": 26, ""playbook_playbook1.asl"": 26, ""director_mainplot.asl"": 161, ""director_subplot_l1_0.asl"": 129, ""director_subplot_l1_1.asl"": 129, ""role_mainplot_role0.asl"": 34, ""role_mainplot_role1.asl"": 34, ""role_subplot_l1_0_subrole.asl"": 29, ""role_subplot_l1_1_subrole.asl"": 29}",3.6402439024390243,0.002031825999438297,0.00013830199986841762,0.1821603775024414,True,9,0
scale_subplot_depth,9,Linux 7.2.6-arch2-1,x86_64,24,30.44,3.14.7,10,10,5,2,2,1,2,2,2,2,1,42,164,3155,9,597,"{""playbook_playbook0.asl"": 26, ""playbook_playbook1.asl"": 26, ""director_mainplot.asl"": 161, ""director_subplot_l1_0.asl"": 129, ""director_subplot_l1_1.asl"": 129, ""role_mainplot_role0.asl"": 34, ""role_mainplot_role1.asl"": 34, ""role_subplot_l1_0_subrole.asl"": 29, ""role_subplot_l1_1_subrole.asl"": 29}",3.6402439024390243,0.00202601599994523,0.00013757099986833055,0.18189334869384766,True,9,0
scale_subplot_depth,10,Linux 7.2.6-arch2-1,x86_64,24,30.44,3.14.7,10,10,5,2,2,1,2,2,2,2,2,42,248,4659,17,1253,"{""playbook_playbook0.asl"": 26, ""playbook_playbook1.asl"": 26, ""director_mainplot.asl"": 161, ""director_subplot_l1_0.asl"": 141, ""director_subplot_l2_2.asl"": 129, ""director_subplot_l2_3.asl"": 129, ""director_subplot_l1_1.asl"": 141, ""director_subplot_l2_4.asl"": 129, ""director_subplot_l2_5.asl"": 129, ""role_mainplot_role0.asl"": 34, ""role_mainplot_role1.asl"": 34, ""role_subplot_l1_0_subrole.asl"": 29, ""role_subplot_l2_2_subrole.asl"": 29, ""role_subplot_l2_3_subrole.asl"": 29, ""role_subplot_l1_1_subrole.asl"": 29, ""role_subplot_l2_4_subrole.asl"": 29, ""role_subplot_l2_5_subrole.asl"": 29}",5.05241935483871,0.0030705950002811733,0.00024390199996560114,0.2856111526489258,True,9,0
scale_subplot_depth,11,Linux 7.2.6-arch2-1,x86_64,24,30.44,3.14.7,10,10,5,2,2,1,2,2,2,2,2,42,248,4659,17,1253,"{""playbook_playbook0.asl"": 26, ""playbook_playbook1.asl"": 26, ""director_mainplot.asl"": 161, ""director_subplot_l1_0.asl"": 141, ""director_subplot_l2_2.asl"": 129, ""director_subplot_l2_3.asl"": 129, ""director_subplot_l1_1.asl"": 141, ""director_subplot_l2_4.asl"": 129, ""director_subplot_l2_5.asl"": 129, ""role_mainplot_role0.asl"": 34, ""role_mainplot_role1.asl"": 34, ""role_subplot_l1_0_subrole.asl"": 29, ""role_subplot_l2_2_subrole.asl"": 29, ""role_subplot_l2_3_subrole.asl"": 29, ""role_subplot_l1_1_subrole.asl"": 29, ""role_subplot_l2_4_subrole.asl"": 29, ""role_subplot_l2_5_subrole.asl"": 29}",5.05241935483871,0.0030483749997074483,0.00025149200064333854,0.2855653762817383,True,9,0
scale_subplot_depth,12,Linux 7.2.6-arch2-1,x86_64,24,30.44,3.14.7,10,10,5,2,2,1,2,2,2,2,2,42,248,4659,17,1253,"{""playbook_playbook0.asl"": 26, ""playbook_playbook1.asl"": 26, ""director_mainplot.asl"": 161, ""director_subplot_l1_0.asl"": 141, ""director_subplot_l2_2.asl"": 129, ""director_subplot_l2_3.asl"": 129, ""director_subplot_l1_1.asl"": 141, ""director_subplot_l2_4.asl"": 129, ""director_subplot_l2_5.asl"": 129, ""role_mainplot_role0.asl"": 34, ""role_mainplot_role1.asl"": 34, ""role_subplot_l1_0_subrole.asl"": 29, ""role_subplot_l2_2_subrole.asl"": 29, ""role_subplot_l2_3_subrole.asl"": 29, ""role_subplot_l1_1_subrole.asl"": 29, ""role_subplot_l2_4_subrole.asl"": 29, ""role_subplot_l2_5_subrole.asl"": 29}",5.05241935483871,0.0030579940003008232,0.00024082199979602592,0.28552722930908203,True,9,0
scale_subplot_depth,13,Linux 7.2.6-arch2-1,x86_64,24,30.44,3.14.7,10,10,5,2,2,1,2,2,2,2,2,42,248,4659,17,1253,"{""playbook_playbook0.asl"": 26, ""playbook_playbook1.asl"": 26, ""director_mainplot.asl"": 161, ""director_subplot_l1_0.asl"": 141, ""director_subplot_l2_2.asl"": 129, ""director_subplot_l2_3.asl"": 129, ""director_subplot_l1_1.asl"": 141, ""director_subplot_l2_4.asl"": 129, ""director_subplot_l2_5.asl"": 129, ""role_mainplot_role0.asl"": 34, ""role_mainplot_role1.asl"": 34, ""role_subplot_l1_0_subrole.asl"": 29, ""role_subplot_l2_2_subrole.asl"": 29, ""role_subplot_l2_3_subrole.asl"": 29, ""role_subplot_l1_1_subrole.asl"": 29, ""role_subplot_l2_4_subrole.asl"": 29, ""role_subplot_l2_5_subrole.asl"": 29}",5.05241935483871,0.0030538439996234956,0.00024043200028245337,0.28551197052001953,True,9,0
scale_subplot_depth,14,Linux 7.2.6-arch2-1,x86_64,24,30.44,3.14.7,10,10,5,2,2,1,2,2,2,2,2,42,248,4659,17,1253,"{""playbook_playbook0.asl"": 26, ""playbook_playbook1.asl"": 26, ""director_mainplot.asl"": 161, ""director_subplot_l1_0.asl"": 141, ""director_subplot_l2_2.asl"": 129, ""director_subplot_l2_3.asl"": 129, ""director_subplot_l1_1.asl"": 141, ""director_subplot_l2_4.asl"": 129, ""director_subplot_l2_5.asl"": 129, ""role_mainplot_role0.asl"": 34, ""role_mainplot_role1.asl"": 34, ""role_subplot_l1_0_subrole.asl"": 29, ""role_subplot_l2_2_subrole.asl"": 29, ""role_subplot_l2_3_subrole.asl"": 29, ""role_subplot_l1_1_subrole.asl"": 29, ""role_subplot_l2_4_subrole.asl"": 29, ""role_subplot_l2_5_subrole.asl"": 29}",5.05241935483871,0.003054423999856226,0.0002411720006421092,0.28551197052001953,True,9,0
scale_subplot_depth,15,Linux 7.2.6-arch2-1,x86_64,24,30.44,3.14.7,10,10,5,2,2,1,2,2,2,2,3,42,416,7679,33,2565,"{""playbook_playbook0.asl"": 26, ""playbook_playbook1.asl"": 26, ""director_mainplot.asl"": 161, ""director_subplot_l1_0.asl"": 141, ""director_subplot_l2_2.asl"": 141, ""director_subplot_l3_4.asl"": 129, ""director_subplot_l3_5.asl"": 129, ""director_subplot_l2_3.asl"": 141, ""director_subplot_l3_6.asl"": 129, ""director_subplot_l3_7.asl"": 129, ""director_subplot_l1_1.asl"": 141, ""director_subplot_l2_8.asl"": 141, ""director_subplot_l3_10.asl"": 129, ""director_subplot_l3_11.asl"": 129, ""director_subplot_l2_9.asl"": 141, ""director_subplot_l3_12.asl"": 129, ""director_subplot_l3_13.asl"": 129, ""role_mainplot_role0.asl"": 34, ""role_mainplot_role1.asl"": 34, ""role_subplot_l1_0_subrole.asl"": 29, ""role_subplot_l2_2_subrole.asl"": 29, ""role_subplot_l3_4_subrole.asl"": 29, ""role_subplot_l3_5_subrole.asl"": 29, ""role_subplot_l2_3_subrole.asl"": 29, ""role_subplot_l3_6_subrole.asl"": 29, ""role_subplot_l3_7_subrole.asl"": 29, ""role_subplot_l1_1_subrole.asl"": 29, ""role_subplot_l2_8_subrole.asl"": 29, ""role_subplot_l3_10_subrole.asl"": 29, ""role_subplot_l3_11_subrole.asl"": 29, ""role_subplot_l2_9_subrole.asl"": 29, ""role_subplot_l3_12_subrole.asl"": 29, ""role_subplot_l3_13_subrole.asl"": 29}",6.165865384615385,0.005261082000288297,0.0004546229993138695,0.4956169128417969,True,9,0
scale_subplot_depth,16,Linux 7.2.6-arch2-1,x86_64,24,30.44,3.14.7,10,10,5,2,2,1,2,2,2,2,3,42,416,7679,33,2565,"{""playbook_playbook0.asl"": 26, ""playbook_playbook1.asl"": 26, ""director_mainplot.asl"": 161, ""director_subplot_l1_0.asl"": 141, ""director_subplot_l2_2.asl"": 141, ""director_subplot_l3_4.asl"": 129, ""director_subplot_l3_5.asl"": 129, ""director_subplot_l2_3.asl"": 141, ""director_subplot_l3_6.asl"": 129, ""director_subplot_l3_7.asl"": 129, ""director_subplot_l1_1.asl"": 141, ""director_subplot_l2_8.asl"": 141, ""director_subplot_l3_10.asl"": 129, ""director_subplot_l3_11.asl"": 129, ""director_subplot_l2_9.asl"": 141, ""director_subplot_l3_12.asl"": 129, ""director_subplot_l3_13.asl"": 129, ""role_mainplot_role0.asl"": 34, ""role_mainplot_role1.asl"": 34, ""role_subplot_l1_0_subrole.asl"": 29, ""role_subplot_l2_2_subrole.asl"": 29, ""role_subplot_l3_4_subrole.asl"": 29, ""role_subplot_l3_5_subrole.asl"": 29, ""role_subplot_l2_3_subrole.asl"": 29, ""role_subplot_l3_6_subrole.asl"": 29, ""role_subplot_l3_7_subrole.asl"": 29, ""role_subplot_l1_1_subrole.asl"": 29, ""role_subplot_l2_8_subrole.asl"": 29, ""role_subplot_l3_10_subrole.asl"": 29, ""role_subplot_l3_11_subrole.asl"": 29, ""role_subplot_l2_9_subrole.asl"": 29, ""role_subplot_l3_12_subrole.asl"": 29, ""role_subplot_l3_13_subrole.asl"": 29}",6.165865384615385,0.00514259999999922,0.00045473299996956484,0.4956169128417969,True,9,0
scale_subplot_depth,17,Linux 7.2.6-arch2-1,x86_64,24,30.44,3.14.7,10,10,5,2,2,1,2,2,2,2,3,42,416,7679,33,2565,"{""playbook_playbook0.asl"": 26, ""playbook_playbook1.asl"": 26, ""director_mainplot.asl"": 161, ""director_subplot_l1_0.asl"": 141, ""director_subplot_l2_2.asl"": 141, ""director_subplot_l3_4.asl"": 129, ""director_subplot_l3_5.asl"": 129, ""director_subplot_l2_3.asl"": 141, ""director_subplot_l3_6.asl"": 129, ""director_subplot_l3_7.asl"": 129, ""director_subplot_l1_1.asl"": 141, ""director_subplot_l2_8.asl"": 141, ""director_subplot_l3_10.asl"": 129, ""director_subplot_l3_11.asl"": 129, ""director_subplot_l2_9.asl"": 141, ""director_subplot_l3_12.asl"": 129, ""director_subplot_l3_13.asl"": 129, ""role_mainplot_role0.asl"": 34, ""role_mainplot_role1.asl"": 34, ""role_subplot_l1_0_subrole.asl"": 29, ""role_subplot_l2_2_subrole.asl"": 29, ""role_subplot_l3_4_subrole.asl"": 29, ""role_subplot_l3_5_subrole.asl"": 29, ""role_subplot_l2_3_subrole.asl"": 29, ""role_subplot_l3_6_subrole.asl"": 29, ""role_subplot_l3_7_subrole.asl"": 29, ""role_subplot_l1_1_subrole.asl"": 29, ""role_subplot_l2_8_subrole.asl"": 29, ""role_subplot_l3_10_subrole.asl"": 29, ""role_subplot_l3_11_subrole.asl"": 29, ""role_subplot_l2_9_subrole.asl"": 29, ""role_subplot_l3_12_subrole.asl"": 29, ""role_subplot_l3_13_subrole.asl"": 29}",6.165865384615385,0.00512873000025138,0.000444764000349096,0.4956169128417969,True,9,0
scale_subplot_depth,18,Linux 7.2.6-arch2-1,x86_64,24,30.44,3.14.7,10,10,5,2,2,1,2,2,2,2,3,42,416,7679,33,2565,"{""playbook_playbook0.asl"": 26, ""playbook_playbook1.asl"": 26, ""director_mainplot.asl"": 161, ""director_subplot_l1_0.asl"": 141, ""director_subplot_l2_2.asl"": 141, ""director_subplot_l3_4.asl"": 129, ""director_subplot_l3_5.asl"": 129, ""director_subplot_l2_3.asl"": 141, ""director_subplot_l3_6.asl"": 129, ""director_subplot_l3_7.asl"": 129, ""director_subplot_l1_1.asl"": 141, ""director_subplot_l2_8.asl"": 141, ""director_subplot_l3_10.asl"": 129, ""director_subplot_l3_11.asl"": 129, ""director_subplot_l2_9.asl"": 141, ""director_subplot_l3_12.asl"": 129, ""director_subplot_l3_13.asl"": 129, ""role_mainplot_role0.asl"": 34, ""role_mainplot_role1.asl"": 34, ""role_subplot_l1_0_subrole.asl"": 29, ""role_subplot_l2_2_subrole.asl"": 29, ""role_subplot_l3_4_subrole.asl"": 29, ""role_subplot_l3_5_subrole.asl"": 29, ""role_subplot_l2_3_subrole.asl"": 29, ""role_subplot_l3_6_subrole.asl"": 29, ""role_subplot_l3_7_subrole.asl"": 29, ""role_subplot_l1_1_subrole.asl"": 29, ""role_subplot_l2_8_subrole.asl"": 29, ""role_subplot_l3_10_subrole.asl"": 29, ""role_subplot_l3_11_subrole.asl"": 29, ""role_subplot_l2_9_subrole.asl"": 29, ""role_subplot_l3_12_subrole.asl"": 29, ""role_subplot_l3_13_subrole.asl"": 29}",6.165865384615385,0.005076299999927869,0.00045064400001137983,0.4956169128417969,True,9,0
scale_subplot_depth,19,Linux 7.2.6-arch2-1,x86_64,24,30.44,3.14.7,10,10,5,2,2,1,2,2,2,2,3,42,416,7679,33,2565,"{""playbook_playbook0.asl"": 26, ""playbook_playbook1.asl"": 26, ""director_mainplot.asl"": 161, ""director_subplot_l1_0.asl"": 141, ""director_subplot_l2_2.asl"": 141, ""director_subplot_l3_4.asl"": 129, ""director_subplot_l3_5.asl"": 129, ""director_subplot_l2_3.asl"": 141, ""director_subplot_l3_6.asl"": 129, ""director_subplot_l3_7.asl"": 129, ""director_subplot_l1_1.asl"": 141, ""director_subplot_l2_8.asl"": 141, ""director_subplot_l3_10.asl"": 129, ""director_subplot_l3_11.asl"": 129, ""director_subplot_l2_9.asl"": 141, ""director_subplot_l3_12.asl"": 129, ""director_subplot_l3_13.asl"": 129, ""role_mainplot_role0.asl"": 34, ""role_mainplot_role1.asl"": 34, ""role_subplot_l1_0_subrole.asl"": 29, ""role_subplot_l2_2_subrole.asl"": 29, ""role_subplot_l3_4_subrole.asl"": 29, ""role_subplot_l3_5_subrole.asl"": 29, ""role_subplot_l2_3_subrole.asl"": 29, ""role_subplot_l3_6_subrole.asl"": 29, ""role_subplot_l3_7_subrole.asl"": 29, ""role_subplot_l1_1_subrole.asl"": 29, ""role_subplot_l2_8_subrole.asl"": 29, ""role_subplot_l3_10_subrole.asl"": 29, ""role_subplot_l3_11_subrole.asl"": 29, ""role_subplot_l2_9_subrole.asl"": 29, ""role_subplot_l3_12_subrole.asl"": 29, ""role_subplot_l3_13_subrole.asl"": 29}",6.165865384615385,0.005141761999766459,0.0004443439993337961,0.4956169128417969,True,9,0
scale_subplot_depth,20,Linux 7.2.6-arch2-1,x86_64,24,30.44,3.14.7,10,10,5,2,2,1,2,2,2,2,4,42,752,13743,65,5189,"{""playbook_playbook0.asl"": 26, ""playbook_playbook1.asl"": 26, ""director_mainplot.asl"": 161, ""director_subplot_l1_0.asl"": 141, ""director_subplot_l2_2.asl"": 141, ""director_subplot_l3_4.asl"": 141, ""director_subplot_l4_6.asl"": 129, ""director_subplot_l4_7.asl"": 129, ""director_subplot_l3_5.asl"": 141, ""director_subplot_l4_8.asl"": 129, ""director_subplot_l4_9.asl"": 129, ""director_subplot_l2_3.asl"": 141, ""director_subplot_l3_10.asl"": 141, ""director_subplot_l4_12.asl"": 129, ""director_subplot_l4_13.asl"": 129, ""director_subplot_l3_11.asl"": 141, ""director_subplot_l4_14.asl"": 129, ""director_subplot_l4_15.asl"": 129, ""director_subplot_l1_1.asl"": 141, ""director_subplot_l2_16.asl"": 141, ""director_subplot_l3_18.asl"": 141, ""director_subplot_l4_20.asl"": 129, ""director_subplot_l4_21.asl"": 129, ""director_subplot_l3_19.asl"": 141, ""director_subplot_l4_22.asl"": 129, ""director_subplot_l4_23.asl"": 129, ""director_subplot_l2_17.asl"": 141, ""director_subplot_l3_24.asl"": 141, ""director_subplot_l4_26.asl"": 129, ""director_subplot_l4_27.asl"": 129, ""director_subplot_l3_25.asl"": 141, ""director_subplot_l4_28.asl"": 129, ""director_subplot_l4_29.asl"": 129, ""role_mainplot_role0.asl"": 34, ""role_mainplot_role1.asl"": 34, ""role_subplot_l1_0_subrole.asl"": 29, ""role_subplot_l2_2_subrole.asl"": 29, ""role_subplot_l3_4_subrole.asl"": 29, ""role_subplot_l4_6_subrole.asl"": 29, ""role_subplot_l4_7_subrole.asl"": 29, ""role_subplot_l3_5_subrole.asl"": 29, ""role_subplot_l4_8_subrole.asl"": 29, ""role_subplot_l4_9_subrole.asl"": 29, ""role_subplot_l2_3_subrole.asl"": 29, ""role_subplot_l3_10_subrole.asl"": 29, ""role_subplot_l4_12_subrole.asl"": 29, ""role_subplot_l4_13_subrole.asl"": 29, ""role_subplot_l3_11_subrole.asl"": 29, ""role_subplot_l4_14_subrole.asl"": 29, ""role_subplot_l4_15_subrole.asl"": 29, ""role_subplot_l1_1_subrole.asl"": 29, ""role_subplot_l2_16_subrole.asl"": 29, ""role_subplot_l3_18_subrole.asl"": 29, ""role_subplot_l4_20_subrole.asl"": 29, ""role_subplot_l4_21_subrole.asl"": 29, ""role_subplot_l3_19_subrole.asl"": 29, ""role_subplot_l4_22_subrole.asl"": 29, ""role_subplot_l4_23_subrole.asl"": 29, ""role_subplot_l2_17_subrole.asl"": 29, ""role_subplot_l3_24_subrole.asl"": 29, ""role_subplot_l4_26_subrole.asl"": 29, ""role_subplot_l4_27_subrole.asl"": 29, ""role_subplot_l3_25_subrole.asl"": 29, ""role_subplot_l4_28_subrole.asl"": 29, ""role_subplot_l4_29_subrole.asl"": 29}",6.900265957446808,0.009262474000024667,0.0008866469997883542,0.9156150817871094,True,9,0
scale_subplot_depth,21,Linux 7.2.6-arch2-1,x86_64,24,30.44,3.14.7,10,10,5,2,2,1,2,2,2,2,4,42,752,13743,65,5189,"{""playbook_playbook0.asl"": 26, ""playbook_playbook1.asl"": 26, ""director_mainplot.asl"": 161, ""director_subplot_l1_0.asl"": 141, ""director_subplot_l2_2.asl"": 141, ""director_subplot_l3_4.asl"": 141, ""director_subplot_l4_6.asl"": 129, ""director_subplot_l4_7.asl"": 129, ""director_subplot_l3_5.asl"": 141, ""director_subplot_l4_8.asl"": 129, ""director_subplot_l4_9.asl"": 129, ""director_subplot_l2_3.asl"": 141, ""director_subplot_l3_10.asl"": 141, ""director_subplot_l4_12.asl"": 129, ""director_subplot_l4_13.asl"": 129, ""director_subplot_l3_11.asl"": 141, ""director_subplot_l4_14.asl"": 129, ""director_subplot_l4_15.asl"": 129, ""director_subplot_l1_1.asl"": 141, ""director_subplot_l2_16.asl"": 141, ""director_subplot_l3_18.asl"": 141, ""director_subplot_l4_20.asl"": 129, ""director_subplot_l4_21.asl"": 129, ""director_subplot_l3_19.asl"": 141, ""director_subplot_l4_22.asl"": 129, ""director_subplot_l4_23.asl"": 129, ""director_subplot_l2_17.asl"": 141, ""director_subplot_l3_24.asl"": 141, ""director_subplot_l4_26.asl"": 129, ""director_subplot_l4_27.asl"": 129, ""director_subplot_l3_25.asl"": 141, ""director_subplot_l4_28.asl"": 129, ""director_subplot_l4_29.asl"": 129, ""role_mainplot_role0.asl"": 34, ""role_mainplot_role1.asl"": 34, ""role_subplot_l1_0_subrole.asl"": 29, ""role_subplot_l2_2_subrole.asl"": 29, ""role_subplot_l3_4_subrole.asl"": 29, ""role_subplot_l4_6_subrole.asl"": 29, ""role_subplot_l4_7_subrole.asl"": 29, ""role_subplot_l3_5_subrole.asl"": 29, ""role_subplot_l4_8_subrole.asl"": 29, ""role_subplot_l4_9_subrole.asl"": 29, ""role_subplot_l2_3_subrole.asl"": 29, ""role_subplot_l3_10_subrole.asl"": 29, ""role_subplot_l4_12_subrole.asl"": 29, ""role_subplot_l4_13_subrole.asl"": 29, ""role_subplot_l3_11_subrole.asl"": 29, ""role_subplot_l4_14_subrole.asl"": 29, ""role_subplot_l4_15_subrole.asl"": 29, ""role_subplot_l1_1_subrole.asl"": 29, ""role_subplot_l2_16_subrole.asl"": 29, ""role_subplot_l3_18_subrole.asl"": 29, ""role_subplot_l4_20_subrole.asl"": 29, ""role_subplot_l4_21_subrole.asl"": 29, ""role_subplot_l3_19_subrole.asl"": 29, ""role_subplot_l4_22_subrole.asl"": 29, ""role_subplot_l4_23_subrole.asl"": 29, ""role_subplot_l2_17_subrole.asl"": 29, ""role_subplot_l3_24_subrole.asl"": 29, ""role_subplot_l4_26_subrole.asl"": 29, ""role_subplot_l4_27_subrole.asl"": 29, ""role_subplot_l3_25_subrole.asl"": 29, ""role_subplot_l4_28_subrole.asl"": 29, ""role_subplot_l4_29_subrole.asl"": 29}",6.900265957446808,0.009269022999433219,0.0008580769999753102,0.9156150817871094,True,9,0
scale_subplot_depth,22,Linux 7.2.6-arch2-1,x86_64,24,30.44,3.14.7,10,10,5,2,2,1,2,2,2,2,4,42,752,13743,65,5189,"{""playbook_playbook0.asl"": 26, ""playbook_playbook1.asl"": 26, ""director_mainplot.asl"": 161, ""director_subplot_l1_0.asl"": 141, ""director_subplot_l2_2.asl"": 141, ""director_subplot_l3_4.asl"": 141, ""director_subplot_l4_6.asl"": 129, ""director_subplot_l4_7.asl"": 129, ""director_subplot_l3_5.asl"": 141, ""director_subplot_l4_8.asl"": 129, ""director_subplot_l4_9.asl"": 129, ""director_subplot_l2_3.asl"": 141, ""director_subplot_l3_10.asl"": 141, ""director_subplot_l4_12.asl"": 129, ""director_subplot_l4_13.asl"": 129, ""director_subplot_l3_11.asl"": 141, ""director_subplot_l4_14.asl"": 129, ""director_subplot_l4_15.asl"": 129, ""director_subplot_l1_1.asl"": 141, ""director_subplot_l2_16.asl"": 141, ""director_subplot_l3_18.asl"": 141, ""director_subplot_l4_20.asl"": 129, ""director_subplot_l4_21.asl"": 129, ""director_subplot_l3_19.asl"": 141, ""director_subplot_l4_22.asl"": 129, ""director_subplot_l4_23.asl"": 129, ""director_subplot_l2_17.asl"": 141, ""director_subplot_l3_24.asl"": 141, ""director_subplot_l4_26.asl"": 129, ""director_subplot_l4_27.asl"": 129, ""director_subplot_l3_25.asl"": 141, ""director_subplot_l4_28.asl"": 129, ""director_subplot_l4_29.asl"": 129, ""role_mainplot_role0.asl"": 34, ""role_mainplot_role1.asl"": 34, ""role_subplot_l1_0_subrole.asl"": 29, ""role_subplot_l2_2_subrole.asl"": 29, ""role_subplot_l3_4_subrole.asl"": 29, ""role_subplot_l4_6_subrole.asl"": 29, ""role_subplot_l4_7_subrole.asl"": 29, ""role_subplot_l3_5_subrole.asl"": 29, ""role_subplot_l4_8_subrole.asl"": 29, ""role_subplot_l4_9_subrole.asl"": 29, ""role_subplot_l2_3_subrole.asl"": 29, ""role_subplot_l3_10_subrole.asl"": 29, ""role_subplot_l4_12_subrole.asl"": 29, ""role_subplot_l4_13_subrole.asl"": 29, ""role_subplot_l3_11_subrole.asl"": 29, ""role_subplot_l4_14_subrole.asl"": 29, ""role_subplot_l4_15_subrole.asl"": 29, ""role_subplot_l1_1_subrole.asl"": 29, ""role_subplot_l2_16_subrole.asl"": 29, ""role_subplot_l3_18_subrole.asl"": 29, ""role_subplot_l4_20_subrole.asl"": 29, ""role_subplot_l4_21_subrole.asl"": 29, ""role_subplot_l3_19_subrole.asl"": 29, ""role_subplot_l4_22_subrole.asl"": 29, ""role_subplot_l4_23_subrole.asl"": 29, ""role_subplot_l2_17_subrole.asl"": 29, ""role_subplot_l3_24_subrole.asl"": 29, ""role_subplot_l4_26_subrole.asl"": 29, ""role_subplot_l4_27_subrole.asl"": 29, ""role_subplot_l3_25_subrole.asl"": 29, ""role_subplot_l4_28_subrole.asl"": 29, ""role_subplot_l4_29_subrole.asl"": 29}",6.900265957446808,0.009129632000622223,0.000880857000083779,0.9156150817871094,True,9,0
scale_subplot_depth,23,Linux 7.2.6-arch2-1,x86_64,24,30.44,3.14.7,10,10,5,2,2,1,2,2,2,2,4,42,752,13743,65,5189,"{""playbook_playbook0.asl"": 26, ""playbook_playbook1.asl"": 26, ""director_mainplot.asl"": 161, ""director_subplot_l1_0.asl"": 141, ""director_subplot_l2_2.asl"": 141, ""director_subplot_l3_4.asl"": 141, ""director_subplot_l4_6.asl"": 129, ""director_subplot_l4_7.asl"": 129, ""director_subplot_l3_5.asl"": 141, ""director_subplot_l4_8.asl"": 129, ""director_subplot_l4_9.asl"": 129, ""director_subplot_l2_3.asl"": 141, ""director_subplot_l3_10.asl"": 141, ""director_subplot_l4_12.asl"": 129, ""director_subplot_l4_13.asl"": 129, ""director_subplot_l3_11.asl"": 141, ""director_subplot_l4_14.asl"": 129, ""director_subplot_l4_15.asl"": 129, ""director_subplot_l1_1.asl"": 141, ""director_subplot_l2_16.asl"": 141, ""director_subplot_l3_18.asl"": 141, ""director_subplot_l4_20.asl"": 129, ""director_subplot_l4_21.asl"": 129, ""director_subplot_l3_19.asl"": 141, ""director_subplot_l4_22.asl"": 129, ""director_subplot_l4_23.asl"": 129, ""director_subplot_l2_17.asl"": 141, ""director_subplot_l3_24.asl"": 141, ""director_subplot_l4_26.asl"": 129, ""director_subplot_l4_27.asl"": 129, ""director_subplot_l3_25.asl"": 141, ""director_subplot_l4_28.asl"": 129, ""director_subplot_l4_29.asl"": 129, ""role_mainplot_role0.asl"": 34, ""role_mainplot_role1.asl"": 34, ""role_subplot_l1_0_subrole.asl"": 29, ""role_subplot_l2_2_subrole.asl"": 29, ""role_subplot_l3_4_subrole.asl"": 29, ""role_subplot_l4_6_subrole.asl"": 29, ""role_subplot_l4_7_subrole.asl"": 29, ""role_subplot_l3_5_subrole.asl"": 29, ""role_subplot_l4_8_subrole.asl"": 29, ""role_subplot_l4_9_subrole.asl"": 29, ""role_subplot_l2_3_subrole.asl"": 29, ""role_subplot_l3_10_subrole.asl"": 29, ""role_subplot_l4_12_subrole.asl"": 29, ""role_subplot_l4_13_subrole.asl"": 29, ""role_subplot_l3_11_subrole.asl"": 29, ""role_subplot_l4_14_subrole.asl"": 29, ""role_subplot_l4_15_subrole.asl"": 29, ""role_subplot_l1_1_subrole.asl"": 29, ""role_subplot_l2_16_subrole.asl"": 29, ""role_subplot_l3_18_subrole.asl"": 29, ""role_subplot_l4_20_subrole.asl"": 29, ""role_subplot_l4_21_subrole.asl"": 29, ""role_subplot_l3_19_subrole.asl"": 29, ""role_subplot_l4_22_subrole.asl"": 29, ""role_subplot_l4_23_subrole.asl"": 29, ""role_subplot_l2_17_subrole.asl"": 29, ""role_subplot_l3_24_subrole.asl"": 29, ""role_subplot_l4_26_subrole.asl"": 29, ""role_subplot_l4_27_subrole.asl"": 29, ""role_subplot_l3_25_subrole.asl"": 29, ""role_subplot_l4_28_subrole.asl"": 29, ""role_subplot_l4_29_subrole.asl"": 29}",6.900265957446808,0.00915090299986332,0.0008539370001017232,0.9156150817871094,True,9,0
scale_subplot_depth,24,Linux 7.2.6-arch2-1,x86_64,24,30.44,3.14.7,10,10,5,2,2,1,2,2,2,2,4,42,752,13743,65,5189,"{""playbook_playbook0.asl"": 26, ""playbook_playbook1.asl"": 26, ""director_mainplot.asl"": 161, ""director_subplot_l1_0.asl"": 141, ""director_subplot_l2_2.asl"": 141, ""director_subplot_l3_4.asl"": 141, ""director_subplot_l4_6.asl"": 129, ""director_subplot_l4_7.asl"": 129, ""director_subplot_l3_5.asl"": 141, ""director_subplot_l4_8.asl"": 129, ""director_subplot_l4_9.asl"": 129, ""director_subplot_l2_3.asl"": 141, ""director_subplot_l3_10.asl"": 141, ""director_subplot_l4_12.asl"": 129, ""director_subplot_l4_13.asl"": 129, ""director_subplot_l3_11.asl"": 141, ""director_subplot_l4_14.asl"": 129, ""director_subplot_l4_15.asl"": 129, ""director_subplot_l1_1.asl"": 141, ""director_subplot_l2_16.asl"": 141, ""director_subplot_l3_18.asl"": 141, ""director_subplot_l4_20.asl"": 129, ""director_subplot_l4_21.asl"": 129, ""director_subplot_l3_19.asl"": 141, ""director_subplot_l4_22.asl"": 129, ""director_subplot_l4_23.asl"": 129, ""director_subplot_l2_17.asl"": 141, ""director_subplot_l3_24.asl"": 141, ""director_subplot_l4_26.asl"": 129, ""director_subplot_l4_27.asl"": 129, ""director_subplot_l3_25.asl"": 141, ""director_subplot_l4_28.asl"": 129, ""director_subplot_l4_29.asl"": 129, ""role_mainplot_role0.asl"": 34, ""role_mainplot_role1.asl"": 34, ""role_subplot_l1_0_subrole.asl"": 29, ""role_subplot_l2_2_subrole.asl"": 29, ""role_subplot_l3_4_subrole.asl"": 29, ""role_subplot_l4_6_subrole.asl"": 29, ""role_subplot_l4_7_subrole.asl"": 29, ""role_subplot_l3_5_subrole.asl"": 29, ""role_subplot_l4_8_subrole.asl"": 29, ""role_subplot_l4_9_subrole.asl"": 29, ""role_subplot_l2_3_subrole.asl"": 29, ""role_subplot_l3_10_subrole.asl"": 29, ""role_subplot_l4_12_subrole.asl"": 29, ""role_subplot_l4_13_subrole.asl"": 29, ""role_subplot_l3_11_subrole.asl"": 29, ""role_subplot_l4_14_subrole.asl"": 29, ""role_subplot_l4_15_subrole.asl"": 29, ""role_subplot_l1_1_subrole.asl"": 29, ""role_subplot_l2_16_subrole.asl"": 29, ""role_subplot_l3_18_subrole.asl"": 29, ""role_subplot_l4_20_subrole.asl"": 29, ""role_subplot_l4_21_subrole.asl"": 29, ""role_subplot_l3_19_subrole.asl"": 29, ""role_subplot_l4_22_subrole.asl"": 29, ""role_subplot_l4_23_subrole.asl"": 29, ""role_subplot_l2_17_subrole.asl"": 29, ""role_subplot_l3_24_subrole.asl"": 29, ""role_subplot_l4_26_subrole.asl"": 29, ""role_subplot_l4_27_subrole.asl"": 29, ""role_subplot_l3_25_subrole.asl"": 29, ""role_subplot_l4_28_subrole.asl"": 29, ""role_subplot_l4_29_subrole.asl"": 29}",6.900265957446808,0.009277572999963013,0.0008454870003333781,0.9156150817871094,True,9,0
scale_subplot_depth,25,Linux 7.2.6-arch2-1,x86_64,24,30.44,3.14.7,10,10,5,2,2,1,2,2,2,2,5,42,1424,25871,129,10437,"{""playbook_playbook0.asl"": 26, ""playbook_playbook1.asl"": 26, ""director_mainplot.asl"": 161, ""director_subplot_l1_0.asl"": 141, ""director_subplot_l2_2.asl"": 141, ""director_subplot_l3_4.asl"": 141, ""director_subplot_l4_6.asl"": 141, ""director_subplot_l5_8.asl"": 129, ""director_subplot_l5_9.asl"": 129, ""director_subplot_l4_7.asl"": 141, ""director_subplot_l5_10.asl"": 129, ""director_subplot_l5_11.asl"": 129, ""director_subplot_l3_5.asl"": 141, ""director_subplot_l4_12.asl"": 141, ""director_subplot_l5_14.asl"": 129, ""director_subplot_l5_15.asl"": 129, ""director_subplot_l4_13.asl"": 141, ""director_subplot_l5_16.asl"": 129, ""director_subplot_l5_17.asl"": 129, ""director_subplot_l2_3.asl"": 141, ""director_subplot_l3_18.asl"": 141, ""director_subplot_l4_20.asl"": 141, ""director_subplot_l5_22.asl"": 129, ""director_subplot_l5_23.asl"": 129, ""director_subplot_l4_21.asl"": 141, ""director_subplot_l5_24.asl"": 129, ""director_subplot_l5_25.asl"": 129, ""director_subplot_l3_19.asl"": 141, ""director_subplot_l4_26.asl"": 141, ""director_subplot_l5_28.asl"": 129, ""director_subplot_l5_29.asl"": 129, ""director_subplot_l4_27.asl"": 141, ""director_subplot_l5_30.asl"": 129, ""director_subplot_l5_31.asl"": 129, ""director_subplot_l1_1.asl"": 141, ""director_subplot_l2_32.asl"": 141, ""director_subplot_l3_34.asl"": 141, ""director_subplot_l4_36.asl"": 141, ""director_subplot_l5_38.asl"": 129, ""director_subplot_l5_39.asl"": 129, ""director_subplot_l4_37.asl"": 141, ""director_subplot_l5_40.asl"": 129, ""director_subplot_l5_41.asl"": 129, ""director_subplot_l3_35.asl"": 141, ""director_subplot_l4_42.asl"": 141, ""director_subplot_l5_44.asl"": 129, ""director_subplot_l5_45.asl"": 129, ""director_subplot_l4_43.asl"": 141, ""director_subplot_l5_46.asl"": 129, ""director_subplot_l5_47.asl"": 129, ""director_subplot_l2_33.asl"": 141, ""director_subplot_l3_48.asl"": 141, ""director_subplot_l4_50.asl"": 141, ""director_subplot_l5_52.asl"": 129, ""director_subplot_l5_53.asl"": 129, ""director_subplot_l4_51.asl"": 141, ""director_subplot_l5_54.asl"": 129, ""director_subplot_l5_55.asl"": 129, ""director_subplot_l3_49.asl"": 141, ""director_subplot_l4_56.asl"": 141, ""director_subplot_l5_58.asl"": 129, ""director_subplot_l5_59.asl"": 129, ""director_subplot_l4_57.asl"": 141, ""director_subplot_l5_60.asl"": 129, ""director_subplot_l5_61.asl"": 129, ""role_mainplot_role0.asl"": 34, ""role_mainplot_role1.asl"": 34, ""role_subplot_l1_0_subrole.asl"": 29, ""role_subplot_l2_2_subrole.asl"": 29, ""role_subplot_l3_4_subrole.asl"": 29, ""role_subplot_l4_6_subrole.asl"": 29, ""role_subplot_l5_8_subrole.asl"": 29, ""role_subplot_l5_9_subrole.asl"": 29, ""role_subplot_l4_7_subrole.asl"": 29, ""role_subplot_l5_10_subrole.asl"": 29, ""role_subplot_l5_11_subrole.asl"": 29, ""role_subplot_l3_5_subrole.asl"": 29, ""role_subplot_l4_12_subrole.asl"": 29, ""role_subplot_l5_14_subrole.asl"": 29, ""role_subplot_l5_15_subrole.asl"": 29, ""role_subplot_l4_13_subrole.asl"": 29, ""role_subplot_l5_16_subrole.asl"": 29, ""role_subplot_l5_17_subrole.asl"": 29, ""role_subplot_l2_3_subrole.asl"": 29, ""role_subplot_l3_18_subrole.asl"": 29, ""role_subplot_l4_20_subrole.asl"": 29, ""role_subplot_l5_22_subrole.asl"": 29, ""role_subplot_l5_23_subrole.asl"": 29, ""role_subplot_l4_21_subrole.asl"": 29, ""role_subplot_l5_24_subrole.asl"": 29, ""role_subplot_l5_25_subrole.asl"": 29, ""role_subplot_l3_19_subrole.asl"": 29, ""role_subplot_l4_26_subrole.asl"": 29, ""role_subplot_l5_28_subrole.asl"": 29, ""role_subplot_l5_29_subrole.asl"": 29, ""role_subplot_l4_27_subrole.asl"": 29, ""role_subplot_l5_30_subrole.asl"": 29, ""role_subplot_l5_31_subrole.asl"": 29, ""role_subplot_l1_1_subrole.asl"": 29, ""role_subplot_l2_32_subrole.asl"": 29, ""role_subplot_l3_34_subrole.asl"": 29, ""role_subplot_l4_36_subrole.asl"": 29, ""role_subplot_l5_38_subrole.asl"": 29, ""role_subplot_l5_39_subrole.asl"": 29, ""role_subplot_l4_37_subrole.asl"": 29, ""role_subplot_l5_40_subrole.asl"": 29, ""role_subplot_l5_41_subrole.asl"": 29, ""role_subplot_l3_35_subrole.asl"": 29, ""role_subplot_l4_42_subrole.asl"": 29, ""role_subplot_l5_44_subrole.asl"": 29, ""role_subplot_l5_45_subrole.asl"": 29, ""role_subplot_l4_43_subrole.asl"": 29, ""role_subplot_l5_46_subrole.asl"": 29, ""role_subplot_l5_47_subrole.asl"": 29, ""role_subplot_l2_33_subrole.asl"": 29, ""role_subplot_l3_48_subrole.asl"": 29, ""role_subplot_l4_50_subrole.asl"": 29, ""role_subplot_l5_52_subrole.asl"": 29, ""role_subplot_l5_53_subrole.asl"": 29, ""role_subplot_l4_51_subrole.asl"": 29, ""role_subplot_l5_54_subrole.asl"": 29, ""role_subplot_l5_55_subrole.asl"": 29, ""role_subplot_l3_49_subrole.asl"": 29, ""role_subplot_l4_56_subrole.asl"": 29, ""role_subplot_l5_58_subrole.asl"": 29, ""role_subplot_l5_59_subrole.asl"": 29, ""role_subplot_l4_57_subrole.asl"": 29, ""role_subplot_l5_60_subrole.asl"": 29, ""role_subplot_l5_61_subrole.asl"": 29}",7.32935393258427,0.017613179000363743,0.0016716740001356811,1.757420539855957,True,9,0
scale_subplot_depth,26,Linux 7.2.6-arch2-1,x86_64,24,30.44,3.14.7,10,10,5,2,2,1,2,2,2,2,5,42,1424,25871,129,10437,"{""playbook_playbook0.asl"": 26, ""playbook_playbook1.asl"": 26, ""director_mainplot.asl"": 161, ""director_subplot_l1_0.asl"": 141, ""director_subplot_l2_2.asl"": 141, ""director_subplot_l3_4.asl"": 141, ""director_subplot_l4_6.asl"": 141, ""director_subplot_l5_8.asl"": 129, ""director_subplot_l5_9.asl"": 129, ""director_subplot_l4_7.asl"": 141, ""director_subplot_l5_10.asl"": 129, ""director_subplot_l5_11.asl"": 129, ""director_subplot_l3_5.asl"": 141, ""director_subplot_l4_12.asl"": 141, ""director_subplot_l5_14.asl"": 129, ""director_subplot_l5_15.asl"": 129, ""director_subplot_l4_13.asl"": 141, ""director_subplot_l5_16.asl"": 129, ""director_subplot_l5_17.asl"": 129, ""director_subplot_l2_3.asl"": 141, ""director_subplot_l3_18.asl"": 141, ""director_subplot_l4_20.asl"": 141, ""director_subplot_l5_22.asl"": 129, ""director_subplot_l5_23.asl"": 129, ""director_subplot_l4_21.asl"": 141, ""director_subplot_l5_24.asl"": 129, ""director_subplot_l5_25.asl"": 129, ""director_subplot_l3_19.asl"": 141, ""director_subplot_l4_26.asl"": 141, ""director_subplot_l5_28.asl"": 129, ""director_subplot_l5_29.asl"": 129, ""director_subplot_l4_27.asl"": 141, ""director_subplot_l5_30.asl"": 129, ""director_subplot_l5_31.asl"": 129, ""director_subplot_l1_1.asl"": 141, ""director_subplot_l2_32.asl"": 141, ""director_subplot_l3_34.asl"": 141, ""director_subplot_l4_36.asl"": 141, ""director_subplot_l5_38.asl"": 129, ""director_subplot_l5_39.asl"": 129, ""director_subplot_l4_37.asl"": 141, ""director_subplot_l5_40.asl"": 129, ""director_subplot_l5_41.asl"": 129, ""director_subplot_l3_35.asl"": 141, ""director_subplot_l4_42.asl"": 141, ""director_subplot_l5_44.asl"": 129, ""director_subplot_l5_45.asl"": 129, ""director_subplot_l4_43.asl"": 141, ""director_subplot_l5_46.asl"": 129, ""director_subplot_l5_47.asl"": 129, ""director_subplot_l2_33.asl"": 141, ""director_subplot_l3_48.asl"": 141, ""director_subplot_l4_50.asl"": 141, ""director_subplot_l5_52.asl"": 129, ""director_subplot_l5_53.asl"": 129, ""director_subplot_l4_51.asl"": 141, ""director_subplot_l5_54.asl"": 129, ""director_subplot_l5_55.asl"": 129, ""director_subplot_l3_49.asl"": 141, ""director_subplot_l4_56.asl"": 141, ""director_subplot_l5_58.asl"": 129, ""director_subplot_l5_59.asl"": 129, ""director_subplot_l4_57.asl"": 141, ""director_subplot_l5_60.asl"": 129, ""director_subplot_l5_61.asl"": 129, ""role_mainplot_role0.asl"": 34, ""role_mainplot_role1.asl"": 34, ""role_subplot_l1_0_subrole.asl"": 29, ""role_subplot_l2_2_subrole.asl"": 29, ""role_subplot_l3_4_subrole.asl"": 29, ""role_subplot_l4_6_subrole.asl"": 29, ""role_subplot_l5_8_subrole.asl"": 29, ""role_subplot_l5_9_subrole.asl"": 29, ""role_subplot_l4_7_subrole.asl"": 29, ""role_subplot_l5_10_subrole.asl"": 29, ""role_subplot_l5_11_subrole.asl"": 29, ""role_subplot_l3_5_subrole.asl"": 29, ""role_subplot_l4_12_subrole.asl"": 29, ""role_subplot_l5_14_subrole.asl"": 29, ""role_subplot_l5_15_subrole.asl"": 29, ""role_subplot_l4_13_subrole.asl"": 29, ""role_subplot_l5_16_subrole.asl"": 29, ""role_subplot_l5_17_subrole.asl"": 29, ""role_subplot_l2_3_subrole.asl"": 29, ""role_subplot_l3_18_subrole.asl"": 29, ""role_subplot_l4_20_subrole.asl"": 29, ""role_subplot_l5_22_subrole.asl"": 29, ""role_subplot_l5_23_subrole.asl"": 29, ""role_subplot_l4_21_subrole.asl"": 29, ""role_subplot_l5_24_subrole.asl"": 29, ""role_subplot_l5_25_subrole.asl"": 29, ""role_subplot_l3_19_subrole.asl"": 29, ""role_subplot_l4_26_subrole.asl"": 29, ""role_subplot_l5_28_subrole.asl"": 29, ""role_subplot_l5_29_subrole.asl"": 29, ""role_subplot_l4_27_subrole.asl"": 29, ""role_subplot_l5_30_subrole.asl"": 29, ""role_subplot_l5_31_subrole.asl"": 29, ""role_subplot_l1_1_subrole.asl"": 29, ""role_subplot_l2_32_subrole.asl"": 29, ""role_subplot_l3_34_subrole.asl"": 29, ""role_subplot_l4_36_subrole.asl"": 29, ""role_subplot_l5_38_subrole.asl"": 29, ""role_subplot_l5_39_subrole.asl"": 29, ""role_subplot_l4_37_subrole.asl"": 29, ""role_subplot_l5_40_subrole.asl"": 29, ""role_subplot_l5_41_subrole.asl"": 29, ""role_subplot_l3_35_subrole.asl"": 29, ""role_subplot_l4_42_subrole.asl"": 29, ""role_subplot_l5_44_subrole.asl"": 29, ""role_subplot_l5_45_subrole.asl"": 29, ""role_subplot_l4_43_subrole.asl"": 29, ""role_subplot_l5_46_subrole.asl"": 29, ""role_subplot_l5_47_subrole.asl"": 29, ""role_subplot_l2_33_subrole.asl"": 29, ""role_subplot_l3_48_subrole.asl"": 29, ""role_subplot_l4_50_subrole.asl"": 29, ""role_subplot_l5_52_subrole.asl"": 29, ""role_subplot_l5_53_subrole.asl"": 29, ""role_subplot_l4_51_subrole.asl"": 29, ""role_subplot_l5_54_subrole.asl"": 29, ""role_subplot_l5_55_subrole.asl"": 29, ""role_subplot_l3_49_subrole.asl"": 29, ""role_subplot_l4_56_subrole.asl"": 29, ""role_subplot_l5_58_subrole.asl"": 29, ""role_subplot_l5_59_subrole.asl"": 29, ""role_subplot_l4_57_subrole.asl"": 29, ""role_subplot_l5_60_subrole.asl"": 29, ""role_subplot_l5_61_subrole.asl"": 29}",7.32935393258427,0.017539649000354984,0.0016866729993125773,1.757420539855957,True,9,0
scale_subplot_depth,27,Linux 7.2.6-arch2-1,x86_64,24,30.44,3.14.7,10,10,5,2,2,1,2,2,2,2,5,42,1424,25871,129,10437,"{""playbook_playbook0.asl"": 26, ""playbook_playbook1.asl"": 26, ""director_mainplot.asl"": 161, ""director_subplot_l1_0.asl"": 141, ""director_subplot_l2_2.asl"": 141, ""director_subplot_l3_4.asl"": 141, ""director_subplot_l4_6.asl"": 141, ""director_subplot_l5_8.asl"": 129, ""director_subplot_l5_9.asl"": 129, ""director_subplot_l4_7.asl"": 141, ""director_subplot_l5_10.asl"": 129, ""director_subplot_l5_11.asl"": 129, ""director_subplot_l3_5.asl"": 141, ""director_subplot_l4_12.asl"": 141, ""director_subplot_l5_14.asl"": 129, ""director_subplot_l5_15.asl"": 129, ""director_subplot_l4_13.asl"": 141, ""director_subplot_l5_16.asl"": 129, ""director_subplot_l5_17.asl"": 129, ""director_subplot_l2_3.asl"": 141, ""director_subplot_l3_18.asl"": 141, ""director_subplot_l4_20.asl"": 141, ""director_subplot_l5_22.asl"": 129, ""director_subplot_l5_23.asl"": 129, ""director_subplot_l4_21.asl"": 141, ""director_subplot_l5_24.asl"": 129, ""director_subplot_l5_25.asl"": 129, ""director_subplot_l3_19.asl"": 141, ""director_subplot_l4_26.asl"": 141, ""director_subplot_l5_28.asl"": 129, ""director_subplot_l5_29.asl"": 129, ""director_subplot_l4_27.asl"": 141, ""director_subplot_l5_30.asl"": 129, ""director_subplot_l5_31.asl"": 129, ""director_subplot_l1_1.asl"": 141, ""director_subplot_l2_32.asl"": 141, ""director_subplot_l3_34.asl"": 141, ""director_subplot_l4_36.asl"": 141, ""director_subplot_l5_38.asl"": 129, ""director_subplot_l5_39.asl"": 129, ""director_subplot_l4_37.asl"": 141, ""director_subplot_l5_40.asl"": 129, ""director_subplot_l5_41.asl"": 129, ""director_subplot_l3_35.asl"": 141, ""director_subplot_l4_42.asl"": 141, ""director_subplot_l5_44.asl"": 129, ""director_subplot_l5_45.asl"": 129, ""director_subplot_l4_43.asl"": 141, ""director_subplot_l5_46.asl"": 129, ""director_subplot_l5_47.asl"": 129, ""director_subplot_l2_33.asl"": 141, ""director_subplot_l3_48.asl"": 141, ""director_subplot_l4_50.asl"": 141, ""director_subplot_l5_52.asl"": 129, ""director_subplot_l5_53.asl"": 129, ""director_subplot_l4_51.asl"": 141, ""director_subplot_l5_54.asl"": 129, ""director_subplot_l5_55.asl"": 129, ""director_subplot_l3_49.asl"": 141, ""director_subplot_l4_56.asl"": 141, ""director_subplot_l5_58.asl"": 129, ""director_subplot_l5_59.asl"": 129, ""director_subplot_l4_57.asl"": 141, ""director_subplot_l5_60.asl"": 129, ""director_subplot_l5_61.asl"": 129, ""role_mainplot_role0.asl"": 34, ""role_mainplot_role1.asl"": 34, ""role_subplot_l1_0_subrole.asl"": 29, ""role_subplot_l2_2_subrole.asl"": 29, ""role_subplot_l3_4_subrole.asl"": 29, ""role_subplot_l4_6_subrole.asl"": 29, ""role_subplot_l5_8_subrole.asl"": 29, ""role_subplot_l5_9_subrole.asl"": 29, ""role_subplot_l4_7_subrole.asl"": 29, ""role_subplot_l5_10_subrole.asl"": 29, ""role_subplot_l5_11_subrole.asl"": 29, ""role_subplot_l3_5_subrole.asl"": 29, ""role_subplot_l4_12_subrole.asl"": 29, ""role_subplot_l5_14_subrole.asl"": 29, ""role_subplot_l5_15_subrole.asl"": 29, ""role_subplot_l4_13_subrole.asl"": 29, ""role_subplot_l5_16_subrole.asl"": 29, ""role_subplot_l5_17_subrole.asl"": 29, ""role_subplot_l2_3_subrole.asl"": 29, ""role_subplot_l3_18_subrole.asl"": 29, ""role_subplot_l4_20_subrole.asl"": 29, ""role_subplot_l5_22_subrole.asl"": 29, ""role_subplot_l5_23_subrole.asl"": 29, ""role_subplot_l4_21_subrole.asl"": 29, ""role_subplot_l5_24_subrole.asl"": 29, ""role_subplot_l5_25_subrole.asl"": 29, ""role_subplot_l3_19_subrole.asl"": 29, ""role_subplot_l4_26_subrole.asl"": 29, ""role_subplot_l5_28_subrole.asl"": 29, ""role_subplot_l5_29_subrole.asl"": 29, ""role_subplot_l4_27_subrole.asl"": 29, ""role_subplot_l5_30_subrole.asl"": 29, ""role_subplot_l5_31_subrole.asl"": 29, ""role_subplot_l1_1_subrole.asl"": 29, ""role_subplot_l2_32_subrole.asl"": 29, ""role_subplot_l3_34_subrole.asl"": 29, ""role_subplot_l4_36_subrole.asl"": 29, ""role_subplot_l5_38_subrole.asl"": 29, ""role_subplot_l5_39_subrole.asl"": 29, ""role_subplot_l4_37_subrole.asl"": 29, ""role_subplot_l5_40_subrole.asl"": 29, ""role_subplot_l5_41_subrole.asl"": 29, ""role_subplot_l3_35_subrole.asl"": 29, ""role_subplot_l4_42_subrole.asl"": 29, ""role_subplot_l5_44_subrole.asl"": 29, ""role_subplot_l5_45_subrole.asl"": 29, ""role_subplot_l4_43_subrole.asl"": 29, ""role_subplot_l5_46_subrole.asl"": 29, ""role_subplot_l5_47_subrole.asl"": 29, ""role_subplot_l2_33_subrole.asl"": 29, ""role_subplot_l3_48_subrole.asl"": 29, ""role_subplot_l4_50_subrole.asl"": 29, ""role_subplot_l5_52_subrole.asl"": 29, ""role_subplot_l5_53_subrole.asl"": 29, ""role_subplot_l4_51_subrole.asl"": 29, ""role_subplot_l5_54_subrole.asl"": 29, ""role_subplot_l5_55_subrole.asl"": 29, ""role_subplot_l3_49_subrole.asl"": 29, ""role_subplot_l4_56_subrole.asl"": 29, ""role_subplot_l5_58_subrole.asl"": 29, ""role_subplot_l5_59_subrole.asl"": 29, ""role_subplot_l4_57_subrole.asl"": 29, ""role_subplot_l5_60_subrole.asl"": 29, ""role_subplot_l5_61_subrole.asl"": 29}",7.32935393258427,0.0176379900003667,0.0017570239997439785,1.757420539855957,True,9,0
scale_subplot_depth,28,Linux 7.2.6-arch2-1,x86_64,24,30.44,3.14.7,10,10,5,2,2,1,2,2,2,2,5,42,1424,25871,129,10437,"{""playbook_playbook0.asl"": 26, ""playbook_playbook1.asl"": 26, ""director_mainplot.asl"": 161, ""director_subplot_l1_0.asl"": 141, ""director_subplot_l2_2.asl"": 141, ""director_subplot_l3_4.asl"": 141, ""director_subplot_l4_6.asl"": 141, ""director_subplot_l5_8.asl"": 129, ""director_subplot_l5_9.asl"": 129, ""director_subplot_l4_7.asl"": 141, ""director_subplot_l5_10.asl"": 129, ""director_subplot_l5_11.asl"": 129, ""director_subplot_l3_5.asl"": 141, ""director_subplot_l4_12.asl"": 141, ""director_subplot_l5_14.asl"": 129, ""director_subplot_l5_15.asl"": 129, ""director_subplot_l4_13.asl"": 141, ""director_subplot_l5_16.asl"": 129, ""director_subplot_l5_17.asl"": 129, ""director_subplot_l2_3.asl"": 141, ""director_subplot_l3_18.asl"": 141, ""director_subplot_l4_20.asl"": 141, ""director_subplot_l5_22.asl"": 129, ""director_subplot_l5_23.asl"": 129, ""director_subplot_l4_21.asl"": 141, ""director_subplot_l5_24.asl"": 129, ""director_subplot_l5_25.asl"": 129, ""director_subplot_l3_19.asl"": 141, ""director_subplot_l4_26.asl"": 141, ""director_subplot_l5_28.asl"": 129, ""director_subplot_l5_29.asl"": 129, ""director_subplot_l4_27.asl"": 141, ""director_subplot_l5_30.asl"": 129, ""director_subplot_l5_31.asl"": 129, ""director_subplot_l1_1.asl"": 141, ""director_subplot_l2_32.asl"": 141, ""director_subplot_l3_34.asl"": 141, ""director_subplot_l4_36.asl"": 141, ""director_subplot_l5_38.asl"": 129, ""director_subplot_l5_39.asl"": 129, ""director_subplot_l4_37.asl"": 141, ""director_subplot_l5_40.asl"": 129, ""director_subplot_l5_41.asl"": 129, ""director_subplot_l3_35.asl"": 141, ""director_subplot_l4_42.asl"": 141, ""director_subplot_l5_44.asl"": 129, ""director_subplot_l5_45.asl"": 129, ""director_subplot_l4_43.asl"": 141, ""director_subplot_l5_46.asl"": 129, ""director_subplot_l5_47.asl"": 129, ""director_subplot_l2_33.asl"": 141, ""director_subplot_l3_48.asl"": 141, ""director_subplot_l4_50.asl"": 141, ""director_subplot_l5_52.asl"": 129, ""director_subplot_l5_53.asl"": 129, ""director_subplot_l4_51.asl"": 141, ""director_subplot_l5_54.asl"": 129, ""director_subplot_l5_55.asl"": 129, ""director_subplot_l3_49.asl"": 141, ""director_subplot_l4_56.asl"": 141, ""director_subplot_l5_58.asl"": 129, ""director_subplot_l5_59.asl"": 129, ""director_subplot_l4_57.asl"": 141, ""director_subplot_l5_60.asl"": 129, ""director_subplot_l5_61.asl"": 129, ""role_mainplot_role0.asl"": 34, ""role_mainplot_role1.asl"": 34, ""role_subplot_l1_0_subrole.asl"": 29, ""role_subplot_l2_2_subrole.asl"": 29, ""role_subplot_l3_4_subrole.asl"": 29, ""role_subplot_l4_6_subrole.asl"": 29, ""role_subplot_l5_8_subrole.asl"": 29, ""role_subplot_l5_9_subrole.asl"": 29, ""role_subplot_l4_7_subrole.asl"": 29, ""role_subplot_l5_10_subrole.asl"": 29, ""role_subplot_l5_11_subrole.asl"": 29, ""role_subplot_l3_5_subrole.asl"": 29, ""role_subplot_l4_12_subrole.asl"": 29, ""role_subplot_l5_14_subrole.asl"": 29, ""role_subplot_l5_15_subrole.asl"": 29, ""role_subplot_l4_13_subrole.asl"": 29, ""role_subplot_l5_16_subrole.asl"": 29, ""role_subplot_l5_17_subrole.asl"": 29, ""role_subplot_l2_3_subrole.asl"": 29, ""role_subplot_l3_18_subrole.asl"": 29, ""role_subplot_l4_20_subrole.asl"": 29, ""role_subplot_l5_22_subrole.asl"": 29, ""role_subplot_l5_23_subrole.asl"": 29, ""role_subplot_l4_21_subrole.asl"": 29, ""role_subplot_l5_24_subrole.asl"": 29, ""role_subplot_l5_25_subrole.asl"": 29, ""role_subplot_l3_19_subrole.asl"": 29, ""role_subplot_l4_26_subrole.asl"": 29, ""role_subplot_l5_28_subrole.asl"": 29, ""role_subplot_l5_29_subrole.asl"": 29, ""role_subplot_l4_27_subrole.asl"": 29, ""role_subplot_l5_30_subrole.asl"": 29, ""role_subplot_l5_31_subrole.asl"": 29, ""role_subplot_l1_1_subrole.asl"": 29, ""role_subplot_l2_32_subrole.asl"": 29, ""role_subplot_l3_34_subrole.asl"": 29, ""role_subplot_l4_36_subrole.asl"": 29, ""role_subplot_l5_38_subrole.asl"": 29, ""role_subplot_l5_39_subrole.asl"": 29, ""role_subplot_l4_37_subrole.asl"": 29, ""role_subplot_l5_40_subrole.asl"": 29, ""role_subplot_l5_41_subrole.asl"": 29, ""role_subplot_l3_35_subrole.asl"": 29, ""role_subplot_l4_42_subrole.asl"": 29, ""role_subplot_l5_44_subrole.asl"": 29, ""role_subplot_l5_45_subrole.asl"": 29, ""role_subplot_l4_43_subrole.asl"": 29, ""role_subplot_l5_46_subrole.asl"": 29, ""role_subplot_l5_47_subrole.asl"": 29, ""role_subplot_l2_33_subrole.asl"": 29, ""role_subplot_l3_48_subrole.asl"": 29, ""role_subplot_l4_50_subrole.asl"": 29, ""role_subplot_l5_52_subrole.asl"": 29, ""role_subplot_l5_53_subrole.asl"": 29, ""role_subplot_l4_51_subrole.asl"": 29, ""role_subplot_l5_54_subrole.asl"": 29, ""role_subplot_l5_55_subrole.asl"": 29, ""role_subplot_l3_49_subrole.asl"": 29, ""role_subplot_l4_56_subrole.asl"": 29, ""role_subplot_l5_58_subrole.asl"": 29, ""role_subplot_l5_59_subrole.asl"": 29, ""role_subplot_l4_57_subrole.asl"": 29, ""role_subplot_l5_60_subrole.asl"": 29, ""role_subplot_l5_61_subrole.asl"": 29}",7.32935393258427,0.017463087999203708,0.001657883000007132,1.757420539855957,True,9,0
scale_subplot_depth,29,Linux 7.2.6-arch2-1,x86_64,24,30.44,3.14.7,10,10,5,2,2,1,2,2,2,2,5,42,1424,25871,129,10437,"{""playbook_playbook0.asl"": 26, ""playbook_playbook1.asl"": 26, ""director_mainplot.asl"": 161, ""director_subplot_l1_0.asl"": 141, ""director_subplot_l2_2.asl"": 141, ""director_subplot_l3_4.asl"": 141, ""director_subplot_l4_6.asl"": 141, ""director_subplot_l5_8.asl"": 129, ""director_subplot_l5_9.asl"": 129, ""director_subplot_l4_7.asl"": 141, ""director_subplot_l5_10.asl"": 129, ""director_subplot_l5_11.asl"": 129, ""director_subplot_l3_5.asl"": 141, ""director_subplot_l4_12.asl"": 141, ""director_subplot_l5_14.asl"": 129, ""director_subplot_l5_15.asl"": 129, ""director_subplot_l4_13.asl"": 141, ""director_subplot_l5_16.asl"": 129, ""director_subplot_l5_17.asl"": 129, ""director_subplot_l2_3.asl"": 141, ""director_subplot_l3_18.asl"": 141, ""director_subplot_l4_20.asl"": 141, ""director_subplot_l5_22.asl"": 129, ""director_subplot_l5_23.asl"": 129, ""director_subplot_l4_21.asl"": 141, ""director_subplot_l5_24.asl"": 129, ""director_subplot_l5_25.asl"": 129, ""director_subplot_l3_19.asl"": 141, ""director_subplot_l4_26.asl"": 141, ""director_subplot_l5_28.asl"": 129, ""director_subplot_l5_29.asl"": 129, ""director_subplot_l4_27.asl"": 141, ""director_subplot_l5_30.asl"": 129, ""director_subplot_l5_31.asl"": 129, ""director_subplot_l1_1.asl"": 141, ""director_subplot_l2_32.asl"": 141, ""director_subplot_l3_34.asl"": 141, ""director_subplot_l4_36.asl"": 141, ""director_subplot_l5_38.asl"": 129, ""director_subplot_l5_39.asl"": 129, ""director_subplot_l4_37.asl"": 141, ""director_subplot_l5_40.asl"": 129, ""director_subplot_l5_41.asl"": 129, ""director_subplot_l3_35.asl"": 141, ""director_subplot_l4_42.asl"": 141, ""director_subplot_l5_44.asl"": 129, ""director_subplot_l5_45.asl"": 129, ""director_subplot_l4_43.asl"": 141, ""director_subplot_l5_46.asl"": 129, ""director_subplot_l5_47.asl"": 129, ""director_subplot_l2_33.asl"": 141, ""director_subplot_l3_48.asl"": 141, ""director_subplot_l4_50.asl"": 141, ""director_subplot_l5_52.asl"": 129, ""director_subplot_l5_53.asl"": 129, ""director_subplot_l4_51.asl"": 141, ""director_subplot_l5_54.asl"": 129, ""director_subplot_l5_55.asl"": 129, ""director_subplot_l3_49.asl"": 141, ""director_subplot_l4_56.asl"": 141, ""director_subplot_l5_58.asl"": 129, ""director_subplot_l5_59.asl"": 129, ""director_subplot_l4_57.asl"": 141, ""director_subplot_l5_60.asl"": 129, ""director_subplot_l5_61.asl"": 129, ""role_mainplot_role0.asl"": 34, ""role_mainplot_role1.asl"": 34, ""role_subplot_l1_0_subrole.asl"": 29, ""role_subplot_l2_2_subrole.asl"": 29, ""role_subplot_l3_4_subrole.asl"": 29, ""role_subplot_l4_6_subrole.asl"": 29, ""role_subplot_l5_8_subrole.asl"": 29, ""role_subplot_l5_9_subrole.asl"": 29, ""role_subplot_l4_7_subrole.asl"": 29, ""role_subplot_l5_10_subrole.asl"": 29, ""role_subplot_l5_11_subrole.asl"": 29, ""role_subplot_l3_5_subrole.asl"": 29, ""role_subplot_l4_12_subrole.asl"": 29, ""role_subplot_l5_14_subrole.asl"": 29, ""role_subplot_l5_15_subrole.asl"": 29, ""role_subplot_l4_13_subrole.asl"": 29, ""role_subplot_l5_16_subrole.asl"": 29, ""role_subplot_l5_17_subrole.asl"": 29, ""role_subplot_l2_3_subrole.asl"": 29, ""role_subplot_l3_18_subrole.asl"": 29, ""role_subplot_l4_20_subrole.asl"": 29, ""role_subplot_l5_22_subrole.asl"": 29, ""role_subplot_l5_23_subrole.asl"": 29, ""role_subplot_l4_21_subrole.asl"": 29, ""role_subplot_l5_24_subrole.asl"": 29, ""role_subplot_l5_25_subrole.asl"": 29, ""role_subplot_l3_19_subrole.asl"": 29, ""role_subplot_l4_26_subrole.asl"": 29, ""role_subplot_l5_28_subrole.asl"": 29, ""role_subplot_l5_29_subrole.asl"": 29, ""role_subplot_l4_27_subrole.asl"": 29, ""role_subplot_l5_30_subrole.asl"": 29, ""role_subplot_l5_31_subrole.asl"": 29, ""role_subplot_l1_1_subrole.asl"": 29, ""role_subplot_l2_32_subrole.asl"": 29, ""role_subplot_l3_34_subrole.asl"": 29, ""role_subplot_l4_36_subrole.asl"": 29, ""role_subplot_l5_38_subrole.asl"": 29, ""role_subplot_l5_39_subrole.asl"": 29, ""role_subplot_l4_37_subrole.asl"": 29, ""role_subplot_l5_40_subrole.asl"": 29, ""role_subplot_l5_41_subrole.asl"": 29, ""role_subplot_l3_35_subrole.asl"": 29, ""role_subplot_l4_42_subrole.asl"": 29, ""role_subplot_l5_44_subrole.asl"": 29, ""role_subplot_l5_45_subrole.asl"": 29, ""role_subplot_l4_43_subrole.asl"": 29, ""role_subplot_l5_46_subrole.asl"": 29, ""role_subplot_l5_47_subrole.asl"": 29, ""role_subplot_l2_33_subrole.asl"": 29, ""role_subplot_l3_48_subrole.asl"": 29, ""role_subplot_l4_50_subrole.asl"": 29, ""role_subplot_l5_52_subrole.asl"": 29, ""role_subplot_l5_53_subrole.asl"": 29, ""role_subplot_l4_51_subrole.asl"": 29, ""role_subplot_l5_54_subrole.asl"": 29, ""role_subplot_l5_55_subrole.asl"": 29, ""role_subplot_l3_49_subrole.asl"": 29, ""role_subplot_l4_56_subrole.asl"": 29, ""role_subplot_l5_58_subrole.asl"": 29, ""role_subplot_l5_59_subrole.asl"": 29, ""role_subplot_l4_57_subrole.asl"": 29, ""role_subplot_l5_60_subrole.asl"": 29, ""role_subplot_l5_61_subrole.asl"": 29}",7.32935393258427,0.01759357899936731,0.001675133999924583,1.757420539855957,True,9,0
scale_subplot_depth,30,Linux 7.2.6-arch2-1,x86_64,24,30.44,3.14.7,10,10,5,2,2,1,2,2,2,2,6,42,2768,50205,257,20933,"{""playbook_playbook0.asl"": 26, ""playbook_playbook1.asl"": 26, ""director_mainplot.asl"": 161, ""director_subplot_l1_0.asl"": 141, ""director_subplot_l2_2.asl"": 141, ""director_subplot_l3_4.asl"": 141, ""director_subplot_l4_6.asl"": 141, ""director_subplot_l5_8.asl"": 141, ""director_subplot_l6_10.asl"": 129, ""director_subplot_l6_11.asl"": 129, ""director_subplot_l5_9.asl"": 141, ""director_subplot_l6_12.asl"": 129, ""director_subplot_l6_13.asl"": 129, ""director_subplot_l4_7.asl"": 141, ""director_subplot_l5_14.asl"": 141, ""director_subplot_l6_16.asl"": 129, ""director_subplot_l6_17.asl"": 129, ""director_subplot_l5_15.asl"": 141, ""director_subplot_l6_18.asl"": 129, ""director_subplot_l6_19.asl"": 129, ""director_subplot_l3_5.asl"": 141, ""director_subplot_l4_20.asl"": 141, ""director_subplot_l5_22.asl"": 141, ""director_subplot_l6_24.asl"": 129, ""director_subplot_l6_25.asl"": 129, ""director_subplot_l5_23.asl"": 141, ""director_subplot_l6_26.asl"": 129, ""director_subplot_l6_27.asl"": 129, ""director_subplot_l4_21.asl"": 141, ""director_subplot_l5_28.asl"": 141, ""director_subplot_l6_30.asl"": 129, ""director_subplot_l6_31.asl"": 129, ""director_subplot_l5_29.asl"": 141, ""director_subplot_l6_32.asl"": 129, ""director_subplot_l6_33.asl"": 129, ""director_subplot_l2_3.asl"": 141, ""director_subplot_l3_34.asl"": 141, ""director_subplot_l4_36.asl"": 141, ""director_subplot_l5_38.asl"": 141, ""director_subplot_l6_40.asl"": 129, ""director_subplot_l6_41.asl"": 129, ""director_subplot_l5_39.asl"": 141, ""director_subplot_l6_42.asl"": 129, ""director_subplot_l6_43.asl"": 129, ""director_subplot_l4_37.asl"": 141, ""director_subplot_l5_44.asl"": 141, ""director_subplot_l6_46.asl"": 129, ""director_subplot_l6_47.asl"": 129, ""director_subplot_l5_45.asl"": 141, ""director_subplot_l6_48.asl"": 129, ""director_subplot_l6_49.asl"": 129, ""director_subplot_l3_35.asl"": 141, ""director_subplot_l4_50.asl"": 141, ""director_subplot_l5_52.asl"": 141, ""director_subplot_l6_54.asl"": 129, ""director_subplot_l6_55.asl"": 129, ""director_subplot_l5_53.asl"": 141, ""director_subplot_l6_56.asl"": 129, ""director_subplot_l6_57.asl"": 129, ""director_subplot_l4_51.asl"": 141, ""director_subplot_l5_58.asl"": 141, ""director_subplot_l6_60.asl"": 129, ""director_subplot_l6_61.asl"": 129, ""director_subplot_l5_59.asl"": 141, ""director_subplot_l6_62.asl"": 129, ""director_subplot_l6_63.asl"": 129, ""director_subplot_l1_1.asl"": 141, ""director_subplot_l2_64.asl"": 141, ""director_subplot_l3_66.asl"": 141, ""director_subplot_l4_68.asl"": 141, ""director_subplot_l5_70.asl"": 141, ""director_subplot_l6_72.asl"": 129, ""director_subplot_l6_73.asl"": 129, ""director_subplot_l5_71.asl"": 141, ""director_subplot_l6_74.asl"": 129, ""director_subplot_l6_75.asl"": 129, ""director_subplot_l4_69.asl"": 141, ""director_subplot_l5_76.asl"": 141, ""director_subplot_l6_78.asl"": 129, ""director_subplot_l6_79.asl"": 129, ""director_subplot_l5_77.asl"": 141, ""director_subplot_l6_80.asl"": 129, ""director_subplot_l6_81.asl"": 129, ""director_subplot_l3_67.asl"": 141, ""director_subplot_l4_82.asl"": 141, ""director_subplot_l5_84.asl"": 141, ""director_subplot_l6_86.asl"": 129, ""director_subplot_l6_87.asl"": 129, ""director_subplot_l5_85.asl"": 141, ""director_subplot_l6_88.asl"": 129, ""director_subplot_l6_89.asl"": 129, ""director_subplot_l4_83.asl"": 141, ""director_subplot_l5_90.asl"": 141, ""director_subplot_l6_92.asl"": 129, ""director_subplot_l6_93.asl"": 129, ""director_subplot_l5_91.asl"": 141, ""director_subplot_l6_94.asl"": 129, ""director_subplot_l6_95.asl"": 129, ""director_subplot_l2_65.asl"": 141, ""director_subplot_l3_96.asl"": 141, ""director_subplot_l4_98.asl"": 141, ""director_subplot_l5_100.asl"": 141, ""director_subplot_l6_102.asl"": 129, ""director_subplot_l6_103.asl"": 129, ""director_subplot_l5_101.asl"": 141, ""director_subplot_l6_104.asl"": 129, ""director_subplot_l6_105.asl"": 129, ""director_subplot_l4_99.asl"": 141, ""director_subplot_l5_106.asl"": 141, ""director_subplot_l6_108.asl"": 129, ""director_subplot_l6_109.asl"": 129, ""director_subplot_l5_107.asl"": 141, ""director_subplot_l6_110.asl"": 129, ""director_subplot_l6_111.asl"": 129, ""director_subplot_l3_97.asl"": 141, ""director_subplot_l4_112.asl"": 141, ""director_subplot_l5_114.asl"": 141, ""director_subplot_l6_116.asl"": 129, ""director_subplot_l6_117.asl"": 129, ""director_subplot_l5_115.asl"": 141, ""director_subplot_l6_118.asl"": 129, ""director_subplot_l6_119.asl"": 129, ""director_subplot_l4_113.asl"": 141, ""director_subplot_l5_120.asl"": 141, ""director_subplot_l6_122.asl"": 129, ""director_subplot_l6_123.asl"": 129, ""director_subplot_l5_121.asl"": 141, ""director_subplot_l6_124.asl"": 129, ""director_subplot_l6_125.asl"": 129, ""role_mainplot_role0.asl"": 34, ""role_mainplot_role1.asl"": 34, ""role_subplot_l1_0_subrole.asl"": 29, ""role_subplot_l2_2_subrole.asl"": 29, ""role_subplot_l3_4_subrole.asl"": 29, ""role_subplot_l4_6_subrole.asl"": 29, ""role_subplot_l5_8_subrole.asl"": 29, ""role_subplot_l6_10_subrole.asl"": 29, ""role_subplot_l6_11_subrole.asl"": 29, ""role_subplot_l5_9_subrole.asl"": 29, ""role_subplot_l6_12_subrole.asl"": 29, ""role_subplot_l6_13_subrole.asl"": 29, ""role_subplot_l4_7_subrole.asl"": 29, ""role_subplot_l5_14_subrole.asl"": 29, ""role_subplot_l6_16_subrole.asl"": 29, ""role_subplot_l6_17_subrole.asl"": 29, ""role_subplot_l5_15_subrole.asl"": 29, ""role_subplot_l6_18_subrole.asl"": 29, ""role_subplot_l6_19_subrole.asl"": 29, ""role_subplot_l3_5_subrole.asl"": 29, ""role_subplot_l4_20_subrole.asl"": 29, ""role_subplot_l5_22_subrole.asl"": 29, ""role_subplot_l6_24_subrole.asl"": 29, ""role_subplot_l6_25_subrole.asl"": 29, ""role_subplot_l5_23_subrole.asl"": 29, ""role_subplot_l6_26_subrole.asl"": 29, ""role_subplot_l6_27_subrole.asl"": 29, ""role_subplot_l4_21_subrole.asl"": 29, ""role_subplot_l5_28_subrole.asl"": 29, ""role_subplot_l6_30_subrole.asl"": 29, ""role_subplot_l6_31_subrole.asl"": 29, ""role_subplot_l5_29_subrole.asl"": 29, ""role_subplot_l6_32_subrole.asl"": 29, ""role_subplot_l6_33_subrole.asl"": 29, ""role_subplot_l2_3_subrole.asl"": 29, ""role_subplot_l3_34_subrole.asl"": 29, ""role_subplot_l4_36_subrole.asl"": 29, ""role_subplot_l5_38_subrole.asl"": 29, ""role_subplot_l6_40_subrole.asl"": 29, ""role_subplot_l6_41_subrole.asl"": 29, ""role_subplot_l5_39_subrole.asl"": 29, ""role_subplot_l6_42_subrole.asl"": 29, ""role_subplot_l6_43_subrole.asl"": 29, ""role_subplot_l4_37_subrole.asl"": 29, ""role_subplot_l5_44_subrole.asl"": 29, ""role_subplot_l6_46_subrole.asl"": 29, ""role_subplot_l6_47_subrole.asl"": 29, ""role_subplot_l5_45_subrole.asl"": 29, ""role_subplot_l6_48_subrole.asl"": 29, ""role_subplot_l6_49_subrole.asl"": 29, ""role_subplot_l3_35_subrole.asl"": 29, ""role_subplot_l4_50_subrole.asl"": 29, ""role_subplot_l5_52_subrole.asl"": 29, ""role_subplot_l6_54_subrole.asl"": 29, ""role_subplot_l6_55_subrole.asl"": 29, ""role_subplot_l5_53_subrole.asl"": 29, ""role_subplot_l6_56_subrole.asl"": 29, ""role_subplot_l6_57_subrole.asl"": 29, ""role_subplot_l4_51_subrole.asl"": 29, ""role_subplot_l5_58_subrole.asl"": 29, ""role_subplot_l6_60_subrole.asl"": 29, ""role_subplot_l6_61_subrole.asl"": 29, ""role_subplot_l5_59_subrole.asl"": 29, ""role_subplot_l6_62_subrole.asl"": 29, ""role_subplot_l6_63_subrole.asl"": 29, ""role_subplot_l1_1_subrole.asl"": 29, ""role_subplot_l2_64_subrole.asl"": 29, ""role_subplot_l3_66_subrole.asl"": 29, ""role_subplot_l4_68_subrole.asl"": 29, ""role_subplot_l5_70_subrole.asl"": 29, ""role_subplot_l6_72_subrole.asl"": 29, ""role_subplot_l6_73_subrole.asl"": 29, ""role_subplot_l5_71_subrole.asl"": 29, ""role_subplot_l6_74_subrole.asl"": 29, ""role_subplot_l6_75_subrole.asl"": 29, ""role_subplot_l4_69_subrole.asl"": 29, ""role_subplot_l5_76_subrole.asl"": 29, ""role_subplot_l6_78_subrole.asl"": 29, ""role_subplot_l6_79_subrole.asl"": 29, ""role_subplot_l5_77_subrole.asl"": 29, ""role_subplot_l6_80_subrole.asl"": 29, ""role_subplot_l6_81_subrole.asl"": 29, ""role_subplot_l3_67_subrole.asl"": 29, ""role_subplot_l4_82_subrole.asl"": 29, ""role_subplot_l5_84_subrole.asl"": 29, ""role_subplot_l6_86_subrole.asl"": 29, ""role_subplot_l6_87_subrole.asl"": 29, ""role_subplot_l5_85_subrole.asl"": 29, ""role_subplot_l6_88_subrole.asl"": 29, ""role_subplot_l6_89_subrole.asl"": 29, ""role_subplot_l4_83_subrole.asl"": 29, ""role_subplot_l5_90_subrole.asl"": 29, ""role_subplot_l6_92_subrole.asl"": 29, ""role_subplot_l6_93_subrole.asl"": 29, ""role_subplot_l5_91_subrole.asl"": 29, ""role_subplot_l6_94_subrole.asl"": 29, ""role_subplot_l6_95_subrole.asl"": 29, ""role_subplot_l2_65_subrole.asl"": 29, ""role_subplot_l3_96_subrole.asl"": 29, ""role_subplot_l4_98_subrole.asl"": 29, ""role_subplot_l5_100_subrole.asl"": 29, ""role_subplot_l6_102_subrole.asl"": 29, ""role_subplot_l6_103_subrole.asl"": 29, ""role_subplot_l5_101_subrole.asl"": 29, ""role_subplot_l6_104_subrole.asl"": 29, ""role_subplot_l6_105_subrole.asl"": 29, ""role_subplot_l4_99_subrole.asl"": 29, ""role_subplot_l5_106_subrole.asl"": 29, ""role_subplot_l6_108_subrole.asl"": 29, ""role_subplot_l6_109_subrole.asl"": 29, ""role_subplot_l5_107_subrole.asl"": 29, ""role_subplot_l6_110_subrole.asl"": 29, ""role_subplot_l6_111_subrole.asl"": 29, ""role_subplot_l3_97_subrole.asl"": 29, ""role_subplot_l4_112_subrole.asl"": 29, ""role_subplot_l5_114_subrole.asl"": 29, ""role_subplot_l6_116_subrole.asl"": 29, ""role_subplot_l6_117_subrole.asl"": 29, ""role_subplot_l5_115_subrole.asl"": 29, ""role_subplot_l6_118_subrole.asl"": 29, ""role_subplot_l6_119_subrole.asl"": 29, ""role_subplot_l4_113_subrole.asl"": 29, ""role_subplot_l5_120_subrole.asl"": 29, ""role_subplot_l6_122_subrole.asl"": 29, ""role_subplot_l6_123_subrole.asl"": 29, ""role_subplot_l5_121_subrole.asl"": 29, ""role_subplot_l6_124_subrole.asl"": 29, ""role_subplot_l6_125_subrole.asl"": 29}",7.5625,0.03456635400016239,0.003220925999812607,3.4400148391723633,True,9,0
scale_subplot_depth,31,Linux 7.2.6-arch2-1,x86_64,24,30.44,3.14.7,10,10,5,2,2,1,2,2,2,2,6,42,2768,50205,257,20933,"{""playbook_playbook0.asl"": 26, ""playbook_playbook1.asl"": 26, ""director_mainplot.asl"": 161, ""director_subplot_l1_0.asl"": 141, ""director_subplot_l2_2.asl"": 141, ""director_subplot_l3_4.asl"": 141, ""director_subplot_l4_6.asl"": 141, ""director_subplot_l5_8.asl"": 141, ""director_subplot_l6_10.asl"": 129, ""director_subplot_l6_11.asl"": 129, ""director_subplot_l5_9.asl"": 141, ""director_subplot_l6_12.asl"": 129, ""director_subplot_l6_13.asl"": 129, ""director_subplot_l4_7.asl"": 141, ""director_subplot_l5_14.asl"": 141, ""director_subplot_l6_16.asl"": 129, ""director_subplot_l6_17.asl"": 129, ""director_subplot_l5_15.asl"": 141, ""director_subplot_l6_18.asl"": 129, ""director_subplot_l6_19.asl"": 129, ""director_subplot_l3_5.asl"": 141, ""director_subplot_l4_20.asl"": 141, ""director_subplot_l5_22.asl"": 141, ""director_subplot_l6_24.asl"": 129, ""director_subplot_l6_25.asl"": 129, ""director_subplot_l5_23.asl"": 141, ""director_subplot_l6_26.asl"": 129, ""director_subplot_l6_27.asl"": 129, ""director_subplot_l4_21.asl"": 141, ""director_subplot_l5_28.asl"": 141, ""director_subplot_l6_30.asl"": 129, ""director_subplot_l6_31.asl"": 129, ""director_subplot_l5_29.asl"": 141, ""director_subplot_l6_32.asl"": 129, ""director_subplot_l6_33.asl"": 129, ""director_subplot_l2_3.asl"": 141, ""director_subplot_l3_34.asl"": 141, ""director_subplot_l4_36.asl"": 141, ""director_subplot_l5_38.asl"": 141, ""director_subplot_l6_40.asl"": 129, ""director_subplot_l6_41.asl"": 129, ""director_subplot_l5_39.asl"": 141, ""director_subplot_l6_42.asl"": 129, ""director_subplot_l6_43.asl"": 129, ""director_subplot_l4_37.asl"": 141, ""director_subplot_l5_44.asl"": 141, ""director_subplot_l6_46.asl"": 129, ""director_subplot_l6_47.asl"": 129, ""director_subplot_l5_45.asl"": 141, ""director_subplot_l6_48.asl"": 129, ""director_subplot_l6_49.asl"": 129, ""director_subplot_l3_35.asl"": 141, ""director_subplot_l4_50.asl"": 141, ""director_subplot_l5_52.asl"": 141, ""director_subplot_l6_54.asl"": 129, ""director_subplot_l6_55.asl"": 129, ""director_subplot_l5_53.asl"": 141, ""director_subplot_l6_56.asl"": 129, ""director_subplot_l6_57.asl"": 129, ""director_subplot_l4_51.asl"": 141, ""director_subplot_l5_58.asl"": 141, ""director_subplot_l6_60.asl"": 129, ""director_subplot_l6_61.asl"": 129, ""director_subplot_l5_59.asl"": 141, ""director_subplot_l6_62.asl"": 129, ""director_subplot_l6_63.asl"": 129, ""director_subplot_l1_1.asl"": 141, ""director_subplot_l2_64.asl"": 141, ""director_subplot_l3_66.asl"": 141, ""director_subplot_l4_68.asl"": 141, ""director_subplot_l5_70.asl"": 141, ""director_subplot_l6_72.asl"": 129, ""director_subplot_l6_73.asl"": 129, ""director_subplot_l5_71.asl"": 141, ""director_subplot_l6_74.asl"": 129, ""director_subplot_l6_75.asl"": 129, ""director_subplot_l4_69.asl"": 141, ""director_subplot_l5_76.asl"": 141, ""director_subplot_l6_78.asl"": 129, ""director_subplot_l6_79.asl"": 129, ""director_subplot_l5_77.asl"": 141, ""director_subplot_l6_80.asl"": 129, ""director_subplot_l6_81.asl"": 129, ""director_subplot_l3_67.asl"": 141, ""director_subplot_l4_82.asl"": 141, ""director_subplot_l5_84.asl"": 141, ""director_subplot_l6_86.asl"": 129, ""director_subplot_l6_87.asl"": 129, ""director_subplot_l5_85.asl"": 141, ""director_subplot_l6_88.asl"": 129, ""director_subplot_l6_89.asl"": 129, ""director_subplot_l4_83.asl"": 141, ""director_subplot_l5_90.asl"": 141, ""director_subplot_l6_92.asl"": 129, ""director_subplot_l6_93.asl"": 129, ""director_subplot_l5_91.asl"": 141, ""director_subplot_l6_94.asl"": 129, ""director_subplot_l6_95.asl"": 129, ""director_subplot_l2_65.asl"": 141, ""director_subplot_l3_96.asl"": 141, ""director_subplot_l4_98.asl"": 141, ""director_subplot_l5_100.asl"": 141, ""director_subplot_l6_102.asl"": 129, ""director_subplot_l6_103.asl"": 129, ""director_subplot_l5_101.asl"": 141, ""director_subplot_l6_104.asl"": 129, ""director_subplot_l6_105.asl"": 129, ""director_subplot_l4_99.asl"": 141, ""director_subplot_l5_106.asl"": 141, ""director_subplot_l6_108.asl"": 129, ""director_subplot_l6_109.asl"": 129, ""director_subplot_l5_107.asl"": 141, ""director_subplot_l6_110.asl"": 129, ""director_subplot_l6_111.asl"": 129, ""director_subplot_l3_97.asl"": 141, ""director_subplot_l4_112.asl"": 141, ""director_subplot_l5_114.asl"": 141, ""director_subplot_l6_116.asl"": 129, ""director_subplot_l6_117.asl"": 129, ""director_subplot_l5_115.asl"": 141, ""director_subplot_l6_118.asl"": 129, ""director_subplot_l6_119.asl"": 129, ""director_subplot_l4_113.asl"": 141, ""director_subplot_l5_120.asl"": 141, ""director_subplot_l6_122.asl"": 129, ""director_subplot_l6_123.asl"": 129, ""director_subplot_l5_121.asl"": 141, ""director_subplot_l6_124.asl"": 129, ""director_subplot_l6_125.asl"": 129, ""role_mainplot_role0.asl"": 34, ""role_mainplot_role1.asl"": 34, ""role_subplot_l1_0_subrole.asl"": 29, ""role_subplot_l2_2_subrole.asl"": 29, ""role_subplot_l3_4_subrole.asl"": 29, ""role_subplot_l4_6_subrole.asl"": 29, ""role_subplot_l5_8_subrole.asl"": 29, ""role_subplot_l6_10_subrole.asl"": 29, ""role_subplot_l6_11_subrole.asl"": 29, ""role_subplot_l5_9_subrole.asl"": 29, ""role_subplot_l6_12_subrole.asl"": 29, ""role_subplot_l6_13_subrole.asl"": 29, ""role_subplot_l4_7_subrole.asl"": 29, ""role_subplot_l5_14_subrole.asl"": 29, ""role_subplot_l6_16_subrole.asl"": 29, ""role_subplot_l6_17_subrole.asl"": 29, ""role_subplot_l5_15_subrole.asl"": 29, ""role_subplot_l6_18_subrole.asl"": 29, ""role_subplot_l6_19_subrole.asl"": 29, ""role_subplot_l3_5_subrole.asl"": 29, ""role_subplot_l4_20_subrole.asl"": 29, ""role_subplot_l5_22_subrole.asl"": 29, ""role_subplot_l6_24_subrole.asl"": 29, ""role_subplot_l6_25_subrole.asl"": 29, ""role_subplot_l5_23_subrole.asl"": 29, ""role_subplot_l6_26_subrole.asl"": 29, ""role_subplot_l6_27_subrole.asl"": 29, ""role_subplot_l4_21_subrole.asl"": 29, ""role_subplot_l5_28_subrole.asl"": 29, ""role_subplot_l6_30_subrole.asl"": 29, ""role_subplot_l6_31_subrole.asl"": 29, ""role_subplot_l5_29_subrole.asl"": 29, ""role_subplot_l6_32_subrole.asl"": 29, ""role_subplot_l6_33_subrole.asl"": 29, ""role_subplot_l2_3_subrole.asl"": 29, ""role_subplot_l3_34_subrole.asl"": 29, ""role_subplot_l4_36_subrole.asl"": 29, ""role_subplot_l5_38_subrole.asl"": 29, ""role_subplot_l6_40_subrole.asl"": 29, ""role_subplot_l6_41_subrole.asl"": 29, ""role_subplot_l5_39_subrole.asl"": 29, ""role_subplot_l6_42_subrole.asl"": 29, ""role_subplot_l6_43_subrole.asl"": 29, ""role_subplot_l4_37_subrole.asl"": 29, ""role_subplot_l5_44_subrole.asl"": 29, ""role_subplot_l6_46_subrole.asl"": 29, ""role_subplot_l6_47_subrole.asl"": 29, ""role_subplot_l5_45_subrole.asl"": 29, ""role_subplot_l6_48_subrole.asl"": 29, ""role_subplot_l6_49_subrole.asl"": 29, ""role_subplot_l3_35_subrole.asl"": 29, ""role_subplot_l4_50_subrole.asl"": 29, ""role_subplot_l5_52_subrole.asl"": 29, ""role_subplot_l6_54_subrole.asl"": 29, ""role_subplot_l6_55_subrole.asl"": 29, ""role_subplot_l5_53_subrole.asl"": 29, ""role_subplot_l6_56_subrole.asl"": 29, ""role_subplot_l6_57_subrole.asl"": 29, ""role_subplot_l4_51_subrole.asl"": 29, ""role_subplot_l5_58_subrole.asl"": 29, ""role_subplot_l6_60_subrole.asl"": 29, ""role_subplot_l6_61_subrole.asl"": 29, ""role_subplot_l5_59_subrole.asl"": 29, ""role_subplot_l6_62_subrole.asl"": 29, ""role_subplot_l6_63_subrole.asl"": 29, ""role_subplot_l1_1_subrole.asl"": 29, ""role_subplot_l2_64_subrole.asl"": 29, ""role_subplot_l3_66_subrole.asl"": 29, ""role_subplot_l4_68_subrole.asl"": 29, ""role_subplot_l5_70_subrole.asl"": 29, ""role_subplot_l6_72_subrole.asl"": 29, ""role_subplot_l6_73_subrole.asl"": 29, ""role_subplot_l5_71_subrole.asl"": 29, ""role_subplot_l6_74_subrole.asl"": 29, ""role_subplot_l6_75_subrole.asl"": 29, ""role_subplot_l4_69_subrole.asl"": 29, ""role_subplot_l5_76_subrole.asl"": 29, ""role_subplot_l6_78_subrole.asl"": 29, ""role_subplot_l6_79_subrole.asl"": 29, ""role_subplot_l5_77_subrole.asl"": 29, ""role_subplot_l6_80_subrole.asl"": 29, ""role_subplot_l6_81_subrole.asl"": 29, ""role_subplot_l3_67_subrole.asl"": 29, ""role_subplot_l4_82_subrole.asl"": 29, ""role_subplot_l5_84_subrole.asl"": 29, ""role_subplot_l6_86_subrole.asl"": 29, ""role_subplot_l6_87_subrole.asl"": 29, ""role_subplot_l5_85_subrole.asl"": 29, ""role_subplot_l6_88_subrole.asl"": 29, ""role_subplot_l6_89_subrole.asl"": 29, ""role_subplot_l4_83_subrole.asl"": 29, ""role_subplot_l5_90_subrole.asl"": 29, ""role_subplot_l6_92_subrole.asl"": 29, ""role_subplot_l6_93_subrole.asl"": 29, ""role_subplot_l5_91_subrole.asl"": 29, ""role_subplot_l6_94_subrole.asl"": 29, ""role_subplot_l6_95_subrole.asl"": 29, ""role_subplot_l2_65_subrole.asl"": 29, ""role_subplot_l3_96_subrole.asl"": 29, ""role_subplot_l4_98_subrole.asl"": 29, ""role_subplot_l5_100_subrole.asl"": 29, ""role_subplot_l6_102_subrole.asl"": 29, ""role_subplot_l6_103_subrole.asl"": 29, ""role_subplot_l5_101_subrole.asl"": 29, ""role_subplot_l6_104_subrole.asl"": 29, ""role_subplot_l6_105_subrole.asl"": 29, ""role_subplot_l4_99_subrole.asl"": 29, ""role_subplot_l5_106_subrole.asl"": 29, ""role_subplot_l6_108_subrole.asl"": 29, ""role_subplot_l6_109_subrole.asl"": 29, ""role_subplot_l5_107_subrole.asl"": 29, ""role_subplot_l6_110_subrole.asl"": 29, ""role_subplot_l6_111_subrole.asl"": 29, ""role_subplot_l3_97_subrole.asl"": 29, ""role_subplot_l4_112_subrole.asl"": 29, ""role_subplot_l5_114_subrole.asl"": 29, ""role_subplot_l6_116_subrole.asl"": 29, ""role_subplot_l6_117_subrole.asl"": 29, ""role_subplot_l5_115_subrole.asl"": 29, ""role_subplot_l6_118_subrole.asl"": 29, ""role_subplot_l6_119_subrole.asl"": 29, ""role_subplot_l4_113_subrole.asl"": 29, ""role_subplot_l5_120_subrole.asl"": 29, ""role_subplot_l6_122_subrole.asl"": 29, ""role_subplot_l6_123_subrole.asl"": 29, ""role_subplot_l5_121_subrole.asl"": 29, ""role_subplot_l6_124_subrole.asl"": 29, ""role_subplot_l6_125_subrole.asl"": 29}",7.5625,0.033646386000327766,0.003174905000378203,3.439297676086426,True,9,0
scale_subplot_depth,32,Linux 7.2.6-arch2-1,x86_64,24,30.44,3.14.7,10,10,5,2,2,1,2,2,2,2,6,42,2768,50205,257,20933,"{""playbook_playbook0.asl"": 26, ""playbook_playbook1.asl"": 26, ""director_mainplot.asl"": 161, ""director_subplot_l1_0.asl"": 141, ""director_subplot_l2_2.asl"": 141, ""director_subplot_l3_4.asl"": 141, ""director_subplot_l4_6.asl"": 141, ""director_subplot_l5_8.asl"": 141, ""director_subplot_l6_10.asl"": 129, ""director_subplot_l6_11.asl"": 129, ""director_subplot_l5_9.asl"": 141, ""director_subplot_l6_12.asl"": 129, ""director_subplot_l6_13.asl"": 129, ""director_subplot_l4_7.asl"": 141, ""director_subplot_l5_14.asl"": 141, ""director_subplot_l6_16.asl"": 129, ""director_subplot_l6_17.asl"": 129, ""director_subplot_l5_15.asl"": 141, ""director_subplot_l6_18.asl"": 129, ""director_subplot_l6_19.asl"": 129, ""director_subplot_l3_5.asl"": 141, ""director_subplot_l4_20.asl"": 141, ""director_subplot_l5_22.asl"": 141, ""director_subplot_l6_24.asl"": 129, ""director_subplot_l6_25.asl"": 129, ""director_subplot_l5_23.asl"": 141, ""director_subplot_l6_26.asl"": 129, ""director_subplot_l6_27.asl"": 129, ""director_subplot_l4_21.asl"": 141, ""director_subplot_l5_28.asl"": 141, ""director_subplot_l6_30.asl"": 129, ""director_subplot_l6_31.asl"": 129, ""director_subplot_l5_29.asl"": 141, ""director_subplot_l6_32.asl"": 129, ""director_subplot_l6_33.asl"": 129, ""director_subplot_l2_3.asl"": 141, ""director_subplot_l3_34.asl"": 141, ""director_subplot_l4_36.asl"": 141, ""director_subplot_l5_38.asl"": 141, ""director_subplot_l6_40.asl"": 129, ""director_subplot_l6_41.asl"": 129, ""director_subplot_l5_39.asl"": 141, ""director_subplot_l6_42.asl"": 129, ""director_subplot_l6_43.asl"": 129, ""director_subplot_l4_37.asl"": 141, ""director_subplot_l5_44.asl"": 141, ""director_subplot_l6_46.asl"": 129, ""director_subplot_l6_47.asl"": 129, ""director_subplot_l5_45.asl"": 141, ""director_subplot_l6_48.asl"": 129, ""director_subplot_l6_49.asl"": 129, ""director_subplot_l3_35.asl"": 141, ""director_subplot_l4_50.asl"": 141, ""director_subplot_l5_52.asl"": 141, ""director_subplot_l6_54.asl"": 129, ""director_subplot_l6_55.asl"": 129, ""director_subplot_l5_53.asl"": 141, ""director_subplot_l6_56.asl"": 129, ""director_subplot_l6_57.asl"": 129, ""director_subplot_l4_51.asl"": 141, ""director_subplot_l5_58.asl"": 141, ""director_subplot_l6_60.asl"": 129, ""director_subplot_l6_61.asl"": 129, ""director_subplot_l5_59.asl"": 141, ""director_subplot_l6_62.asl"": 129, ""director_subplot_l6_63.asl"": 129, ""director_subplot_l1_1.asl"": 141, ""director_subplot_l2_64.asl"": 141, ""director_subplot_l3_66.asl"": 141, ""director_subplot_l4_68.asl"": 141, ""director_subplot_l5_70.asl"": 141, ""director_subplot_l6_72.asl"": 129, ""director_subplot_l6_73.asl"": 129, ""director_subplot_l5_71.asl"": 141, ""director_subplot_l6_74.asl"": 129, ""director_subplot_l6_75.asl"": 129, ""director_subplot_l4_69.asl"": 141, ""director_subplot_l5_76.asl"": 141, ""director_subplot_l6_78.asl"": 129, ""director_subplot_l6_79.asl"": 129, ""director_subplot_l5_77.asl"": 141, ""director_subplot_l6_80.asl"": 129, ""director_subplot_l6_81.asl"": 129, ""director_subplot_l3_67.asl"": 141, ""director_subplot_l4_82.asl"": 141, ""director_subplot_l5_84.asl"": 141, ""director_subplot_l6_86.asl"": 129, ""director_subplot_l6_87.asl"": 129, ""director_subplot_l5_85.asl"": 141, ""director_subplot_l6_88.asl"": 129, ""director_subplot_l6_89.asl"": 129, ""director_subplot_l4_83.asl"": 141, ""director_subplot_l5_90.asl"": 141, ""director_subplot_l6_92.asl"": 129, ""director_subplot_l6_93.asl"": 129, ""director_subplot_l5_91.asl"": 141, ""director_subplot_l6_94.asl"": 129, ""director_subplot_l6_95.asl"": 129, ""director_subplot_l2_65.asl"": 141, ""director_subplot_l3_96.asl"": 141, ""director_subplot_l4_98.asl"": 141, ""director_subplot_l5_100.asl"": 141, ""director_subplot_l6_102.asl"": 129, ""director_subplot_l6_103.asl"": 129, ""director_subplot_l5_101.asl"": 141, ""director_subplot_l6_104.asl"": 129, ""director_subplot_l6_105.asl"": 129, ""director_subplot_l4_99.asl"": 141, ""director_subplot_l5_106.asl"": 141, ""director_subplot_l6_108.asl"": 129, ""director_subplot_l6_109.asl"": 129, ""director_subplot_l5_107.asl"": 141, ""director_subplot_l6_110.asl"": 129, ""director_subplot_l6_111.asl"": 129, ""director_subplot_l3_97.asl"": 141, ""director_subplot_l4_112.asl"": 141, ""director_subplot_l5_114.asl"": 141, ""director_subplot_l6_116.asl"": 129, ""director_subplot_l6_117.asl"": 129, ""director_subplot_l5_115.asl"": 141, ""director_subplot_l6_118.asl"": 129, ""director_subplot_l6_119.asl"": 129, ""director_subplot_l4_113.asl"": 141, ""director_subplot_l5_120.asl"": 141, ""director_subplot_l6_122.asl"": 129, ""director_subplot_l6_123.asl"": 129, ""director_subplot_l5_121.asl"": 141, ""director_subplot_l6_124.asl"": 129, ""director_subplot_l6_125.asl"": 129, ""role_mainplot_role0.asl"": 34, ""role_mainplot_role1.asl"": 34, ""role_subplot_l1_0_subrole.asl"": 29, ""role_subplot_l2_2_subrole.asl"": 29, ""role_subplot_l3_4_subrole.asl"": 29, ""role_subplot_l4_6_subrole.asl"": 29, ""role_subplot_l5_8_subrole.asl"": 29, ""role_subplot_l6_10_subrole.asl"": 29, ""role_subplot_l6_11_subrole.asl"": 29, ""role_subplot_l5_9_subrole.asl"": 29, ""role_subplot_l6_12_subrole.asl"": 29, ""role_subplot_l6_13_subrole.asl"": 29, ""role_subplot_l4_7_subrole.asl"": 29, ""role_subplot_l5_14_subrole.asl"": 29, ""role_subplot_l6_16_subrole.asl"": 29, ""role_subplot_l6_17_subrole.asl"": 29, ""role_subplot_l5_15_subrole.asl"": 29, ""role_subplot_l6_18_subrole.asl"": 29, ""role_subplot_l6_19_subrole.asl"": 29, ""role_subplot_l3_5_subrole.asl"": 29, ""role_subplot_l4_20_subrole.asl"": 29, ""role_subplot_l5_22_subrole.asl"": 29, ""role_subplot_l6_24_subrole.asl"": 29, ""role_subplot_l6_25_subrole.asl"": 29, ""role_subplot_l5_23_subrole.asl"": 29, ""role_subplot_l6_26_subrole.asl"": 29, ""role_subplot_l6_27_subrole.asl"": 29, ""role_subplot_l4_21_subrole.asl"": 29, ""role_subplot_l5_28_subrole.asl"": 29, ""role_subplot_l6_30_subrole.asl"": 29, ""role_subplot_l6_31_subrole.asl"": 29, ""role_subplot_l5_29_subrole.asl"": 29, ""role_subplot_l6_32_subrole.asl"": 29, ""role_subplot_l6_33_subrole.asl"": 29, ""role_subplot_l2_3_subrole.asl"": 29, ""role_subplot_l3_34_subrole.asl"": 29, ""role_subplot_l4_36_subrole.asl"": 29, ""role_subplot_l5_38_subrole.asl"": 29, ""role_subplot_l6_40_subrole.asl"": 29, ""role_subplot_l6_41_subrole.asl"": 29, ""role_subplot_l5_39_subrole.asl"": 29, ""role_subplot_l6_42_subrole.asl"": 29, ""role_subplot_l6_43_subrole.asl"": 29, ""role_subplot_l4_37_subrole.asl"": 29, ""role_subplot_l5_44_subrole.asl"": 29, ""role_subplot_l6_46_subrole.asl"": 29, ""role_subplot_l6_47_subrole.asl"": 29, ""role_subplot_l5_45_subrole.asl"": 29, ""role_subplot_l6_48_subrole.asl"": 29, ""role_subplot_l6_49_subrole.asl"": 29, ""role_subplot_l3_35_subrole.asl"": 29, ""role_subplot_l4_50_subrole.asl"": 29, ""role_subplot_l5_52_subrole.asl"": 29, ""role_subplot_l6_54_subrole.asl"": 29, ""role_subplot_l6_55_subrole.asl"": 29, ""role_subplot_l5_53_subrole.asl"": 29, ""role_subplot_l6_56_subrole.asl"": 29, ""role_subplot_l6_57_subrole.asl"": 29, ""role_subplot_l4_51_subrole.asl"": 29, ""role_subplot_l5_58_subrole.asl"": 29, ""role_subplot_l6_60_subrole.asl"": 29, ""role_subplot_l6_61_subrole.asl"": 29, ""role_subplot_l5_59_subrole.asl"": 29, ""role_subplot_l6_62_subrole.asl"": 29, ""role_subplot_l6_63_subrole.asl"": 29, ""role_subplot_l1_1_subrole.asl"": 29, ""role_subplot_l2_64_subrole.asl"": 29, ""role_subplot_l3_66_subrole.asl"": 29, ""role_subplot_l4_68_subrole.asl"": 29, ""role_subplot_l5_70_subrole.asl"": 29, ""role_subplot_l6_72_subrole.asl"": 29, ""role_subplot_l6_73_subrole.asl"": 29, ""role_subplot_l5_71_subrole.asl"": 29, ""role_subplot_l6_74_subrole.asl"": 29, ""role_subplot_l6_75_subrole.asl"": 29, ""role_subplot_l4_69_subrole.asl"": 29, ""role_subplot_l5_76_subrole.asl"": 29, ""role_subplot_l6_78_subrole.asl"": 29, ""role_subplot_l6_79_subrole.asl"": 29, ""role_subplot_l5_77_subrole.asl"": 29, ""role_subplot_l6_80_subrole.asl"": 29, ""role_subplot_l6_81_subrole.asl"": 29, ""role_subplot_l3_67_subrole.asl"": 29, ""role_subplot_l4_82_subrole.asl"": 29, ""role_subplot_l5_84_subrole.asl"": 29, ""role_subplot_l6_86_subrole.asl"": 29, ""role_subplot_l6_87_subrole.asl"": 29, ""role_subplot_l5_85_subrole.asl"": 29, ""role_subplot_l6_88_subrole.asl"": 29, ""role_subplot_l6_89_subrole.asl"": 29, ""role_subplot_l4_83_subrole.asl"": 29, ""role_subplot_l5_90_subrole.asl"": 29, ""role_subplot_l6_92_subrole.asl"": 29, ""role_subplot_l6_93_subrole.asl"": 29, ""role_subplot_l5_91_subrole.asl"": 29, ""role_subplot_l6_94_subrole.asl"": 29, ""role_subplot_l6_95_subrole.asl"": 29, ""role_subplot_l2_65_subrole.asl"": 29, ""role_subplot_l3_96_subrole.asl"": 29, ""role_subplot_l4_98_subrole.asl"": 29, ""role_subplot_l5_100_subrole.asl"": 29, ""role_subplot_l6_102_subrole.asl"": 29, ""role_subplot_l6_103_subrole.asl"": 29, ""role_subplot_l5_101_subrole.asl"": 29, ""role_subplot_l6_104_subrole.asl"": 29, ""role_subplot_l6_105_subrole.asl"": 29, ""role_subplot_l4_99_subrole.asl"": 29, ""role_subplot_l5_106_subrole.asl"": 29, ""role_subplot_l6_108_subrole.asl"": 29, ""role_subplot_l6_109_subrole.asl"": 29, ""role_subplot_l5_107_subrole.asl"": 29, ""role_subplot_l6_110_subrole.asl"": 29, ""role_subplot_l6_111_subrole.asl"": 29, ""role_subplot_l3_97_subrole.asl"": 29, ""role_subplot_l4_112_subrole.asl"": 29, ""role_subplot_l5_114_subrole.asl"": 29, ""role_subplot_l6_116_subrole.asl"": 29, ""role_subplot_l6_117_subrole.asl"": 29, ""role_subplot_l5_115_subrole.asl"": 29, ""role_subplot_l6_118_subrole.asl"": 29, ""role_subplot_l6_119_subrole.asl"": 29, ""role_subplot_l4_113_subrole.asl"": 29, ""role_subplot_l5_120_subrole.asl"": 29, ""role_subplot_l6_122_subrole.asl"": 29, ""role_subplot_l6_123_subrole.asl"": 29, ""role_subplot_l5_121_subrole.asl"": 29, ""role_subplot_l6_124_subrole.asl"": 29, ""role_subplot_l6_125_subrole.asl"": 29}",7.5625,0.03392824900038249,0.003188996000062616,3.439297676086426,True,9,0
scale_subplot_depth,33,Linux 7.2.6-arch2-1,x86_64,24,30.44,3.14.7,10,10,5,2,2,1,2,2,2,2,6,42,2768,50205,257,20933,"{""playbook_playbook0.asl"": 26, ""playbook_playbook1.asl"": 26, ""director_mainplot.asl"": 161, ""director_subplot_l1_0.asl"": 141, ""director_subplot_l2_2.asl"": 141, ""director_subplot_l3_4.asl"": 141, ""director_subplot_l4_6.asl"": 141, ""director_subplot_l5_8.asl"": 141, ""director_subplot_l6_10.asl"": 129, ""director_subplot_l6_11.asl"": 129, ""director_subplot_l5_9.asl"": 141, ""director_subplot_l6_12.asl"": 129, ""director_subplot_l6_13.asl"": 129, ""director_subplot_l4_7.asl"": 141, ""director_subplot_l5_14.asl"": 141, ""director_subplot_l6_16.asl"": 129, ""director_subplot_l6_17.asl"": 129, ""director_subplot_l5_15.asl"": 141, ""director_subplot_l6_18.asl"": 129, ""director_subplot_l6_19.asl"": 129, ""director_subplot_l3_5.asl"": 141, ""director_subplot_l4_20.asl"": 141, ""director_subplot_l5_22.asl"": 141, ""director_subplot_l6_24.asl"": 129, ""director_subplot_l6_25.asl"": 129, ""director_subplot_l5_23.asl"": 141, ""director_subplot_l6_26.asl"": 129, ""director_subplot_l6_27.asl"": 129, ""director_subplot_l4_21.asl"": 141, ""director_subplot_l5_28.asl"": 141, ""director_subplot_l6_30.asl"": 129, ""director_subplot_l6_31.asl"": 129, ""director_subplot_l5_29.asl"": 141, ""director_subplot_l6_32.asl"": 129, ""director_subplot_l6_33.asl"": 129, ""director_subplot_l2_3.asl"": 141, ""director_subplot_l3_34.asl"": 141, ""director_subplot_l4_36.asl"": 141, ""director_subplot_l5_38.asl"": 141, ""director_subplot_l6_40.asl"": 129, ""director_subplot_l6_41.asl"": 129, ""director_subplot_l5_39.asl"": 141, ""director_subplot_l6_42.asl"": 129, ""director_subplot_l6_43.asl"": 129, ""director_subplot_l4_37.asl"": 141, ""director_subplot_l5_44.asl"": 141, ""director_subplot_l6_46.asl"": 129, ""director_subplot_l6_47.asl"": 129, ""director_subplot_l5_45.asl"": 141, ""director_subplot_l6_48.asl"": 129, ""director_subplot_l6_49.asl"": 129, ""director_subplot_l3_35.asl"": 141, ""director_subplot_l4_50.asl"": 141, ""director_subplot_l5_52.asl"": 141, ""director_subplot_l6_54.asl"": 129, ""director_subplot_l6_55.asl"": 129, ""director_subplot_l5_53.asl"": 141, ""director_subplot_l6_56.asl"": 129, ""director_subplot_l6_57.asl"": 129, ""director_subplot_l4_51.asl"": 141, ""director_subplot_l5_58.asl"": 141, ""director_subplot_l6_60.asl"": 129, ""director_subplot_l6_61.asl"": 129, ""director_subplot_l5_59.asl"": 141, ""director_subplot_l6_62.asl"": 129, ""director_subplot_l6_63.asl"": 129, ""director_subplot_l1_1.asl"": 141, ""director_subplot_l2_64.asl"": 141, ""director_subplot_l3_66.asl"": 141, ""director_subplot_l4_68.asl"": 141, ""director_subplot_l5_70.asl"": 141, ""director_subplot_l6_72.asl"": 129, ""director_subplot_l6_73.asl"": 129, ""director_subplot_l5_71.asl"": 141, ""director_subplot_l6_74.asl"": 129, ""director_subplot_l6_75.asl"": 129, ""director_subplot_l4_69.asl"": 141, ""director_subplot_l5_76.asl"": 141, ""director_subplot_l6_78.asl"": 129, ""director_subplot_l6_79.asl"": 129, ""director_subplot_l5_77.asl"": 141, ""director_subplot_l6_80.asl"": 129, ""director_subplot_l6_81.asl"": 129, ""director_subplot_l3_67.asl"": 141, ""director_subplot_l4_82.asl"": 141, ""director_subplot_l5_84.asl"": 141, ""director_subplot_l6_86.asl"": 129, ""director_subplot_l6_87.asl"": 129, ""director_subplot_l5_85.asl"": 141, ""director_subplot_l6_88.asl"": 129, ""director_subplot_l6_89.asl"": 129, ""director_subplot_l4_83.asl"": 141, ""director_subplot_l5_90.asl"": 141, ""director_subplot_l6_92.asl"": 129, ""director_subplot_l6_93.asl"": 129, ""director_subplot_l5_91.asl"": 141, ""director_subplot_l6_94.asl"": 129, ""director_subplot_l6_95.asl"": 129, ""director_subplot_l2_65.asl"": 141, ""director_subplot_l3_96.asl"": 141, ""director_subplot_l4_98.asl"": 141, ""director_subplot_l5_100.asl"": 141, ""director_subplot_l6_102.asl"": 129, ""director_subplot_l6_103.asl"": 129, ""director_subplot_l5_101.asl"": 141, ""director_subplot_l6_104.asl"": 129, ""director_subplot_l6_105.asl"": 129, ""director_subplot_l4_99.asl"": 141, ""director_subplot_l5_106.asl"": 141, ""director_subplot_l6_108.asl"": 129, ""director_subplot_l6_109.asl"": 129, ""director_subplot_l5_107.asl"": 141, ""director_subplot_l6_110.asl"": 129, ""director_subplot_l6_111.asl"": 129, ""director_subplot_l3_97.asl"": 141, ""director_subplot_l4_112.asl"": 141, ""director_subplot_l5_114.asl"": 141, ""director_subplot_l6_116.asl"": 129, ""director_subplot_l6_117.asl"": 129, ""director_subplot_l5_115.asl"": 141, ""director_subplot_l6_118.asl"": 129, ""director_subplot_l6_119.asl"": 129, ""director_subplot_l4_113.asl"": 141, ""director_subplot_l5_120.asl"": 141, ""director_subplot_l6_122.asl"": 129, ""director_subplot_l6_123.asl"": 129, ""director_subplot_l5_121.asl"": 141, ""director_subplot_l6_124.asl"": 129, ""director_subplot_l6_125.asl"": 129, ""role_mainplot_role0.asl"": 34, ""role_mainplot_role1.asl"": 34, ""role_subplot_l1_0_subrole.asl"": 29, ""role_subplot_l2_2_subrole.asl"": 29, ""role_subplot_l3_4_subrole.asl"": 29, ""role_subplot_l4_6_subrole.asl"": 29, ""role_subplot_l5_8_subrole.asl"": 29, ""role_subplot_l6_10_subrole.asl"": 29, ""role_subplot_l6_11_subrole.asl"": 29, ""role_subplot_l5_9_subrole.asl"": 29, ""role_subplot_l6_12_subrole.asl"": 29, ""role_subplot_l6_13_subrole.asl"": 29, ""role_subplot_l4_7_subrole.asl"": 29, ""role_subplot_l5_14_subrole.asl"": 29, ""role_subplot_l6_16_subrole.asl"": 29, ""role_subplot_l6_17_subrole.asl"": 29, ""role_subplot_l5_15_subrole.asl"": 29, ""role_subplot_l6_18_subrole.asl"": 29, ""role_subplot_l6_19_subrole.asl"": 29, ""role_subplot_l3_5_subrole.asl"": 29, ""role_subplot_l4_20_subrole.asl"": 29, ""role_subplot_l5_22_subrole.asl"": 29, ""role_subplot_l6_24_subrole.asl"": 29, ""role_subplot_l6_25_subrole.asl"": 29, ""role_subplot_l5_23_subrole.asl"": 29, ""role_subplot_l6_26_subrole.asl"": 29, ""role_subplot_l6_27_subrole.asl"": 29, ""role_subplot_l4_21_subrole.asl"": 29, ""role_subplot_l5_28_subrole.asl"": 29, ""role_subplot_l6_30_subrole.asl"": 29, ""role_subplot_l6_31_subrole.asl"": 29, ""role_subplot_l5_29_subrole.asl"": 29, ""role_subplot_l6_32_subrole.asl"": 29, ""role_subplot_l6_33_subrole.asl"": 29, ""role_subplot_l2_3_subrole.asl"": 29, ""role_subplot_l3_34_subrole.asl"": 29, ""role_subplot_l4_36_subrole.asl"": 29, ""role_subplot_l5_38_subrole.asl"": 29, ""role_subplot_l6_40_subrole.asl"": 29, ""role_subplot_l6_41_subrole.asl"": 29, ""role_subplot_l5_39_subrole.asl"": 29, ""role_subplot_l6_42_subrole.asl"": 29, ""role_subplot_l6_43_subrole.asl"": 29, ""role_subplot_l4_37_subrole.asl"": 29, ""role_subplot_l5_44_subrole.asl"": 29, ""role_subplot_l6_46_subrole.asl"": 29, ""role_subplot_l6_47_subrole.asl"": 29, ""role_subplot_l5_45_subrole.asl"": 29, ""role_subplot_l6_48_subrole.asl"": 29, ""role_subplot_l6_49_subrole.asl"": 29, ""role_subplot_l3_35_subrole.asl"": 29, ""role_subplot_l4_50_subrole.asl"": 29, ""role_subplot_l5_52_subrole.asl"": 29, ""role_subplot_l6_54_subrole.asl"": 29, ""role_subplot_l6_55_subrole.asl"": 29, ""role_subplot_l5_53_subrole.asl"": 29, ""role_subplot_l6_56_subrole.asl"": 29, ""role_subplot_l6_57_subrole.asl"": 29, ""role_subplot_l4_51_subrole.asl"": 29, ""role_subplot_l5_58_subrole.asl"": 29, ""role_subplot_l6_60_subrole.asl"": 29, ""role_subplot_l6_61_subrole.asl"": 29, ""role_subplot_l5_59_subrole.asl"": 29, ""role_subplot_l6_62_subrole.asl"": 29, ""role_subplot_l6_63_subrole.asl"": 29, ""role_subplot_l1_1_subrole.asl"": 29, ""role_subplot_l2_64_subrole.asl"": 29, ""role_subplot_l3_66_subrole.asl"": 29, ""role_subplot_l4_68_subrole.asl"": 29, ""role_subplot_l5_70_subrole.asl"": 29, ""role_subplot_l6_72_subrole.asl"": 29, ""role_subplot_l6_73_subrole.asl"": 29, ""role_subplot_l5_71_subrole.asl"": 29, ""role_subplot_l6_74_subrole.asl"": 29, ""role_subplot_l6_75_subrole.asl"": 29, ""role_subplot_l4_69_subrole.asl"": 29, ""role_subplot_l5_76_subrole.asl"": 29, ""role_subplot_l6_78_subrole.asl"": 29, ""role_subplot_l6_79_subrole.asl"": 29, ""role_subplot_l5_77_subrole.asl"": 29, ""role_subplot_l6_80_subrole.asl"": 29, ""role_subplot_l6_81_subrole.asl"": 29, ""role_subplot_l3_67_subrole.asl"": 29, ""role_subplot_l4_82_subrole.asl"": 29, ""role_subplot_l5_84_subrole.asl"": 29, ""role_subplot_l6_86_subrole.asl"": 29, ""role_subplot_l6_87_subrole.asl"": 29, ""role_subplot_l5_85_subrole.asl"": 29, ""role_subplot_l6_88_subrole.asl"": 29, ""role_subplot_l6_89_subrole.asl"": 29, ""role_subplot_l4_83_subrole.asl"": 29, ""role_subplot_l5_90_subrole.asl"": 29, ""role_subplot_l6_92_subrole.asl"": 29, ""role_subplot_l6_93_subrole.asl"": 29, ""role_subplot_l5_91_subrole.asl"": 29, ""role_subplot_l6_94_subrole.asl"": 29, ""role_subplot_l6_95_subrole.asl"": 29, ""role_subplot_l2_65_subrole.asl"": 29, ""role_subplot_l3_96_subrole.asl"": 29, ""role_subplot_l4_98_subrole.asl"": 29, ""role_subplot_l5_100_subrole.asl"": 29, ""role_subplot_l6_102_subrole.asl"": 29, ""role_subplot_l6_103_subrole.asl"": 29, ""role_subplot_l5_101_subrole.asl"": 29, ""role_subplot_l6_104_subrole.asl"": 29, ""role_subplot_l6_105_subrole.asl"": 29, ""role_subplot_l4_99_subrole.asl"": 29, ""role_subplot_l5_106_subrole.asl"": 29, ""role_subplot_l6_108_subrole.asl"": 29, ""role_subplot_l6_109_subrole.asl"": 29, ""role_subplot_l5_107_subrole.asl"": 29, ""role_subplot_l6_110_subrole.asl"": 29, ""role_subplot_l6_111_subrole.asl"": 29, ""role_subplot_l3_97_subrole.asl"": 29, ""role_subplot_l4_112_subrole.asl"": 29, ""role_subplot_l5_114_subrole.asl"": 29, ""role_subplot_l6_116_subrole.asl"": 29, ""role_subplot_l6_117_subrole.asl"": 29, ""role_subplot_l5_115_subrole.asl"": 29, ""role_subplot_l6_118_subrole.asl"": 29, ""role_subplot_l6_119_subrole.asl"": 29, ""role_subplot_l4_113_subrole.asl"": 29, ""role_subplot_l5_120_subrole.asl"": 29, ""role_subplot_l6_122_subrole.asl"": 29, ""role_subplot_l6_123_subrole.asl"": 29, ""role_subplot_l5_121_subrole.asl"": 29, ""role_subplot_l6_124_subrole.asl"": 29, ""role_subplot_l6_125_subrole.asl"": 29}",7.5625,0.03432808099933027,0.003232045000004291,3.439297676086426,True,9,0
scale_subplot_depth,34,Linux 7.2.6-arch2-1,x86_64,24,30.44,3.14.7,10,10,5,2,2,1,2,2,2,2,6,42,2768,50205,257,20933,"{""playbook_playbook0.asl"": 26, ""playbook_playbook1.asl"": 26, ""director_mainplot.asl"": 161, ""director_subplot_l1_0.asl"": 141, ""director_subplot_l2_2.asl"": 141, ""director_subplot_l3_4.asl"": 141, ""director_subplot_l4_6.asl"": 141, ""director_subplot_l5_8.asl"": 141, ""director_subplot_l6_10.asl"": 129, ""director_subplot_l6_11.asl"": 129, ""director_subplot_l5_9.asl"": 141, ""director_subplot_l6_12.asl"": 129, ""director_subplot_l6_13.asl"": 129, ""director_subplot_l4_7.asl"": 141, ""director_subplot_l5_14.asl"": 141, ""director_subplot_l6_16.asl"": 129, ""director_subplot_l6_17.asl"": 129, ""director_subplot_l5_15.asl"": 141, ""director_subplot_l6_18.asl"": 129, ""director_subplot_l6_19.asl"": 129, ""director_subplot_l3_5.asl"": 141, ""director_subplot_l4_20.asl"": 141, ""director_subplot_l5_22.asl"": 141, ""director_subplot_l6_24.asl"": 129, ""director_subplot_l6_25.asl"": 129, ""director_subplot_l5_23.asl"": 141, ""director_subplot_l6_26.asl"": 129, ""director_subplot_l6_27.asl"": 129, ""director_subplot_l4_21.asl"": 141, ""director_subplot_l5_28.asl"": 141, ""director_subplot_l6_30.asl"": 129, ""director_subplot_l6_31.asl"": 129, ""director_subplot_l5_29.asl"": 141, ""director_subplot_l6_32.asl"": 129, ""director_subplot_l6_33.asl"": 129, ""director_subplot_l2_3.asl"": 141, ""director_subplot_l3_34.asl"": 141, ""director_subplot_l4_36.asl"": 141, ""director_subplot_l5_38.asl"": 141, ""director_subplot_l6_40.asl"": 129, ""director_subplot_l6_41.asl"": 129, ""director_subplot_l5_39.asl"": 141, ""director_subplot_l6_42.asl"": 129, ""director_subplot_l6_43.asl"": 129, ""director_subplot_l4_37.asl"": 141, ""director_subplot_l5_44.asl"": 141, ""director_subplot_l6_46.asl"": 129, ""director_subplot_l6_47.asl"": 129, ""director_subplot_l5_45.asl"": 141, ""director_subplot_l6_48.asl"": 129, ""director_subplot_l6_49.asl"": 129, ""director_subplot_l3_35.asl"": 141, ""director_subplot_l4_50.asl"": 141, ""director_subplot_l5_52.asl"": 141, ""director_subplot_l6_54.asl"": 129, ""director_subplot_l6_55.asl"": 129, ""director_subplot_l5_53.asl"": 141, ""director_subplot_l6_56.asl"": 129, ""director_subplot_l6_57.asl"": 129, ""director_subplot_l4_51.asl"": 141, ""director_subplot_l5_58.asl"": 141, ""director_subplot_l6_60.asl"": 129, ""director_subplot_l6_61.asl"": 129, ""director_subplot_l5_59.asl"": 141, ""director_subplot_l6_62.asl"": 129, ""director_subplot_l6_63.asl"": 129, ""director_subplot_l1_1.asl"": 141, ""director_subplot_l2_64.asl"": 141, ""director_subplot_l3_66.asl"": 141, ""director_subplot_l4_68.asl"": 141, ""director_subplot_l5_70.asl"": 141, ""director_subplot_l6_72.asl"": 129, ""director_subplot_l6_73.asl"": 129, ""director_subplot_l5_71.asl"": 141, ""director_subplot_l6_74.asl"": 129, ""director_subplot_l6_75.asl"": 129, ""director_subplot_l4_69.asl"": 141, ""director_subplot_l5_76.asl"": 141, ""director_subplot_l6_78.asl"": 129, ""director_subplot_l6_79.asl"": 129, ""director_subplot_l5_77.asl"": 141, ""director_subplot_l6_80.asl"": 129, ""director_subplot_l6_81.asl"": 129, ""director_subplot_l3_67.asl"": 141, ""director_subplot_l4_82.asl"": 141, ""director_subplot_l5_84.asl"": 141, ""director_subplot_l6_86.asl"": 129, ""director_subplot_l6_87.asl"": 129, ""director_subplot_l5_85.asl"": 141, ""director_subplot_l6_88.asl"": 129, ""director_subplot_l6_89.asl"": 129, ""director_subplot_l4_83.asl"": 141, ""director_subplot_l5_90.asl"": 141, ""director_subplot_l6_92.asl"": 129, ""director_subplot_l6_93.asl"": 129, ""director_subplot_l5_91.asl"": 141, ""director_subplot_l6_94.asl"": 129, ""director_subplot_l6_95.asl"": 129, ""director_subplot_l2_65.asl"": 141, ""director_subplot_l3_96.asl"": 141, ""director_subplot_l4_98.asl"": 141, ""director_subplot_l5_100.asl"": 141, ""director_subplot_l6_102.asl"": 129, ""director_subplot_l6_103.asl"": 129, ""director_subplot_l5_101.asl"": 141, ""director_subplot_l6_104.asl"": 129, ""director_subplot_l6_105.asl"": 129, ""director_subplot_l4_99.asl"": 141, ""director_subplot_l5_106.asl"": 141, ""director_subplot_l6_108.asl"": 129, ""director_subplot_l6_109.asl"": 129, ""director_subplot_l5_107.asl"": 141, ""director_subplot_l6_110.asl"": 129, ""director_subplot_l6_111.asl"": 129, ""director_subplot_l3_97.asl"": 141, ""director_subplot_l4_112.asl"": 141, ""director_subplot_l5_114.asl"": 141, ""director_subplot_l6_116.asl"": 129, ""director_subplot_l6_117.asl"": 129, ""director_subplot_l5_115.asl"": 141, ""director_subplot_l6_118.asl"": 129, ""director_subplot_l6_119.asl"": 129, ""director_subplot_l4_113.asl"": 141, ""director_subplot_l5_120.asl"": 141, ""director_subplot_l6_122.asl"": 129, ""director_subplot_l6_123.asl"": 129, ""director_subplot_l5_121.asl"": 141, ""director_subplot_l6_124.asl"": 129, ""director_subplot_l6_125.asl"": 129, ""role_mainplot_role0.asl"": 34, ""role_mainplot_role1.asl"": 34, ""role_subplot_l1_0_subrole.asl"": 29, ""role_subplot_l2_2_subrole.asl"": 29, ""role_subplot_l3_4_subrole.asl"": 29, ""role_subplot_l4_6_subrole.asl"": 29, ""role_subplot_l5_8_subrole.asl"": 29, ""role_subplot_l6_10_subrole.asl"": 29, ""role_subplot_l6_11_subrole.asl"": 29, ""role_subplot_l5_9_subrole.asl"": 29, ""role_subplot_l6_12_subrole.asl"": 29, ""role_subplot_l6_13_subrole.asl"": 29, ""role_subplot_l4_7_subrole.asl"": 29, ""role_subplot_l5_14_subrole.asl"": 29, ""role_subplot_l6_16_subrole.asl"": 29, ""role_subplot_l6_17_subrole.asl"": 29, ""role_subplot_l5_15_subrole.asl"": 29, ""role_subplot_l6_18_subrole.asl"": 29, ""role_subplot_l6_19_subrole.asl"": 29, ""role_subplot_l3_5_subrole.asl"": 29, ""role_subplot_l4_20_subrole.asl"": 29, ""role_subplot_l5_22_subrole.asl"": 29, ""role_subplot_l6_24_subrole.asl"": 29, ""role_subplot_l6_25_subrole.asl"": 29, ""role_subplot_l5_23_subrole.asl"": 29, ""role_subplot_l6_26_subrole.asl"": 29, ""role_subplot_l6_27_subrole.asl"": 29, ""role_subplot_l4_21_subrole.asl"": 29, ""role_subplot_l5_28_subrole.asl"": 29, ""role_subplot_l6_30_subrole.asl"": 29, ""role_subplot_l6_31_subrole.asl"": 29, ""role_subplot_l5_29_subrole.asl"": 29, ""role_subplot_l6_32_subrole.asl"": 29, ""role_subplot_l6_33_subrole.asl"": 29, ""role_subplot_l2_3_subrole.asl"": 29, ""role_subplot_l3_34_subrole.asl"": 29, ""role_subplot_l4_36_subrole.asl"": 29, ""role_subplot_l5_38_subrole.asl"": 29, ""role_subplot_l6_40_subrole.asl"": 29, ""role_subplot_l6_41_subrole.asl"": 29, ""role_subplot_l5_39_subrole.asl"": 29, ""role_subplot_l6_42_subrole.asl"": 29, ""role_subplot_l6_43_subrole.asl"": 29, ""role_subplot_l4_37_subrole.asl"": 29, ""role_subplot_l5_44_subrole.asl"": 29, ""role_subplot_l6_46_subrole.asl"": 29, ""role_subplot_l6_47_subrole.asl"": 29, ""role_subplot_l5_45_subrole.asl"": 29, ""role_subplot_l6_48_subrole.asl"": 29, ""role_subplot_l6_49_subrole.asl"": 29, ""role_subplot_l3_35_subrole.asl"": 29, ""role_subplot_l4_50_subrole.asl"": 29, ""role_subplot_l5_52_subrole.asl"": 29, ""role_subplot_l6_54_subrole.asl"": 29, ""role_subplot_l6_55_subrole.asl"": 29, ""role_subplot_l5_53_subrole.asl"": 29, ""role_subplot_l6_56_subrole.asl"": 29, ""role_subplot_l6_57_subrole.asl"": 29, ""role_subplot_l4_51_subrole.asl"": 29, ""role_subplot_l5_58_subrole.asl"": 29, ""role_subplot_l6_60_subrole.asl"": 29, ""role_subplot_l6_61_subrole.asl"": 29, ""role_subplot_l5_59_subrole.asl"": 29, ""role_subplot_l6_62_subrole.asl"": 29, ""role_subplot_l6_63_subrole.asl"": 29, ""role_subplot_l1_1_subrole.asl"": 29, ""role_subplot_l2_64_subrole.asl"": 29, ""role_subplot_l3_66_subrole.asl"": 29, ""role_subplot_l4_68_subrole.asl"": 29, ""role_subplot_l5_70_subrole.asl"": 29, ""role_subplot_l6_72_subrole.asl"": 29, ""role_subplot_l6_73_subrole.asl"": 29, ""role_subplot_l5_71_subrole.asl"": 29, ""role_subplot_l6_74_subrole.asl"": 29, ""role_subplot_l6_75_subrole.asl"": 29, ""role_subplot_l4_69_subrole.asl"": 29, ""role_subplot_l5_76_subrole.asl"": 29, ""role_subplot_l6_78_subrole.asl"": 29, ""role_subplot_l6_79_subrole.asl"": 29, ""role_subplot_l5_77_subrole.asl"": 29, ""role_subplot_l6_80_subrole.asl"": 29, ""role_subplot_l6_81_subrole.asl"": 29, ""role_subplot_l3_67_subrole.asl"": 29, ""role_subplot_l4_82_subrole.asl"": 29, ""role_subplot_l5_84_subrole.asl"": 29, ""role_subplot_l6_86_subrole.asl"": 29, ""role_subplot_l6_87_subrole.asl"": 29, ""role_subplot_l5_85_subrole.asl"": 29, ""role_subplot_l6_88_subrole.asl"": 29, ""role_subplot_l6_89_subrole.asl"": 29, ""role_subplot_l4_83_subrole.asl"": 29, ""role_subplot_l5_90_subrole.asl"": 29, ""role_subplot_l6_92_subrole.asl"": 29, ""role_subplot_l6_93_subrole.asl"": 29, ""role_subplot_l5_91_subrole.asl"": 29, ""role_subplot_l6_94_subrole.asl"": 29, ""role_subplot_l6_95_subrole.asl"": 29, ""role_subplot_l2_65_subrole.asl"": 29, ""role_subplot_l3_96_subrole.asl"": 29, ""role_subplot_l4_98_subrole.asl"": 29, ""role_subplot_l5_100_subrole.asl"": 29, ""role_subplot_l6_102_subrole.asl"": 29, ""role_subplot_l6_103_subrole.asl"": 29, ""role_subplot_l5_101_subrole.asl"": 29, ""role_subplot_l6_104_subrole.asl"": 29, ""role_subplot_l6_105_subrole.asl"": 29, ""role_subplot_l4_99_subrole.asl"": 29, ""role_subplot_l5_106_subrole.asl"": 29, ""role_subplot_l6_108_subrole.asl"": 29, ""role_subplot_l6_109_subrole.asl"": 29, ""role_subplot_l5_107_subrole.asl"": 29, ""role_subplot_l6_110_subrole.asl"": 29, ""role_subplot_l6_111_subrole.asl"": 29, ""role_subplot_l3_97_subrole.asl"": 29, ""role_subplot_l4_112_subrole.asl"": 29, ""role_subplot_l5_114_subrole.asl"": 29, ""role_subplot_l6_116_subrole.asl"": 29, ""role_subplot_l6_117_subrole.asl"": 29, ""role_subplot_l5_115_subrole.asl"": 29, ""role_subplot_l6_118_subrole.asl"": 29, ""role_subplot_l6_119_subrole.asl"": 29, ""role_subplot_l4_113_subrole.asl"": 29, ""role_subplot_l5_120_subrole.asl"": 29, ""role_subplot_l6_122_subrole.asl"": 29, ""role_subplot_l6_123_subrole.asl"": 29, ""role_subplot_l5_121_subrole.asl"": 29, ""role_subplot_l6_124_subrole.asl"": 29, ""role_subplot_l6_125_subrole.asl"": 29}",7.5625,0.0337953660000494,0.0032273659999191295,3.439297676086426,True,9,0
