experiment,run_id,sys_os,sys_cpu,sys_cores,sys_ram_gb,sys_python,n_actions,n_events,n_facts,n_playbooks,n_plans_per_playbook,n_branches_per_plan,n_stmts_per_branch,n_roles,n_phases,n_subplot_breadth,n_subplot_depth,seed,input_loc,input_bytes,output_files,output_loc_total,output_loc_per_file,loc_ratio,compile_time_s,io_time_s,peak_ram_mb,success,warning_count,error_count
interaction_worst_case_multipliers,0,Linux 7.2.3-arch1-2,x86_64,24,30.44,3.14.7,10,10,5,2,2,1,2,2,2,1,1,42,146,2837,7,434,"{""playbook_playbook0.asl"": 26, ""playbook_playbook1.asl"": 26, ""director_mainplot.asl"": 156, ""director_subplot_l1_0.asl"": 129, ""role_mainplot_role0.asl"": 34, ""role_mainplot_role1.asl"": 34, ""role_subplot_l1_0_subrole.asl"": 29}",2.9726027397260273,0.011067200000979938,0.00013989900253363885,0.25206661224365234,True,9,0
interaction_worst_case_multipliers,1,Linux 7.2.3-arch1-2,x86_64,24,30.44,3.14.7,10,10,5,2,2,1,2,2,2,1,1,42,146,2837,7,434,"{""playbook_playbook0.asl"": 26, ""playbook_playbook1.asl"": 26, ""director_mainplot.asl"": 156, ""director_subplot_l1_0.asl"": 129, ""role_mainplot_role0.asl"": 34, ""role_mainplot_role1.asl"": 34, ""role_subplot_l1_0_subrole.asl"": 29}",2.9726027397260273,0.005003697999200085,0.00012802999845007434,0.1730785369873047,True,9,0
interaction_worst_case_multipliers,2,Linux 7.2.3-arch1-2,x86_64,24,30.44,3.14.7,10,10,5,2,2,1,2,2,2,1,1,42,146,2837,7,434,"{""playbook_playbook0.asl"": 26, ""playbook_playbook1.asl"": 26, ""director_mainplot.asl"": 156, ""director_subplot_l1_0.asl"": 129, ""role_mainplot_role0.asl"": 34, ""role_mainplot_role1.asl"": 34, ""role_subplot_l1_0_subrole.asl"": 29}",2.9726027397260273,0.004966078002325958,0.0001356289976683911,0.16829490661621094,True,9,0
interaction_worst_case_multipliers,3,Linux 7.2.3-arch1-2,x86_64,24,30.44,3.14.7,10,10,5,2,2,1,2,2,2,1,1,42,146,2837,7,434,"{""playbook_playbook0.asl"": 26, ""playbook_playbook1.asl"": 26, ""director_mainplot.asl"": 156, ""director_subplot_l1_0.asl"": 129, ""role_mainplot_role0.asl"": 34, ""role_mainplot_role1.asl"": 34, ""role_subplot_l1_0_subrole.asl"": 29}",2.9726027397260273,0.004920057999697747,0.00013249000039650127,0.1656169891357422,True,9,0
interaction_worst_case_multipliers,4,Linux 7.2.3-arch1-2,x86_64,24,30.44,3.14.7,10,10,5,2,2,1,2,2,2,1,1,42,146,2837,7,434,"{""playbook_playbook0.asl"": 26, ""playbook_playbook1.asl"": 26, ""director_mainplot.asl"": 156, ""director_subplot_l1_0.asl"": 129, ""role_mainplot_role0.asl"": 34, ""role_mainplot_role1.asl"": 34, ""role_subplot_l1_0_subrole.asl"": 29}",2.9726027397260273,0.005106037002406083,0.00013005999790038913,0.16338157653808594,True,9,0
interaction_worst_case_multipliers,5,Linux 7.2.3-arch1-2,x86_64,24,30.44,3.14.7,10,10,5,2,2,1,2,5,2,2,2,42,269,5367,20,1373,"{""playbook_playbook0.asl"": 26, ""playbook_playbook1.asl"": 26, ""director_mainplot.asl"": 179, ""director_subplot_l1_0.asl"": 141, ""director_subplot_l2_2.asl"": 129, ""director_subplot_l2_3.asl"": 129, ""director_subplot_l1_1.asl"": 141, ""director_subplot_l2_4.asl"": 129, ""director_subplot_l2_5.asl"": 129, ""role_mainplot_role0.asl"": 34, ""role_mainplot_role1.asl"": 34, ""role_mainplot_role2.asl"": 34, ""role_mainplot_role3.asl"": 34, ""role_mainplot_role4.asl"": 34, ""role_subplot_l1_0_subrole.asl"": 29, ""role_subplot_l2_2_subrole.asl"": 29, ""role_subplot_l2_3_subrole.asl"": 29, ""role_subplot_l1_1_subrole.asl"": 29, ""role_subplot_l2_4_subrole.asl"": 29, ""role_subplot_l2_5_subrole.asl"": 29}",5.104089219330855,0.010138924997590948,0.0004222879979352001,0.3287229537963867,True,9,0
interaction_worst_case_multipliers,6,Linux 7.2.3-arch1-2,x86_64,24,30.44,3.14.7,10,10,5,2,2,1,2,5,2,2,2,42,269,5367,20,1373,"{""playbook_playbook0.asl"": 26, ""playbook_playbook1.asl"": 26, ""director_mainplot.asl"": 179, ""director_subplot_l1_0.asl"": 141, ""director_subplot_l2_2.asl"": 129, ""director_subplot_l2_3.asl"": 129, ""director_subplot_l1_1.asl"": 141, ""director_subplot_l2_4.asl"": 129, ""director_subplot_l2_5.asl"": 129, ""role_mainplot_role0.asl"": 34, ""role_mainplot_role1.asl"": 34, ""role_mainplot_role2.asl"": 34, ""role_mainplot_role3.asl"": 34, ""role_mainplot_role4.asl"": 34, ""role_subplot_l1_0_subrole.asl"": 29, ""role_subplot_l2_2_subrole.asl"": 29, ""role_subplot_l2_3_subrole.asl"": 29, ""role_subplot_l1_1_subrole.asl"": 29, ""role_subplot_l2_4_subrole.asl"": 29, ""role_subplot_l2_5_subrole.asl"": 29}",5.104089219330855,0.009747486001288053,0.00032007899790187366,0.32523632049560547,True,9,0
interaction_worst_case_multipliers,7,Linux 7.2.3-arch1-2,x86_64,24,30.44,3.14.7,10,10,5,2,2,1,2,5,2,2,2,42,269,5367,20,1373,"{""playbook_playbook0.asl"": 26, ""playbook_playbook1.asl"": 26, ""director_mainplot.asl"": 179, ""director_subplot_l1_0.asl"": 141, ""director_subplot_l2_2.asl"": 129, ""director_subplot_l2_3.asl"": 129, ""director_subplot_l1_1.asl"": 141, ""director_subplot_l2_4.asl"": 129, ""director_subplot_l2_5.asl"": 129, ""role_mainplot_role0.asl"": 34, ""role_mainplot_role1.asl"": 34, ""role_mainplot_role2.asl"": 34, ""role_mainplot_role3.asl"": 34, ""role_mainplot_role4.asl"": 34, ""role_subplot_l1_0_subrole.asl"": 29, ""role_subplot_l2_2_subrole.asl"": 29, ""role_subplot_l2_3_subrole.asl"": 29, ""role_subplot_l1_1_subrole.asl"": 29, ""role_subplot_l2_4_subrole.asl"": 29, ""role_subplot_l2_5_subrole.asl"": 29}",5.104089219330855,0.009729866000270704,0.000305878998915432,0.3236112594604492,True,9,0
interaction_worst_case_multipliers,8,Linux 7.2.3-arch1-2,x86_64,24,30.44,3.14.7,10,10,5,2,2,1,2,5,2,2,2,42,269,5367,20,1373,"{""playbook_playbook0.asl"": 26, ""playbook_playbook1.asl"": 26, ""director_mainplot.asl"": 179, ""director_subplot_l1_0.asl"": 141, ""director_subplot_l2_2.asl"": 129, ""director_subplot_l2_3.asl"": 129, ""director_subplot_l1_1.asl"": 141, ""director_subplot_l2_4.asl"": 129, ""director_subplot_l2_5.asl"": 129, ""role_mainplot_role0.asl"": 34, ""role_mainplot_role1.asl"": 34, ""role_mainplot_role2.asl"": 34, ""role_mainplot_role3.asl"": 34, ""role_mainplot_role4.asl"": 34, ""role_subplot_l1_0_subrole.asl"": 29, ""role_subplot_l2_2_subrole.asl"": 29, ""role_subplot_l2_3_subrole.asl"": 29, ""role_subplot_l1_1_subrole.asl"": 29, ""role_subplot_l2_4_subrole.asl"": 29, ""role_subplot_l2_5_subrole.asl"": 29}",5.104089219330855,0.00961684700087062,0.000323149000905687,0.3226194381713867,True,9,0
interaction_worst_case_multipliers,9,Linux 7.2.3-arch1-2,x86_64,24,30.44,3.14.7,10,10,5,2,2,1,2,5,2,2,2,42,269,5367,20,1373,"{""playbook_playbook0.asl"": 26, ""playbook_playbook1.asl"": 26, ""director_mainplot.asl"": 179, ""director_subplot_l1_0.asl"": 141, ""director_subplot_l2_2.asl"": 129, ""director_subplot_l2_3.asl"": 129, ""director_subplot_l1_1.asl"": 141, ""director_subplot_l2_4.asl"": 129, ""director_subplot_l2_5.asl"": 129, ""role_mainplot_role0.asl"": 34, ""role_mainplot_role1.asl"": 34, ""role_mainplot_role2.asl"": 34, ""role_mainplot_role3.asl"": 34, ""role_mainplot_role4.asl"": 34, ""role_subplot_l1_0_subrole.asl"": 29, ""role_subplot_l2_2_subrole.asl"": 29, ""role_subplot_l2_3_subrole.asl"": 29, ""role_subplot_l1_1_subrole.asl"": 29, ""role_subplot_l2_4_subrole.asl"": 29, ""role_subplot_l2_5_subrole.asl"": 29}",5.104089219330855,0.009680236998974578,0.00030425899967667647,0.3223447799682617,True,9,0
interaction_worst_case_multipliers,10,Linux 7.2.3-arch1-2,x86_64,24,30.44,3.14.7,10,10,5,2,2,1,2,10,2,3,2,42,418,8584,37,2553,"{""playbook_playbook0.asl"": 26, ""playbook_playbook1.asl"": 26, ""director_mainplot.asl"": 214, ""director_subplot_l1_0.asl"": 146, ""director_subplot_l2_3.asl"": 129, ""director_subplot_l2_4.asl"": 129, ""director_subplot_l2_5.asl"": 129, ""director_subplot_l1_1.asl"": 146, ""director_subplot_l2_6.asl"": 129, ""director_subplot_l2_7.asl"": 129, ""director_subplot_l2_8.asl"": 129, ""director_subplot_l1_2.asl"": 146, ""director_subplot_l2_9.asl"": 129, ""director_subplot_l2_10.asl"": 129, ""director_subplot_l2_11.asl"": 129, ""role_mainplot_role0.asl"": 34, ""role_mainplot_role1.asl"": 34, ""role_mainplot_role2.asl"": 34, ""role_mainplot_role3.asl"": 34, ""role_mainplot_role4.asl"": 34, ""role_mainplot_role5.asl"": 34, ""role_mainplot_role6.asl"": 34, ""role_mainplot_role7.asl"": 34, ""role_mainplot_role8.asl"": 34, ""role_mainplot_role9.asl"": 34, ""role_subplot_l1_0_subrole.asl"": 29, ""role_subplot_l2_3_subrole.asl"": 29, ""role_subplot_l2_4_subrole.asl"": 29, ""role_subplot_l2_5_subrole.asl"": 29, ""role_subplot_l1_1_subrole.asl"": 29, ""role_subplot_l2_6_subrole.asl"": 29, ""role_subplot_l2_7_subrole.asl"": 29, ""role_subplot_l2_8_subrole.asl"": 29, ""role_subplot_l1_2_subrole.asl"": 29, ""role_subplot_l2_9_subrole.asl"": 29, ""role_subplot_l2_10_subrole.asl"": 29, ""role_subplot_l2_11_subrole.asl"": 29}",6.107655502392345,0.016015949000575347,0.0005543770021176897,0.529719352722168,True,7,0
interaction_worst_case_multipliers,11,Linux 7.2.3-arch1-2,x86_64,24,30.44,3.14.7,10,10,5,2,2,1,2,10,2,3,2,42,418,8584,37,2553,"{""playbook_playbook0.asl"": 26, ""playbook_playbook1.asl"": 26, ""director_mainplot.asl"": 214, ""director_subplot_l1_0.asl"": 146, ""director_subplot_l2_3.asl"": 129, ""director_subplot_l2_4.asl"": 129, ""director_subplot_l2_5.asl"": 129, ""director_subplot_l1_1.asl"": 146, ""director_subplot_l2_6.asl"": 129, ""director_subplot_l2_7.asl"": 129, ""director_subplot_l2_8.asl"": 129, ""director_subplot_l1_2.asl"": 146, ""director_subplot_l2_9.asl"": 129, ""director_subplot_l2_10.asl"": 129, ""director_subplot_l2_11.asl"": 129, ""role_mainplot_role0.asl"": 34, ""role_mainplot_role1.asl"": 34, ""role_mainplot_role2.asl"": 34, ""role_mainplot_role3.asl"": 34, ""role_mainplot_role4.asl"": 34, ""role_mainplot_role5.asl"": 34, ""role_mainplot_role6.asl"": 34, ""role_mainplot_role7.asl"": 34, ""role_mainplot_role8.asl"": 34, ""role_mainplot_role9.asl"": 34, ""role_subplot_l1_0_subrole.asl"": 29, ""role_subplot_l2_3_subrole.asl"": 29, ""role_subplot_l2_4_subrole.asl"": 29, ""role_subplot_l2_5_subrole.asl"": 29, ""role_subplot_l1_1_subrole.asl"": 29, ""role_subplot_l2_6_subrole.asl"": 29, ""role_subplot_l2_7_subrole.asl"": 29, ""role_subplot_l2_8_subrole.asl"": 29, ""role_subplot_l1_2_subrole.asl"": 29, ""role_subplot_l2_9_subrole.asl"": 29, ""role_subplot_l2_10_subrole.asl"": 29, ""role_subplot_l2_11_subrole.asl"": 29}",6.107655502392345,0.01650119600162725,0.0005964680021861568,0.5296049118041992,True,7,0
interaction_worst_case_multipliers,12,Linux 7.2.3-arch1-2,x86_64,24,30.44,3.14.7,10,10,5,2,2,1,2,10,2,3,2,42,418,8584,37,2553,"{""playbook_playbook0.asl"": 26, ""playbook_playbook1.asl"": 26, ""director_mainplot.asl"": 214, ""director_subplot_l1_0.asl"": 146, ""director_subplot_l2_3.asl"": 129, ""director_subplot_l2_4.asl"": 129, ""director_subplot_l2_5.asl"": 129, ""director_subplot_l1_1.asl"": 146, ""director_subplot_l2_6.asl"": 129, ""director_subplot_l2_7.asl"": 129, ""director_subplot_l2_8.asl"": 129, ""director_subplot_l1_2.asl"": 146, ""director_subplot_l2_9.asl"": 129, ""director_subplot_l2_10.asl"": 129, ""director_subplot_l2_11.asl"": 129, ""role_mainplot_role0.asl"": 34, ""role_mainplot_role1.asl"": 34, ""role_mainplot_role2.asl"": 34, ""role_mainplot_role3.asl"": 34, ""role_mainplot_role4.asl"": 34, ""role_mainplot_role5.asl"": 34, ""role_mainplot_role6.asl"": 34, ""role_mainplot_role7.asl"": 34, ""role_mainplot_role8.asl"": 34, ""role_mainplot_role9.asl"": 34, ""role_subplot_l1_0_subrole.asl"": 29, ""role_subplot_l2_3_subrole.asl"": 29, ""role_subplot_l2_4_subrole.asl"": 29, ""role_subplot_l2_5_subrole.asl"": 29, ""role_subplot_l1_1_subrole.asl"": 29, ""role_subplot_l2_6_subrole.asl"": 29, ""role_subplot_l2_7_subrole.asl"": 29, ""role_subplot_l2_8_subrole.asl"": 29, ""role_subplot_l1_2_subrole.asl"": 29, ""role_subplot_l2_9_subrole.asl"": 29, ""role_subplot_l2_10_subrole.asl"": 29, ""role_subplot_l2_11_subrole.asl"": 29}",6.107655502392345,0.01868266599922208,0.0005860169985680841,0.5295209884643555,True,7,0
interaction_worst_case_multipliers,13,Linux 7.2.3-arch1-2,x86_64,24,30.44,3.14.7,10,10,5,2,2,1,2,10,2,3,2,42,418,8584,37,2553,"{""playbook_playbook0.asl"": 26, ""playbook_playbook1.asl"": 26, ""director_mainplot.asl"": 214, ""director_subplot_l1_0.asl"": 146, ""director_subplot_l2_3.asl"": 129, ""director_subplot_l2_4.asl"": 129, ""director_subplot_l2_5.asl"": 129, ""director_subplot_l1_1.asl"": 146, ""director_subplot_l2_6.asl"": 129, ""director_subplot_l2_7.asl"": 129, ""director_subplot_l2_8.asl"": 129, ""director_subplot_l1_2.asl"": 146, ""director_subplot_l2_9.asl"": 129, ""director_subplot_l2_10.asl"": 129, ""director_subplot_l2_11.asl"": 129, ""role_mainplot_role0.asl"": 34, ""role_mainplot_role1.asl"": 34, ""role_mainplot_role2.asl"": 34, ""role_mainplot_role3.asl"": 34, ""role_mainplot_role4.asl"": 34, ""role_mainplot_role5.asl"": 34, ""role_mainplot_role6.asl"": 34, ""role_mainplot_role7.asl"": 34, ""role_mainplot_role8.asl"": 34, ""role_mainplot_role9.asl"": 34, ""role_subplot_l1_0_subrole.asl"": 29, ""role_subplot_l2_3_subrole.asl"": 29, ""role_subplot_l2_4_subrole.asl"": 29, ""role_subplot_l2_5_subrole.asl"": 29, ""role_subplot_l1_1_subrole.asl"": 29, ""role_subplot_l2_6_subrole.asl"": 29, ""role_subplot_l2_7_subrole.asl"": 29, ""role_subplot_l2_8_subrole.asl"": 29, ""role_subplot_l1_2_subrole.asl"": 29, ""role_subplot_l2_9_subrole.asl"": 29, ""role_subplot_l2_10_subrole.asl"": 29, ""role_subplot_l2_11_subrole.asl"": 29}",6.107655502392345,0.016378436001105,0.0006106270011514425,0.5294370651245117,True,7,0
interaction_worst_case_multipliers,14,Linux 7.2.3-arch1-2,x86_64,24,30.44,3.14.7,10,10,5,2,2,1,2,10,2,3,2,42,418,8584,37,2553,"{""playbook_playbook0.asl"": 26, ""playbook_playbook1.asl"": 26, ""director_mainplot.asl"": 214, ""director_subplot_l1_0.asl"": 146, ""director_subplot_l2_3.asl"": 129, ""director_subplot_l2_4.asl"": 129, ""director_subplot_l2_5.asl"": 129, ""director_subplot_l1_1.asl"": 146, ""director_subplot_l2_6.asl"": 129, ""director_subplot_l2_7.asl"": 129, ""director_subplot_l2_8.asl"": 129, ""director_subplot_l1_2.asl"": 146, ""director_subplot_l2_9.asl"": 129, ""director_subplot_l2_10.asl"": 129, ""director_subplot_l2_11.asl"": 129, ""role_mainplot_role0.asl"": 34, ""role_mainplot_role1.asl"": 34, ""role_mainplot_role2.asl"": 34, ""role_mainplot_role3.asl"": 34, ""role_mainplot_role4.asl"": 34, ""role_mainplot_role5.asl"": 34, ""role_mainplot_role6.asl"": 34, ""role_mainplot_role7.asl"": 34, ""role_mainplot_role8.asl"": 34, ""role_mainplot_role9.asl"": 34, ""role_subplot_l1_0_subrole.asl"": 29, ""role_subplot_l2_3_subrole.asl"": 29, ""role_subplot_l2_4_subrole.asl"": 29, ""role_subplot_l2_5_subrole.asl"": 29, ""role_subplot_l1_1_subrole.asl"": 29, ""role_subplot_l2_6_subrole.asl"": 29, ""role_subplot_l2_7_subrole.asl"": 29, ""role_subplot_l2_8_subrole.asl"": 29, ""role_subplot_l1_2_subrole.asl"": 29, ""role_subplot_l2_9_subrole.asl"": 29, ""role_subplot_l2_10_subrole.asl"": 29, ""role_subplot_l2_11_subrole.asl"": 29}",6.107655502392345,0.016872014999535168,0.0008172260022547562,0.5294065475463867,True,7,0
interaction_worst_case_multipliers,15,Linux 7.2.3-arch1-2,x86_64,24,30.44,3.14.7,10,10,5,2,2,1,2,25,2,3,3,42,1063,21928,106,7572,"{""playbook_playbook0.asl"": 26, ""playbook_playbook1.asl"": 26, ""director_mainplot.asl"": 304, ""director_subplot_l1_0.asl"": 146, ""director_subplot_l2_3.asl"": 146, ""director_subplot_l3_6.asl"": 129, ""director_subplot_l3_7.asl"": 129, ""director_subplot_l3_8.asl"": 129, ""director_subplot_l2_4.asl"": 146, ""director_subplot_l3_9.asl"": 129, ""director_subplot_l3_10.asl"": 129, ""director_subplot_l3_11.asl"": 129, ""director_subplot_l2_5.asl"": 146, ""director_subplot_l3_12.asl"": 129, ""director_subplot_l3_13.asl"": 129, ""director_subplot_l3_14.asl"": 129, ""director_subplot_l1_1.asl"": 146, ""director_subplot_l2_15.asl"": 146, ""director_subplot_l3_18.asl"": 129, ""director_subplot_l3_19.asl"": 129, ""director_subplot_l3_20.asl"": 129, ""director_subplot_l2_16.asl"": 146, ""director_subplot_l3_21.asl"": 129, ""director_subplot_l3_22.asl"": 129, ""director_subplot_l3_23.asl"": 129, ""director_subplot_l2_17.asl"": 146, ""director_subplot_l3_24.asl"": 129, ""director_subplot_l3_25.asl"": 129, ""director_subplot_l3_26.asl"": 129, ""director_subplot_l1_2.asl"": 146, ""director_subplot_l2_27.asl"": 146, ""director_subplot_l3_30.asl"": 129, ""director_subplot_l3_31.asl"": 129, ""director_subplot_l3_32.asl"": 129, ""director_subplot_l2_28.asl"": 146, ""director_subplot_l3_33.asl"": 129, ""director_subplot_l3_34.asl"": 129, ""director_subplot_l3_35.asl"": 129, ""director_subplot_l2_29.asl"": 146, ""director_subplot_l3_36.asl"": 129, ""director_subplot_l3_37.asl"": 129, ""director_subplot_l3_38.asl"": 129, ""role_mainplot_role0.asl"": 34, ""role_mainplot_role1.asl"": 34, ""role_mainplot_role2.asl"": 34, ""role_mainplot_role3.asl"": 34, ""role_mainplot_role4.asl"": 34, ""role_mainplot_role5.asl"": 34, ""role_mainplot_role6.asl"": 34, ""role_mainplot_role7.asl"": 34, ""role_mainplot_role8.asl"": 34, ""role_mainplot_role9.asl"": 34, ""role_mainplot_role10.asl"": 34, ""role_mainplot_role11.asl"": 34, ""role_mainplot_role12.asl"": 34, ""role_mainplot_role13.asl"": 34, ""role_mainplot_role14.asl"": 34, ""role_mainplot_role15.asl"": 34, ""role_mainplot_role16.asl"": 34, ""role_mainplot_role17.asl"": 34, ""role_mainplot_role18.asl"": 34, ""role_mainplot_role19.asl"": 34, ""role_mainplot_role20.asl"": 34, ""role_mainplot_role21.asl"": 34, ""role_mainplot_role22.asl"": 34, ""role_mainplot_role23.asl"": 34, ""role_mainplot_role24.asl"": 34, ""role_subplot_l1_0_subrole.asl"": 29, ""role_subplot_l2_3_subrole.asl"": 29, ""role_subplot_l3_6_subrole.asl"": 29, ""role_subplot_l3_7_subrole.asl"": 29, ""role_subplot_l3_8_subrole.asl"": 29, ""role_subplot_l2_4_subrole.asl"": 29, ""role_subplot_l3_9_subrole.asl"": 29, ""role_subplot_l3_10_subrole.asl"": 29, ""role_subplot_l3_11_subrole.asl"": 29, ""role_subplot_l2_5_subrole.asl"": 29, ""role_subplot_l3_12_subrole.asl"": 29, ""role_subplot_l3_13_subrole.asl"": 29, ""role_subplot_l3_14_subrole.asl"": 29, ""role_subplot_l1_1_subrole.asl"": 29, ""role_subplot_l2_15_subrole.asl"": 29, ""role_subplot_l3_18_subrole.asl"": 29, ""role_subplot_l3_19_subrole.asl"": 29, ""role_subplot_l3_20_subrole.asl"": 29, ""role_subplot_l2_16_subrole.asl"": 29, ""role_subplot_l3_21_subrole.asl"": 29, ""role_subplot_l3_22_subrole.asl"": 29, ""role_subplot_l3_23_subrole.asl"": 29, ""role_subplot_l2_17_subrole.asl"": 29, ""role_subplot_l3_24_subrole.asl"": 29, ""role_subplot_l3_25_subrole.asl"": 29, ""role_subplot_l3_26_subrole.asl"": 29, ""role_subplot_l1_2_subrole.asl"": 29, ""role_subplot_l2_27_subrole.asl"": 29, ""role_subplot_l3_30_subrole.asl"": 29, ""role_subplot_l3_31_subrole.asl"": 29, ""role_subplot_l3_32_subrole.asl"": 29, ""role_subplot_l2_28_subrole.asl"": 29, ""role_subplot_l3_33_subrole.asl"": 29, ""role_subplot_l3_34_subrole.asl"": 29, ""role_subplot_l3_35_subrole.asl"": 29, ""role_subplot_l2_29_subrole.asl"": 29, ""role_subplot_l3_36_subrole.asl"": 29, ""role_subplot_l3_37_subrole.asl"": 29, ""role_subplot_l3_38_subrole.asl"": 29}",7.123236124176858,0.04179674199986039,0.001489653001044644,1.396742820739746,True,7,0
interaction_worst_case_multipliers,16,Linux 7.2.3-arch1-2,x86_64,24,30.44,3.14.7,10,10,5,2,2,1,2,25,2,3,3,42,1063,21928,106,7572,"{""playbook_playbook0.asl"": 26, ""playbook_playbook1.asl"": 26, ""director_mainplot.asl"": 304, ""director_subplot_l1_0.asl"": 146, ""director_subplot_l2_3.asl"": 146, ""director_subplot_l3_6.asl"": 129, ""director_subplot_l3_7.asl"": 129, ""director_subplot_l3_8.asl"": 129, ""director_subplot_l2_4.asl"": 146, ""director_subplot_l3_9.asl"": 129, ""director_subplot_l3_10.asl"": 129, ""director_subplot_l3_11.asl"": 129, ""director_subplot_l2_5.asl"": 146, ""director_subplot_l3_12.asl"": 129, ""director_subplot_l3_13.asl"": 129, ""director_subplot_l3_14.asl"": 129, ""director_subplot_l1_1.asl"": 146, ""director_subplot_l2_15.asl"": 146, ""director_subplot_l3_18.asl"": 129, ""director_subplot_l3_19.asl"": 129, ""director_subplot_l3_20.asl"": 129, ""director_subplot_l2_16.asl"": 146, ""director_subplot_l3_21.asl"": 129, ""director_subplot_l3_22.asl"": 129, ""director_subplot_l3_23.asl"": 129, ""director_subplot_l2_17.asl"": 146, ""director_subplot_l3_24.asl"": 129, ""director_subplot_l3_25.asl"": 129, ""director_subplot_l3_26.asl"": 129, ""director_subplot_l1_2.asl"": 146, ""director_subplot_l2_27.asl"": 146, ""director_subplot_l3_30.asl"": 129, ""director_subplot_l3_31.asl"": 129, ""director_subplot_l3_32.asl"": 129, ""director_subplot_l2_28.asl"": 146, ""director_subplot_l3_33.asl"": 129, ""director_subplot_l3_34.asl"": 129, ""director_subplot_l3_35.asl"": 129, ""director_subplot_l2_29.asl"": 146, ""director_subplot_l3_36.asl"": 129, ""director_subplot_l3_37.asl"": 129, ""director_subplot_l3_38.asl"": 129, ""role_mainplot_role0.asl"": 34, ""role_mainplot_role1.asl"": 34, ""role_mainplot_role2.asl"": 34, ""role_mainplot_role3.asl"": 34, ""role_mainplot_role4.asl"": 34, ""role_mainplot_role5.asl"": 34, ""role_mainplot_role6.asl"": 34, ""role_mainplot_role7.asl"": 34, ""role_mainplot_role8.asl"": 34, ""role_mainplot_role9.asl"": 34, ""role_mainplot_role10.asl"": 34, ""role_mainplot_role11.asl"": 34, ""role_mainplot_role12.asl"": 34, ""role_mainplot_role13.asl"": 34, ""role_mainplot_role14.asl"": 34, ""role_mainplot_role15.asl"": 34, ""role_mainplot_role16.asl"": 34, ""role_mainplot_role17.asl"": 34, ""role_mainplot_role18.asl"": 34, ""role_mainplot_role19.asl"": 34, ""role_mainplot_role20.asl"": 34, ""role_mainplot_role21.asl"": 34, ""role_mainplot_role22.asl"": 34, ""role_mainplot_role23.asl"": 34, ""role_mainplot_role24.asl"": 34, ""role_subplot_l1_0_subrole.asl"": 29, ""role_subplot_l2_3_subrole.asl"": 29, ""role_subplot_l3_6_subrole.asl"": 29, ""role_subplot_l3_7_subrole.asl"": 29, ""role_subplot_l3_8_subrole.asl"": 29, ""role_subplot_l2_4_subrole.asl"": 29, ""role_subplot_l3_9_subrole.asl"": 29, ""role_subplot_l3_10_subrole.asl"": 29, ""role_subplot_l3_11_subrole.asl"": 29, ""role_subplot_l2_5_subrole.asl"": 29, ""role_subplot_l3_12_subrole.asl"": 29, ""role_subplot_l3_13_subrole.asl"": 29, ""role_subplot_l3_14_subrole.asl"": 29, ""role_subplot_l1_1_subrole.asl"": 29, ""role_subplot_l2_15_subrole.asl"": 29, ""role_subplot_l3_18_subrole.asl"": 29, ""role_subplot_l3_19_subrole.asl"": 29, ""role_subplot_l3_20_subrole.asl"": 29, ""role_subplot_l2_16_subrole.asl"": 29, ""role_subplot_l3_21_subrole.asl"": 29, ""role_subplot_l3_22_subrole.asl"": 29, ""role_subplot_l3_23_subrole.asl"": 29, ""role_subplot_l2_17_subrole.asl"": 29, ""role_subplot_l3_24_subrole.asl"": 29, ""role_subplot_l3_25_subrole.asl"": 29, ""role_subplot_l3_26_subrole.asl"": 29, ""role_subplot_l1_2_subrole.asl"": 29, ""role_subplot_l2_27_subrole.asl"": 29, ""role_subplot_l3_30_subrole.asl"": 29, ""role_subplot_l3_31_subrole.asl"": 29, ""role_subplot_l3_32_subrole.asl"": 29, ""role_subplot_l2_28_subrole.asl"": 29, ""role_subplot_l3_33_subrole.asl"": 29, ""role_subplot_l3_34_subrole.asl"": 29, ""role_subplot_l3_35_subrole.asl"": 29, ""role_subplot_l2_29_subrole.asl"": 29, ""role_subplot_l3_36_subrole.asl"": 29, ""role_subplot_l3_37_subrole.asl"": 29, ""role_subplot_l3_38_subrole.asl"": 29}",7.123236124176858,0.03994104000230436,0.0014867029967717826,1.396712303161621,True,7,0
interaction_worst_case_multipliers,17,Linux 7.2.3-arch1-2,x86_64,24,30.44,3.14.7,10,10,5,2,2,1,2,25,2,3,3,42,1063,21928,106,7572,"{""playbook_playbook0.asl"": 26, ""playbook_playbook1.asl"": 26, ""director_mainplot.asl"": 304, ""director_subplot_l1_0.asl"": 146, ""director_subplot_l2_3.asl"": 146, ""director_subplot_l3_6.asl"": 129, ""director_subplot_l3_7.asl"": 129, ""director_subplot_l3_8.asl"": 129, ""director_subplot_l2_4.asl"": 146, ""director_subplot_l3_9.asl"": 129, ""director_subplot_l3_10.asl"": 129, ""director_subplot_l3_11.asl"": 129, ""director_subplot_l2_5.asl"": 146, ""director_subplot_l3_12.asl"": 129, ""director_subplot_l3_13.asl"": 129, ""director_subplot_l3_14.asl"": 129, ""director_subplot_l1_1.asl"": 146, ""director_subplot_l2_15.asl"": 146, ""director_subplot_l3_18.asl"": 129, ""director_subplot_l3_19.asl"": 129, ""director_subplot_l3_20.asl"": 129, ""director_subplot_l2_16.asl"": 146, ""director_subplot_l3_21.asl"": 129, ""director_subplot_l3_22.asl"": 129, ""director_subplot_l3_23.asl"": 129, ""director_subplot_l2_17.asl"": 146, ""director_subplot_l3_24.asl"": 129, ""director_subplot_l3_25.asl"": 129, ""director_subplot_l3_26.asl"": 129, ""director_subplot_l1_2.asl"": 146, ""director_subplot_l2_27.asl"": 146, ""director_subplot_l3_30.asl"": 129, ""director_subplot_l3_31.asl"": 129, ""director_subplot_l3_32.asl"": 129, ""director_subplot_l2_28.asl"": 146, ""director_subplot_l3_33.asl"": 129, ""director_subplot_l3_34.asl"": 129, ""director_subplot_l3_35.asl"": 129, ""director_subplot_l2_29.asl"": 146, ""director_subplot_l3_36.asl"": 129, ""director_subplot_l3_37.asl"": 129, ""director_subplot_l3_38.asl"": 129, ""role_mainplot_role0.asl"": 34, ""role_mainplot_role1.asl"": 34, ""role_mainplot_role2.asl"": 34, ""role_mainplot_role3.asl"": 34, ""role_mainplot_role4.asl"": 34, ""role_mainplot_role5.asl"": 34, ""role_mainplot_role6.asl"": 34, ""role_mainplot_role7.asl"": 34, ""role_mainplot_role8.asl"": 34, ""role_mainplot_role9.asl"": 34, ""role_mainplot_role10.asl"": 34, ""role_mainplot_role11.asl"": 34, ""role_mainplot_role12.asl"": 34, ""role_mainplot_role13.asl"": 34, ""role_mainplot_role14.asl"": 34, ""role_mainplot_role15.asl"": 34, ""role_mainplot_role16.asl"": 34, ""role_mainplot_role17.asl"": 34, ""role_mainplot_role18.asl"": 34, ""role_mainplot_role19.asl"": 34, ""role_mainplot_role20.asl"": 34, ""role_mainplot_role21.asl"": 34, ""role_mainplot_role22.asl"": 34, ""role_mainplot_role23.asl"": 34, ""role_mainplot_role24.asl"": 34, ""role_subplot_l1_0_subrole.asl"": 29, ""role_subplot_l2_3_subrole.asl"": 29, ""role_subplot_l3_6_subrole.asl"": 29, ""role_subplot_l3_7_subrole.asl"": 29, ""role_subplot_l3_8_subrole.asl"": 29, ""role_subplot_l2_4_subrole.asl"": 29, ""role_subplot_l3_9_subrole.asl"": 29, ""role_subplot_l3_10_subrole.asl"": 29, ""role_subplot_l3_11_subrole.asl"": 29, ""role_subplot_l2_5_subrole.asl"": 29, ""role_subplot_l3_12_subrole.asl"": 29, ""role_subplot_l3_13_subrole.asl"": 29, ""role_subplot_l3_14_subrole.asl"": 29, ""role_subplot_l1_1_subrole.asl"": 29, ""role_subplot_l2_15_subrole.asl"": 29, ""role_subplot_l3_18_subrole.asl"": 29, ""role_subplot_l3_19_subrole.asl"": 29, ""role_subplot_l3_20_subrole.asl"": 29, ""role_subplot_l2_16_subrole.asl"": 29, ""role_subplot_l3_21_subrole.asl"": 29, ""role_subplot_l3_22_subrole.asl"": 29, ""role_subplot_l3_23_subrole.asl"": 29, ""role_subplot_l2_17_subrole.asl"": 29, ""role_subplot_l3_24_subrole.asl"": 29, ""role_subplot_l3_25_subrole.asl"": 29, ""role_subplot_l3_26_subrole.asl"": 29, ""role_subplot_l1_2_subrole.asl"": 29, ""role_subplot_l2_27_subrole.asl"": 29, ""role_subplot_l3_30_subrole.asl"": 29, ""role_subplot_l3_31_subrole.asl"": 29, ""role_subplot_l3_32_subrole.asl"": 29, ""role_subplot_l2_28_subrole.asl"": 29, ""role_subplot_l3_33_subrole.asl"": 29, ""role_subplot_l3_34_subrole.asl"": 29, ""role_subplot_l3_35_subrole.asl"": 29, ""role_subplot_l2_29_subrole.asl"": 29, ""role_subplot_l3_36_subrole.asl"": 29, ""role_subplot_l3_37_subrole.asl"": 29, ""role_subplot_l3_38_subrole.asl"": 29}",7.123236124176858,0.04007293999893591,0.001473034000810003,1.396681785583496,True,7,0
interaction_worst_case_multipliers,18,Linux 7.2.3-arch1-2,x86_64,24,30.44,3.14.7,10,10,5,2,2,1,2,25,2,3,3,42,1063,21928,106,7572,"{""playbook_playbook0.asl"": 26, ""playbook_playbook1.asl"": 26, ""director_mainplot.asl"": 304, ""director_subplot_l1_0.asl"": 146, ""director_subplot_l2_3.asl"": 146, ""director_subplot_l3_6.asl"": 129, ""director_subplot_l3_7.asl"": 129, ""director_subplot_l3_8.asl"": 129, ""director_subplot_l2_4.asl"": 146, ""director_subplot_l3_9.asl"": 129, ""director_subplot_l3_10.asl"": 129, ""director_subplot_l3_11.asl"": 129, ""director_subplot_l2_5.asl"": 146, ""director_subplot_l3_12.asl"": 129, ""director_subplot_l3_13.asl"": 129, ""director_subplot_l3_14.asl"": 129, ""director_subplot_l1_1.asl"": 146, ""director_subplot_l2_15.asl"": 146, ""director_subplot_l3_18.asl"": 129, ""director_subplot_l3_19.asl"": 129, ""director_subplot_l3_20.asl"": 129, ""director_subplot_l2_16.asl"": 146, ""director_subplot_l3_21.asl"": 129, ""director_subplot_l3_22.asl"": 129, ""director_subplot_l3_23.asl"": 129, ""director_subplot_l2_17.asl"": 146, ""director_subplot_l3_24.asl"": 129, ""director_subplot_l3_25.asl"": 129, ""director_subplot_l3_26.asl"": 129, ""director_subplot_l1_2.asl"": 146, ""director_subplot_l2_27.asl"": 146, ""director_subplot_l3_30.asl"": 129, ""director_subplot_l3_31.asl"": 129, ""director_subplot_l3_32.asl"": 129, ""director_subplot_l2_28.asl"": 146, ""director_subplot_l3_33.asl"": 129, ""director_subplot_l3_34.asl"": 129, ""director_subplot_l3_35.asl"": 129, ""director_subplot_l2_29.asl"": 146, ""director_subplot_l3_36.asl"": 129, ""director_subplot_l3_37.asl"": 129, ""director_subplot_l3_38.asl"": 129, ""role_mainplot_role0.asl"": 34, ""role_mainplot_role1.asl"": 34, ""role_mainplot_role2.asl"": 34, ""role_mainplot_role3.asl"": 34, ""role_mainplot_role4.asl"": 34, ""role_mainplot_role5.asl"": 34, ""role_mainplot_role6.asl"": 34, ""role_mainplot_role7.asl"": 34, ""role_mainplot_role8.asl"": 34, ""role_mainplot_role9.asl"": 34, ""role_mainplot_role10.asl"": 34, ""role_mainplot_role11.asl"": 34, ""role_mainplot_role12.asl"": 34, ""role_mainplot_role13.asl"": 34, ""role_mainplot_role14.asl"": 34, ""role_mainplot_role15.asl"": 34, ""role_mainplot_role16.asl"": 34, ""role_mainplot_role17.asl"": 34, ""role_mainplot_role18.asl"": 34, ""role_mainplot_role19.asl"": 34, ""role_mainplot_role20.asl"": 34, ""role_mainplot_role21.asl"": 34, ""role_mainplot_role22.asl"": 34, ""role_mainplot_role23.asl"": 34, ""role_mainplot_role24.asl"": 34, ""role_subplot_l1_0_subrole.asl"": 29, ""role_subplot_l2_3_subrole.asl"": 29, ""role_subplot_l3_6_subrole.asl"": 29, ""role_subplot_l3_7_subrole.asl"": 29, ""role_subplot_l3_8_subrole.asl"": 29, ""role_subplot_l2_4_subrole.asl"": 29, ""role_subplot_l3_9_subrole.asl"": 29, ""role_subplot_l3_10_subrole.asl"": 29, ""role_subplot_l3_11_subrole.asl"": 29, ""role_subplot_l2_5_subrole.asl"": 29, ""role_subplot_l3_12_subrole.asl"": 29, ""role_subplot_l3_13_subrole.asl"": 29, ""role_subplot_l3_14_subrole.asl"": 29, ""role_subplot_l1_1_subrole.asl"": 29, ""role_subplot_l2_15_subrole.asl"": 29, ""role_subplot_l3_18_subrole.asl"": 29, ""role_subplot_l3_19_subrole.asl"": 29, ""role_subplot_l3_20_subrole.asl"": 29, ""role_subplot_l2_16_subrole.asl"": 29, ""role_subplot_l3_21_subrole.asl"": 29, ""role_subplot_l3_22_subrole.asl"": 29, ""role_subplot_l3_23_subrole.asl"": 29, ""role_subplot_l2_17_subrole.asl"": 29, ""role_subplot_l3_24_subrole.asl"": 29, ""role_subplot_l3_25_subrole.asl"": 29, ""role_subplot_l3_26_subrole.asl"": 29, ""role_subplot_l1_2_subrole.asl"": 29, ""role_subplot_l2_27_subrole.asl"": 29, ""role_subplot_l3_30_subrole.asl"": 29, ""role_subplot_l3_31_subrole.asl"": 29, ""role_subplot_l3_32_subrole.asl"": 29, ""role_subplot_l2_28_subrole.asl"": 29, ""role_subplot_l3_33_subrole.asl"": 29, ""role_subplot_l3_34_subrole.asl"": 29, ""role_subplot_l3_35_subrole.asl"": 29, ""role_subplot_l2_29_subrole.asl"": 29, ""role_subplot_l3_36_subrole.asl"": 29, ""role_subplot_l3_37_subrole.asl"": 29, ""role_subplot_l3_38_subrole.asl"": 29}",7.123236124176858,0.0402252790008788,0.001467963000322925,1.396651268005371,True,7,0
interaction_worst_case_multipliers,19,Linux 7.2.3-arch1-2,x86_64,24,30.44,3.14.7,10,10,5,2,2,1,2,25,2,3,3,42,1063,21928,106,7572,"{""playbook_playbook0.asl"": 26, ""playbook_playbook1.asl"": 26, ""director_mainplot.asl"": 304, ""director_subplot_l1_0.asl"": 146, ""director_subplot_l2_3.asl"": 146, ""director_subplot_l3_6.asl"": 129, ""director_subplot_l3_7.asl"": 129, ""director_subplot_l3_8.asl"": 129, ""director_subplot_l2_4.asl"": 146, ""director_subplot_l3_9.asl"": 129, ""director_subplot_l3_10.asl"": 129, ""director_subplot_l3_11.asl"": 129, ""director_subplot_l2_5.asl"": 146, ""director_subplot_l3_12.asl"": 129, ""director_subplot_l3_13.asl"": 129, ""director_subplot_l3_14.asl"": 129, ""director_subplot_l1_1.asl"": 146, ""director_subplot_l2_15.asl"": 146, ""director_subplot_l3_18.asl"": 129, ""director_subplot_l3_19.asl"": 129, ""director_subplot_l3_20.asl"": 129, ""director_subplot_l2_16.asl"": 146, ""director_subplot_l3_21.asl"": 129, ""director_subplot_l3_22.asl"": 129, ""director_subplot_l3_23.asl"": 129, ""director_subplot_l2_17.asl"": 146, ""director_subplot_l3_24.asl"": 129, ""director_subplot_l3_25.asl"": 129, ""director_subplot_l3_26.asl"": 129, ""director_subplot_l1_2.asl"": 146, ""director_subplot_l2_27.asl"": 146, ""director_subplot_l3_30.asl"": 129, ""director_subplot_l3_31.asl"": 129, ""director_subplot_l3_32.asl"": 129, ""director_subplot_l2_28.asl"": 146, ""director_subplot_l3_33.asl"": 129, ""director_subplot_l3_34.asl"": 129, ""director_subplot_l3_35.asl"": 129, ""director_subplot_l2_29.asl"": 146, ""director_subplot_l3_36.asl"": 129, ""director_subplot_l3_37.asl"": 129, ""director_subplot_l3_38.asl"": 129, ""role_mainplot_role0.asl"": 34, ""role_mainplot_role1.asl"": 34, ""role_mainplot_role2.asl"": 34, ""role_mainplot_role3.asl"": 34, ""role_mainplot_role4.asl"": 34, ""role_mainplot_role5.asl"": 34, ""role_mainplot_role6.asl"": 34, ""role_mainplot_role7.asl"": 34, ""role_mainplot_role8.asl"": 34, ""role_mainplot_role9.asl"": 34, ""role_mainplot_role10.asl"": 34, ""role_mainplot_role11.asl"": 34, ""role_mainplot_role12.asl"": 34, ""role_mainplot_role13.asl"": 34, ""role_mainplot_role14.asl"": 34, ""role_mainplot_role15.asl"": 34, ""role_mainplot_role16.asl"": 34, ""role_mainplot_role17.asl"": 34, ""role_mainplot_role18.asl"": 34, ""role_mainplot_role19.asl"": 34, ""role_mainplot_role20.asl"": 34, ""role_mainplot_role21.asl"": 34, ""role_mainplot_role22.asl"": 34, ""role_mainplot_role23.asl"": 34, ""role_mainplot_role24.asl"": 34, ""role_subplot_l1_0_subrole.asl"": 29, ""role_subplot_l2_3_subrole.asl"": 29, ""role_subplot_l3_6_subrole.asl"": 29, ""role_subplot_l3_7_subrole.asl"": 29, ""role_subplot_l3_8_subrole.asl"": 29, ""role_subplot_l2_4_subrole.asl"": 29, ""role_subplot_l3_9_subrole.asl"": 29, ""role_subplot_l3_10_subrole.asl"": 29, ""role_subplot_l3_11_subrole.asl"": 29, ""role_subplot_l2_5_subrole.asl"": 29, ""role_subplot_l3_12_subrole.asl"": 29, ""role_subplot_l3_13_subrole.asl"": 29, ""role_subplot_l3_14_subrole.asl"": 29, ""role_subplot_l1_1_subrole.asl"": 29, ""role_subplot_l2_15_subrole.asl"": 29, ""role_subplot_l3_18_subrole.asl"": 29, ""role_subplot_l3_19_subrole.asl"": 29, ""role_subplot_l3_20_subrole.asl"": 29, ""role_subplot_l2_16_subrole.asl"": 29, ""role_subplot_l3_21_subrole.asl"": 29, ""role_subplot_l3_22_subrole.asl"": 29, ""role_subplot_l3_23_subrole.asl"": 29, ""role_subplot_l2_17_subrole.asl"": 29, ""role_subplot_l3_24_subrole.asl"": 29, ""role_subplot_l3_25_subrole.asl"": 29, ""role_subplot_l3_26_subrole.asl"": 29, ""role_subplot_l1_2_subrole.asl"": 29, ""role_subplot_l2_27_subrole.asl"": 29, ""role_subplot_l3_30_subrole.asl"": 29, ""role_subplot_l3_31_subrole.asl"": 29, ""role_subplot_l3_32_subrole.asl"": 29, ""role_subplot_l2_28_subrole.asl"": 29, ""role_subplot_l3_33_subrole.asl"": 29, ""role_subplot_l3_34_subrole.asl"": 29, ""role_subplot_l3_35_subrole.asl"": 29, ""role_subplot_l2_29_subrole.asl"": 29, ""role_subplot_l3_36_subrole.asl"": 29, ""role_subplot_l3_37_subrole.asl"": 29, ""role_subplot_l3_38_subrole.asl"": 29}",7.123236124176858,0.0400563900002453,0.0014802539990341756,1.396620750427246,True,7,0
interaction_worst_case_multipliers,20,Linux 7.2.3-arch1-2,x86_64,24,30.44,3.14.7,10,10,5,2,2,1,2,50,2,4,3,42,2096,43382,221,15923,"{""playbook_playbook0.asl"": 26, ""playbook_playbook1.asl"": 26, ""director_mainplot.asl"": 459, ""director_subplot_l1_0.asl"": 151, ""director_subplot_l2_4.asl"": 151, ""director_subplot_l3_8.asl"": 129, ""director_subplot_l3_9.asl"": 129, ""director_subplot_l3_10.asl"": 129, ""director_subplot_l3_11.asl"": 129, ""director_subplot_l2_5.asl"": 151, ""director_subplot_l3_12.asl"": 129, ""director_subplot_l3_13.asl"": 129, ""director_subplot_l3_14.asl"": 129, ""director_subplot_l3_15.asl"": 129, ""director_subplot_l2_6.asl"": 151, ""director_subplot_l3_16.asl"": 129, ""director_subplot_l3_17.asl"": 129, ""director_subplot_l3_18.asl"": 129, ""director_subplot_l3_19.asl"": 129, ""director_subplot_l2_7.asl"": 151, ""director_subplot_l3_20.asl"": 129, ""director_subplot_l3_21.asl"": 129, ""director_subplot_l3_22.asl"": 129, ""director_subplot_l3_23.asl"": 129, ""director_subplot_l1_1.asl"": 151, ""director_subplot_l2_24.asl"": 151, ""director_subplot_l3_28.asl"": 129, ""director_subplot_l3_29.asl"": 129, ""director_subplot_l3_30.asl"": 129, ""director_subplot_l3_31.asl"": 129, ""director_subplot_l2_25.asl"": 151, ""director_subplot_l3_32.asl"": 129, ""director_subplot_l3_33.asl"": 129, ""director_subplot_l3_34.asl"": 129, ""director_subplot_l3_35.asl"": 129, ""director_subplot_l2_26.asl"": 151, ""director_subplot_l3_36.asl"": 129, ""director_subplot_l3_37.asl"": 129, ""director_subplot_l3_38.asl"": 129, ""director_subplot_l3_39.asl"": 129, ""director_subplot_l2_27.asl"": 151, ""director_subplot_l3_40.asl"": 129, ""director_subplot_l3_41.asl"": 129, ""director_subplot_l3_42.asl"": 129, ""director_subplot_l3_43.asl"": 129, ""director_subplot_l1_2.asl"": 151, ""director_subplot_l2_44.asl"": 151, ""director_subplot_l3_48.asl"": 129, ""director_subplot_l3_49.asl"": 129, ""director_subplot_l3_50.asl"": 129, ""director_subplot_l3_51.asl"": 129, ""director_subplot_l2_45.asl"": 151, ""director_subplot_l3_52.asl"": 129, ""director_subplot_l3_53.asl"": 129, ""director_subplot_l3_54.asl"": 129, ""director_subplot_l3_55.asl"": 129, ""director_subplot_l2_46.asl"": 151, ""director_subplot_l3_56.asl"": 129, ""director_subplot_l3_57.asl"": 129, ""director_subplot_l3_58.asl"": 129, ""director_subplot_l3_59.asl"": 129, ""director_subplot_l2_47.asl"": 151, ""director_subplot_l3_60.asl"": 129, ""director_subplot_l3_61.asl"": 129, ""director_subplot_l3_62.asl"": 129, ""director_subplot_l3_63.asl"": 129, ""director_subplot_l1_3.asl"": 151, ""director_subplot_l2_64.asl"": 151, ""director_subplot_l3_68.asl"": 129, ""director_subplot_l3_69.asl"": 129, ""director_subplot_l3_70.asl"": 129, ""director_subplot_l3_71.asl"": 129, ""director_subplot_l2_65.asl"": 151, ""director_subplot_l3_72.asl"": 129, ""director_subplot_l3_73.asl"": 129, ""director_subplot_l3_74.asl"": 129, ""director_subplot_l3_75.asl"": 129, ""director_subplot_l2_66.asl"": 151, ""director_subplot_l3_76.asl"": 129, ""director_subplot_l3_77.asl"": 129, ""director_subplot_l3_78.asl"": 129, ""director_subplot_l3_79.asl"": 129, ""director_subplot_l2_67.asl"": 151, ""director_subplot_l3_80.asl"": 129, ""director_subplot_l3_81.asl"": 129, ""director_subplot_l3_82.asl"": 129, ""director_subplot_l3_83.asl"": 129, ""role_mainplot_role0.asl"": 34, ""role_mainplot_role1.asl"": 34, ""role_mainplot_role2.asl"": 34, ""role_mainplot_role3.asl"": 34, ""role_mainplot_role4.asl"": 34, ""role_mainplot_role5.asl"": 34, ""role_mainplot_role6.asl"": 34, ""role_mainplot_role7.asl"": 34, ""role_mainplot_role8.asl"": 34, ""role_mainplot_role9.asl"": 34, ""role_mainplot_role10.asl"": 34, ""role_mainplot_role11.asl"": 34, ""role_mainplot_role12.asl"": 34, ""role_mainplot_role13.asl"": 34, ""role_mainplot_role14.asl"": 34, ""role_mainplot_role15.asl"": 34, ""role_mainplot_role16.asl"": 34, ""role_mainplot_role17.asl"": 34, ""role_mainplot_role18.asl"": 34, ""role_mainplot_role19.asl"": 34, ""role_mainplot_role20.asl"": 34, ""role_mainplot_role21.asl"": 34, ""role_mainplot_role22.asl"": 34, ""role_mainplot_role23.asl"": 34, ""role_mainplot_role24.asl"": 34, ""role_mainplot_role25.asl"": 34, ""role_mainplot_role26.asl"": 34, ""role_mainplot_role27.asl"": 34, ""role_mainplot_role28.asl"": 34, ""role_mainplot_role29.asl"": 34, ""role_mainplot_role30.asl"": 34, ""role_mainplot_role31.asl"": 34, ""role_mainplot_role32.asl"": 34, ""role_mainplot_role33.asl"": 34, ""role_mainplot_role34.asl"": 34, ""role_mainplot_role35.asl"": 34, ""role_mainplot_role36.asl"": 34, ""role_mainplot_role37.asl"": 34, ""role_mainplot_role38.asl"": 34, ""role_mainplot_role39.asl"": 34, ""role_mainplot_role40.asl"": 34, ""role_mainplot_role41.asl"": 34, ""role_mainplot_role42.asl"": 34, ""role_mainplot_role43.asl"": 34, ""role_mainplot_role44.asl"": 34, ""role_mainplot_role45.asl"": 34, ""role_mainplot_role46.asl"": 34, ""role_mainplot_role47.asl"": 34, ""role_mainplot_role48.asl"": 34, ""role_mainplot_role49.asl"": 34, ""role_subplot_l1_0_subrole.asl"": 29, ""role_subplot_l2_4_subrole.asl"": 29, ""role_subplot_l3_8_subrole.asl"": 29, ""role_subplot_l3_9_subrole.asl"": 29, ""role_subplot_l3_10_subrole.asl"": 29, ""role_subplot_l3_11_subrole.asl"": 29, ""role_subplot_l2_5_subrole.asl"": 29, ""role_subplot_l3_12_subrole.asl"": 29, ""role_subplot_l3_13_subrole.asl"": 29, ""role_subplot_l3_14_subrole.asl"": 29, ""role_subplot_l3_15_subrole.asl"": 29, ""role_subplot_l2_6_subrole.asl"": 29, ""role_subplot_l3_16_subrole.asl"": 29, ""role_subplot_l3_17_subrole.asl"": 29, ""role_subplot_l3_18_subrole.asl"": 29, ""role_subplot_l3_19_subrole.asl"": 29, ""role_subplot_l2_7_subrole.asl"": 29, ""role_subplot_l3_20_subrole.asl"": 29, ""role_subplot_l3_21_subrole.asl"": 29, ""role_subplot_l3_22_subrole.asl"": 29, ""role_subplot_l3_23_subrole.asl"": 29, ""role_subplot_l1_1_subrole.asl"": 29, ""role_subplot_l2_24_subrole.asl"": 29, ""role_subplot_l3_28_subrole.asl"": 29, ""role_subplot_l3_29_subrole.asl"": 29, ""role_subplot_l3_30_subrole.asl"": 29, ""role_subplot_l3_31_subrole.asl"": 29, ""role_subplot_l2_25_subrole.asl"": 29, ""role_subplot_l3_32_subrole.asl"": 29, ""role_subplot_l3_33_subrole.asl"": 29, ""role_subplot_l3_34_subrole.asl"": 29, ""role_subplot_l3_35_subrole.asl"": 29, ""role_subplot_l2_26_subrole.asl"": 29, ""role_subplot_l3_36_subrole.asl"": 29, ""role_subplot_l3_37_subrole.asl"": 29, ""role_subplot_l3_38_subrole.asl"": 29, ""role_subplot_l3_39_subrole.asl"": 29, ""role_subplot_l2_27_subrole.asl"": 29, ""role_subplot_l3_40_subrole.asl"": 29, ""role_subplot_l3_41_subrole.asl"": 29, ""role_subplot_l3_42_subrole.asl"": 29, ""role_subplot_l3_43_subrole.asl"": 29, ""role_subplot_l1_2_subrole.asl"": 29, ""role_subplot_l2_44_subrole.asl"": 29, ""role_subplot_l3_48_subrole.asl"": 29, ""role_subplot_l3_49_subrole.asl"": 29, ""role_subplot_l3_50_subrole.asl"": 29, ""role_subplot_l3_51_subrole.asl"": 29, ""role_subplot_l2_45_subrole.asl"": 29, ""role_subplot_l3_52_subrole.asl"": 29, ""role_subplot_l3_53_subrole.asl"": 29, ""role_subplot_l3_54_subrole.asl"": 29, ""role_subplot_l3_55_subrole.asl"": 29, ""role_subplot_l2_46_subrole.asl"": 29, ""role_subplot_l3_56_subrole.asl"": 29, ""role_subplot_l3_57_subrole.asl"": 29, ""role_subplot_l3_58_subrole.asl"": 29, ""role_subplot_l3_59_subrole.asl"": 29, ""role_subplot_l2_47_subrole.asl"": 29, ""role_subplot_l3_60_subrole.asl"": 29, ""role_subplot_l3_61_subrole.asl"": 29, ""role_subplot_l3_62_subrole.asl"": 29, ""role_subplot_l3_63_subrole.asl"": 29, ""role_subplot_l1_3_subrole.asl"": 29, ""role_subplot_l2_64_subrole.asl"": 29, ""role_subplot_l3_68_subrole.asl"": 29, ""role_subplot_l3_69_subrole.asl"": 29, ""role_subplot_l3_70_subrole.asl"": 29, ""role_subplot_l3_71_subrole.asl"": 29, ""role_subplot_l2_65_subrole.asl"": 29, ""role_subplot_l3_72_subrole.asl"": 29, ""role_subplot_l3_73_subrole.asl"": 29, ""role_subplot_l3_74_subrole.asl"": 29, ""role_subplot_l3_75_subrole.asl"": 29, ""role_subplot_l2_66_subrole.asl"": 29, ""role_subplot_l3_76_subrole.asl"": 29, ""role_subplot_l3_77_subrole.asl"": 29, ""role_subplot_l3_78_subrole.asl"": 29, ""role_subplot_l3_79_subrole.asl"": 29, ""role_subplot_l2_67_subrole.asl"": 29, ""role_subplot_l3_80_subrole.asl"": 29, ""role_subplot_l3_81_subrole.asl"": 29, ""role_subplot_l3_82_subrole.asl"": 29, ""role_subplot_l3_83_subrole.asl"": 29}",7.596851145038168,0.08141056400199886,0.0030685659985465463,2.8060073852539062,True,7,0
interaction_worst_case_multipliers,21,Linux 7.2.3-arch1-2,x86_64,24,30.44,3.14.7,10,10,5,2,2,1,2,50,2,4,3,42,2096,43382,221,15923,"{""playbook_playbook0.asl"": 26, ""playbook_playbook1.asl"": 26, ""director_mainplot.asl"": 459, ""director_subplot_l1_0.asl"": 151, ""director_subplot_l2_4.asl"": 151, ""director_subplot_l3_8.asl"": 129, ""director_subplot_l3_9.asl"": 129, ""director_subplot_l3_10.asl"": 129, ""director_subplot_l3_11.asl"": 129, ""director_subplot_l2_5.asl"": 151, ""director_subplot_l3_12.asl"": 129, ""director_subplot_l3_13.asl"": 129, ""director_subplot_l3_14.asl"": 129, ""director_subplot_l3_15.asl"": 129, ""director_subplot_l2_6.asl"": 151, ""director_subplot_l3_16.asl"": 129, ""director_subplot_l3_17.asl"": 129, ""director_subplot_l3_18.asl"": 129, ""director_subplot_l3_19.asl"": 129, ""director_subplot_l2_7.asl"": 151, ""director_subplot_l3_20.asl"": 129, ""director_subplot_l3_21.asl"": 129, ""director_subplot_l3_22.asl"": 129, ""director_subplot_l3_23.asl"": 129, ""director_subplot_l1_1.asl"": 151, ""director_subplot_l2_24.asl"": 151, ""director_subplot_l3_28.asl"": 129, ""director_subplot_l3_29.asl"": 129, ""director_subplot_l3_30.asl"": 129, ""director_subplot_l3_31.asl"": 129, ""director_subplot_l2_25.asl"": 151, ""director_subplot_l3_32.asl"": 129, ""director_subplot_l3_33.asl"": 129, ""director_subplot_l3_34.asl"": 129, ""director_subplot_l3_35.asl"": 129, ""director_subplot_l2_26.asl"": 151, ""director_subplot_l3_36.asl"": 129, ""director_subplot_l3_37.asl"": 129, ""director_subplot_l3_38.asl"": 129, ""director_subplot_l3_39.asl"": 129, ""director_subplot_l2_27.asl"": 151, ""director_subplot_l3_40.asl"": 129, ""director_subplot_l3_41.asl"": 129, ""director_subplot_l3_42.asl"": 129, ""director_subplot_l3_43.asl"": 129, ""director_subplot_l1_2.asl"": 151, ""director_subplot_l2_44.asl"": 151, ""director_subplot_l3_48.asl"": 129, ""director_subplot_l3_49.asl"": 129, ""director_subplot_l3_50.asl"": 129, ""director_subplot_l3_51.asl"": 129, ""director_subplot_l2_45.asl"": 151, ""director_subplot_l3_52.asl"": 129, ""director_subplot_l3_53.asl"": 129, ""director_subplot_l3_54.asl"": 129, ""director_subplot_l3_55.asl"": 129, ""director_subplot_l2_46.asl"": 151, ""director_subplot_l3_56.asl"": 129, ""director_subplot_l3_57.asl"": 129, ""director_subplot_l3_58.asl"": 129, ""director_subplot_l3_59.asl"": 129, ""director_subplot_l2_47.asl"": 151, ""director_subplot_l3_60.asl"": 129, ""director_subplot_l3_61.asl"": 129, ""director_subplot_l3_62.asl"": 129, ""director_subplot_l3_63.asl"": 129, ""director_subplot_l1_3.asl"": 151, ""director_subplot_l2_64.asl"": 151, ""director_subplot_l3_68.asl"": 129, ""director_subplot_l3_69.asl"": 129, ""director_subplot_l3_70.asl"": 129, ""director_subplot_l3_71.asl"": 129, ""director_subplot_l2_65.asl"": 151, ""director_subplot_l3_72.asl"": 129, ""director_subplot_l3_73.asl"": 129, ""director_subplot_l3_74.asl"": 129, ""director_subplot_l3_75.asl"": 129, ""director_subplot_l2_66.asl"": 151, ""director_subplot_l3_76.asl"": 129, ""director_subplot_l3_77.asl"": 129, ""director_subplot_l3_78.asl"": 129, ""director_subplot_l3_79.asl"": 129, ""director_subplot_l2_67.asl"": 151, ""director_subplot_l3_80.asl"": 129, ""director_subplot_l3_81.asl"": 129, ""director_subplot_l3_82.asl"": 129, ""director_subplot_l3_83.asl"": 129, ""role_mainplot_role0.asl"": 34, ""role_mainplot_role1.asl"": 34, ""role_mainplot_role2.asl"": 34, ""role_mainplot_role3.asl"": 34, ""role_mainplot_role4.asl"": 34, ""role_mainplot_role5.asl"": 34, ""role_mainplot_role6.asl"": 34, ""role_mainplot_role7.asl"": 34, ""role_mainplot_role8.asl"": 34, ""role_mainplot_role9.asl"": 34, ""role_mainplot_role10.asl"": 34, ""role_mainplot_role11.asl"": 34, ""role_mainplot_role12.asl"": 34, ""role_mainplot_role13.asl"": 34, ""role_mainplot_role14.asl"": 34, ""role_mainplot_role15.asl"": 34, ""role_mainplot_role16.asl"": 34, ""role_mainplot_role17.asl"": 34, ""role_mainplot_role18.asl"": 34, ""role_mainplot_role19.asl"": 34, ""role_mainplot_role20.asl"": 34, ""role_mainplot_role21.asl"": 34, ""role_mainplot_role22.asl"": 34, ""role_mainplot_role23.asl"": 34, ""role_mainplot_role24.asl"": 34, ""role_mainplot_role25.asl"": 34, ""role_mainplot_role26.asl"": 34, ""role_mainplot_role27.asl"": 34, ""role_mainplot_role28.asl"": 34, ""role_mainplot_role29.asl"": 34, ""role_mainplot_role30.asl"": 34, ""role_mainplot_role31.asl"": 34, ""role_mainplot_role32.asl"": 34, ""role_mainplot_role33.asl"": 34, ""role_mainplot_role34.asl"": 34, ""role_mainplot_role35.asl"": 34, ""role_mainplot_role36.asl"": 34, ""role_mainplot_role37.asl"": 34, ""role_mainplot_role38.asl"": 34, ""role_mainplot_role39.asl"": 34, ""role_mainplot_role40.asl"": 34, ""role_mainplot_role41.asl"": 34, ""role_mainplot_role42.asl"": 34, ""role_mainplot_role43.asl"": 34, ""role_mainplot_role44.asl"": 34, ""role_mainplot_role45.asl"": 34, ""role_mainplot_role46.asl"": 34, ""role_mainplot_role47.asl"": 34, ""role_mainplot_role48.asl"": 34, ""role_mainplot_role49.asl"": 34, ""role_subplot_l1_0_subrole.asl"": 29, ""role_subplot_l2_4_subrole.asl"": 29, ""role_subplot_l3_8_subrole.asl"": 29, ""role_subplot_l3_9_subrole.asl"": 29, ""role_subplot_l3_10_subrole.asl"": 29, ""role_subplot_l3_11_subrole.asl"": 29, ""role_subplot_l2_5_subrole.asl"": 29, ""role_subplot_l3_12_subrole.asl"": 29, ""role_subplot_l3_13_subrole.asl"": 29, ""role_subplot_l3_14_subrole.asl"": 29, ""role_subplot_l3_15_subrole.asl"": 29, ""role_subplot_l2_6_subrole.asl"": 29, ""role_subplot_l3_16_subrole.asl"": 29, ""role_subplot_l3_17_subrole.asl"": 29, ""role_subplot_l3_18_subrole.asl"": 29, ""role_subplot_l3_19_subrole.asl"": 29, ""role_subplot_l2_7_subrole.asl"": 29, ""role_subplot_l3_20_subrole.asl"": 29, ""role_subplot_l3_21_subrole.asl"": 29, ""role_subplot_l3_22_subrole.asl"": 29, ""role_subplot_l3_23_subrole.asl"": 29, ""role_subplot_l1_1_subrole.asl"": 29, ""role_subplot_l2_24_subrole.asl"": 29, ""role_subplot_l3_28_subrole.asl"": 29, ""role_subplot_l3_29_subrole.asl"": 29, ""role_subplot_l3_30_subrole.asl"": 29, ""role_subplot_l3_31_subrole.asl"": 29, ""role_subplot_l2_25_subrole.asl"": 29, ""role_subplot_l3_32_subrole.asl"": 29, ""role_subplot_l3_33_subrole.asl"": 29, ""role_subplot_l3_34_subrole.asl"": 29, ""role_subplot_l3_35_subrole.asl"": 29, ""role_subplot_l2_26_subrole.asl"": 29, ""role_subplot_l3_36_subrole.asl"": 29, ""role_subplot_l3_37_subrole.asl"": 29, ""role_subplot_l3_38_subrole.asl"": 29, ""role_subplot_l3_39_subrole.asl"": 29, ""role_subplot_l2_27_subrole.asl"": 29, ""role_subplot_l3_40_subrole.asl"": 29, ""role_subplot_l3_41_subrole.asl"": 29, ""role_subplot_l3_42_subrole.asl"": 29, ""role_subplot_l3_43_subrole.asl"": 29, ""role_subplot_l1_2_subrole.asl"": 29, ""role_subplot_l2_44_subrole.asl"": 29, ""role_subplot_l3_48_subrole.asl"": 29, ""role_subplot_l3_49_subrole.asl"": 29, ""role_subplot_l3_50_subrole.asl"": 29, ""role_subplot_l3_51_subrole.asl"": 29, ""role_subplot_l2_45_subrole.asl"": 29, ""role_subplot_l3_52_subrole.asl"": 29, ""role_subplot_l3_53_subrole.asl"": 29, ""role_subplot_l3_54_subrole.asl"": 29, ""role_subplot_l3_55_subrole.asl"": 29, ""role_subplot_l2_46_subrole.asl"": 29, ""role_subplot_l3_56_subrole.asl"": 29, ""role_subplot_l3_57_subrole.asl"": 29, ""role_subplot_l3_58_subrole.asl"": 29, ""role_subplot_l3_59_subrole.asl"": 29, ""role_subplot_l2_47_subrole.asl"": 29, ""role_subplot_l3_60_subrole.asl"": 29, ""role_subplot_l3_61_subrole.asl"": 29, ""role_subplot_l3_62_subrole.asl"": 29, ""role_subplot_l3_63_subrole.asl"": 29, ""role_subplot_l1_3_subrole.asl"": 29, ""role_subplot_l2_64_subrole.asl"": 29, ""role_subplot_l3_68_subrole.asl"": 29, ""role_subplot_l3_69_subrole.asl"": 29, ""role_subplot_l3_70_subrole.asl"": 29, ""role_subplot_l3_71_subrole.asl"": 29, ""role_subplot_l2_65_subrole.asl"": 29, ""role_subplot_l3_72_subrole.asl"": 29, ""role_subplot_l3_73_subrole.asl"": 29, ""role_subplot_l3_74_subrole.asl"": 29, ""role_subplot_l3_75_subrole.asl"": 29, ""role_subplot_l2_66_subrole.asl"": 29, ""role_subplot_l3_76_subrole.asl"": 29, ""role_subplot_l3_77_subrole.asl"": 29, ""role_subplot_l3_78_subrole.asl"": 29, ""role_subplot_l3_79_subrole.asl"": 29, ""role_subplot_l2_67_subrole.asl"": 29, ""role_subplot_l3_80_subrole.asl"": 29, ""role_subplot_l3_81_subrole.asl"": 29, ""role_subplot_l3_82_subrole.asl"": 29, ""role_subplot_l3_83_subrole.asl"": 29}",7.596851145038168,0.07883771599881584,0.0031230360000336077,2.8059463500976562,True,7,0
interaction_worst_case_multipliers,22,Linux 7.2.3-arch1-2,x86_64,24,30.44,3.14.7,10,10,5,2,2,1,2,50,2,4,3,42,2096,43382,221,15923,"{""playbook_playbook0.asl"": 26, ""playbook_playbook1.asl"": 26, ""director_mainplot.asl"": 459, ""director_subplot_l1_0.asl"": 151, ""director_subplot_l2_4.asl"": 151, ""director_subplot_l3_8.asl"": 129, ""director_subplot_l3_9.asl"": 129, ""director_subplot_l3_10.asl"": 129, ""director_subplot_l3_11.asl"": 129, ""director_subplot_l2_5.asl"": 151, ""director_subplot_l3_12.asl"": 129, ""director_subplot_l3_13.asl"": 129, ""director_subplot_l3_14.asl"": 129, ""director_subplot_l3_15.asl"": 129, ""director_subplot_l2_6.asl"": 151, ""director_subplot_l3_16.asl"": 129, ""director_subplot_l3_17.asl"": 129, ""director_subplot_l3_18.asl"": 129, ""director_subplot_l3_19.asl"": 129, ""director_subplot_l2_7.asl"": 151, ""director_subplot_l3_20.asl"": 129, ""director_subplot_l3_21.asl"": 129, ""director_subplot_l3_22.asl"": 129, ""director_subplot_l3_23.asl"": 129, ""director_subplot_l1_1.asl"": 151, ""director_subplot_l2_24.asl"": 151, ""director_subplot_l3_28.asl"": 129, ""director_subplot_l3_29.asl"": 129, ""director_subplot_l3_30.asl"": 129, ""director_subplot_l3_31.asl"": 129, ""director_subplot_l2_25.asl"": 151, ""director_subplot_l3_32.asl"": 129, ""director_subplot_l3_33.asl"": 129, ""director_subplot_l3_34.asl"": 129, ""director_subplot_l3_35.asl"": 129, ""director_subplot_l2_26.asl"": 151, ""director_subplot_l3_36.asl"": 129, ""director_subplot_l3_37.asl"": 129, ""director_subplot_l3_38.asl"": 129, ""director_subplot_l3_39.asl"": 129, ""director_subplot_l2_27.asl"": 151, ""director_subplot_l3_40.asl"": 129, ""director_subplot_l3_41.asl"": 129, ""director_subplot_l3_42.asl"": 129, ""director_subplot_l3_43.asl"": 129, ""director_subplot_l1_2.asl"": 151, ""director_subplot_l2_44.asl"": 151, ""director_subplot_l3_48.asl"": 129, ""director_subplot_l3_49.asl"": 129, ""director_subplot_l3_50.asl"": 129, ""director_subplot_l3_51.asl"": 129, ""director_subplot_l2_45.asl"": 151, ""director_subplot_l3_52.asl"": 129, ""director_subplot_l3_53.asl"": 129, ""director_subplot_l3_54.asl"": 129, ""director_subplot_l3_55.asl"": 129, ""director_subplot_l2_46.asl"": 151, ""director_subplot_l3_56.asl"": 129, ""director_subplot_l3_57.asl"": 129, ""director_subplot_l3_58.asl"": 129, ""director_subplot_l3_59.asl"": 129, ""director_subplot_l2_47.asl"": 151, ""director_subplot_l3_60.asl"": 129, ""director_subplot_l3_61.asl"": 129, ""director_subplot_l3_62.asl"": 129, ""director_subplot_l3_63.asl"": 129, ""director_subplot_l1_3.asl"": 151, ""director_subplot_l2_64.asl"": 151, ""director_subplot_l3_68.asl"": 129, ""director_subplot_l3_69.asl"": 129, ""director_subplot_l3_70.asl"": 129, ""director_subplot_l3_71.asl"": 129, ""director_subplot_l2_65.asl"": 151, ""director_subplot_l3_72.asl"": 129, ""director_subplot_l3_73.asl"": 129, ""director_subplot_l3_74.asl"": 129, ""director_subplot_l3_75.asl"": 129, ""director_subplot_l2_66.asl"": 151, ""director_subplot_l3_76.asl"": 129, ""director_subplot_l3_77.asl"": 129, ""director_subplot_l3_78.asl"": 129, ""director_subplot_l3_79.asl"": 129, ""director_subplot_l2_67.asl"": 151, ""director_subplot_l3_80.asl"": 129, ""director_subplot_l3_81.asl"": 129, ""director_subplot_l3_82.asl"": 129, ""director_subplot_l3_83.asl"": 129, ""role_mainplot_role0.asl"": 34, ""role_mainplot_role1.asl"": 34, ""role_mainplot_role2.asl"": 34, ""role_mainplot_role3.asl"": 34, ""role_mainplot_role4.asl"": 34, ""role_mainplot_role5.asl"": 34, ""role_mainplot_role6.asl"": 34, ""role_mainplot_role7.asl"": 34, ""role_mainplot_role8.asl"": 34, ""role_mainplot_role9.asl"": 34, ""role_mainplot_role10.asl"": 34, ""role_mainplot_role11.asl"": 34, ""role_mainplot_role12.asl"": 34, ""role_mainplot_role13.asl"": 34, ""role_mainplot_role14.asl"": 34, ""role_mainplot_role15.asl"": 34, ""role_mainplot_role16.asl"": 34, ""role_mainplot_role17.asl"": 34, ""role_mainplot_role18.asl"": 34, ""role_mainplot_role19.asl"": 34, ""role_mainplot_role20.asl"": 34, ""role_mainplot_role21.asl"": 34, ""role_mainplot_role22.asl"": 34, ""role_mainplot_role23.asl"": 34, ""role_mainplot_role24.asl"": 34, ""role_mainplot_role25.asl"": 34, ""role_mainplot_role26.asl"": 34, ""role_mainplot_role27.asl"": 34, ""role_mainplot_role28.asl"": 34, ""role_mainplot_role29.asl"": 34, ""role_mainplot_role30.asl"": 34, ""role_mainplot_role31.asl"": 34, ""role_mainplot_role32.asl"": 34, ""role_mainplot_role33.asl"": 34, ""role_mainplot_role34.asl"": 34, ""role_mainplot_role35.asl"": 34, ""role_mainplot_role36.asl"": 34, ""role_mainplot_role37.asl"": 34, ""role_mainplot_role38.asl"": 34, ""role_mainplot_role39.asl"": 34, ""role_mainplot_role40.asl"": 34, ""role_mainplot_role41.asl"": 34, ""role_mainplot_role42.asl"": 34, ""role_mainplot_role43.asl"": 34, ""role_mainplot_role44.asl"": 34, ""role_mainplot_role45.asl"": 34, ""role_mainplot_role46.asl"": 34, ""role_mainplot_role47.asl"": 34, ""role_mainplot_role48.asl"": 34, ""role_mainplot_role49.asl"": 34, ""role_subplot_l1_0_subrole.asl"": 29, ""role_subplot_l2_4_subrole.asl"": 29, ""role_subplot_l3_8_subrole.asl"": 29, ""role_subplot_l3_9_subrole.asl"": 29, ""role_subplot_l3_10_subrole.asl"": 29, ""role_subplot_l3_11_subrole.asl"": 29, ""role_subplot_l2_5_subrole.asl"": 29, ""role_subplot_l3_12_subrole.asl"": 29, ""role_subplot_l3_13_subrole.asl"": 29, ""role_subplot_l3_14_subrole.asl"": 29, ""role_subplot_l3_15_subrole.asl"": 29, ""role_subplot_l2_6_subrole.asl"": 29, ""role_subplot_l3_16_subrole.asl"": 29, ""role_subplot_l3_17_subrole.asl"": 29, ""role_subplot_l3_18_subrole.asl"": 29, ""role_subplot_l3_19_subrole.asl"": 29, ""role_subplot_l2_7_subrole.asl"": 29, ""role_subplot_l3_20_subrole.asl"": 29, ""role_subplot_l3_21_subrole.asl"": 29, ""role_subplot_l3_22_subrole.asl"": 29, ""role_subplot_l3_23_subrole.asl"": 29, ""role_subplot_l1_1_subrole.asl"": 29, ""role_subplot_l2_24_subrole.asl"": 29, ""role_subplot_l3_28_subrole.asl"": 29, ""role_subplot_l3_29_subrole.asl"": 29, ""role_subplot_l3_30_subrole.asl"": 29, ""role_subplot_l3_31_subrole.asl"": 29, ""role_subplot_l2_25_subrole.asl"": 29, ""role_subplot_l3_32_subrole.asl"": 29, ""role_subplot_l3_33_subrole.asl"": 29, ""role_subplot_l3_34_subrole.asl"": 29, ""role_subplot_l3_35_subrole.asl"": 29, ""role_subplot_l2_26_subrole.asl"": 29, ""role_subplot_l3_36_subrole.asl"": 29, ""role_subplot_l3_37_subrole.asl"": 29, ""role_subplot_l3_38_subrole.asl"": 29, ""role_subplot_l3_39_subrole.asl"": 29, ""role_subplot_l2_27_subrole.asl"": 29, ""role_subplot_l3_40_subrole.asl"": 29, ""role_subplot_l3_41_subrole.asl"": 29, ""role_subplot_l3_42_subrole.asl"": 29, ""role_subplot_l3_43_subrole.asl"": 29, ""role_subplot_l1_2_subrole.asl"": 29, ""role_subplot_l2_44_subrole.asl"": 29, ""role_subplot_l3_48_subrole.asl"": 29, ""role_subplot_l3_49_subrole.asl"": 29, ""role_subplot_l3_50_subrole.asl"": 29, ""role_subplot_l3_51_subrole.asl"": 29, ""role_subplot_l2_45_subrole.asl"": 29, ""role_subplot_l3_52_subrole.asl"": 29, ""role_subplot_l3_53_subrole.asl"": 29, ""role_subplot_l3_54_subrole.asl"": 29, ""role_subplot_l3_55_subrole.asl"": 29, ""role_subplot_l2_46_subrole.asl"": 29, ""role_subplot_l3_56_subrole.asl"": 29, ""role_subplot_l3_57_subrole.asl"": 29, ""role_subplot_l3_58_subrole.asl"": 29, ""role_subplot_l3_59_subrole.asl"": 29, ""role_subplot_l2_47_subrole.asl"": 29, ""role_subplot_l3_60_subrole.asl"": 29, ""role_subplot_l3_61_subrole.asl"": 29, ""role_subplot_l3_62_subrole.asl"": 29, ""role_subplot_l3_63_subrole.asl"": 29, ""role_subplot_l1_3_subrole.asl"": 29, ""role_subplot_l2_64_subrole.asl"": 29, ""role_subplot_l3_68_subrole.asl"": 29, ""role_subplot_l3_69_subrole.asl"": 29, ""role_subplot_l3_70_subrole.asl"": 29, ""role_subplot_l3_71_subrole.asl"": 29, ""role_subplot_l2_65_subrole.asl"": 29, ""role_subplot_l3_72_subrole.asl"": 29, ""role_subplot_l3_73_subrole.asl"": 29, ""role_subplot_l3_74_subrole.asl"": 29, ""role_subplot_l3_75_subrole.asl"": 29, ""role_subplot_l2_66_subrole.asl"": 29, ""role_subplot_l3_76_subrole.asl"": 29, ""role_subplot_l3_77_subrole.asl"": 29, ""role_subplot_l3_78_subrole.asl"": 29, ""role_subplot_l3_79_subrole.asl"": 29, ""role_subplot_l2_67_subrole.asl"": 29, ""role_subplot_l3_80_subrole.asl"": 29, ""role_subplot_l3_81_subrole.asl"": 29, ""role_subplot_l3_82_subrole.asl"": 29, ""role_subplot_l3_83_subrole.asl"": 29}",7.596851145038168,0.07922660400072346,0.002985217000968987,2.8059158325195312,True,7,0
interaction_worst_case_multipliers,23,Linux 7.2.3-arch1-2,x86_64,24,30.44,3.14.7,10,10,5,2,2,1,2,50,2,4,3,42,2096,43382,221,15923,"{""playbook_playbook0.asl"": 26, ""playbook_playbook1.asl"": 26, ""director_mainplot.asl"": 459, ""director_subplot_l1_0.asl"": 151, ""director_subplot_l2_4.asl"": 151, ""director_subplot_l3_8.asl"": 129, ""director_subplot_l3_9.asl"": 129, ""director_subplot_l3_10.asl"": 129, ""director_subplot_l3_11.asl"": 129, ""director_subplot_l2_5.asl"": 151, ""director_subplot_l3_12.asl"": 129, ""director_subplot_l3_13.asl"": 129, ""director_subplot_l3_14.asl"": 129, ""director_subplot_l3_15.asl"": 129, ""director_subplot_l2_6.asl"": 151, ""director_subplot_l3_16.asl"": 129, ""director_subplot_l3_17.asl"": 129, ""director_subplot_l3_18.asl"": 129, ""director_subplot_l3_19.asl"": 129, ""director_subplot_l2_7.asl"": 151, ""director_subplot_l3_20.asl"": 129, ""director_subplot_l3_21.asl"": 129, ""director_subplot_l3_22.asl"": 129, ""director_subplot_l3_23.asl"": 129, ""director_subplot_l1_1.asl"": 151, ""director_subplot_l2_24.asl"": 151, ""director_subplot_l3_28.asl"": 129, ""director_subplot_l3_29.asl"": 129, ""director_subplot_l3_30.asl"": 129, ""director_subplot_l3_31.asl"": 129, ""director_subplot_l2_25.asl"": 151, ""director_subplot_l3_32.asl"": 129, ""director_subplot_l3_33.asl"": 129, ""director_subplot_l3_34.asl"": 129, ""director_subplot_l3_35.asl"": 129, ""director_subplot_l2_26.asl"": 151, ""director_subplot_l3_36.asl"": 129, ""director_subplot_l3_37.asl"": 129, ""director_subplot_l3_38.asl"": 129, ""director_subplot_l3_39.asl"": 129, ""director_subplot_l2_27.asl"": 151, ""director_subplot_l3_40.asl"": 129, ""director_subplot_l3_41.asl"": 129, ""director_subplot_l3_42.asl"": 129, ""director_subplot_l3_43.asl"": 129, ""director_subplot_l1_2.asl"": 151, ""director_subplot_l2_44.asl"": 151, ""director_subplot_l3_48.asl"": 129, ""director_subplot_l3_49.asl"": 129, ""director_subplot_l3_50.asl"": 129, ""director_subplot_l3_51.asl"": 129, ""director_subplot_l2_45.asl"": 151, ""director_subplot_l3_52.asl"": 129, ""director_subplot_l3_53.asl"": 129, ""director_subplot_l3_54.asl"": 129, ""director_subplot_l3_55.asl"": 129, ""director_subplot_l2_46.asl"": 151, ""director_subplot_l3_56.asl"": 129, ""director_subplot_l3_57.asl"": 129, ""director_subplot_l3_58.asl"": 129, ""director_subplot_l3_59.asl"": 129, ""director_subplot_l2_47.asl"": 151, ""director_subplot_l3_60.asl"": 129, ""director_subplot_l3_61.asl"": 129, ""director_subplot_l3_62.asl"": 129, ""director_subplot_l3_63.asl"": 129, ""director_subplot_l1_3.asl"": 151, ""director_subplot_l2_64.asl"": 151, ""director_subplot_l3_68.asl"": 129, ""director_subplot_l3_69.asl"": 129, ""director_subplot_l3_70.asl"": 129, ""director_subplot_l3_71.asl"": 129, ""director_subplot_l2_65.asl"": 151, ""director_subplot_l3_72.asl"": 129, ""director_subplot_l3_73.asl"": 129, ""director_subplot_l3_74.asl"": 129, ""director_subplot_l3_75.asl"": 129, ""director_subplot_l2_66.asl"": 151, ""director_subplot_l3_76.asl"": 129, ""director_subplot_l3_77.asl"": 129, ""director_subplot_l3_78.asl"": 129, ""director_subplot_l3_79.asl"": 129, ""director_subplot_l2_67.asl"": 151, ""director_subplot_l3_80.asl"": 129, ""director_subplot_l3_81.asl"": 129, ""director_subplot_l3_82.asl"": 129, ""director_subplot_l3_83.asl"": 129, ""role_mainplot_role0.asl"": 34, ""role_mainplot_role1.asl"": 34, ""role_mainplot_role2.asl"": 34, ""role_mainplot_role3.asl"": 34, ""role_mainplot_role4.asl"": 34, ""role_mainplot_role5.asl"": 34, ""role_mainplot_role6.asl"": 34, ""role_mainplot_role7.asl"": 34, ""role_mainplot_role8.asl"": 34, ""role_mainplot_role9.asl"": 34, ""role_mainplot_role10.asl"": 34, ""role_mainplot_role11.asl"": 34, ""role_mainplot_role12.asl"": 34, ""role_mainplot_role13.asl"": 34, ""role_mainplot_role14.asl"": 34, ""role_mainplot_role15.asl"": 34, ""role_mainplot_role16.asl"": 34, ""role_mainplot_role17.asl"": 34, ""role_mainplot_role18.asl"": 34, ""role_mainplot_role19.asl"": 34, ""role_mainplot_role20.asl"": 34, ""role_mainplot_role21.asl"": 34, ""role_mainplot_role22.asl"": 34, ""role_mainplot_role23.asl"": 34, ""role_mainplot_role24.asl"": 34, ""role_mainplot_role25.asl"": 34, ""role_mainplot_role26.asl"": 34, ""role_mainplot_role27.asl"": 34, ""role_mainplot_role28.asl"": 34, ""role_mainplot_role29.asl"": 34, ""role_mainplot_role30.asl"": 34, ""role_mainplot_role31.asl"": 34, ""role_mainplot_role32.asl"": 34, ""role_mainplot_role33.asl"": 34, ""role_mainplot_role34.asl"": 34, ""role_mainplot_role35.asl"": 34, ""role_mainplot_role36.asl"": 34, ""role_mainplot_role37.asl"": 34, ""role_mainplot_role38.asl"": 34, ""role_mainplot_role39.asl"": 34, ""role_mainplot_role40.asl"": 34, ""role_mainplot_role41.asl"": 34, ""role_mainplot_role42.asl"": 34, ""role_mainplot_role43.asl"": 34, ""role_mainplot_role44.asl"": 34, ""role_mainplot_role45.asl"": 34, ""role_mainplot_role46.asl"": 34, ""role_mainplot_role47.asl"": 34, ""role_mainplot_role48.asl"": 34, ""role_mainplot_role49.asl"": 34, ""role_subplot_l1_0_subrole.asl"": 29, ""role_subplot_l2_4_subrole.asl"": 29, ""role_subplot_l3_8_subrole.asl"": 29, ""role_subplot_l3_9_subrole.asl"": 29, ""role_subplot_l3_10_subrole.asl"": 29, ""role_subplot_l3_11_subrole.asl"": 29, ""role_subplot_l2_5_subrole.asl"": 29, ""role_subplot_l3_12_subrole.asl"": 29, ""role_subplot_l3_13_subrole.asl"": 29, ""role_subplot_l3_14_subrole.asl"": 29, ""role_subplot_l3_15_subrole.asl"": 29, ""role_subplot_l2_6_subrole.asl"": 29, ""role_subplot_l3_16_subrole.asl"": 29, ""role_subplot_l3_17_subrole.asl"": 29, ""role_subplot_l3_18_subrole.asl"": 29, ""role_subplot_l3_19_subrole.asl"": 29, ""role_subplot_l2_7_subrole.asl"": 29, ""role_subplot_l3_20_subrole.asl"": 29, ""role_subplot_l3_21_subrole.asl"": 29, ""role_subplot_l3_22_subrole.asl"": 29, ""role_subplot_l3_23_subrole.asl"": 29, ""role_subplot_l1_1_subrole.asl"": 29, ""role_subplot_l2_24_subrole.asl"": 29, ""role_subplot_l3_28_subrole.asl"": 29, ""role_subplot_l3_29_subrole.asl"": 29, ""role_subplot_l3_30_subrole.asl"": 29, ""role_subplot_l3_31_subrole.asl"": 29, ""role_subplot_l2_25_subrole.asl"": 29, ""role_subplot_l3_32_subrole.asl"": 29, ""role_subplot_l3_33_subrole.asl"": 29, ""role_subplot_l3_34_subrole.asl"": 29, ""role_subplot_l3_35_subrole.asl"": 29, ""role_subplot_l2_26_subrole.asl"": 29, ""role_subplot_l3_36_subrole.asl"": 29, ""role_subplot_l3_37_subrole.asl"": 29, ""role_subplot_l3_38_subrole.asl"": 29, ""role_subplot_l3_39_subrole.asl"": 29, ""role_subplot_l2_27_subrole.asl"": 29, ""role_subplot_l3_40_subrole.asl"": 29, ""role_subplot_l3_41_subrole.asl"": 29, ""role_subplot_l3_42_subrole.asl"": 29, ""role_subplot_l3_43_subrole.asl"": 29, ""role_subplot_l1_2_subrole.asl"": 29, ""role_subplot_l2_44_subrole.asl"": 29, ""role_subplot_l3_48_subrole.asl"": 29, ""role_subplot_l3_49_subrole.asl"": 29, ""role_subplot_l3_50_subrole.asl"": 29, ""role_subplot_l3_51_subrole.asl"": 29, ""role_subplot_l2_45_subrole.asl"": 29, ""role_subplot_l3_52_subrole.asl"": 29, ""role_subplot_l3_53_subrole.asl"": 29, ""role_subplot_l3_54_subrole.asl"": 29, ""role_subplot_l3_55_subrole.asl"": 29, ""role_subplot_l2_46_subrole.asl"": 29, ""role_subplot_l3_56_subrole.asl"": 29, ""role_subplot_l3_57_subrole.asl"": 29, ""role_subplot_l3_58_subrole.asl"": 29, ""role_subplot_l3_59_subrole.asl"": 29, ""role_subplot_l2_47_subrole.asl"": 29, ""role_subplot_l3_60_subrole.asl"": 29, ""role_subplot_l3_61_subrole.asl"": 29, ""role_subplot_l3_62_subrole.asl"": 29, ""role_subplot_l3_63_subrole.asl"": 29, ""role_subplot_l1_3_subrole.asl"": 29, ""role_subplot_l2_64_subrole.asl"": 29, ""role_subplot_l3_68_subrole.asl"": 29, ""role_subplot_l3_69_subrole.asl"": 29, ""role_subplot_l3_70_subrole.asl"": 29, ""role_subplot_l3_71_subrole.asl"": 29, ""role_subplot_l2_65_subrole.asl"": 29, ""role_subplot_l3_72_subrole.asl"": 29, ""role_subplot_l3_73_subrole.asl"": 29, ""role_subplot_l3_74_subrole.asl"": 29, ""role_subplot_l3_75_subrole.asl"": 29, ""role_subplot_l2_66_subrole.asl"": 29, ""role_subplot_l3_76_subrole.asl"": 29, ""role_subplot_l3_77_subrole.asl"": 29, ""role_subplot_l3_78_subrole.asl"": 29, ""role_subplot_l3_79_subrole.asl"": 29, ""role_subplot_l2_67_subrole.asl"": 29, ""role_subplot_l3_80_subrole.asl"": 29, ""role_subplot_l3_81_subrole.asl"": 29, ""role_subplot_l3_82_subrole.asl"": 29, ""role_subplot_l3_83_subrole.asl"": 29}",7.596851145038168,0.07522201199753908,0.0028923470017616637,2.8058853149414062,True,7,0
interaction_worst_case_multipliers,24,Linux 7.2.3-arch1-2,x86_64,24,30.44,3.14.7,10,10,5,2,2,1,2,50,2,4,3,42,2096,43382,221,15923,"{""playbook_playbook0.asl"": 26, ""playbook_playbook1.asl"": 26, ""director_mainplot.asl"": 459, ""director_subplot_l1_0.asl"": 151, ""director_subplot_l2_4.asl"": 151, ""director_subplot_l3_8.asl"": 129, ""director_subplot_l3_9.asl"": 129, ""director_subplot_l3_10.asl"": 129, ""director_subplot_l3_11.asl"": 129, ""director_subplot_l2_5.asl"": 151, ""director_subplot_l3_12.asl"": 129, ""director_subplot_l3_13.asl"": 129, ""director_subplot_l3_14.asl"": 129, ""director_subplot_l3_15.asl"": 129, ""director_subplot_l2_6.asl"": 151, ""director_subplot_l3_16.asl"": 129, ""director_subplot_l3_17.asl"": 129, ""director_subplot_l3_18.asl"": 129, ""director_subplot_l3_19.asl"": 129, ""director_subplot_l2_7.asl"": 151, ""director_subplot_l3_20.asl"": 129, ""director_subplot_l3_21.asl"": 129, ""director_subplot_l3_22.asl"": 129, ""director_subplot_l3_23.asl"": 129, ""director_subplot_l1_1.asl"": 151, ""director_subplot_l2_24.asl"": 151, ""director_subplot_l3_28.asl"": 129, ""director_subplot_l3_29.asl"": 129, ""director_subplot_l3_30.asl"": 129, ""director_subplot_l3_31.asl"": 129, ""director_subplot_l2_25.asl"": 151, ""director_subplot_l3_32.asl"": 129, ""director_subplot_l3_33.asl"": 129, ""director_subplot_l3_34.asl"": 129, ""director_subplot_l3_35.asl"": 129, ""director_subplot_l2_26.asl"": 151, ""director_subplot_l3_36.asl"": 129, ""director_subplot_l3_37.asl"": 129, ""director_subplot_l3_38.asl"": 129, ""director_subplot_l3_39.asl"": 129, ""director_subplot_l2_27.asl"": 151, ""director_subplot_l3_40.asl"": 129, ""director_subplot_l3_41.asl"": 129, ""director_subplot_l3_42.asl"": 129, ""director_subplot_l3_43.asl"": 129, ""director_subplot_l1_2.asl"": 151, ""director_subplot_l2_44.asl"": 151, ""director_subplot_l3_48.asl"": 129, ""director_subplot_l3_49.asl"": 129, ""director_subplot_l3_50.asl"": 129, ""director_subplot_l3_51.asl"": 129, ""director_subplot_l2_45.asl"": 151, ""director_subplot_l3_52.asl"": 129, ""director_subplot_l3_53.asl"": 129, ""director_subplot_l3_54.asl"": 129, ""director_subplot_l3_55.asl"": 129, ""director_subplot_l2_46.asl"": 151, ""director_subplot_l3_56.asl"": 129, ""director_subplot_l3_57.asl"": 129, ""director_subplot_l3_58.asl"": 129, ""director_subplot_l3_59.asl"": 129, ""director_subplot_l2_47.asl"": 151, ""director_subplot_l3_60.asl"": 129, ""director_subplot_l3_61.asl"": 129, ""director_subplot_l3_62.asl"": 129, ""director_subplot_l3_63.asl"": 129, ""director_subplot_l1_3.asl"": 151, ""director_subplot_l2_64.asl"": 151, ""director_subplot_l3_68.asl"": 129, ""director_subplot_l3_69.asl"": 129, ""director_subplot_l3_70.asl"": 129, ""director_subplot_l3_71.asl"": 129, ""director_subplot_l2_65.asl"": 151, ""director_subplot_l3_72.asl"": 129, ""director_subplot_l3_73.asl"": 129, ""director_subplot_l3_74.asl"": 129, ""director_subplot_l3_75.asl"": 129, ""director_subplot_l2_66.asl"": 151, ""director_subplot_l3_76.asl"": 129, ""director_subplot_l3_77.asl"": 129, ""director_subplot_l3_78.asl"": 129, ""director_subplot_l3_79.asl"": 129, ""director_subplot_l2_67.asl"": 151, ""director_subplot_l3_80.asl"": 129, ""director_subplot_l3_81.asl"": 129, ""director_subplot_l3_82.asl"": 129, ""director_subplot_l3_83.asl"": 129, ""role_mainplot_role0.asl"": 34, ""role_mainplot_role1.asl"": 34, ""role_mainplot_role2.asl"": 34, ""role_mainplot_role3.asl"": 34, ""role_mainplot_role4.asl"": 34, ""role_mainplot_role5.asl"": 34, ""role_mainplot_role6.asl"": 34, ""role_mainplot_role7.asl"": 34, ""role_mainplot_role8.asl"": 34, ""role_mainplot_role9.asl"": 34, ""role_mainplot_role10.asl"": 34, ""role_mainplot_role11.asl"": 34, ""role_mainplot_role12.asl"": 34, ""role_mainplot_role13.asl"": 34, ""role_mainplot_role14.asl"": 34, ""role_mainplot_role15.asl"": 34, ""role_mainplot_role16.asl"": 34, ""role_mainplot_role17.asl"": 34, ""role_mainplot_role18.asl"": 34, ""role_mainplot_role19.asl"": 34, ""role_mainplot_role20.asl"": 34, ""role_mainplot_role21.asl"": 34, ""role_mainplot_role22.asl"": 34, ""role_mainplot_role23.asl"": 34, ""role_mainplot_role24.asl"": 34, ""role_mainplot_role25.asl"": 34, ""role_mainplot_role26.asl"": 34, ""role_mainplot_role27.asl"": 34, ""role_mainplot_role28.asl"": 34, ""role_mainplot_role29.asl"": 34, ""role_mainplot_role30.asl"": 34, ""role_mainplot_role31.asl"": 34, ""role_mainplot_role32.asl"": 34, ""role_mainplot_role33.asl"": 34, ""role_mainplot_role34.asl"": 34, ""role_mainplot_role35.asl"": 34, ""role_mainplot_role36.asl"": 34, ""role_mainplot_role37.asl"": 34, ""role_mainplot_role38.asl"": 34, ""role_mainplot_role39.asl"": 34, ""role_mainplot_role40.asl"": 34, ""role_mainplot_role41.asl"": 34, ""role_mainplot_role42.asl"": 34, ""role_mainplot_role43.asl"": 34, ""role_mainplot_role44.asl"": 34, ""role_mainplot_role45.asl"": 34, ""role_mainplot_role46.asl"": 34, ""role_mainplot_role47.asl"": 34, ""role_mainplot_role48.asl"": 34, ""role_mainplot_role49.asl"": 34, ""role_subplot_l1_0_subrole.asl"": 29, ""role_subplot_l2_4_subrole.asl"": 29, ""role_subplot_l3_8_subrole.asl"": 29, ""role_subplot_l3_9_subrole.asl"": 29, ""role_subplot_l3_10_subrole.asl"": 29, ""role_subplot_l3_11_subrole.asl"": 29, ""role_subplot_l2_5_subrole.asl"": 29, ""role_subplot_l3_12_subrole.asl"": 29, ""role_subplot_l3_13_subrole.asl"": 29, ""role_subplot_l3_14_subrole.asl"": 29, ""role_subplot_l3_15_subrole.asl"": 29, ""role_subplot_l2_6_subrole.asl"": 29, ""role_subplot_l3_16_subrole.asl"": 29, ""role_subplot_l3_17_subrole.asl"": 29, ""role_subplot_l3_18_subrole.asl"": 29, ""role_subplot_l3_19_subrole.asl"": 29, ""role_subplot_l2_7_subrole.asl"": 29, ""role_subplot_l3_20_subrole.asl"": 29, ""role_subplot_l3_21_subrole.asl"": 29, ""role_subplot_l3_22_subrole.asl"": 29, ""role_subplot_l3_23_subrole.asl"": 29, ""role_subplot_l1_1_subrole.asl"": 29, ""role_subplot_l2_24_subrole.asl"": 29, ""role_subplot_l3_28_subrole.asl"": 29, ""role_subplot_l3_29_subrole.asl"": 29, ""role_subplot_l3_30_subrole.asl"": 29, ""role_subplot_l3_31_subrole.asl"": 29, ""role_subplot_l2_25_subrole.asl"": 29, ""role_subplot_l3_32_subrole.asl"": 29, ""role_subplot_l3_33_subrole.asl"": 29, ""role_subplot_l3_34_subrole.asl"": 29, ""role_subplot_l3_35_subrole.asl"": 29, ""role_subplot_l2_26_subrole.asl"": 29, ""role_subplot_l3_36_subrole.asl"": 29, ""role_subplot_l3_37_subrole.asl"": 29, ""role_subplot_l3_38_subrole.asl"": 29, ""role_subplot_l3_39_subrole.asl"": 29, ""role_subplot_l2_27_subrole.asl"": 29, ""role_subplot_l3_40_subrole.asl"": 29, ""role_subplot_l3_41_subrole.asl"": 29, ""role_subplot_l3_42_subrole.asl"": 29, ""role_subplot_l3_43_subrole.asl"": 29, ""role_subplot_l1_2_subrole.asl"": 29, ""role_subplot_l2_44_subrole.asl"": 29, ""role_subplot_l3_48_subrole.asl"": 29, ""role_subplot_l3_49_subrole.asl"": 29, ""role_subplot_l3_50_subrole.asl"": 29, ""role_subplot_l3_51_subrole.asl"": 29, ""role_subplot_l2_45_subrole.asl"": 29, ""role_subplot_l3_52_subrole.asl"": 29, ""role_subplot_l3_53_subrole.asl"": 29, ""role_subplot_l3_54_subrole.asl"": 29, ""role_subplot_l3_55_subrole.asl"": 29, ""role_subplot_l2_46_subrole.asl"": 29, ""role_subplot_l3_56_subrole.asl"": 29, ""role_subplot_l3_57_subrole.asl"": 29, ""role_subplot_l3_58_subrole.asl"": 29, ""role_subplot_l3_59_subrole.asl"": 29, ""role_subplot_l2_47_subrole.asl"": 29, ""role_subplot_l3_60_subrole.asl"": 29, ""role_subplot_l3_61_subrole.asl"": 29, ""role_subplot_l3_62_subrole.asl"": 29, ""role_subplot_l3_63_subrole.asl"": 29, ""role_subplot_l1_3_subrole.asl"": 29, ""role_subplot_l2_64_subrole.asl"": 29, ""role_subplot_l3_68_subrole.asl"": 29, ""role_subplot_l3_69_subrole.asl"": 29, ""role_subplot_l3_70_subrole.asl"": 29, ""role_subplot_l3_71_subrole.asl"": 29, ""role_subplot_l2_65_subrole.asl"": 29, ""role_subplot_l3_72_subrole.asl"": 29, ""role_subplot_l3_73_subrole.asl"": 29, ""role_subplot_l3_74_subrole.asl"": 29, ""role_subplot_l3_75_subrole.asl"": 29, ""role_subplot_l2_66_subrole.asl"": 29, ""role_subplot_l3_76_subrole.asl"": 29, ""role_subplot_l3_77_subrole.asl"": 29, ""role_subplot_l3_78_subrole.asl"": 29, ""role_subplot_l3_79_subrole.asl"": 29, ""role_subplot_l2_67_subrole.asl"": 29, ""role_subplot_l3_80_subrole.asl"": 29, ""role_subplot_l3_81_subrole.asl"": 29, ""role_subplot_l3_82_subrole.asl"": 29, ""role_subplot_l3_83_subrole.asl"": 29}",7.596851145038168,0.07467016399823478,0.002909867002017563,2.8058547973632812,True,7,0
interaction_worst_case_multipliers,25,Linux 7.2.3-arch1-2,x86_64,24,30.44,3.14.7,10,10,5,2,2,1,2,100,2,4,4,42,7438,146009,783,59779,"{""playbook_playbook0.asl"": 26, ""playbook_playbook1.asl"": 26, ""director_mainplot.asl"": 759, ""director_subplot_l1_0.asl"": 151, ""director_subplot_l2_4.asl"": 151, ""director_subplot_l3_8.asl"": 151, ""director_subplot_l4_12.asl"": 129, ""director_subplot_l4_13.asl"": 129, ""director_subplot_l4_14.asl"": 129, ""director_subplot_l4_15.asl"": 129, ""director_subplot_l3_9.asl"": 151, ""director_subplot_l4_16.asl"": 129, ""director_subplot_l4_17.asl"": 129, ""director_subplot_l4_18.asl"": 129, ""director_subplot_l4_19.asl"": 129, ""director_subplot_l3_10.asl"": 151, ""director_subplot_l4_20.asl"": 129, ""director_subplot_l4_21.asl"": 129, ""director_subplot_l4_22.asl"": 129, ""director_subplot_l4_23.asl"": 129, ""director_subplot_l3_11.asl"": 151, ""director_subplot_l4_24.asl"": 129, ""director_subplot_l4_25.asl"": 129, ""director_subplot_l4_26.asl"": 129, ""director_subplot_l4_27.asl"": 129, ""director_subplot_l2_5.asl"": 151, ""director_subplot_l3_28.asl"": 151, ""director_subplot_l4_32.asl"": 129, ""director_subplot_l4_33.asl"": 129, ""director_subplot_l4_34.asl"": 129, ""director_subplot_l4_35.asl"": 129, ""director_subplot_l3_29.asl"": 151, ""director_subplot_l4_36.asl"": 129, ""director_subplot_l4_37.asl"": 129, ""director_subplot_l4_38.asl"": 129, ""director_subplot_l4_39.asl"": 129, ""director_subplot_l3_30.asl"": 151, ""director_subplot_l4_40.asl"": 129, ""director_subplot_l4_41.asl"": 129, ""director_subplot_l4_42.asl"": 129, ""director_subplot_l4_43.asl"": 129, ""director_subplot_l3_31.asl"": 151, ""director_subplot_l4_44.asl"": 129, ""director_subplot_l4_45.asl"": 129, ""director_subplot_l4_46.asl"": 129, ""director_subplot_l4_47.asl"": 129, ""director_subplot_l2_6.asl"": 151, ""director_subplot_l3_48.asl"": 151, ""director_subplot_l4_52.asl"": 129, ""director_subplot_l4_53.asl"": 129, ""director_subplot_l4_54.asl"": 129, ""director_subplot_l4_55.asl"": 129, ""director_subplot_l3_49.asl"": 151, ""director_subplot_l4_56.asl"": 129, ""director_subplot_l4_57.asl"": 129, ""director_subplot_l4_58.asl"": 129, ""director_subplot_l4_59.asl"": 129, ""director_subplot_l3_50.asl"": 151, ""director_subplot_l4_60.asl"": 129, ""director_subplot_l4_61.asl"": 129, ""director_subplot_l4_62.asl"": 129, ""director_subplot_l4_63.asl"": 129, ""director_subplot_l3_51.asl"": 151, ""director_subplot_l4_64.asl"": 129, ""director_subplot_l4_65.asl"": 129, ""director_subplot_l4_66.asl"": 129, ""director_subplot_l4_67.asl"": 129, ""director_subplot_l2_7.asl"": 151, ""director_subplot_l3_68.asl"": 151, ""director_subplot_l4_72.asl"": 129, ""director_subplot_l4_73.asl"": 129, ""director_subplot_l4_74.asl"": 129, ""director_subplot_l4_75.asl"": 129, ""director_subplot_l3_69.asl"": 151, ""director_subplot_l4_76.asl"": 129, ""director_subplot_l4_77.asl"": 129, ""director_subplot_l4_78.asl"": 129, ""director_subplot_l4_79.asl"": 129, ""director_subplot_l3_70.asl"": 151, ""director_subplot_l4_80.asl"": 129, ""director_subplot_l4_81.asl"": 129, ""director_subplot_l4_82.asl"": 129, ""director_subplot_l4_83.asl"": 129, ""director_subplot_l3_71.asl"": 151, ""director_subplot_l4_84.asl"": 129, ""director_subplot_l4_85.asl"": 129, ""director_subplot_l4_86.asl"": 129, ""director_subplot_l4_87.asl"": 129, ""director_subplot_l1_1.asl"": 151, ""director_subplot_l2_88.asl"": 151, ""director_subplot_l3_92.asl"": 151, ""director_subplot_l4_96.asl"": 129, ""director_subplot_l4_97.asl"": 129, ""director_subplot_l4_98.asl"": 129, ""director_subplot_l4_99.asl"": 129, ""director_subplot_l3_93.asl"": 151, ""director_subplot_l4_100.asl"": 129, ""director_subplot_l4_101.asl"": 129, ""director_subplot_l4_102.asl"": 129, ""director_subplot_l4_103.asl"": 129, ""director_subplot_l3_94.asl"": 151, ""director_subplot_l4_104.asl"": 129, ""director_subplot_l4_105.asl"": 129, ""director_subplot_l4_106.asl"": 129, ""director_subplot_l4_107.asl"": 129, ""director_subplot_l3_95.asl"": 151, ""director_subplot_l4_108.asl"": 129, ""director_subplot_l4_109.asl"": 129, ""director_subplot_l4_110.asl"": 129, ""director_subplot_l4_111.asl"": 129, ""director_subplot_l2_89.asl"": 151, ""director_subplot_l3_112.asl"": 151, ""director_subplot_l4_116.asl"": 129, ""director_subplot_l4_117.asl"": 129, ""director_subplot_l4_118.asl"": 129, ""director_subplot_l4_119.asl"": 129, ""director_subplot_l3_113.asl"": 151, ""director_subplot_l4_120.asl"": 129, ""director_subplot_l4_121.asl"": 129, ""director_subplot_l4_122.asl"": 129, ""director_subplot_l4_123.asl"": 129, ""director_subplot_l3_114.asl"": 151, ""director_subplot_l4_124.asl"": 129, ""director_subplot_l4_125.asl"": 129, ""director_subplot_l4_126.asl"": 129, ""director_subplot_l4_127.asl"": 129, ""director_subplot_l3_115.asl"": 151, ""director_subplot_l4_128.asl"": 129, ""director_subplot_l4_129.asl"": 129, ""director_subplot_l4_130.asl"": 129, ""director_subplot_l4_131.asl"": 129, ""director_subplot_l2_90.asl"": 151, ""director_subplot_l3_132.asl"": 151, ""director_subplot_l4_136.asl"": 129, ""director_subplot_l4_137.asl"": 129, ""director_subplot_l4_138.asl"": 129, ""director_subplot_l4_139.asl"": 129, ""director_subplot_l3_133.asl"": 151, ""director_subplot_l4_140.asl"": 129, ""director_subplot_l4_141.asl"": 129, ""director_subplot_l4_142.asl"": 129, ""director_subplot_l4_143.asl"": 129, ""director_subplot_l3_134.asl"": 151, ""director_subplot_l4_144.asl"": 129, ""director_subplot_l4_145.asl"": 129, ""director_subplot_l4_146.asl"": 129, ""director_subplot_l4_147.asl"": 129, ""director_subplot_l3_135.asl"": 151, ""director_subplot_l4_148.asl"": 129, ""director_subplot_l4_149.asl"": 129, ""director_subplot_l4_150.asl"": 129, ""director_subplot_l4_151.asl"": 129, ""director_subplot_l2_91.asl"": 151, ""director_subplot_l3_152.asl"": 151, ""director_subplot_l4_156.asl"": 129, ""director_subplot_l4_157.asl"": 129, ""director_subplot_l4_158.asl"": 129, ""director_subplot_l4_159.asl"": 129, ""director_subplot_l3_153.asl"": 151, ""director_subplot_l4_160.asl"": 129, ""director_subplot_l4_161.asl"": 129, ""director_subplot_l4_162.asl"": 129, ""director_subplot_l4_163.asl"": 129, ""director_subplot_l3_154.asl"": 151, ""director_subplot_l4_164.asl"": 129, ""director_subplot_l4_165.asl"": 129, ""director_subplot_l4_166.asl"": 129, ""director_subplot_l4_167.asl"": 129, ""director_subplot_l3_155.asl"": 151, ""director_subplot_l4_168.asl"": 129, ""director_subplot_l4_169.asl"": 129, ""director_subplot_l4_170.asl"": 129, ""director_subplot_l4_171.asl"": 129, ""director_subplot_l1_2.asl"": 151, ""director_subplot_l2_172.asl"": 151, ""director_subplot_l3_176.asl"": 151, ""director_subplot_l4_180.asl"": 129, ""director_subplot_l4_181.asl"": 129, ""director_subplot_l4_182.asl"": 129, ""director_subplot_l4_183.asl"": 129, ""director_subplot_l3_177.asl"": 151, ""director_subplot_l4_184.asl"": 129, ""director_subplot_l4_185.asl"": 129, ""director_subplot_l4_186.asl"": 129, ""director_subplot_l4_187.asl"": 129, ""director_subplot_l3_178.asl"": 151, ""director_subplot_l4_188.asl"": 129, ""director_subplot_l4_189.asl"": 129, ""director_subplot_l4_190.asl"": 129, ""director_subplot_l4_191.asl"": 129, ""director_subplot_l3_179.asl"": 151, ""director_subplot_l4_192.asl"": 129, ""director_subplot_l4_193.asl"": 129, ""director_subplot_l4_194.asl"": 129, ""director_subplot_l4_195.asl"": 129, ""director_subplot_l2_173.asl"": 151, ""director_subplot_l3_196.asl"": 151, ""director_subplot_l4_200.asl"": 129, ""director_subplot_l4_201.asl"": 129, ""director_subplot_l4_202.asl"": 129, ""director_subplot_l4_203.asl"": 129, ""director_subplot_l3_197.asl"": 151, ""director_subplot_l4_204.asl"": 129, ""director_subplot_l4_205.asl"": 129, ""director_subplot_l4_206.asl"": 129, ""director_subplot_l4_207.asl"": 129, ""director_subplot_l3_198.asl"": 151, ""director_subplot_l4_208.asl"": 129, ""director_subplot_l4_209.asl"": 129, ""director_subplot_l4_210.asl"": 129, ""director_subplot_l4_211.asl"": 129, ""director_subplot_l3_199.asl"": 151, ""director_subplot_l4_212.asl"": 129, ""director_subplot_l4_213.asl"": 129, ""director_subplot_l4_214.asl"": 129, ""director_subplot_l4_215.asl"": 129, ""director_subplot_l2_174.asl"": 151, ""director_subplot_l3_216.asl"": 151, ""director_subplot_l4_220.asl"": 129, ""director_subplot_l4_221.asl"": 129, ""director_subplot_l4_222.asl"": 129, ""director_subplot_l4_223.asl"": 129, ""director_subplot_l3_217.asl"": 151, ""director_subplot_l4_224.asl"": 129, ""director_subplot_l4_225.asl"": 129, ""director_subplot_l4_226.asl"": 129, ""director_subplot_l4_227.asl"": 129, ""director_subplot_l3_218.asl"": 151, ""director_subplot_l4_228.asl"": 129, ""director_subplot_l4_229.asl"": 129, ""director_subplot_l4_230.asl"": 129, ""director_subplot_l4_231.asl"": 129, ""director_subplot_l3_219.asl"": 151, ""director_subplot_l4_232.asl"": 129, ""director_subplot_l4_233.asl"": 129, ""director_subplot_l4_234.asl"": 129, ""director_subplot_l4_235.asl"": 129, ""director_subplot_l2_175.asl"": 151, ""director_subplot_l3_236.asl"": 151, ""director_subplot_l4_240.asl"": 129, ""director_subplot_l4_241.asl"": 129, ""director_subplot_l4_242.asl"": 129, ""director_subplot_l4_243.asl"": 129, ""director_subplot_l3_237.asl"": 151, ""director_subplot_l4_244.asl"": 129, ""director_subplot_l4_245.asl"": 129, ""director_subplot_l4_246.asl"": 129, ""director_subplot_l4_247.asl"": 129, ""director_subplot_l3_238.asl"": 151, ""director_subplot_l4_248.asl"": 129, ""director_subplot_l4_249.asl"": 129, ""director_subplot_l4_250.asl"": 129, ""director_subplot_l4_251.asl"": 129, ""director_subplot_l3_239.asl"": 151, ""director_subplot_l4_252.asl"": 129, ""director_subplot_l4_253.asl"": 129, ""director_subplot_l4_254.asl"": 129, ""director_subplot_l4_255.asl"": 129, ""director_subplot_l1_3.asl"": 151, ""director_subplot_l2_256.asl"": 151, ""director_subplot_l3_260.asl"": 151, ""director_subplot_l4_264.asl"": 129, ""director_subplot_l4_265.asl"": 129, ""director_subplot_l4_266.asl"": 129, ""director_subplot_l4_267.asl"": 129, ""director_subplot_l3_261.asl"": 151, ""director_subplot_l4_268.asl"": 129, ""director_subplot_l4_269.asl"": 129, ""director_subplot_l4_270.asl"": 129, ""director_subplot_l4_271.asl"": 129, ""director_subplot_l3_262.asl"": 151, ""director_subplot_l4_272.asl"": 129, ""director_subplot_l4_273.asl"": 129, ""director_subplot_l4_274.asl"": 129, ""director_subplot_l4_275.asl"": 129, ""director_subplot_l3_263.asl"": 151, ""director_subplot_l4_276.asl"": 129, ""director_subplot_l4_277.asl"": 129, ""director_subplot_l4_278.asl"": 129, ""director_subplot_l4_279.asl"": 129, ""director_subplot_l2_257.asl"": 151, ""director_subplot_l3_280.asl"": 151, ""director_subplot_l4_284.asl"": 129, ""director_subplot_l4_285.asl"": 129, ""director_subplot_l4_286.asl"": 129, ""director_subplot_l4_287.asl"": 129, ""director_subplot_l3_281.asl"": 151, ""director_subplot_l4_288.asl"": 129, ""director_subplot_l4_289.asl"": 129, ""director_subplot_l4_290.asl"": 129, ""director_subplot_l4_291.asl"": 129, ""director_subplot_l3_282.asl"": 151, ""director_subplot_l4_292.asl"": 129, ""director_subplot_l4_293.asl"": 129, ""director_subplot_l4_294.asl"": 129, ""director_subplot_l4_295.asl"": 129, ""director_subplot_l3_283.asl"": 151, ""director_subplot_l4_296.asl"": 129, ""director_subplot_l4_297.asl"": 129, ""director_subplot_l4_298.asl"": 129, ""director_subplot_l4_299.asl"": 129, ""director_subplot_l2_258.asl"": 151, ""director_subplot_l3_300.asl"": 151, ""director_subplot_l4_304.asl"": 129, ""director_subplot_l4_305.asl"": 129, ""director_subplot_l4_306.asl"": 129, ""director_subplot_l4_307.asl"": 129, ""director_subplot_l3_301.asl"": 151, ""director_subplot_l4_308.asl"": 129, ""director_subplot_l4_309.asl"": 129, ""director_subplot_l4_310.asl"": 129, ""director_subplot_l4_311.asl"": 129, ""director_subplot_l3_302.asl"": 151, ""director_subplot_l4_312.asl"": 129, ""director_subplot_l4_313.asl"": 129, ""director_subplot_l4_314.asl"": 129, ""director_subplot_l4_315.asl"": 129, ""director_subplot_l3_303.asl"": 151, ""director_subplot_l4_316.asl"": 129, ""director_subplot_l4_317.asl"": 129, ""director_subplot_l4_318.asl"": 129, ""director_subplot_l4_319.asl"": 129, ""director_subplot_l2_259.asl"": 151, ""director_subplot_l3_320.asl"": 151, ""director_subplot_l4_324.asl"": 129, ""director_subplot_l4_325.asl"": 129, ""director_subplot_l4_326.asl"": 129, ""director_subplot_l4_327.asl"": 129, ""director_subplot_l3_321.asl"": 151, ""director_subplot_l4_328.asl"": 129, ""director_subplot_l4_329.asl"": 129, ""director_subplot_l4_330.asl"": 129, ""director_subplot_l4_331.asl"": 129, ""director_subplot_l3_322.asl"": 151, ""director_subplot_l4_332.asl"": 129, ""director_subplot_l4_333.asl"": 129, ""director_subplot_l4_334.asl"": 129, ""director_subplot_l4_335.asl"": 129, ""director_subplot_l3_323.asl"": 151, ""director_subplot_l4_336.asl"": 129, ""director_subplot_l4_337.asl"": 129, ""director_subplot_l4_338.asl"": 129, ""director_subplot_l4_339.asl"": 129, ""role_mainplot_role0.asl"": 34, ""role_mainplot_role1.asl"": 34, ""role_mainplot_role2.asl"": 34, ""role_mainplot_role3.asl"": 34, ""role_mainplot_role4.asl"": 34, ""role_mainplot_role5.asl"": 34, ""role_mainplot_role6.asl"": 34, ""role_mainplot_role7.asl"": 34, ""role_mainplot_role8.asl"": 34, ""role_mainplot_role9.asl"": 34, ""role_mainplot_role10.asl"": 34, ""role_mainplot_role11.asl"": 34, ""role_mainplot_role12.asl"": 34, ""role_mainplot_role13.asl"": 34, ""role_mainplot_role14.asl"": 34, ""role_mainplot_role15.asl"": 34, ""role_mainplot_role16.asl"": 34, ""role_mainplot_role17.asl"": 34, ""role_mainplot_role18.asl"": 34, ""role_mainplot_role19.asl"": 34, ""role_mainplot_role20.asl"": 34, ""role_mainplot_role21.asl"": 34, ""role_mainplot_role22.asl"": 34, ""role_mainplot_role23.asl"": 34, ""role_mainplot_role24.asl"": 34, ""role_mainplot_role25.asl"": 34, ""role_mainplot_role26.asl"": 34, ""role_mainplot_role27.asl"": 34, ""role_mainplot_role28.asl"": 34, ""role_mainplot_role29.asl"": 34, ""role_mainplot_role30.asl"": 34, ""role_mainplot_role31.asl"": 34, ""role_mainplot_role32.asl"": 34, ""role_mainplot_role33.asl"": 34, ""role_mainplot_role34.asl"": 34, ""role_mainplot_role35.asl"": 34, ""role_mainplot_role36.asl"": 34, ""role_mainplot_role37.asl"": 34, ""role_mainplot_role38.asl"": 34, ""role_mainplot_role39.asl"": 34, ""role_mainplot_role40.asl"": 34, ""role_mainplot_role41.asl"": 34, ""role_mainplot_role42.asl"": 34, ""role_mainplot_role43.asl"": 34, ""role_mainplot_role44.asl"": 34, ""role_mainplot_role45.asl"": 34, ""role_mainplot_role46.asl"": 34, ""role_mainplot_role47.asl"": 34, ""role_mainplot_role48.asl"": 34, ""role_mainplot_role49.asl"": 34, ""role_mainplot_role50.asl"": 34, ""role_mainplot_role51.asl"": 34, ""role_mainplot_role52.asl"": 34, ""role_mainplot_role53.asl"": 34, ""role_mainplot_role54.asl"": 34, ""role_mainplot_role55.asl"": 34, ""role_mainplot_role56.asl"": 34, ""role_mainplot_role57.asl"": 34, ""role_mainplot_role58.asl"": 34, ""role_mainplot_role59.asl"": 34, ""role_mainplot_role60.asl"": 34, ""role_mainplot_role61.asl"": 34, ""role_mainplot_role62.asl"": 34, ""role_mainplot_role63.asl"": 34, ""role_mainplot_role64.asl"": 34, ""role_mainplot_role65.asl"": 34, ""role_mainplot_role66.asl"": 34, ""role_mainplot_role67.asl"": 34, ""role_mainplot_role68.asl"": 34, ""role_mainplot_role69.asl"": 34, ""role_mainplot_role70.asl"": 34, ""role_mainplot_role71.asl"": 34, ""role_mainplot_role72.asl"": 34, ""role_mainplot_role73.asl"": 34, ""role_mainplot_role74.asl"": 34, ""role_mainplot_role75.asl"": 34, ""role_mainplot_role76.asl"": 34, ""role_mainplot_role77.asl"": 34, ""role_mainplot_role78.asl"": 34, ""role_mainplot_role79.asl"": 34, ""role_mainplot_role80.asl"": 34, ""role_mainplot_role81.asl"": 34, ""role_mainplot_role82.asl"": 34, ""role_mainplot_role83.asl"": 34, ""role_mainplot_role84.asl"": 34, ""role_mainplot_role85.asl"": 34, ""role_mainplot_role86.asl"": 34, ""role_mainplot_role87.asl"": 34, ""role_mainplot_role88.asl"": 34, ""role_mainplot_role89.asl"": 34, ""role_mainplot_role90.asl"": 34, ""role_mainplot_role91.asl"": 34, ""role_mainplot_role92.asl"": 34, ""role_mainplot_role93.asl"": 34, ""role_mainplot_role94.asl"": 34, ""role_mainplot_role95.asl"": 34, ""role_mainplot_role96.asl"": 34, ""role_mainplot_role97.asl"": 34, ""role_mainplot_role98.asl"": 34, ""role_mainplot_role99.asl"": 34, ""role_subplot_l1_0_subrole.asl"": 29, ""role_subplot_l2_4_subrole.asl"": 29, ""role_subplot_l3_8_subrole.asl"": 29, ""role_subplot_l4_12_subrole.asl"": 29, ""role_subplot_l4_13_subrole.asl"": 29, ""role_subplot_l4_14_subrole.asl"": 29, ""role_subplot_l4_15_subrole.asl"": 29, ""role_subplot_l3_9_subrole.asl"": 29, ""role_subplot_l4_16_subrole.asl"": 29, ""role_subplot_l4_17_subrole.asl"": 29, ""role_subplot_l4_18_subrole.asl"": 29, ""role_subplot_l4_19_subrole.asl"": 29, ""role_subplot_l3_10_subrole.asl"": 29, ""role_subplot_l4_20_subrole.asl"": 29, ""role_subplot_l4_21_subrole.asl"": 29, ""role_subplot_l4_22_subrole.asl"": 29, ""role_subplot_l4_23_subrole.asl"": 29, ""role_subplot_l3_11_subrole.asl"": 29, ""role_subplot_l4_24_subrole.asl"": 29, ""role_subplot_l4_25_subrole.asl"": 29, ""role_subplot_l4_26_subrole.asl"": 29, ""role_subplot_l4_27_subrole.asl"": 29, ""role_subplot_l2_5_subrole.asl"": 29, ""role_subplot_l3_28_subrole.asl"": 29, ""role_subplot_l4_32_subrole.asl"": 29, ""role_subplot_l4_33_subrole.asl"": 29, ""role_subplot_l4_34_subrole.asl"": 29, ""role_subplot_l4_35_subrole.asl"": 29, ""role_subplot_l3_29_subrole.asl"": 29, ""role_subplot_l4_36_subrole.asl"": 29, ""role_subplot_l4_37_subrole.asl"": 29, ""role_subplot_l4_38_subrole.asl"": 29, ""role_subplot_l4_39_subrole.asl"": 29, ""role_subplot_l3_30_subrole.asl"": 29, ""role_subplot_l4_40_subrole.asl"": 29, ""role_subplot_l4_41_subrole.asl"": 29, ""role_subplot_l4_42_subrole.asl"": 29, ""role_subplot_l4_43_subrole.asl"": 29, ""role_subplot_l3_31_subrole.asl"": 29, ""role_subplot_l4_44_subrole.asl"": 29, ""role_subplot_l4_45_subrole.asl"": 29, ""role_subplot_l4_46_subrole.asl"": 29, ""role_subplot_l4_47_subrole.asl"": 29, ""role_subplot_l2_6_subrole.asl"": 29, ""role_subplot_l3_48_subrole.asl"": 29, ""role_subplot_l4_52_subrole.asl"": 29, ""role_subplot_l4_53_subrole.asl"": 29, ""role_subplot_l4_54_subrole.asl"": 29, ""role_subplot_l4_55_subrole.asl"": 29, ""role_subplot_l3_49_subrole.asl"": 29, ""role_subplot_l4_56_subrole.asl"": 29, ""role_subplot_l4_57_subrole.asl"": 29, ""role_subplot_l4_58_subrole.asl"": 29, ""role_subplot_l4_59_subrole.asl"": 29, ""role_subplot_l3_50_subrole.asl"": 29, ""role_subplot_l4_60_subrole.asl"": 29, ""role_subplot_l4_61_subrole.asl"": 29, ""role_subplot_l4_62_subrole.asl"": 29, ""role_subplot_l4_63_subrole.asl"": 29, ""role_subplot_l3_51_subrole.asl"": 29, ""role_subplot_l4_64_subrole.asl"": 29, ""role_subplot_l4_65_subrole.asl"": 29, ""role_subplot_l4_66_subrole.asl"": 29, ""role_subplot_l4_67_subrole.asl"": 29, ""role_subplot_l2_7_subrole.asl"": 29, ""role_subplot_l3_68_subrole.asl"": 29, ""role_subplot_l4_72_subrole.asl"": 29, ""role_subplot_l4_73_subrole.asl"": 29, ""role_subplot_l4_74_subrole.asl"": 29, ""role_subplot_l4_75_subrole.asl"": 29, ""role_subplot_l3_69_subrole.asl"": 29, ""role_subplot_l4_76_subrole.asl"": 29, ""role_subplot_l4_77_subrole.asl"": 29, ""role_subplot_l4_78_subrole.asl"": 29, ""role_subplot_l4_79_subrole.asl"": 29, ""role_subplot_l3_70_subrole.asl"": 29, ""role_subplot_l4_80_subrole.asl"": 29, ""role_subplot_l4_81_subrole.asl"": 29, ""role_subplot_l4_82_subrole.asl"": 29, ""role_subplot_l4_83_subrole.asl"": 29, ""role_subplot_l3_71_subrole.asl"": 29, ""role_subplot_l4_84_subrole.asl"": 29, ""role_subplot_l4_85_subrole.asl"": 29, ""role_subplot_l4_86_subrole.asl"": 29, ""role_subplot_l4_87_subrole.asl"": 29, ""role_subplot_l1_1_subrole.asl"": 29, ""role_subplot_l2_88_subrole.asl"": 29, ""role_subplot_l3_92_subrole.asl"": 29, ""role_subplot_l4_96_subrole.asl"": 29, ""role_subplot_l4_97_subrole.asl"": 29, ""role_subplot_l4_98_subrole.asl"": 29, ""role_subplot_l4_99_subrole.asl"": 29, ""role_subplot_l3_93_subrole.asl"": 29, ""role_subplot_l4_100_subrole.asl"": 29, ""role_subplot_l4_101_subrole.asl"": 29, ""role_subplot_l4_102_subrole.asl"": 29, ""role_subplot_l4_103_subrole.asl"": 29, ""role_subplot_l3_94_subrole.asl"": 29, ""role_subplot_l4_104_subrole.asl"": 29, ""role_subplot_l4_105_subrole.asl"": 29, ""role_subplot_l4_106_subrole.asl"": 29, ""role_subplot_l4_107_subrole.asl"": 29, ""role_subplot_l3_95_subrole.asl"": 29, ""role_subplot_l4_108_subrole.asl"": 29, ""role_subplot_l4_109_subrole.asl"": 29, ""role_subplot_l4_110_subrole.asl"": 29, ""role_subplot_l4_111_subrole.asl"": 29, ""role_subplot_l2_89_subrole.asl"": 29, ""role_subplot_l3_112_subrole.asl"": 29, ""role_subplot_l4_116_subrole.asl"": 29, ""role_subplot_l4_117_subrole.asl"": 29, ""role_subplot_l4_118_subrole.asl"": 29, ""role_subplot_l4_119_subrole.asl"": 29, ""role_subplot_l3_113_subrole.asl"": 29, ""role_subplot_l4_120_subrole.asl"": 29, ""role_subplot_l4_121_subrole.asl"": 29, ""role_subplot_l4_122_subrole.asl"": 29, ""role_subplot_l4_123_subrole.asl"": 29, ""role_subplot_l3_114_subrole.asl"": 29, ""role_subplot_l4_124_subrole.asl"": 29, ""role_subplot_l4_125_subrole.asl"": 29, ""role_subplot_l4_126_subrole.asl"": 29, ""role_subplot_l4_127_subrole.asl"": 29, ""role_subplot_l3_115_subrole.asl"": 29, ""role_subplot_l4_128_subrole.asl"": 29, ""role_subplot_l4_129_subrole.asl"": 29, ""role_subplot_l4_130_subrole.asl"": 29, ""role_subplot_l4_131_subrole.asl"": 29, ""role_subplot_l2_90_subrole.asl"": 29, ""role_subplot_l3_132_subrole.asl"": 29, ""role_subplot_l4_136_subrole.asl"": 29, ""role_subplot_l4_137_subrole.asl"": 29, ""role_subplot_l4_138_subrole.asl"": 29, ""role_subplot_l4_139_subrole.asl"": 29, ""role_subplot_l3_133_subrole.asl"": 29, ""role_subplot_l4_140_subrole.asl"": 29, ""role_subplot_l4_141_subrole.asl"": 29, ""role_subplot_l4_142_subrole.asl"": 29, ""role_subplot_l4_143_subrole.asl"": 29, ""role_subplot_l3_134_subrole.asl"": 29, ""role_subplot_l4_144_subrole.asl"": 29, ""role_subplot_l4_145_subrole.asl"": 29, ""role_subplot_l4_146_subrole.asl"": 29, ""role_subplot_l4_147_subrole.asl"": 29, ""role_subplot_l3_135_subrole.asl"": 29, ""role_subplot_l4_148_subrole.asl"": 29, ""role_subplot_l4_149_subrole.asl"": 29, ""role_subplot_l4_150_subrole.asl"": 29, ""role_subplot_l4_151_subrole.asl"": 29, ""role_subplot_l2_91_subrole.asl"": 29, ""role_subplot_l3_152_subrole.asl"": 29, ""role_subplot_l4_156_subrole.asl"": 29, ""role_subplot_l4_157_subrole.asl"": 29, ""role_subplot_l4_158_subrole.asl"": 29, ""role_subplot_l4_159_subrole.asl"": 29, ""role_subplot_l3_153_subrole.asl"": 29, ""role_subplot_l4_160_subrole.asl"": 29, ""role_subplot_l4_161_subrole.asl"": 29, ""role_subplot_l4_162_subrole.asl"": 29, ""role_subplot_l4_163_subrole.asl"": 29, ""role_subplot_l3_154_subrole.asl"": 29, ""role_subplot_l4_164_subrole.asl"": 29, ""role_subplot_l4_165_subrole.asl"": 29, ""role_subplot_l4_166_subrole.asl"": 29, ""role_subplot_l4_167_subrole.asl"": 29, ""role_subplot_l3_155_subrole.asl"": 29, ""role_subplot_l4_168_subrole.asl"": 29, ""role_subplot_l4_169_subrole.asl"": 29, ""role_subplot_l4_170_subrole.asl"": 29, ""role_subplot_l4_171_subrole.asl"": 29, ""role_subplot_l1_2_subrole.asl"": 29, ""role_subplot_l2_172_subrole.asl"": 29, ""role_subplot_l3_176_subrole.asl"": 29, ""role_subplot_l4_180_subrole.asl"": 29, ""role_subplot_l4_181_subrole.asl"": 29, ""role_subplot_l4_182_subrole.asl"": 29, ""role_subplot_l4_183_subrole.asl"": 29, ""role_subplot_l3_177_subrole.asl"": 29, ""role_subplot_l4_184_subrole.asl"": 29, ""role_subplot_l4_185_subrole.asl"": 29, ""role_subplot_l4_186_subrole.asl"": 29, ""role_subplot_l4_187_subrole.asl"": 29, ""role_subplot_l3_178_subrole.asl"": 29, ""role_subplot_l4_188_subrole.asl"": 29, ""role_subplot_l4_189_subrole.asl"": 29, ""role_subplot_l4_190_subrole.asl"": 29, ""role_subplot_l4_191_subrole.asl"": 29, ""role_subplot_l3_179_subrole.asl"": 29, ""role_subplot_l4_192_subrole.asl"": 29, ""role_subplot_l4_193_subrole.asl"": 29, ""role_subplot_l4_194_subrole.asl"": 29, ""role_subplot_l4_195_subrole.asl"": 29, ""role_subplot_l2_173_subrole.asl"": 29, ""role_subplot_l3_196_subrole.asl"": 29, ""role_subplot_l4_200_subrole.asl"": 29, ""role_subplot_l4_201_subrole.asl"": 29, ""role_subplot_l4_202_subrole.asl"": 29, ""role_subplot_l4_203_subrole.asl"": 29, ""role_subplot_l3_197_subrole.asl"": 29, ""role_subplot_l4_204_subrole.asl"": 29, ""role_subplot_l4_205_subrole.asl"": 29, ""role_subplot_l4_206_subrole.asl"": 29, ""role_subplot_l4_207_subrole.asl"": 29, ""role_subplot_l3_198_subrole.asl"": 29, ""role_subplot_l4_208_subrole.asl"": 29, ""role_subplot_l4_209_subrole.asl"": 29, ""role_subplot_l4_210_subrole.asl"": 29, ""role_subplot_l4_211_subrole.asl"": 29, ""role_subplot_l3_199_subrole.asl"": 29, ""role_subplot_l4_212_subrole.asl"": 29, ""role_subplot_l4_213_subrole.asl"": 29, ""role_subplot_l4_214_subrole.asl"": 29, ""role_subplot_l4_215_subrole.asl"": 29, ""role_subplot_l2_174_subrole.asl"": 29, ""role_subplot_l3_216_subrole.asl"": 29, ""role_subplot_l4_220_subrole.asl"": 29, ""role_subplot_l4_221_subrole.asl"": 29, ""role_subplot_l4_222_subrole.asl"": 29, ""role_subplot_l4_223_subrole.asl"": 29, ""role_subplot_l3_217_subrole.asl"": 29, ""role_subplot_l4_224_subrole.asl"": 29, ""role_subplot_l4_225_subrole.asl"": 29, ""role_subplot_l4_226_subrole.asl"": 29, ""role_subplot_l4_227_subrole.asl"": 29, ""role_subplot_l3_218_subrole.asl"": 29, ""role_subplot_l4_228_subrole.asl"": 29, ""role_subplot_l4_229_subrole.asl"": 29, ""role_subplot_l4_230_subrole.asl"": 29, ""role_subplot_l4_231_subrole.asl"": 29, ""role_subplot_l3_219_subrole.asl"": 29, ""role_subplot_l4_232_subrole.asl"": 29, ""role_subplot_l4_233_subrole.asl"": 29, ""role_subplot_l4_234_subrole.asl"": 29, ""role_subplot_l4_235_subrole.asl"": 29, ""role_subplot_l2_175_subrole.asl"": 29, ""role_subplot_l3_236_subrole.asl"": 29, ""role_subplot_l4_240_subrole.asl"": 29, ""role_subplot_l4_241_subrole.asl"": 29, ""role_subplot_l4_242_subrole.asl"": 29, ""role_subplot_l4_243_subrole.asl"": 29, ""role_subplot_l3_237_subrole.asl"": 29, ""role_subplot_l4_244_subrole.asl"": 29, ""role_subplot_l4_245_subrole.asl"": 29, ""role_subplot_l4_246_subrole.asl"": 29, ""role_subplot_l4_247_subrole.asl"": 29, ""role_subplot_l3_238_subrole.asl"": 29, ""role_subplot_l4_248_subrole.asl"": 29, ""role_subplot_l4_249_subrole.asl"": 29, ""role_subplot_l4_250_subrole.asl"": 29, ""role_subplot_l4_251_subrole.asl"": 29, ""role_subplot_l3_239_subrole.asl"": 29, ""role_subplot_l4_252_subrole.asl"": 29, ""role_subplot_l4_253_subrole.asl"": 29, ""role_subplot_l4_254_subrole.asl"": 29, ""role_subplot_l4_255_subrole.asl"": 29, ""role_subplot_l1_3_subrole.asl"": 29, ""role_subplot_l2_256_subrole.asl"": 29, ""role_subplot_l3_260_subrole.asl"": 29, ""role_subplot_l4_264_subrole.asl"": 29, ""role_subplot_l4_265_subrole.asl"": 29, ""role_subplot_l4_266_subrole.asl"": 29, ""role_subplot_l4_267_subrole.asl"": 29, ""role_subplot_l3_261_subrole.asl"": 29, ""role_subplot_l4_268_subrole.asl"": 29, ""role_subplot_l4_269_subrole.asl"": 29, ""role_subplot_l4_270_subrole.asl"": 29, ""role_subplot_l4_271_subrole.asl"": 29, ""role_subplot_l3_262_subrole.asl"": 29, ""role_subplot_l4_272_subrole.asl"": 29, ""role_subplot_l4_273_subrole.asl"": 29, ""role_subplot_l4_274_subrole.asl"": 29, ""role_subplot_l4_275_subrole.asl"": 29, ""role_subplot_l3_263_subrole.asl"": 29, ""role_subplot_l4_276_subrole.asl"": 29, ""role_subplot_l4_277_subrole.asl"": 29, ""role_subplot_l4_278_subrole.asl"": 29, ""role_subplot_l4_279_subrole.asl"": 29, ""role_subplot_l2_257_subrole.asl"": 29, ""role_subplot_l3_280_subrole.asl"": 29, ""role_subplot_l4_284_subrole.asl"": 29, ""role_subplot_l4_285_subrole.asl"": 29, ""role_subplot_l4_286_subrole.asl"": 29, ""role_subplot_l4_287_subrole.asl"": 29, ""role_subplot_l3_281_subrole.asl"": 29, ""role_subplot_l4_288_subrole.asl"": 29, ""role_subplot_l4_289_subrole.asl"": 29, ""role_subplot_l4_290_subrole.asl"": 29, ""role_subplot_l4_291_subrole.asl"": 29, ""role_subplot_l3_282_subrole.asl"": 29, ""role_subplot_l4_292_subrole.asl"": 29, ""role_subplot_l4_293_subrole.asl"": 29, ""role_subplot_l4_294_subrole.asl"": 29, ""role_subplot_l4_295_subrole.asl"": 29, ""role_subplot_l3_283_subrole.asl"": 29, ""role_subplot_l4_296_subrole.asl"": 29, ""role_subplot_l4_297_subrole.asl"": 29, ""role_subplot_l4_298_subrole.asl"": 29, ""role_subplot_l4_299_subrole.asl"": 29, ""role_subplot_l2_258_subrole.asl"": 29, ""role_subplot_l3_300_subrole.asl"": 29, ""role_subplot_l4_304_subrole.asl"": 29, ""role_subplot_l4_305_subrole.asl"": 29, ""role_subplot_l4_306_subrole.asl"": 29, ""role_subplot_l4_307_subrole.asl"": 29, ""role_subplot_l3_301_subrole.asl"": 29, ""role_subplot_l4_308_subrole.asl"": 29, ""role_subplot_l4_309_subrole.asl"": 29, ""role_subplot_l4_310_subrole.asl"": 29, ""role_subplot_l4_311_subrole.asl"": 29, ""role_subplot_l3_302_subrole.asl"": 29, ""role_subplot_l4_312_subrole.asl"": 29, ""role_subplot_l4_313_subrole.asl"": 29, ""role_subplot_l4_314_subrole.asl"": 29, ""role_subplot_l4_315_subrole.asl"": 29, ""role_subplot_l3_303_subrole.asl"": 29, ""role_subplot_l4_316_subrole.asl"": 29, ""role_subplot_l4_317_subrole.asl"": 29, ""role_subplot_l4_318_subrole.asl"": 29, ""role_subplot_l4_319_subrole.asl"": 29, ""role_subplot_l2_259_subrole.asl"": 29, ""role_subplot_l3_320_subrole.asl"": 29, ""role_subplot_l4_324_subrole.asl"": 29, ""role_subplot_l4_325_subrole.asl"": 29, ""role_subplot_l4_326_subrole.asl"": 29, ""role_subplot_l4_327_subrole.asl"": 29, ""role_subplot_l3_321_subrole.asl"": 29, ""role_subplot_l4_328_subrole.asl"": 29, ""role_subplot_l4_329_subrole.asl"": 29, ""role_subplot_l4_330_subrole.asl"": 29, ""role_subplot_l4_331_subrole.asl"": 29, ""role_subplot_l3_322_subrole.asl"": 29, ""role_subplot_l4_332_subrole.asl"": 29, ""role_subplot_l4_333_subrole.asl"": 29, ""role_subplot_l4_334_subrole.asl"": 29, ""role_subplot_l4_335_subrole.asl"": 29, ""role_subplot_l3_323_subrole.asl"": 29, ""role_subplot_l4_336_subrole.asl"": 29, ""role_subplot_l4_337_subrole.asl"": 29, ""role_subplot_l4_338_subrole.asl"": 29, ""role_subplot_l4_339_subrole.asl"": 29}",8.036972304382898,0.2676909969995904,0.010153814000659622,9.793988227844238,True,7,0
interaction_worst_case_multipliers,26,Linux 7.2.3-arch1-2,x86_64,24,30.44,3.14.7,10,10,5,2,2,1,2,100,2,4,4,42,7438,146009,783,59779,"{""playbook_playbook0.asl"": 26, ""playbook_playbook1.asl"": 26, ""director_mainplot.asl"": 759, ""director_subplot_l1_0.asl"": 151, ""director_subplot_l2_4.asl"": 151, ""director_subplot_l3_8.asl"": 151, ""director_subplot_l4_12.asl"": 129, ""director_subplot_l4_13.asl"": 129, ""director_subplot_l4_14.asl"": 129, ""director_subplot_l4_15.asl"": 129, ""director_subplot_l3_9.asl"": 151, ""director_subplot_l4_16.asl"": 129, ""director_subplot_l4_17.asl"": 129, ""director_subplot_l4_18.asl"": 129, ""director_subplot_l4_19.asl"": 129, ""director_subplot_l3_10.asl"": 151, ""director_subplot_l4_20.asl"": 129, ""director_subplot_l4_21.asl"": 129, ""director_subplot_l4_22.asl"": 129, ""director_subplot_l4_23.asl"": 129, ""director_subplot_l3_11.asl"": 151, ""director_subplot_l4_24.asl"": 129, ""director_subplot_l4_25.asl"": 129, ""director_subplot_l4_26.asl"": 129, ""director_subplot_l4_27.asl"": 129, ""director_subplot_l2_5.asl"": 151, ""director_subplot_l3_28.asl"": 151, ""director_subplot_l4_32.asl"": 129, ""director_subplot_l4_33.asl"": 129, ""director_subplot_l4_34.asl"": 129, ""director_subplot_l4_35.asl"": 129, ""director_subplot_l3_29.asl"": 151, ""director_subplot_l4_36.asl"": 129, ""director_subplot_l4_37.asl"": 129, ""director_subplot_l4_38.asl"": 129, ""director_subplot_l4_39.asl"": 129, ""director_subplot_l3_30.asl"": 151, ""director_subplot_l4_40.asl"": 129, ""director_subplot_l4_41.asl"": 129, ""director_subplot_l4_42.asl"": 129, ""director_subplot_l4_43.asl"": 129, ""director_subplot_l3_31.asl"": 151, ""director_subplot_l4_44.asl"": 129, ""director_subplot_l4_45.asl"": 129, ""director_subplot_l4_46.asl"": 129, ""director_subplot_l4_47.asl"": 129, ""director_subplot_l2_6.asl"": 151, ""director_subplot_l3_48.asl"": 151, ""director_subplot_l4_52.asl"": 129, ""director_subplot_l4_53.asl"": 129, ""director_subplot_l4_54.asl"": 129, ""director_subplot_l4_55.asl"": 129, ""director_subplot_l3_49.asl"": 151, ""director_subplot_l4_56.asl"": 129, ""director_subplot_l4_57.asl"": 129, ""director_subplot_l4_58.asl"": 129, ""director_subplot_l4_59.asl"": 129, ""director_subplot_l3_50.asl"": 151, ""director_subplot_l4_60.asl"": 129, ""director_subplot_l4_61.asl"": 129, ""director_subplot_l4_62.asl"": 129, ""director_subplot_l4_63.asl"": 129, ""director_subplot_l3_51.asl"": 151, ""director_subplot_l4_64.asl"": 129, ""director_subplot_l4_65.asl"": 129, ""director_subplot_l4_66.asl"": 129, ""director_subplot_l4_67.asl"": 129, ""director_subplot_l2_7.asl"": 151, ""director_subplot_l3_68.asl"": 151, ""director_subplot_l4_72.asl"": 129, ""director_subplot_l4_73.asl"": 129, ""director_subplot_l4_74.asl"": 129, ""director_subplot_l4_75.asl"": 129, ""director_subplot_l3_69.asl"": 151, ""director_subplot_l4_76.asl"": 129, ""director_subplot_l4_77.asl"": 129, ""director_subplot_l4_78.asl"": 129, ""director_subplot_l4_79.asl"": 129, ""director_subplot_l3_70.asl"": 151, ""director_subplot_l4_80.asl"": 129, ""director_subplot_l4_81.asl"": 129, ""director_subplot_l4_82.asl"": 129, ""director_subplot_l4_83.asl"": 129, ""director_subplot_l3_71.asl"": 151, ""director_subplot_l4_84.asl"": 129, ""director_subplot_l4_85.asl"": 129, ""director_subplot_l4_86.asl"": 129, ""director_subplot_l4_87.asl"": 129, ""director_subplot_l1_1.asl"": 151, ""director_subplot_l2_88.asl"": 151, ""director_subplot_l3_92.asl"": 151, ""director_subplot_l4_96.asl"": 129, ""director_subplot_l4_97.asl"": 129, ""director_subplot_l4_98.asl"": 129, ""director_subplot_l4_99.asl"": 129, ""director_subplot_l3_93.asl"": 151, ""director_subplot_l4_100.asl"": 129, ""director_subplot_l4_101.asl"": 129, ""director_subplot_l4_102.asl"": 129, ""director_subplot_l4_103.asl"": 129, ""director_subplot_l3_94.asl"": 151, ""director_subplot_l4_104.asl"": 129, ""director_subplot_l4_105.asl"": 129, ""director_subplot_l4_106.asl"": 129, ""director_subplot_l4_107.asl"": 129, ""director_subplot_l3_95.asl"": 151, ""director_subplot_l4_108.asl"": 129, ""director_subplot_l4_109.asl"": 129, ""director_subplot_l4_110.asl"": 129, ""director_subplot_l4_111.asl"": 129, ""director_subplot_l2_89.asl"": 151, ""director_subplot_l3_112.asl"": 151, ""director_subplot_l4_116.asl"": 129, ""director_subplot_l4_117.asl"": 129, ""director_subplot_l4_118.asl"": 129, ""director_subplot_l4_119.asl"": 129, ""director_subplot_l3_113.asl"": 151, ""director_subplot_l4_120.asl"": 129, ""director_subplot_l4_121.asl"": 129, ""director_subplot_l4_122.asl"": 129, ""director_subplot_l4_123.asl"": 129, ""director_subplot_l3_114.asl"": 151, ""director_subplot_l4_124.asl"": 129, ""director_subplot_l4_125.asl"": 129, ""director_subplot_l4_126.asl"": 129, ""director_subplot_l4_127.asl"": 129, ""director_subplot_l3_115.asl"": 151, ""director_subplot_l4_128.asl"": 129, ""director_subplot_l4_129.asl"": 129, ""director_subplot_l4_130.asl"": 129, ""director_subplot_l4_131.asl"": 129, ""director_subplot_l2_90.asl"": 151, ""director_subplot_l3_132.asl"": 151, ""director_subplot_l4_136.asl"": 129, ""director_subplot_l4_137.asl"": 129, ""director_subplot_l4_138.asl"": 129, ""director_subplot_l4_139.asl"": 129, ""director_subplot_l3_133.asl"": 151, ""director_subplot_l4_140.asl"": 129, ""director_subplot_l4_141.asl"": 129, ""director_subplot_l4_142.asl"": 129, ""director_subplot_l4_143.asl"": 129, ""director_subplot_l3_134.asl"": 151, ""director_subplot_l4_144.asl"": 129, ""director_subplot_l4_145.asl"": 129, ""director_subplot_l4_146.asl"": 129, ""director_subplot_l4_147.asl"": 129, ""director_subplot_l3_135.asl"": 151, ""director_subplot_l4_148.asl"": 129, ""director_subplot_l4_149.asl"": 129, ""director_subplot_l4_150.asl"": 129, ""director_subplot_l4_151.asl"": 129, ""director_subplot_l2_91.asl"": 151, ""director_subplot_l3_152.asl"": 151, ""director_subplot_l4_156.asl"": 129, ""director_subplot_l4_157.asl"": 129, ""director_subplot_l4_158.asl"": 129, ""director_subplot_l4_159.asl"": 129, ""director_subplot_l3_153.asl"": 151, ""director_subplot_l4_160.asl"": 129, ""director_subplot_l4_161.asl"": 129, ""director_subplot_l4_162.asl"": 129, ""director_subplot_l4_163.asl"": 129, ""director_subplot_l3_154.asl"": 151, ""director_subplot_l4_164.asl"": 129, ""director_subplot_l4_165.asl"": 129, ""director_subplot_l4_166.asl"": 129, ""director_subplot_l4_167.asl"": 129, ""director_subplot_l3_155.asl"": 151, ""director_subplot_l4_168.asl"": 129, ""director_subplot_l4_169.asl"": 129, ""director_subplot_l4_170.asl"": 129, ""director_subplot_l4_171.asl"": 129, ""director_subplot_l1_2.asl"": 151, ""director_subplot_l2_172.asl"": 151, ""director_subplot_l3_176.asl"": 151, ""director_subplot_l4_180.asl"": 129, ""director_subplot_l4_181.asl"": 129, ""director_subplot_l4_182.asl"": 129, ""director_subplot_l4_183.asl"": 129, ""director_subplot_l3_177.asl"": 151, ""director_subplot_l4_184.asl"": 129, ""director_subplot_l4_185.asl"": 129, ""director_subplot_l4_186.asl"": 129, ""director_subplot_l4_187.asl"": 129, ""director_subplot_l3_178.asl"": 151, ""director_subplot_l4_188.asl"": 129, ""director_subplot_l4_189.asl"": 129, ""director_subplot_l4_190.asl"": 129, ""director_subplot_l4_191.asl"": 129, ""director_subplot_l3_179.asl"": 151, ""director_subplot_l4_192.asl"": 129, ""director_subplot_l4_193.asl"": 129, ""director_subplot_l4_194.asl"": 129, ""director_subplot_l4_195.asl"": 129, ""director_subplot_l2_173.asl"": 151, ""director_subplot_l3_196.asl"": 151, ""director_subplot_l4_200.asl"": 129, ""director_subplot_l4_201.asl"": 129, ""director_subplot_l4_202.asl"": 129, ""director_subplot_l4_203.asl"": 129, ""director_subplot_l3_197.asl"": 151, ""director_subplot_l4_204.asl"": 129, ""director_subplot_l4_205.asl"": 129, ""director_subplot_l4_206.asl"": 129, ""director_subplot_l4_207.asl"": 129, ""director_subplot_l3_198.asl"": 151, ""director_subplot_l4_208.asl"": 129, ""director_subplot_l4_209.asl"": 129, ""director_subplot_l4_210.asl"": 129, ""director_subplot_l4_211.asl"": 129, ""director_subplot_l3_199.asl"": 151, ""director_subplot_l4_212.asl"": 129, ""director_subplot_l4_213.asl"": 129, ""director_subplot_l4_214.asl"": 129, ""director_subplot_l4_215.asl"": 129, ""director_subplot_l2_174.asl"": 151, ""director_subplot_l3_216.asl"": 151, ""director_subplot_l4_220.asl"": 129, ""director_subplot_l4_221.asl"": 129, ""director_subplot_l4_222.asl"": 129, ""director_subplot_l4_223.asl"": 129, ""director_subplot_l3_217.asl"": 151, ""director_subplot_l4_224.asl"": 129, ""director_subplot_l4_225.asl"": 129, ""director_subplot_l4_226.asl"": 129, ""director_subplot_l4_227.asl"": 129, ""director_subplot_l3_218.asl"": 151, ""director_subplot_l4_228.asl"": 129, ""director_subplot_l4_229.asl"": 129, ""director_subplot_l4_230.asl"": 129, ""director_subplot_l4_231.asl"": 129, ""director_subplot_l3_219.asl"": 151, ""director_subplot_l4_232.asl"": 129, ""director_subplot_l4_233.asl"": 129, ""director_subplot_l4_234.asl"": 129, ""director_subplot_l4_235.asl"": 129, ""director_subplot_l2_175.asl"": 151, ""director_subplot_l3_236.asl"": 151, ""director_subplot_l4_240.asl"": 129, ""director_subplot_l4_241.asl"": 129, ""director_subplot_l4_242.asl"": 129, ""director_subplot_l4_243.asl"": 129, ""director_subplot_l3_237.asl"": 151, ""director_subplot_l4_244.asl"": 129, ""director_subplot_l4_245.asl"": 129, ""director_subplot_l4_246.asl"": 129, ""director_subplot_l4_247.asl"": 129, ""director_subplot_l3_238.asl"": 151, ""director_subplot_l4_248.asl"": 129, ""director_subplot_l4_249.asl"": 129, ""director_subplot_l4_250.asl"": 129, ""director_subplot_l4_251.asl"": 129, ""director_subplot_l3_239.asl"": 151, ""director_subplot_l4_252.asl"": 129, ""director_subplot_l4_253.asl"": 129, ""director_subplot_l4_254.asl"": 129, ""director_subplot_l4_255.asl"": 129, ""director_subplot_l1_3.asl"": 151, ""director_subplot_l2_256.asl"": 151, ""director_subplot_l3_260.asl"": 151, ""director_subplot_l4_264.asl"": 129, ""director_subplot_l4_265.asl"": 129, ""director_subplot_l4_266.asl"": 129, ""director_subplot_l4_267.asl"": 129, ""director_subplot_l3_261.asl"": 151, ""director_subplot_l4_268.asl"": 129, ""director_subplot_l4_269.asl"": 129, ""director_subplot_l4_270.asl"": 129, ""director_subplot_l4_271.asl"": 129, ""director_subplot_l3_262.asl"": 151, ""director_subplot_l4_272.asl"": 129, ""director_subplot_l4_273.asl"": 129, ""director_subplot_l4_274.asl"": 129, ""director_subplot_l4_275.asl"": 129, ""director_subplot_l3_263.asl"": 151, ""director_subplot_l4_276.asl"": 129, ""director_subplot_l4_277.asl"": 129, ""director_subplot_l4_278.asl"": 129, ""director_subplot_l4_279.asl"": 129, ""director_subplot_l2_257.asl"": 151, ""director_subplot_l3_280.asl"": 151, ""director_subplot_l4_284.asl"": 129, ""director_subplot_l4_285.asl"": 129, ""director_subplot_l4_286.asl"": 129, ""director_subplot_l4_287.asl"": 129, ""director_subplot_l3_281.asl"": 151, ""director_subplot_l4_288.asl"": 129, ""director_subplot_l4_289.asl"": 129, ""director_subplot_l4_290.asl"": 129, ""director_subplot_l4_291.asl"": 129, ""director_subplot_l3_282.asl"": 151, ""director_subplot_l4_292.asl"": 129, ""director_subplot_l4_293.asl"": 129, ""director_subplot_l4_294.asl"": 129, ""director_subplot_l4_295.asl"": 129, ""director_subplot_l3_283.asl"": 151, ""director_subplot_l4_296.asl"": 129, ""director_subplot_l4_297.asl"": 129, ""director_subplot_l4_298.asl"": 129, ""director_subplot_l4_299.asl"": 129, ""director_subplot_l2_258.asl"": 151, ""director_subplot_l3_300.asl"": 151, ""director_subplot_l4_304.asl"": 129, ""director_subplot_l4_305.asl"": 129, ""director_subplot_l4_306.asl"": 129, ""director_subplot_l4_307.asl"": 129, ""director_subplot_l3_301.asl"": 151, ""director_subplot_l4_308.asl"": 129, ""director_subplot_l4_309.asl"": 129, ""director_subplot_l4_310.asl"": 129, ""director_subplot_l4_311.asl"": 129, ""director_subplot_l3_302.asl"": 151, ""director_subplot_l4_312.asl"": 129, ""director_subplot_l4_313.asl"": 129, ""director_subplot_l4_314.asl"": 129, ""director_subplot_l4_315.asl"": 129, ""director_subplot_l3_303.asl"": 151, ""director_subplot_l4_316.asl"": 129, ""director_subplot_l4_317.asl"": 129, ""director_subplot_l4_318.asl"": 129, ""director_subplot_l4_319.asl"": 129, ""director_subplot_l2_259.asl"": 151, ""director_subplot_l3_320.asl"": 151, ""director_subplot_l4_324.asl"": 129, ""director_subplot_l4_325.asl"": 129, ""director_subplot_l4_326.asl"": 129, ""director_subplot_l4_327.asl"": 129, ""director_subplot_l3_321.asl"": 151, ""director_subplot_l4_328.asl"": 129, ""director_subplot_l4_329.asl"": 129, ""director_subplot_l4_330.asl"": 129, ""director_subplot_l4_331.asl"": 129, ""director_subplot_l3_322.asl"": 151, ""director_subplot_l4_332.asl"": 129, ""director_subplot_l4_333.asl"": 129, ""director_subplot_l4_334.asl"": 129, ""director_subplot_l4_335.asl"": 129, ""director_subplot_l3_323.asl"": 151, ""director_subplot_l4_336.asl"": 129, ""director_subplot_l4_337.asl"": 129, ""director_subplot_l4_338.asl"": 129, ""director_subplot_l4_339.asl"": 129, ""role_mainplot_role0.asl"": 34, ""role_mainplot_role1.asl"": 34, ""role_mainplot_role2.asl"": 34, ""role_mainplot_role3.asl"": 34, ""role_mainplot_role4.asl"": 34, ""role_mainplot_role5.asl"": 34, ""role_mainplot_role6.asl"": 34, ""role_mainplot_role7.asl"": 34, ""role_mainplot_role8.asl"": 34, ""role_mainplot_role9.asl"": 34, ""role_mainplot_role10.asl"": 34, ""role_mainplot_role11.asl"": 34, ""role_mainplot_role12.asl"": 34, ""role_mainplot_role13.asl"": 34, ""role_mainplot_role14.asl"": 34, ""role_mainplot_role15.asl"": 34, ""role_mainplot_role16.asl"": 34, ""role_mainplot_role17.asl"": 34, ""role_mainplot_role18.asl"": 34, ""role_mainplot_role19.asl"": 34, ""role_mainplot_role20.asl"": 34, ""role_mainplot_role21.asl"": 34, ""role_mainplot_role22.asl"": 34, ""role_mainplot_role23.asl"": 34, ""role_mainplot_role24.asl"": 34, ""role_mainplot_role25.asl"": 34, ""role_mainplot_role26.asl"": 34, ""role_mainplot_role27.asl"": 34, ""role_mainplot_role28.asl"": 34, ""role_mainplot_role29.asl"": 34, ""role_mainplot_role30.asl"": 34, ""role_mainplot_role31.asl"": 34, ""role_mainplot_role32.asl"": 34, ""role_mainplot_role33.asl"": 34, ""role_mainplot_role34.asl"": 34, ""role_mainplot_role35.asl"": 34, ""role_mainplot_role36.asl"": 34, ""role_mainplot_role37.asl"": 34, ""role_mainplot_role38.asl"": 34, ""role_mainplot_role39.asl"": 34, ""role_mainplot_role40.asl"": 34, ""role_mainplot_role41.asl"": 34, ""role_mainplot_role42.asl"": 34, ""role_mainplot_role43.asl"": 34, ""role_mainplot_role44.asl"": 34, ""role_mainplot_role45.asl"": 34, ""role_mainplot_role46.asl"": 34, ""role_mainplot_role47.asl"": 34, ""role_mainplot_role48.asl"": 34, ""role_mainplot_role49.asl"": 34, ""role_mainplot_role50.asl"": 34, ""role_mainplot_role51.asl"": 34, ""role_mainplot_role52.asl"": 34, ""role_mainplot_role53.asl"": 34, ""role_mainplot_role54.asl"": 34, ""role_mainplot_role55.asl"": 34, ""role_mainplot_role56.asl"": 34, ""role_mainplot_role57.asl"": 34, ""role_mainplot_role58.asl"": 34, ""role_mainplot_role59.asl"": 34, ""role_mainplot_role60.asl"": 34, ""role_mainplot_role61.asl"": 34, ""role_mainplot_role62.asl"": 34, ""role_mainplot_role63.asl"": 34, ""role_mainplot_role64.asl"": 34, ""role_mainplot_role65.asl"": 34, ""role_mainplot_role66.asl"": 34, ""role_mainplot_role67.asl"": 34, ""role_mainplot_role68.asl"": 34, ""role_mainplot_role69.asl"": 34, ""role_mainplot_role70.asl"": 34, ""role_mainplot_role71.asl"": 34, ""role_mainplot_role72.asl"": 34, ""role_mainplot_role73.asl"": 34, ""role_mainplot_role74.asl"": 34, ""role_mainplot_role75.asl"": 34, ""role_mainplot_role76.asl"": 34, ""role_mainplot_role77.asl"": 34, ""role_mainplot_role78.asl"": 34, ""role_mainplot_role79.asl"": 34, ""role_mainplot_role80.asl"": 34, ""role_mainplot_role81.asl"": 34, ""role_mainplot_role82.asl"": 34, ""role_mainplot_role83.asl"": 34, ""role_mainplot_role84.asl"": 34, ""role_mainplot_role85.asl"": 34, ""role_mainplot_role86.asl"": 34, ""role_mainplot_role87.asl"": 34, ""role_mainplot_role88.asl"": 34, ""role_mainplot_role89.asl"": 34, ""role_mainplot_role90.asl"": 34, ""role_mainplot_role91.asl"": 34, ""role_mainplot_role92.asl"": 34, ""role_mainplot_role93.asl"": 34, ""role_mainplot_role94.asl"": 34, ""role_mainplot_role95.asl"": 34, ""role_mainplot_role96.asl"": 34, ""role_mainplot_role97.asl"": 34, ""role_mainplot_role98.asl"": 34, ""role_mainplot_role99.asl"": 34, ""role_subplot_l1_0_subrole.asl"": 29, ""role_subplot_l2_4_subrole.asl"": 29, ""role_subplot_l3_8_subrole.asl"": 29, ""role_subplot_l4_12_subrole.asl"": 29, ""role_subplot_l4_13_subrole.asl"": 29, ""role_subplot_l4_14_subrole.asl"": 29, ""role_subplot_l4_15_subrole.asl"": 29, ""role_subplot_l3_9_subrole.asl"": 29, ""role_subplot_l4_16_subrole.asl"": 29, ""role_subplot_l4_17_subrole.asl"": 29, ""role_subplot_l4_18_subrole.asl"": 29, ""role_subplot_l4_19_subrole.asl"": 29, ""role_subplot_l3_10_subrole.asl"": 29, ""role_subplot_l4_20_subrole.asl"": 29, ""role_subplot_l4_21_subrole.asl"": 29, ""role_subplot_l4_22_subrole.asl"": 29, ""role_subplot_l4_23_subrole.asl"": 29, ""role_subplot_l3_11_subrole.asl"": 29, ""role_subplot_l4_24_subrole.asl"": 29, ""role_subplot_l4_25_subrole.asl"": 29, ""role_subplot_l4_26_subrole.asl"": 29, ""role_subplot_l4_27_subrole.asl"": 29, ""role_subplot_l2_5_subrole.asl"": 29, ""role_subplot_l3_28_subrole.asl"": 29, ""role_subplot_l4_32_subrole.asl"": 29, ""role_subplot_l4_33_subrole.asl"": 29, ""role_subplot_l4_34_subrole.asl"": 29, ""role_subplot_l4_35_subrole.asl"": 29, ""role_subplot_l3_29_subrole.asl"": 29, ""role_subplot_l4_36_subrole.asl"": 29, ""role_subplot_l4_37_subrole.asl"": 29, ""role_subplot_l4_38_subrole.asl"": 29, ""role_subplot_l4_39_subrole.asl"": 29, ""role_subplot_l3_30_subrole.asl"": 29, ""role_subplot_l4_40_subrole.asl"": 29, ""role_subplot_l4_41_subrole.asl"": 29, ""role_subplot_l4_42_subrole.asl"": 29, ""role_subplot_l4_43_subrole.asl"": 29, ""role_subplot_l3_31_subrole.asl"": 29, ""role_subplot_l4_44_subrole.asl"": 29, ""role_subplot_l4_45_subrole.asl"": 29, ""role_subplot_l4_46_subrole.asl"": 29, ""role_subplot_l4_47_subrole.asl"": 29, ""role_subplot_l2_6_subrole.asl"": 29, ""role_subplot_l3_48_subrole.asl"": 29, ""role_subplot_l4_52_subrole.asl"": 29, ""role_subplot_l4_53_subrole.asl"": 29, ""role_subplot_l4_54_subrole.asl"": 29, ""role_subplot_l4_55_subrole.asl"": 29, ""role_subplot_l3_49_subrole.asl"": 29, ""role_subplot_l4_56_subrole.asl"": 29, ""role_subplot_l4_57_subrole.asl"": 29, ""role_subplot_l4_58_subrole.asl"": 29, ""role_subplot_l4_59_subrole.asl"": 29, ""role_subplot_l3_50_subrole.asl"": 29, ""role_subplot_l4_60_subrole.asl"": 29, ""role_subplot_l4_61_subrole.asl"": 29, ""role_subplot_l4_62_subrole.asl"": 29, ""role_subplot_l4_63_subrole.asl"": 29, ""role_subplot_l3_51_subrole.asl"": 29, ""role_subplot_l4_64_subrole.asl"": 29, ""role_subplot_l4_65_subrole.asl"": 29, ""role_subplot_l4_66_subrole.asl"": 29, ""role_subplot_l4_67_subrole.asl"": 29, ""role_subplot_l2_7_subrole.asl"": 29, ""role_subplot_l3_68_subrole.asl"": 29, ""role_subplot_l4_72_subrole.asl"": 29, ""role_subplot_l4_73_subrole.asl"": 29, ""role_subplot_l4_74_subrole.asl"": 29, ""role_subplot_l4_75_subrole.asl"": 29, ""role_subplot_l3_69_subrole.asl"": 29, ""role_subplot_l4_76_subrole.asl"": 29, ""role_subplot_l4_77_subrole.asl"": 29, ""role_subplot_l4_78_subrole.asl"": 29, ""role_subplot_l4_79_subrole.asl"": 29, ""role_subplot_l3_70_subrole.asl"": 29, ""role_subplot_l4_80_subrole.asl"": 29, ""role_subplot_l4_81_subrole.asl"": 29, ""role_subplot_l4_82_subrole.asl"": 29, ""role_subplot_l4_83_subrole.asl"": 29, ""role_subplot_l3_71_subrole.asl"": 29, ""role_subplot_l4_84_subrole.asl"": 29, ""role_subplot_l4_85_subrole.asl"": 29, ""role_subplot_l4_86_subrole.asl"": 29, ""role_subplot_l4_87_subrole.asl"": 29, ""role_subplot_l1_1_subrole.asl"": 29, ""role_subplot_l2_88_subrole.asl"": 29, ""role_subplot_l3_92_subrole.asl"": 29, ""role_subplot_l4_96_subrole.asl"": 29, ""role_subplot_l4_97_subrole.asl"": 29, ""role_subplot_l4_98_subrole.asl"": 29, ""role_subplot_l4_99_subrole.asl"": 29, ""role_subplot_l3_93_subrole.asl"": 29, ""role_subplot_l4_100_subrole.asl"": 29, ""role_subplot_l4_101_subrole.asl"": 29, ""role_subplot_l4_102_subrole.asl"": 29, ""role_subplot_l4_103_subrole.asl"": 29, ""role_subplot_l3_94_subrole.asl"": 29, ""role_subplot_l4_104_subrole.asl"": 29, ""role_subplot_l4_105_subrole.asl"": 29, ""role_subplot_l4_106_subrole.asl"": 29, ""role_subplot_l4_107_subrole.asl"": 29, ""role_subplot_l3_95_subrole.asl"": 29, ""role_subplot_l4_108_subrole.asl"": 29, ""role_subplot_l4_109_subrole.asl"": 29, ""role_subplot_l4_110_subrole.asl"": 29, ""role_subplot_l4_111_subrole.asl"": 29, ""role_subplot_l2_89_subrole.asl"": 29, ""role_subplot_l3_112_subrole.asl"": 29, ""role_subplot_l4_116_subrole.asl"": 29, ""role_subplot_l4_117_subrole.asl"": 29, ""role_subplot_l4_118_subrole.asl"": 29, ""role_subplot_l4_119_subrole.asl"": 29, ""role_subplot_l3_113_subrole.asl"": 29, ""role_subplot_l4_120_subrole.asl"": 29, ""role_subplot_l4_121_subrole.asl"": 29, ""role_subplot_l4_122_subrole.asl"": 29, ""role_subplot_l4_123_subrole.asl"": 29, ""role_subplot_l3_114_subrole.asl"": 29, ""role_subplot_l4_124_subrole.asl"": 29, ""role_subplot_l4_125_subrole.asl"": 29, ""role_subplot_l4_126_subrole.asl"": 29, ""role_subplot_l4_127_subrole.asl"": 29, ""role_subplot_l3_115_subrole.asl"": 29, ""role_subplot_l4_128_subrole.asl"": 29, ""role_subplot_l4_129_subrole.asl"": 29, ""role_subplot_l4_130_subrole.asl"": 29, ""role_subplot_l4_131_subrole.asl"": 29, ""role_subplot_l2_90_subrole.asl"": 29, ""role_subplot_l3_132_subrole.asl"": 29, ""role_subplot_l4_136_subrole.asl"": 29, ""role_subplot_l4_137_subrole.asl"": 29, ""role_subplot_l4_138_subrole.asl"": 29, ""role_subplot_l4_139_subrole.asl"": 29, ""role_subplot_l3_133_subrole.asl"": 29, ""role_subplot_l4_140_subrole.asl"": 29, ""role_subplot_l4_141_subrole.asl"": 29, ""role_subplot_l4_142_subrole.asl"": 29, ""role_subplot_l4_143_subrole.asl"": 29, ""role_subplot_l3_134_subrole.asl"": 29, ""role_subplot_l4_144_subrole.asl"": 29, ""role_subplot_l4_145_subrole.asl"": 29, ""role_subplot_l4_146_subrole.asl"": 29, ""role_subplot_l4_147_subrole.asl"": 29, ""role_subplot_l3_135_subrole.asl"": 29, ""role_subplot_l4_148_subrole.asl"": 29, ""role_subplot_l4_149_subrole.asl"": 29, ""role_subplot_l4_150_subrole.asl"": 29, ""role_subplot_l4_151_subrole.asl"": 29, ""role_subplot_l2_91_subrole.asl"": 29, ""role_subplot_l3_152_subrole.asl"": 29, ""role_subplot_l4_156_subrole.asl"": 29, ""role_subplot_l4_157_subrole.asl"": 29, ""role_subplot_l4_158_subrole.asl"": 29, ""role_subplot_l4_159_subrole.asl"": 29, ""role_subplot_l3_153_subrole.asl"": 29, ""role_subplot_l4_160_subrole.asl"": 29, ""role_subplot_l4_161_subrole.asl"": 29, ""role_subplot_l4_162_subrole.asl"": 29, ""role_subplot_l4_163_subrole.asl"": 29, ""role_subplot_l3_154_subrole.asl"": 29, ""role_subplot_l4_164_subrole.asl"": 29, ""role_subplot_l4_165_subrole.asl"": 29, ""role_subplot_l4_166_subrole.asl"": 29, ""role_subplot_l4_167_subrole.asl"": 29, ""role_subplot_l3_155_subrole.asl"": 29, ""role_subplot_l4_168_subrole.asl"": 29, ""role_subplot_l4_169_subrole.asl"": 29, ""role_subplot_l4_170_subrole.asl"": 29, ""role_subplot_l4_171_subrole.asl"": 29, ""role_subplot_l1_2_subrole.asl"": 29, ""role_subplot_l2_172_subrole.asl"": 29, ""role_subplot_l3_176_subrole.asl"": 29, ""role_subplot_l4_180_subrole.asl"": 29, ""role_subplot_l4_181_subrole.asl"": 29, ""role_subplot_l4_182_subrole.asl"": 29, ""role_subplot_l4_183_subrole.asl"": 29, ""role_subplot_l3_177_subrole.asl"": 29, ""role_subplot_l4_184_subrole.asl"": 29, ""role_subplot_l4_185_subrole.asl"": 29, ""role_subplot_l4_186_subrole.asl"": 29, ""role_subplot_l4_187_subrole.asl"": 29, ""role_subplot_l3_178_subrole.asl"": 29, ""role_subplot_l4_188_subrole.asl"": 29, ""role_subplot_l4_189_subrole.asl"": 29, ""role_subplot_l4_190_subrole.asl"": 29, ""role_subplot_l4_191_subrole.asl"": 29, ""role_subplot_l3_179_subrole.asl"": 29, ""role_subplot_l4_192_subrole.asl"": 29, ""role_subplot_l4_193_subrole.asl"": 29, ""role_subplot_l4_194_subrole.asl"": 29, ""role_subplot_l4_195_subrole.asl"": 29, ""role_subplot_l2_173_subrole.asl"": 29, ""role_subplot_l3_196_subrole.asl"": 29, ""role_subplot_l4_200_subrole.asl"": 29, ""role_subplot_l4_201_subrole.asl"": 29, ""role_subplot_l4_202_subrole.asl"": 29, ""role_subplot_l4_203_subrole.asl"": 29, ""role_subplot_l3_197_subrole.asl"": 29, ""role_subplot_l4_204_subrole.asl"": 29, ""role_subplot_l4_205_subrole.asl"": 29, ""role_subplot_l4_206_subrole.asl"": 29, ""role_subplot_l4_207_subrole.asl"": 29, ""role_subplot_l3_198_subrole.asl"": 29, ""role_subplot_l4_208_subrole.asl"": 29, ""role_subplot_l4_209_subrole.asl"": 29, ""role_subplot_l4_210_subrole.asl"": 29, ""role_subplot_l4_211_subrole.asl"": 29, ""role_subplot_l3_199_subrole.asl"": 29, ""role_subplot_l4_212_subrole.asl"": 29, ""role_subplot_l4_213_subrole.asl"": 29, ""role_subplot_l4_214_subrole.asl"": 29, ""role_subplot_l4_215_subrole.asl"": 29, ""role_subplot_l2_174_subrole.asl"": 29, ""role_subplot_l3_216_subrole.asl"": 29, ""role_subplot_l4_220_subrole.asl"": 29, ""role_subplot_l4_221_subrole.asl"": 29, ""role_subplot_l4_222_subrole.asl"": 29, ""role_subplot_l4_223_subrole.asl"": 29, ""role_subplot_l3_217_subrole.asl"": 29, ""role_subplot_l4_224_subrole.asl"": 29, ""role_subplot_l4_225_subrole.asl"": 29, ""role_subplot_l4_226_subrole.asl"": 29, ""role_subplot_l4_227_subrole.asl"": 29, ""role_subplot_l3_218_subrole.asl"": 29, ""role_subplot_l4_228_subrole.asl"": 29, ""role_subplot_l4_229_subrole.asl"": 29, ""role_subplot_l4_230_subrole.asl"": 29, ""role_subplot_l4_231_subrole.asl"": 29, ""role_subplot_l3_219_subrole.asl"": 29, ""role_subplot_l4_232_subrole.asl"": 29, ""role_subplot_l4_233_subrole.asl"": 29, ""role_subplot_l4_234_subrole.asl"": 29, ""role_subplot_l4_235_subrole.asl"": 29, ""role_subplot_l2_175_subrole.asl"": 29, ""role_subplot_l3_236_subrole.asl"": 29, ""role_subplot_l4_240_subrole.asl"": 29, ""role_subplot_l4_241_subrole.asl"": 29, ""role_subplot_l4_242_subrole.asl"": 29, ""role_subplot_l4_243_subrole.asl"": 29, ""role_subplot_l3_237_subrole.asl"": 29, ""role_subplot_l4_244_subrole.asl"": 29, ""role_subplot_l4_245_subrole.asl"": 29, ""role_subplot_l4_246_subrole.asl"": 29, ""role_subplot_l4_247_subrole.asl"": 29, ""role_subplot_l3_238_subrole.asl"": 29, ""role_subplot_l4_248_subrole.asl"": 29, ""role_subplot_l4_249_subrole.asl"": 29, ""role_subplot_l4_250_subrole.asl"": 29, ""role_subplot_l4_251_subrole.asl"": 29, ""role_subplot_l3_239_subrole.asl"": 29, ""role_subplot_l4_252_subrole.asl"": 29, ""role_subplot_l4_253_subrole.asl"": 29, ""role_subplot_l4_254_subrole.asl"": 29, ""role_subplot_l4_255_subrole.asl"": 29, ""role_subplot_l1_3_subrole.asl"": 29, ""role_subplot_l2_256_subrole.asl"": 29, ""role_subplot_l3_260_subrole.asl"": 29, ""role_subplot_l4_264_subrole.asl"": 29, ""role_subplot_l4_265_subrole.asl"": 29, ""role_subplot_l4_266_subrole.asl"": 29, ""role_subplot_l4_267_subrole.asl"": 29, ""role_subplot_l3_261_subrole.asl"": 29, ""role_subplot_l4_268_subrole.asl"": 29, ""role_subplot_l4_269_subrole.asl"": 29, ""role_subplot_l4_270_subrole.asl"": 29, ""role_subplot_l4_271_subrole.asl"": 29, ""role_subplot_l3_262_subrole.asl"": 29, ""role_subplot_l4_272_subrole.asl"": 29, ""role_subplot_l4_273_subrole.asl"": 29, ""role_subplot_l4_274_subrole.asl"": 29, ""role_subplot_l4_275_subrole.asl"": 29, ""role_subplot_l3_263_subrole.asl"": 29, ""role_subplot_l4_276_subrole.asl"": 29, ""role_subplot_l4_277_subrole.asl"": 29, ""role_subplot_l4_278_subrole.asl"": 29, ""role_subplot_l4_279_subrole.asl"": 29, ""role_subplot_l2_257_subrole.asl"": 29, ""role_subplot_l3_280_subrole.asl"": 29, ""role_subplot_l4_284_subrole.asl"": 29, ""role_subplot_l4_285_subrole.asl"": 29, ""role_subplot_l4_286_subrole.asl"": 29, ""role_subplot_l4_287_subrole.asl"": 29, ""role_subplot_l3_281_subrole.asl"": 29, ""role_subplot_l4_288_subrole.asl"": 29, ""role_subplot_l4_289_subrole.asl"": 29, ""role_subplot_l4_290_subrole.asl"": 29, ""role_subplot_l4_291_subrole.asl"": 29, ""role_subplot_l3_282_subrole.asl"": 29, ""role_subplot_l4_292_subrole.asl"": 29, ""role_subplot_l4_293_subrole.asl"": 29, ""role_subplot_l4_294_subrole.asl"": 29, ""role_subplot_l4_295_subrole.asl"": 29, ""role_subplot_l3_283_subrole.asl"": 29, ""role_subplot_l4_296_subrole.asl"": 29, ""role_subplot_l4_297_subrole.asl"": 29, ""role_subplot_l4_298_subrole.asl"": 29, ""role_subplot_l4_299_subrole.asl"": 29, ""role_subplot_l2_258_subrole.asl"": 29, ""role_subplot_l3_300_subrole.asl"": 29, ""role_subplot_l4_304_subrole.asl"": 29, ""role_subplot_l4_305_subrole.asl"": 29, ""role_subplot_l4_306_subrole.asl"": 29, ""role_subplot_l4_307_subrole.asl"": 29, ""role_subplot_l3_301_subrole.asl"": 29, ""role_subplot_l4_308_subrole.asl"": 29, ""role_subplot_l4_309_subrole.asl"": 29, ""role_subplot_l4_310_subrole.asl"": 29, ""role_subplot_l4_311_subrole.asl"": 29, ""role_subplot_l3_302_subrole.asl"": 29, ""role_subplot_l4_312_subrole.asl"": 29, ""role_subplot_l4_313_subrole.asl"": 29, ""role_subplot_l4_314_subrole.asl"": 29, ""role_subplot_l4_315_subrole.asl"": 29, ""role_subplot_l3_303_subrole.asl"": 29, ""role_subplot_l4_316_subrole.asl"": 29, ""role_subplot_l4_317_subrole.asl"": 29, ""role_subplot_l4_318_subrole.asl"": 29, ""role_subplot_l4_319_subrole.asl"": 29, ""role_subplot_l2_259_subrole.asl"": 29, ""role_subplot_l3_320_subrole.asl"": 29, ""role_subplot_l4_324_subrole.asl"": 29, ""role_subplot_l4_325_subrole.asl"": 29, ""role_subplot_l4_326_subrole.asl"": 29, ""role_subplot_l4_327_subrole.asl"": 29, ""role_subplot_l3_321_subrole.asl"": 29, ""role_subplot_l4_328_subrole.asl"": 29, ""role_subplot_l4_329_subrole.asl"": 29, ""role_subplot_l4_330_subrole.asl"": 29, ""role_subplot_l4_331_subrole.asl"": 29, ""role_subplot_l3_322_subrole.asl"": 29, ""role_subplot_l4_332_subrole.asl"": 29, ""role_subplot_l4_333_subrole.asl"": 29, ""role_subplot_l4_334_subrole.asl"": 29, ""role_subplot_l4_335_subrole.asl"": 29, ""role_subplot_l3_323_subrole.asl"": 29, ""role_subplot_l4_336_subrole.asl"": 29, ""role_subplot_l4_337_subrole.asl"": 29, ""role_subplot_l4_338_subrole.asl"": 29, ""role_subplot_l4_339_subrole.asl"": 29}",8.036972304382898,0.31552635300249676,0.010141244001715677,9.795872688293457,True,7,0
interaction_worst_case_multipliers,27,Linux 7.2.3-arch1-2,x86_64,24,30.44,3.14.7,10,10,5,2,2,1,2,100,2,4,4,42,7438,146009,783,59779,"{""playbook_playbook0.asl"": 26, ""playbook_playbook1.asl"": 26, ""director_mainplot.asl"": 759, ""director_subplot_l1_0.asl"": 151, ""director_subplot_l2_4.asl"": 151, ""director_subplot_l3_8.asl"": 151, ""director_subplot_l4_12.asl"": 129, ""director_subplot_l4_13.asl"": 129, ""director_subplot_l4_14.asl"": 129, ""director_subplot_l4_15.asl"": 129, ""director_subplot_l3_9.asl"": 151, ""director_subplot_l4_16.asl"": 129, ""director_subplot_l4_17.asl"": 129, ""director_subplot_l4_18.asl"": 129, ""director_subplot_l4_19.asl"": 129, ""director_subplot_l3_10.asl"": 151, ""director_subplot_l4_20.asl"": 129, ""director_subplot_l4_21.asl"": 129, ""director_subplot_l4_22.asl"": 129, ""director_subplot_l4_23.asl"": 129, ""director_subplot_l3_11.asl"": 151, ""director_subplot_l4_24.asl"": 129, ""director_subplot_l4_25.asl"": 129, ""director_subplot_l4_26.asl"": 129, ""director_subplot_l4_27.asl"": 129, ""director_subplot_l2_5.asl"": 151, ""director_subplot_l3_28.asl"": 151, ""director_subplot_l4_32.asl"": 129, ""director_subplot_l4_33.asl"": 129, ""director_subplot_l4_34.asl"": 129, ""director_subplot_l4_35.asl"": 129, ""director_subplot_l3_29.asl"": 151, ""director_subplot_l4_36.asl"": 129, ""director_subplot_l4_37.asl"": 129, ""director_subplot_l4_38.asl"": 129, ""director_subplot_l4_39.asl"": 129, ""director_subplot_l3_30.asl"": 151, ""director_subplot_l4_40.asl"": 129, ""director_subplot_l4_41.asl"": 129, ""director_subplot_l4_42.asl"": 129, ""director_subplot_l4_43.asl"": 129, ""director_subplot_l3_31.asl"": 151, ""director_subplot_l4_44.asl"": 129, ""director_subplot_l4_45.asl"": 129, ""director_subplot_l4_46.asl"": 129, ""director_subplot_l4_47.asl"": 129, ""director_subplot_l2_6.asl"": 151, ""director_subplot_l3_48.asl"": 151, ""director_subplot_l4_52.asl"": 129, ""director_subplot_l4_53.asl"": 129, ""director_subplot_l4_54.asl"": 129, ""director_subplot_l4_55.asl"": 129, ""director_subplot_l3_49.asl"": 151, ""director_subplot_l4_56.asl"": 129, ""director_subplot_l4_57.asl"": 129, ""director_subplot_l4_58.asl"": 129, ""director_subplot_l4_59.asl"": 129, ""director_subplot_l3_50.asl"": 151, ""director_subplot_l4_60.asl"": 129, ""director_subplot_l4_61.asl"": 129, ""director_subplot_l4_62.asl"": 129, ""director_subplot_l4_63.asl"": 129, ""director_subplot_l3_51.asl"": 151, ""director_subplot_l4_64.asl"": 129, ""director_subplot_l4_65.asl"": 129, ""director_subplot_l4_66.asl"": 129, ""director_subplot_l4_67.asl"": 129, ""director_subplot_l2_7.asl"": 151, ""director_subplot_l3_68.asl"": 151, ""director_subplot_l4_72.asl"": 129, ""director_subplot_l4_73.asl"": 129, ""director_subplot_l4_74.asl"": 129, ""director_subplot_l4_75.asl"": 129, ""director_subplot_l3_69.asl"": 151, ""director_subplot_l4_76.asl"": 129, ""director_subplot_l4_77.asl"": 129, ""director_subplot_l4_78.asl"": 129, ""director_subplot_l4_79.asl"": 129, ""director_subplot_l3_70.asl"": 151, ""director_subplot_l4_80.asl"": 129, ""director_subplot_l4_81.asl"": 129, ""director_subplot_l4_82.asl"": 129, ""director_subplot_l4_83.asl"": 129, ""director_subplot_l3_71.asl"": 151, ""director_subplot_l4_84.asl"": 129, ""director_subplot_l4_85.asl"": 129, ""director_subplot_l4_86.asl"": 129, ""director_subplot_l4_87.asl"": 129, ""director_subplot_l1_1.asl"": 151, ""director_subplot_l2_88.asl"": 151, ""director_subplot_l3_92.asl"": 151, ""director_subplot_l4_96.asl"": 129, ""director_subplot_l4_97.asl"": 129, ""director_subplot_l4_98.asl"": 129, ""director_subplot_l4_99.asl"": 129, ""director_subplot_l3_93.asl"": 151, ""director_subplot_l4_100.asl"": 129, ""director_subplot_l4_101.asl"": 129, ""director_subplot_l4_102.asl"": 129, ""director_subplot_l4_103.asl"": 129, ""director_subplot_l3_94.asl"": 151, ""director_subplot_l4_104.asl"": 129, ""director_subplot_l4_105.asl"": 129, ""director_subplot_l4_106.asl"": 129, ""director_subplot_l4_107.asl"": 129, ""director_subplot_l3_95.asl"": 151, ""director_subplot_l4_108.asl"": 129, ""director_subplot_l4_109.asl"": 129, ""director_subplot_l4_110.asl"": 129, ""director_subplot_l4_111.asl"": 129, ""director_subplot_l2_89.asl"": 151, ""director_subplot_l3_112.asl"": 151, ""director_subplot_l4_116.asl"": 129, ""director_subplot_l4_117.asl"": 129, ""director_subplot_l4_118.asl"": 129, ""director_subplot_l4_119.asl"": 129, ""director_subplot_l3_113.asl"": 151, ""director_subplot_l4_120.asl"": 129, ""director_subplot_l4_121.asl"": 129, ""director_subplot_l4_122.asl"": 129, ""director_subplot_l4_123.asl"": 129, ""director_subplot_l3_114.asl"": 151, ""director_subplot_l4_124.asl"": 129, ""director_subplot_l4_125.asl"": 129, ""director_subplot_l4_126.asl"": 129, ""director_subplot_l4_127.asl"": 129, ""director_subplot_l3_115.asl"": 151, ""director_subplot_l4_128.asl"": 129, ""director_subplot_l4_129.asl"": 129, ""director_subplot_l4_130.asl"": 129, ""director_subplot_l4_131.asl"": 129, ""director_subplot_l2_90.asl"": 151, ""director_subplot_l3_132.asl"": 151, ""director_subplot_l4_136.asl"": 129, ""director_subplot_l4_137.asl"": 129, ""director_subplot_l4_138.asl"": 129, ""director_subplot_l4_139.asl"": 129, ""director_subplot_l3_133.asl"": 151, ""director_subplot_l4_140.asl"": 129, ""director_subplot_l4_141.asl"": 129, ""director_subplot_l4_142.asl"": 129, ""director_subplot_l4_143.asl"": 129, ""director_subplot_l3_134.asl"": 151, ""director_subplot_l4_144.asl"": 129, ""director_subplot_l4_145.asl"": 129, ""director_subplot_l4_146.asl"": 129, ""director_subplot_l4_147.asl"": 129, ""director_subplot_l3_135.asl"": 151, ""director_subplot_l4_148.asl"": 129, ""director_subplot_l4_149.asl"": 129, ""director_subplot_l4_150.asl"": 129, ""director_subplot_l4_151.asl"": 129, ""director_subplot_l2_91.asl"": 151, ""director_subplot_l3_152.asl"": 151, ""director_subplot_l4_156.asl"": 129, ""director_subplot_l4_157.asl"": 129, ""director_subplot_l4_158.asl"": 129, ""director_subplot_l4_159.asl"": 129, ""director_subplot_l3_153.asl"": 151, ""director_subplot_l4_160.asl"": 129, ""director_subplot_l4_161.asl"": 129, ""director_subplot_l4_162.asl"": 129, ""director_subplot_l4_163.asl"": 129, ""director_subplot_l3_154.asl"": 151, ""director_subplot_l4_164.asl"": 129, ""director_subplot_l4_165.asl"": 129, ""director_subplot_l4_166.asl"": 129, ""director_subplot_l4_167.asl"": 129, ""director_subplot_l3_155.asl"": 151, ""director_subplot_l4_168.asl"": 129, ""director_subplot_l4_169.asl"": 129, ""director_subplot_l4_170.asl"": 129, ""director_subplot_l4_171.asl"": 129, ""director_subplot_l1_2.asl"": 151, ""director_subplot_l2_172.asl"": 151, ""director_subplot_l3_176.asl"": 151, ""director_subplot_l4_180.asl"": 129, ""director_subplot_l4_181.asl"": 129, ""director_subplot_l4_182.asl"": 129, ""director_subplot_l4_183.asl"": 129, ""director_subplot_l3_177.asl"": 151, ""director_subplot_l4_184.asl"": 129, ""director_subplot_l4_185.asl"": 129, ""director_subplot_l4_186.asl"": 129, ""director_subplot_l4_187.asl"": 129, ""director_subplot_l3_178.asl"": 151, ""director_subplot_l4_188.asl"": 129, ""director_subplot_l4_189.asl"": 129, ""director_subplot_l4_190.asl"": 129, ""director_subplot_l4_191.asl"": 129, ""director_subplot_l3_179.asl"": 151, ""director_subplot_l4_192.asl"": 129, ""director_subplot_l4_193.asl"": 129, ""director_subplot_l4_194.asl"": 129, ""director_subplot_l4_195.asl"": 129, ""director_subplot_l2_173.asl"": 151, ""director_subplot_l3_196.asl"": 151, ""director_subplot_l4_200.asl"": 129, ""director_subplot_l4_201.asl"": 129, ""director_subplot_l4_202.asl"": 129, ""director_subplot_l4_203.asl"": 129, ""director_subplot_l3_197.asl"": 151, ""director_subplot_l4_204.asl"": 129, ""director_subplot_l4_205.asl"": 129, ""director_subplot_l4_206.asl"": 129, ""director_subplot_l4_207.asl"": 129, ""director_subplot_l3_198.asl"": 151, ""director_subplot_l4_208.asl"": 129, ""director_subplot_l4_209.asl"": 129, ""director_subplot_l4_210.asl"": 129, ""director_subplot_l4_211.asl"": 129, ""director_subplot_l3_199.asl"": 151, ""director_subplot_l4_212.asl"": 129, ""director_subplot_l4_213.asl"": 129, ""director_subplot_l4_214.asl"": 129, ""director_subplot_l4_215.asl"": 129, ""director_subplot_l2_174.asl"": 151, ""director_subplot_l3_216.asl"": 151, ""director_subplot_l4_220.asl"": 129, ""director_subplot_l4_221.asl"": 129, ""director_subplot_l4_222.asl"": 129, ""director_subplot_l4_223.asl"": 129, ""director_subplot_l3_217.asl"": 151, ""director_subplot_l4_224.asl"": 129, ""director_subplot_l4_225.asl"": 129, ""director_subplot_l4_226.asl"": 129, ""director_subplot_l4_227.asl"": 129, ""director_subplot_l3_218.asl"": 151, ""director_subplot_l4_228.asl"": 129, ""director_subplot_l4_229.asl"": 129, ""director_subplot_l4_230.asl"": 129, ""director_subplot_l4_231.asl"": 129, ""director_subplot_l3_219.asl"": 151, ""director_subplot_l4_232.asl"": 129, ""director_subplot_l4_233.asl"": 129, ""director_subplot_l4_234.asl"": 129, ""director_subplot_l4_235.asl"": 129, ""director_subplot_l2_175.asl"": 151, ""director_subplot_l3_236.asl"": 151, ""director_subplot_l4_240.asl"": 129, ""director_subplot_l4_241.asl"": 129, ""director_subplot_l4_242.asl"": 129, ""director_subplot_l4_243.asl"": 129, ""director_subplot_l3_237.asl"": 151, ""director_subplot_l4_244.asl"": 129, ""director_subplot_l4_245.asl"": 129, ""director_subplot_l4_246.asl"": 129, ""director_subplot_l4_247.asl"": 129, ""director_subplot_l3_238.asl"": 151, ""director_subplot_l4_248.asl"": 129, ""director_subplot_l4_249.asl"": 129, ""director_subplot_l4_250.asl"": 129, ""director_subplot_l4_251.asl"": 129, ""director_subplot_l3_239.asl"": 151, ""director_subplot_l4_252.asl"": 129, ""director_subplot_l4_253.asl"": 129, ""director_subplot_l4_254.asl"": 129, ""director_subplot_l4_255.asl"": 129, ""director_subplot_l1_3.asl"": 151, ""director_subplot_l2_256.asl"": 151, ""director_subplot_l3_260.asl"": 151, ""director_subplot_l4_264.asl"": 129, ""director_subplot_l4_265.asl"": 129, ""director_subplot_l4_266.asl"": 129, ""director_subplot_l4_267.asl"": 129, ""director_subplot_l3_261.asl"": 151, ""director_subplot_l4_268.asl"": 129, ""director_subplot_l4_269.asl"": 129, ""director_subplot_l4_270.asl"": 129, ""director_subplot_l4_271.asl"": 129, ""director_subplot_l3_262.asl"": 151, ""director_subplot_l4_272.asl"": 129, ""director_subplot_l4_273.asl"": 129, ""director_subplot_l4_274.asl"": 129, ""director_subplot_l4_275.asl"": 129, ""director_subplot_l3_263.asl"": 151, ""director_subplot_l4_276.asl"": 129, ""director_subplot_l4_277.asl"": 129, ""director_subplot_l4_278.asl"": 129, ""director_subplot_l4_279.asl"": 129, ""director_subplot_l2_257.asl"": 151, ""director_subplot_l3_280.asl"": 151, ""director_subplot_l4_284.asl"": 129, ""director_subplot_l4_285.asl"": 129, ""director_subplot_l4_286.asl"": 129, ""director_subplot_l4_287.asl"": 129, ""director_subplot_l3_281.asl"": 151, ""director_subplot_l4_288.asl"": 129, ""director_subplot_l4_289.asl"": 129, ""director_subplot_l4_290.asl"": 129, ""director_subplot_l4_291.asl"": 129, ""director_subplot_l3_282.asl"": 151, ""director_subplot_l4_292.asl"": 129, ""director_subplot_l4_293.asl"": 129, ""director_subplot_l4_294.asl"": 129, ""director_subplot_l4_295.asl"": 129, ""director_subplot_l3_283.asl"": 151, ""director_subplot_l4_296.asl"": 129, ""director_subplot_l4_297.asl"": 129, ""director_subplot_l4_298.asl"": 129, ""director_subplot_l4_299.asl"": 129, ""director_subplot_l2_258.asl"": 151, ""director_subplot_l3_300.asl"": 151, ""director_subplot_l4_304.asl"": 129, ""director_subplot_l4_305.asl"": 129, ""director_subplot_l4_306.asl"": 129, ""director_subplot_l4_307.asl"": 129, ""director_subplot_l3_301.asl"": 151, ""director_subplot_l4_308.asl"": 129, ""director_subplot_l4_309.asl"": 129, ""director_subplot_l4_310.asl"": 129, ""director_subplot_l4_311.asl"": 129, ""director_subplot_l3_302.asl"": 151, ""director_subplot_l4_312.asl"": 129, ""director_subplot_l4_313.asl"": 129, ""director_subplot_l4_314.asl"": 129, ""director_subplot_l4_315.asl"": 129, ""director_subplot_l3_303.asl"": 151, ""director_subplot_l4_316.asl"": 129, ""director_subplot_l4_317.asl"": 129, ""director_subplot_l4_318.asl"": 129, ""director_subplot_l4_319.asl"": 129, ""director_subplot_l2_259.asl"": 151, ""director_subplot_l3_320.asl"": 151, ""director_subplot_l4_324.asl"": 129, ""director_subplot_l4_325.asl"": 129, ""director_subplot_l4_326.asl"": 129, ""director_subplot_l4_327.asl"": 129, ""director_subplot_l3_321.asl"": 151, ""director_subplot_l4_328.asl"": 129, ""director_subplot_l4_329.asl"": 129, ""director_subplot_l4_330.asl"": 129, ""director_subplot_l4_331.asl"": 129, ""director_subplot_l3_322.asl"": 151, ""director_subplot_l4_332.asl"": 129, ""director_subplot_l4_333.asl"": 129, ""director_subplot_l4_334.asl"": 129, ""director_subplot_l4_335.asl"": 129, ""director_subplot_l3_323.asl"": 151, ""director_subplot_l4_336.asl"": 129, ""director_subplot_l4_337.asl"": 129, ""director_subplot_l4_338.asl"": 129, ""director_subplot_l4_339.asl"": 129, ""role_mainplot_role0.asl"": 34, ""role_mainplot_role1.asl"": 34, ""role_mainplot_role2.asl"": 34, ""role_mainplot_role3.asl"": 34, ""role_mainplot_role4.asl"": 34, ""role_mainplot_role5.asl"": 34, ""role_mainplot_role6.asl"": 34, ""role_mainplot_role7.asl"": 34, ""role_mainplot_role8.asl"": 34, ""role_mainplot_role9.asl"": 34, ""role_mainplot_role10.asl"": 34, ""role_mainplot_role11.asl"": 34, ""role_mainplot_role12.asl"": 34, ""role_mainplot_role13.asl"": 34, ""role_mainplot_role14.asl"": 34, ""role_mainplot_role15.asl"": 34, ""role_mainplot_role16.asl"": 34, ""role_mainplot_role17.asl"": 34, ""role_mainplot_role18.asl"": 34, ""role_mainplot_role19.asl"": 34, ""role_mainplot_role20.asl"": 34, ""role_mainplot_role21.asl"": 34, ""role_mainplot_role22.asl"": 34, ""role_mainplot_role23.asl"": 34, ""role_mainplot_role24.asl"": 34, ""role_mainplot_role25.asl"": 34, ""role_mainplot_role26.asl"": 34, ""role_mainplot_role27.asl"": 34, ""role_mainplot_role28.asl"": 34, ""role_mainplot_role29.asl"": 34, ""role_mainplot_role30.asl"": 34, ""role_mainplot_role31.asl"": 34, ""role_mainplot_role32.asl"": 34, ""role_mainplot_role33.asl"": 34, ""role_mainplot_role34.asl"": 34, ""role_mainplot_role35.asl"": 34, ""role_mainplot_role36.asl"": 34, ""role_mainplot_role37.asl"": 34, ""role_mainplot_role38.asl"": 34, ""role_mainplot_role39.asl"": 34, ""role_mainplot_role40.asl"": 34, ""role_mainplot_role41.asl"": 34, ""role_mainplot_role42.asl"": 34, ""role_mainplot_role43.asl"": 34, ""role_mainplot_role44.asl"": 34, ""role_mainplot_role45.asl"": 34, ""role_mainplot_role46.asl"": 34, ""role_mainplot_role47.asl"": 34, ""role_mainplot_role48.asl"": 34, ""role_mainplot_role49.asl"": 34, ""role_mainplot_role50.asl"": 34, ""role_mainplot_role51.asl"": 34, ""role_mainplot_role52.asl"": 34, ""role_mainplot_role53.asl"": 34, ""role_mainplot_role54.asl"": 34, ""role_mainplot_role55.asl"": 34, ""role_mainplot_role56.asl"": 34, ""role_mainplot_role57.asl"": 34, ""role_mainplot_role58.asl"": 34, ""role_mainplot_role59.asl"": 34, ""role_mainplot_role60.asl"": 34, ""role_mainplot_role61.asl"": 34, ""role_mainplot_role62.asl"": 34, ""role_mainplot_role63.asl"": 34, ""role_mainplot_role64.asl"": 34, ""role_mainplot_role65.asl"": 34, ""role_mainplot_role66.asl"": 34, ""role_mainplot_role67.asl"": 34, ""role_mainplot_role68.asl"": 34, ""role_mainplot_role69.asl"": 34, ""role_mainplot_role70.asl"": 34, ""role_mainplot_role71.asl"": 34, ""role_mainplot_role72.asl"": 34, ""role_mainplot_role73.asl"": 34, ""role_mainplot_role74.asl"": 34, ""role_mainplot_role75.asl"": 34, ""role_mainplot_role76.asl"": 34, ""role_mainplot_role77.asl"": 34, ""role_mainplot_role78.asl"": 34, ""role_mainplot_role79.asl"": 34, ""role_mainplot_role80.asl"": 34, ""role_mainplot_role81.asl"": 34, ""role_mainplot_role82.asl"": 34, ""role_mainplot_role83.asl"": 34, ""role_mainplot_role84.asl"": 34, ""role_mainplot_role85.asl"": 34, ""role_mainplot_role86.asl"": 34, ""role_mainplot_role87.asl"": 34, ""role_mainplot_role88.asl"": 34, ""role_mainplot_role89.asl"": 34, ""role_mainplot_role90.asl"": 34, ""role_mainplot_role91.asl"": 34, ""role_mainplot_role92.asl"": 34, ""role_mainplot_role93.asl"": 34, ""role_mainplot_role94.asl"": 34, ""role_mainplot_role95.asl"": 34, ""role_mainplot_role96.asl"": 34, ""role_mainplot_role97.asl"": 34, ""role_mainplot_role98.asl"": 34, ""role_mainplot_role99.asl"": 34, ""role_subplot_l1_0_subrole.asl"": 29, ""role_subplot_l2_4_subrole.asl"": 29, ""role_subplot_l3_8_subrole.asl"": 29, ""role_subplot_l4_12_subrole.asl"": 29, ""role_subplot_l4_13_subrole.asl"": 29, ""role_subplot_l4_14_subrole.asl"": 29, ""role_subplot_l4_15_subrole.asl"": 29, ""role_subplot_l3_9_subrole.asl"": 29, ""role_subplot_l4_16_subrole.asl"": 29, ""role_subplot_l4_17_subrole.asl"": 29, ""role_subplot_l4_18_subrole.asl"": 29, ""role_subplot_l4_19_subrole.asl"": 29, ""role_subplot_l3_10_subrole.asl"": 29, ""role_subplot_l4_20_subrole.asl"": 29, ""role_subplot_l4_21_subrole.asl"": 29, ""role_subplot_l4_22_subrole.asl"": 29, ""role_subplot_l4_23_subrole.asl"": 29, ""role_subplot_l3_11_subrole.asl"": 29, ""role_subplot_l4_24_subrole.asl"": 29, ""role_subplot_l4_25_subrole.asl"": 29, ""role_subplot_l4_26_subrole.asl"": 29, ""role_subplot_l4_27_subrole.asl"": 29, ""role_subplot_l2_5_subrole.asl"": 29, ""role_subplot_l3_28_subrole.asl"": 29, ""role_subplot_l4_32_subrole.asl"": 29, ""role_subplot_l4_33_subrole.asl"": 29, ""role_subplot_l4_34_subrole.asl"": 29, ""role_subplot_l4_35_subrole.asl"": 29, ""role_subplot_l3_29_subrole.asl"": 29, ""role_subplot_l4_36_subrole.asl"": 29, ""role_subplot_l4_37_subrole.asl"": 29, ""role_subplot_l4_38_subrole.asl"": 29, ""role_subplot_l4_39_subrole.asl"": 29, ""role_subplot_l3_30_subrole.asl"": 29, ""role_subplot_l4_40_subrole.asl"": 29, ""role_subplot_l4_41_subrole.asl"": 29, ""role_subplot_l4_42_subrole.asl"": 29, ""role_subplot_l4_43_subrole.asl"": 29, ""role_subplot_l3_31_subrole.asl"": 29, ""role_subplot_l4_44_subrole.asl"": 29, ""role_subplot_l4_45_subrole.asl"": 29, ""role_subplot_l4_46_subrole.asl"": 29, ""role_subplot_l4_47_subrole.asl"": 29, ""role_subplot_l2_6_subrole.asl"": 29, ""role_subplot_l3_48_subrole.asl"": 29, ""role_subplot_l4_52_subrole.asl"": 29, ""role_subplot_l4_53_subrole.asl"": 29, ""role_subplot_l4_54_subrole.asl"": 29, ""role_subplot_l4_55_subrole.asl"": 29, ""role_subplot_l3_49_subrole.asl"": 29, ""role_subplot_l4_56_subrole.asl"": 29, ""role_subplot_l4_57_subrole.asl"": 29, ""role_subplot_l4_58_subrole.asl"": 29, ""role_subplot_l4_59_subrole.asl"": 29, ""role_subplot_l3_50_subrole.asl"": 29, ""role_subplot_l4_60_subrole.asl"": 29, ""role_subplot_l4_61_subrole.asl"": 29, ""role_subplot_l4_62_subrole.asl"": 29, ""role_subplot_l4_63_subrole.asl"": 29, ""role_subplot_l3_51_subrole.asl"": 29, ""role_subplot_l4_64_subrole.asl"": 29, ""role_subplot_l4_65_subrole.asl"": 29, ""role_subplot_l4_66_subrole.asl"": 29, ""role_subplot_l4_67_subrole.asl"": 29, ""role_subplot_l2_7_subrole.asl"": 29, ""role_subplot_l3_68_subrole.asl"": 29, ""role_subplot_l4_72_subrole.asl"": 29, ""role_subplot_l4_73_subrole.asl"": 29, ""role_subplot_l4_74_subrole.asl"": 29, ""role_subplot_l4_75_subrole.asl"": 29, ""role_subplot_l3_69_subrole.asl"": 29, ""role_subplot_l4_76_subrole.asl"": 29, ""role_subplot_l4_77_subrole.asl"": 29, ""role_subplot_l4_78_subrole.asl"": 29, ""role_subplot_l4_79_subrole.asl"": 29, ""role_subplot_l3_70_subrole.asl"": 29, ""role_subplot_l4_80_subrole.asl"": 29, ""role_subplot_l4_81_subrole.asl"": 29, ""role_subplot_l4_82_subrole.asl"": 29, ""role_subplot_l4_83_subrole.asl"": 29, ""role_subplot_l3_71_subrole.asl"": 29, ""role_subplot_l4_84_subrole.asl"": 29, ""role_subplot_l4_85_subrole.asl"": 29, ""role_subplot_l4_86_subrole.asl"": 29, ""role_subplot_l4_87_subrole.asl"": 29, ""role_subplot_l1_1_subrole.asl"": 29, ""role_subplot_l2_88_subrole.asl"": 29, ""role_subplot_l3_92_subrole.asl"": 29, ""role_subplot_l4_96_subrole.asl"": 29, ""role_subplot_l4_97_subrole.asl"": 29, ""role_subplot_l4_98_subrole.asl"": 29, ""role_subplot_l4_99_subrole.asl"": 29, ""role_subplot_l3_93_subrole.asl"": 29, ""role_subplot_l4_100_subrole.asl"": 29, ""role_subplot_l4_101_subrole.asl"": 29, ""role_subplot_l4_102_subrole.asl"": 29, ""role_subplot_l4_103_subrole.asl"": 29, ""role_subplot_l3_94_subrole.asl"": 29, ""role_subplot_l4_104_subrole.asl"": 29, ""role_subplot_l4_105_subrole.asl"": 29, ""role_subplot_l4_106_subrole.asl"": 29, ""role_subplot_l4_107_subrole.asl"": 29, ""role_subplot_l3_95_subrole.asl"": 29, ""role_subplot_l4_108_subrole.asl"": 29, ""role_subplot_l4_109_subrole.asl"": 29, ""role_subplot_l4_110_subrole.asl"": 29, ""role_subplot_l4_111_subrole.asl"": 29, ""role_subplot_l2_89_subrole.asl"": 29, ""role_subplot_l3_112_subrole.asl"": 29, ""role_subplot_l4_116_subrole.asl"": 29, ""role_subplot_l4_117_subrole.asl"": 29, ""role_subplot_l4_118_subrole.asl"": 29, ""role_subplot_l4_119_subrole.asl"": 29, ""role_subplot_l3_113_subrole.asl"": 29, ""role_subplot_l4_120_subrole.asl"": 29, ""role_subplot_l4_121_subrole.asl"": 29, ""role_subplot_l4_122_subrole.asl"": 29, ""role_subplot_l4_123_subrole.asl"": 29, ""role_subplot_l3_114_subrole.asl"": 29, ""role_subplot_l4_124_subrole.asl"": 29, ""role_subplot_l4_125_subrole.asl"": 29, ""role_subplot_l4_126_subrole.asl"": 29, ""role_subplot_l4_127_subrole.asl"": 29, ""role_subplot_l3_115_subrole.asl"": 29, ""role_subplot_l4_128_subrole.asl"": 29, ""role_subplot_l4_129_subrole.asl"": 29, ""role_subplot_l4_130_subrole.asl"": 29, ""role_subplot_l4_131_subrole.asl"": 29, ""role_subplot_l2_90_subrole.asl"": 29, ""role_subplot_l3_132_subrole.asl"": 29, ""role_subplot_l4_136_subrole.asl"": 29, ""role_subplot_l4_137_subrole.asl"": 29, ""role_subplot_l4_138_subrole.asl"": 29, ""role_subplot_l4_139_subrole.asl"": 29, ""role_subplot_l3_133_subrole.asl"": 29, ""role_subplot_l4_140_subrole.asl"": 29, ""role_subplot_l4_141_subrole.asl"": 29, ""role_subplot_l4_142_subrole.asl"": 29, ""role_subplot_l4_143_subrole.asl"": 29, ""role_subplot_l3_134_subrole.asl"": 29, ""role_subplot_l4_144_subrole.asl"": 29, ""role_subplot_l4_145_subrole.asl"": 29, ""role_subplot_l4_146_subrole.asl"": 29, ""role_subplot_l4_147_subrole.asl"": 29, ""role_subplot_l3_135_subrole.asl"": 29, ""role_subplot_l4_148_subrole.asl"": 29, ""role_subplot_l4_149_subrole.asl"": 29, ""role_subplot_l4_150_subrole.asl"": 29, ""role_subplot_l4_151_subrole.asl"": 29, ""role_subplot_l2_91_subrole.asl"": 29, ""role_subplot_l3_152_subrole.asl"": 29, ""role_subplot_l4_156_subrole.asl"": 29, ""role_subplot_l4_157_subrole.asl"": 29, ""role_subplot_l4_158_subrole.asl"": 29, ""role_subplot_l4_159_subrole.asl"": 29, ""role_subplot_l3_153_subrole.asl"": 29, ""role_subplot_l4_160_subrole.asl"": 29, ""role_subplot_l4_161_subrole.asl"": 29, ""role_subplot_l4_162_subrole.asl"": 29, ""role_subplot_l4_163_subrole.asl"": 29, ""role_subplot_l3_154_subrole.asl"": 29, ""role_subplot_l4_164_subrole.asl"": 29, ""role_subplot_l4_165_subrole.asl"": 29, ""role_subplot_l4_166_subrole.asl"": 29, ""role_subplot_l4_167_subrole.asl"": 29, ""role_subplot_l3_155_subrole.asl"": 29, ""role_subplot_l4_168_subrole.asl"": 29, ""role_subplot_l4_169_subrole.asl"": 29, ""role_subplot_l4_170_subrole.asl"": 29, ""role_subplot_l4_171_subrole.asl"": 29, ""role_subplot_l1_2_subrole.asl"": 29, ""role_subplot_l2_172_subrole.asl"": 29, ""role_subplot_l3_176_subrole.asl"": 29, ""role_subplot_l4_180_subrole.asl"": 29, ""role_subplot_l4_181_subrole.asl"": 29, ""role_subplot_l4_182_subrole.asl"": 29, ""role_subplot_l4_183_subrole.asl"": 29, ""role_subplot_l3_177_subrole.asl"": 29, ""role_subplot_l4_184_subrole.asl"": 29, ""role_subplot_l4_185_subrole.asl"": 29, ""role_subplot_l4_186_subrole.asl"": 29, ""role_subplot_l4_187_subrole.asl"": 29, ""role_subplot_l3_178_subrole.asl"": 29, ""role_subplot_l4_188_subrole.asl"": 29, ""role_subplot_l4_189_subrole.asl"": 29, ""role_subplot_l4_190_subrole.asl"": 29, ""role_subplot_l4_191_subrole.asl"": 29, ""role_subplot_l3_179_subrole.asl"": 29, ""role_subplot_l4_192_subrole.asl"": 29, ""role_subplot_l4_193_subrole.asl"": 29, ""role_subplot_l4_194_subrole.asl"": 29, ""role_subplot_l4_195_subrole.asl"": 29, ""role_subplot_l2_173_subrole.asl"": 29, ""role_subplot_l3_196_subrole.asl"": 29, ""role_subplot_l4_200_subrole.asl"": 29, ""role_subplot_l4_201_subrole.asl"": 29, ""role_subplot_l4_202_subrole.asl"": 29, ""role_subplot_l4_203_subrole.asl"": 29, ""role_subplot_l3_197_subrole.asl"": 29, ""role_subplot_l4_204_subrole.asl"": 29, ""role_subplot_l4_205_subrole.asl"": 29, ""role_subplot_l4_206_subrole.asl"": 29, ""role_subplot_l4_207_subrole.asl"": 29, ""role_subplot_l3_198_subrole.asl"": 29, ""role_subplot_l4_208_subrole.asl"": 29, ""role_subplot_l4_209_subrole.asl"": 29, ""role_subplot_l4_210_subrole.asl"": 29, ""role_subplot_l4_211_subrole.asl"": 29, ""role_subplot_l3_199_subrole.asl"": 29, ""role_subplot_l4_212_subrole.asl"": 29, ""role_subplot_l4_213_subrole.asl"": 29, ""role_subplot_l4_214_subrole.asl"": 29, ""role_subplot_l4_215_subrole.asl"": 29, ""role_subplot_l2_174_subrole.asl"": 29, ""role_subplot_l3_216_subrole.asl"": 29, ""role_subplot_l4_220_subrole.asl"": 29, ""role_subplot_l4_221_subrole.asl"": 29, ""role_subplot_l4_222_subrole.asl"": 29, ""role_subplot_l4_223_subrole.asl"": 29, ""role_subplot_l3_217_subrole.asl"": 29, ""role_subplot_l4_224_subrole.asl"": 29, ""role_subplot_l4_225_subrole.asl"": 29, ""role_subplot_l4_226_subrole.asl"": 29, ""role_subplot_l4_227_subrole.asl"": 29, ""role_subplot_l3_218_subrole.asl"": 29, ""role_subplot_l4_228_subrole.asl"": 29, ""role_subplot_l4_229_subrole.asl"": 29, ""role_subplot_l4_230_subrole.asl"": 29, ""role_subplot_l4_231_subrole.asl"": 29, ""role_subplot_l3_219_subrole.asl"": 29, ""role_subplot_l4_232_subrole.asl"": 29, ""role_subplot_l4_233_subrole.asl"": 29, ""role_subplot_l4_234_subrole.asl"": 29, ""role_subplot_l4_235_subrole.asl"": 29, ""role_subplot_l2_175_subrole.asl"": 29, ""role_subplot_l3_236_subrole.asl"": 29, ""role_subplot_l4_240_subrole.asl"": 29, ""role_subplot_l4_241_subrole.asl"": 29, ""role_subplot_l4_242_subrole.asl"": 29, ""role_subplot_l4_243_subrole.asl"": 29, ""role_subplot_l3_237_subrole.asl"": 29, ""role_subplot_l4_244_subrole.asl"": 29, ""role_subplot_l4_245_subrole.asl"": 29, ""role_subplot_l4_246_subrole.asl"": 29, ""role_subplot_l4_247_subrole.asl"": 29, ""role_subplot_l3_238_subrole.asl"": 29, ""role_subplot_l4_248_subrole.asl"": 29, ""role_subplot_l4_249_subrole.asl"": 29, ""role_subplot_l4_250_subrole.asl"": 29, ""role_subplot_l4_251_subrole.asl"": 29, ""role_subplot_l3_239_subrole.asl"": 29, ""role_subplot_l4_252_subrole.asl"": 29, ""role_subplot_l4_253_subrole.asl"": 29, ""role_subplot_l4_254_subrole.asl"": 29, ""role_subplot_l4_255_subrole.asl"": 29, ""role_subplot_l1_3_subrole.asl"": 29, ""role_subplot_l2_256_subrole.asl"": 29, ""role_subplot_l3_260_subrole.asl"": 29, ""role_subplot_l4_264_subrole.asl"": 29, ""role_subplot_l4_265_subrole.asl"": 29, ""role_subplot_l4_266_subrole.asl"": 29, ""role_subplot_l4_267_subrole.asl"": 29, ""role_subplot_l3_261_subrole.asl"": 29, ""role_subplot_l4_268_subrole.asl"": 29, ""role_subplot_l4_269_subrole.asl"": 29, ""role_subplot_l4_270_subrole.asl"": 29, ""role_subplot_l4_271_subrole.asl"": 29, ""role_subplot_l3_262_subrole.asl"": 29, ""role_subplot_l4_272_subrole.asl"": 29, ""role_subplot_l4_273_subrole.asl"": 29, ""role_subplot_l4_274_subrole.asl"": 29, ""role_subplot_l4_275_subrole.asl"": 29, ""role_subplot_l3_263_subrole.asl"": 29, ""role_subplot_l4_276_subrole.asl"": 29, ""role_subplot_l4_277_subrole.asl"": 29, ""role_subplot_l4_278_subrole.asl"": 29, ""role_subplot_l4_279_subrole.asl"": 29, ""role_subplot_l2_257_subrole.asl"": 29, ""role_subplot_l3_280_subrole.asl"": 29, ""role_subplot_l4_284_subrole.asl"": 29, ""role_subplot_l4_285_subrole.asl"": 29, ""role_subplot_l4_286_subrole.asl"": 29, ""role_subplot_l4_287_subrole.asl"": 29, ""role_subplot_l3_281_subrole.asl"": 29, ""role_subplot_l4_288_subrole.asl"": 29, ""role_subplot_l4_289_subrole.asl"": 29, ""role_subplot_l4_290_subrole.asl"": 29, ""role_subplot_l4_291_subrole.asl"": 29, ""role_subplot_l3_282_subrole.asl"": 29, ""role_subplot_l4_292_subrole.asl"": 29, ""role_subplot_l4_293_subrole.asl"": 29, ""role_subplot_l4_294_subrole.asl"": 29, ""role_subplot_l4_295_subrole.asl"": 29, ""role_subplot_l3_283_subrole.asl"": 29, ""role_subplot_l4_296_subrole.asl"": 29, ""role_subplot_l4_297_subrole.asl"": 29, ""role_subplot_l4_298_subrole.asl"": 29, ""role_subplot_l4_299_subrole.asl"": 29, ""role_subplot_l2_258_subrole.asl"": 29, ""role_subplot_l3_300_subrole.asl"": 29, ""role_subplot_l4_304_subrole.asl"": 29, ""role_subplot_l4_305_subrole.asl"": 29, ""role_subplot_l4_306_subrole.asl"": 29, ""role_subplot_l4_307_subrole.asl"": 29, ""role_subplot_l3_301_subrole.asl"": 29, ""role_subplot_l4_308_subrole.asl"": 29, ""role_subplot_l4_309_subrole.asl"": 29, ""role_subplot_l4_310_subrole.asl"": 29, ""role_subplot_l4_311_subrole.asl"": 29, ""role_subplot_l3_302_subrole.asl"": 29, ""role_subplot_l4_312_subrole.asl"": 29, ""role_subplot_l4_313_subrole.asl"": 29, ""role_subplot_l4_314_subrole.asl"": 29, ""role_subplot_l4_315_subrole.asl"": 29, ""role_subplot_l3_303_subrole.asl"": 29, ""role_subplot_l4_316_subrole.asl"": 29, ""role_subplot_l4_317_subrole.asl"": 29, ""role_subplot_l4_318_subrole.asl"": 29, ""role_subplot_l4_319_subrole.asl"": 29, ""role_subplot_l2_259_subrole.asl"": 29, ""role_subplot_l3_320_subrole.asl"": 29, ""role_subplot_l4_324_subrole.asl"": 29, ""role_subplot_l4_325_subrole.asl"": 29, ""role_subplot_l4_326_subrole.asl"": 29, ""role_subplot_l4_327_subrole.asl"": 29, ""role_subplot_l3_321_subrole.asl"": 29, ""role_subplot_l4_328_subrole.asl"": 29, ""role_subplot_l4_329_subrole.asl"": 29, ""role_subplot_l4_330_subrole.asl"": 29, ""role_subplot_l4_331_subrole.asl"": 29, ""role_subplot_l3_322_subrole.asl"": 29, ""role_subplot_l4_332_subrole.asl"": 29, ""role_subplot_l4_333_subrole.asl"": 29, ""role_subplot_l4_334_subrole.asl"": 29, ""role_subplot_l4_335_subrole.asl"": 29, ""role_subplot_l3_323_subrole.asl"": 29, ""role_subplot_l4_336_subrole.asl"": 29, ""role_subplot_l4_337_subrole.asl"": 29, ""role_subplot_l4_338_subrole.asl"": 29, ""role_subplot_l4_339_subrole.asl"": 29}",8.036972304382898,0.26272249999965425,0.01015200500114588,9.793965339660645,True,7,0
interaction_worst_case_multipliers,28,Linux 7.2.3-arch1-2,x86_64,24,30.44,3.14.7,10,10,5,2,2,1,2,100,2,4,4,42,7438,146009,783,59779,"{""playbook_playbook0.asl"": 26, ""playbook_playbook1.asl"": 26, ""director_mainplot.asl"": 759, ""director_subplot_l1_0.asl"": 151, ""director_subplot_l2_4.asl"": 151, ""director_subplot_l3_8.asl"": 151, ""director_subplot_l4_12.asl"": 129, ""director_subplot_l4_13.asl"": 129, ""director_subplot_l4_14.asl"": 129, ""director_subplot_l4_15.asl"": 129, ""director_subplot_l3_9.asl"": 151, ""director_subplot_l4_16.asl"": 129, ""director_subplot_l4_17.asl"": 129, ""director_subplot_l4_18.asl"": 129, ""director_subplot_l4_19.asl"": 129, ""director_subplot_l3_10.asl"": 151, ""director_subplot_l4_20.asl"": 129, ""director_subplot_l4_21.asl"": 129, ""director_subplot_l4_22.asl"": 129, ""director_subplot_l4_23.asl"": 129, ""director_subplot_l3_11.asl"": 151, ""director_subplot_l4_24.asl"": 129, ""director_subplot_l4_25.asl"": 129, ""director_subplot_l4_26.asl"": 129, ""director_subplot_l4_27.asl"": 129, ""director_subplot_l2_5.asl"": 151, ""director_subplot_l3_28.asl"": 151, ""director_subplot_l4_32.asl"": 129, ""director_subplot_l4_33.asl"": 129, ""director_subplot_l4_34.asl"": 129, ""director_subplot_l4_35.asl"": 129, ""director_subplot_l3_29.asl"": 151, ""director_subplot_l4_36.asl"": 129, ""director_subplot_l4_37.asl"": 129, ""director_subplot_l4_38.asl"": 129, ""director_subplot_l4_39.asl"": 129, ""director_subplot_l3_30.asl"": 151, ""director_subplot_l4_40.asl"": 129, ""director_subplot_l4_41.asl"": 129, ""director_subplot_l4_42.asl"": 129, ""director_subplot_l4_43.asl"": 129, ""director_subplot_l3_31.asl"": 151, ""director_subplot_l4_44.asl"": 129, ""director_subplot_l4_45.asl"": 129, ""director_subplot_l4_46.asl"": 129, ""director_subplot_l4_47.asl"": 129, ""director_subplot_l2_6.asl"": 151, ""director_subplot_l3_48.asl"": 151, ""director_subplot_l4_52.asl"": 129, ""director_subplot_l4_53.asl"": 129, ""director_subplot_l4_54.asl"": 129, ""director_subplot_l4_55.asl"": 129, ""director_subplot_l3_49.asl"": 151, ""director_subplot_l4_56.asl"": 129, ""director_subplot_l4_57.asl"": 129, ""director_subplot_l4_58.asl"": 129, ""director_subplot_l4_59.asl"": 129, ""director_subplot_l3_50.asl"": 151, ""director_subplot_l4_60.asl"": 129, ""director_subplot_l4_61.asl"": 129, ""director_subplot_l4_62.asl"": 129, ""director_subplot_l4_63.asl"": 129, ""director_subplot_l3_51.asl"": 151, ""director_subplot_l4_64.asl"": 129, ""director_subplot_l4_65.asl"": 129, ""director_subplot_l4_66.asl"": 129, ""director_subplot_l4_67.asl"": 129, ""director_subplot_l2_7.asl"": 151, ""director_subplot_l3_68.asl"": 151, ""director_subplot_l4_72.asl"": 129, ""director_subplot_l4_73.asl"": 129, ""director_subplot_l4_74.asl"": 129, ""director_subplot_l4_75.asl"": 129, ""director_subplot_l3_69.asl"": 151, ""director_subplot_l4_76.asl"": 129, ""director_subplot_l4_77.asl"": 129, ""director_subplot_l4_78.asl"": 129, ""director_subplot_l4_79.asl"": 129, ""director_subplot_l3_70.asl"": 151, ""director_subplot_l4_80.asl"": 129, ""director_subplot_l4_81.asl"": 129, ""director_subplot_l4_82.asl"": 129, ""director_subplot_l4_83.asl"": 129, ""director_subplot_l3_71.asl"": 151, ""director_subplot_l4_84.asl"": 129, ""director_subplot_l4_85.asl"": 129, ""director_subplot_l4_86.asl"": 129, ""director_subplot_l4_87.asl"": 129, ""director_subplot_l1_1.asl"": 151, ""director_subplot_l2_88.asl"": 151, ""director_subplot_l3_92.asl"": 151, ""director_subplot_l4_96.asl"": 129, ""director_subplot_l4_97.asl"": 129, ""director_subplot_l4_98.asl"": 129, ""director_subplot_l4_99.asl"": 129, ""director_subplot_l3_93.asl"": 151, ""director_subplot_l4_100.asl"": 129, ""director_subplot_l4_101.asl"": 129, ""director_subplot_l4_102.asl"": 129, ""director_subplot_l4_103.asl"": 129, ""director_subplot_l3_94.asl"": 151, ""director_subplot_l4_104.asl"": 129, ""director_subplot_l4_105.asl"": 129, ""director_subplot_l4_106.asl"": 129, ""director_subplot_l4_107.asl"": 129, ""director_subplot_l3_95.asl"": 151, ""director_subplot_l4_108.asl"": 129, ""director_subplot_l4_109.asl"": 129, ""director_subplot_l4_110.asl"": 129, ""director_subplot_l4_111.asl"": 129, ""director_subplot_l2_89.asl"": 151, ""director_subplot_l3_112.asl"": 151, ""director_subplot_l4_116.asl"": 129, ""director_subplot_l4_117.asl"": 129, ""director_subplot_l4_118.asl"": 129, ""director_subplot_l4_119.asl"": 129, ""director_subplot_l3_113.asl"": 151, ""director_subplot_l4_120.asl"": 129, ""director_subplot_l4_121.asl"": 129, ""director_subplot_l4_122.asl"": 129, ""director_subplot_l4_123.asl"": 129, ""director_subplot_l3_114.asl"": 151, ""director_subplot_l4_124.asl"": 129, ""director_subplot_l4_125.asl"": 129, ""director_subplot_l4_126.asl"": 129, ""director_subplot_l4_127.asl"": 129, ""director_subplot_l3_115.asl"": 151, ""director_subplot_l4_128.asl"": 129, ""director_subplot_l4_129.asl"": 129, ""director_subplot_l4_130.asl"": 129, ""director_subplot_l4_131.asl"": 129, ""director_subplot_l2_90.asl"": 151, ""director_subplot_l3_132.asl"": 151, ""director_subplot_l4_136.asl"": 129, ""director_subplot_l4_137.asl"": 129, ""director_subplot_l4_138.asl"": 129, ""director_subplot_l4_139.asl"": 129, ""director_subplot_l3_133.asl"": 151, ""director_subplot_l4_140.asl"": 129, ""director_subplot_l4_141.asl"": 129, ""director_subplot_l4_142.asl"": 129, ""director_subplot_l4_143.asl"": 129, ""director_subplot_l3_134.asl"": 151, ""director_subplot_l4_144.asl"": 129, ""director_subplot_l4_145.asl"": 129, ""director_subplot_l4_146.asl"": 129, ""director_subplot_l4_147.asl"": 129, ""director_subplot_l3_135.asl"": 151, ""director_subplot_l4_148.asl"": 129, ""director_subplot_l4_149.asl"": 129, ""director_subplot_l4_150.asl"": 129, ""director_subplot_l4_151.asl"": 129, ""director_subplot_l2_91.asl"": 151, ""director_subplot_l3_152.asl"": 151, ""director_subplot_l4_156.asl"": 129, ""director_subplot_l4_157.asl"": 129, ""director_subplot_l4_158.asl"": 129, ""director_subplot_l4_159.asl"": 129, ""director_subplot_l3_153.asl"": 151, ""director_subplot_l4_160.asl"": 129, ""director_subplot_l4_161.asl"": 129, ""director_subplot_l4_162.asl"": 129, ""director_subplot_l4_163.asl"": 129, ""director_subplot_l3_154.asl"": 151, ""director_subplot_l4_164.asl"": 129, ""director_subplot_l4_165.asl"": 129, ""director_subplot_l4_166.asl"": 129, ""director_subplot_l4_167.asl"": 129, ""director_subplot_l3_155.asl"": 151, ""director_subplot_l4_168.asl"": 129, ""director_subplot_l4_169.asl"": 129, ""director_subplot_l4_170.asl"": 129, ""director_subplot_l4_171.asl"": 129, ""director_subplot_l1_2.asl"": 151, ""director_subplot_l2_172.asl"": 151, ""director_subplot_l3_176.asl"": 151, ""director_subplot_l4_180.asl"": 129, ""director_subplot_l4_181.asl"": 129, ""director_subplot_l4_182.asl"": 129, ""director_subplot_l4_183.asl"": 129, ""director_subplot_l3_177.asl"": 151, ""director_subplot_l4_184.asl"": 129, ""director_subplot_l4_185.asl"": 129, ""director_subplot_l4_186.asl"": 129, ""director_subplot_l4_187.asl"": 129, ""director_subplot_l3_178.asl"": 151, ""director_subplot_l4_188.asl"": 129, ""director_subplot_l4_189.asl"": 129, ""director_subplot_l4_190.asl"": 129, ""director_subplot_l4_191.asl"": 129, ""director_subplot_l3_179.asl"": 151, ""director_subplot_l4_192.asl"": 129, ""director_subplot_l4_193.asl"": 129, ""director_subplot_l4_194.asl"": 129, ""director_subplot_l4_195.asl"": 129, ""director_subplot_l2_173.asl"": 151, ""director_subplot_l3_196.asl"": 151, ""director_subplot_l4_200.asl"": 129, ""director_subplot_l4_201.asl"": 129, ""director_subplot_l4_202.asl"": 129, ""director_subplot_l4_203.asl"": 129, ""director_subplot_l3_197.asl"": 151, ""director_subplot_l4_204.asl"": 129, ""director_subplot_l4_205.asl"": 129, ""director_subplot_l4_206.asl"": 129, ""director_subplot_l4_207.asl"": 129, ""director_subplot_l3_198.asl"": 151, ""director_subplot_l4_208.asl"": 129, ""director_subplot_l4_209.asl"": 129, ""director_subplot_l4_210.asl"": 129, ""director_subplot_l4_211.asl"": 129, ""director_subplot_l3_199.asl"": 151, ""director_subplot_l4_212.asl"": 129, ""director_subplot_l4_213.asl"": 129, ""director_subplot_l4_214.asl"": 129, ""director_subplot_l4_215.asl"": 129, ""director_subplot_l2_174.asl"": 151, ""director_subplot_l3_216.asl"": 151, ""director_subplot_l4_220.asl"": 129, ""director_subplot_l4_221.asl"": 129, ""director_subplot_l4_222.asl"": 129, ""director_subplot_l4_223.asl"": 129, ""director_subplot_l3_217.asl"": 151, ""director_subplot_l4_224.asl"": 129, ""director_subplot_l4_225.asl"": 129, ""director_subplot_l4_226.asl"": 129, ""director_subplot_l4_227.asl"": 129, ""director_subplot_l3_218.asl"": 151, ""director_subplot_l4_228.asl"": 129, ""director_subplot_l4_229.asl"": 129, ""director_subplot_l4_230.asl"": 129, ""director_subplot_l4_231.asl"": 129, ""director_subplot_l3_219.asl"": 151, ""director_subplot_l4_232.asl"": 129, ""director_subplot_l4_233.asl"": 129, ""director_subplot_l4_234.asl"": 129, ""director_subplot_l4_235.asl"": 129, ""director_subplot_l2_175.asl"": 151, ""director_subplot_l3_236.asl"": 151, ""director_subplot_l4_240.asl"": 129, ""director_subplot_l4_241.asl"": 129, ""director_subplot_l4_242.asl"": 129, ""director_subplot_l4_243.asl"": 129, ""director_subplot_l3_237.asl"": 151, ""director_subplot_l4_244.asl"": 129, ""director_subplot_l4_245.asl"": 129, ""director_subplot_l4_246.asl"": 129, ""director_subplot_l4_247.asl"": 129, ""director_subplot_l3_238.asl"": 151, ""director_subplot_l4_248.asl"": 129, ""director_subplot_l4_249.asl"": 129, ""director_subplot_l4_250.asl"": 129, ""director_subplot_l4_251.asl"": 129, ""director_subplot_l3_239.asl"": 151, ""director_subplot_l4_252.asl"": 129, ""director_subplot_l4_253.asl"": 129, ""director_subplot_l4_254.asl"": 129, ""director_subplot_l4_255.asl"": 129, ""director_subplot_l1_3.asl"": 151, ""director_subplot_l2_256.asl"": 151, ""director_subplot_l3_260.asl"": 151, ""director_subplot_l4_264.asl"": 129, ""director_subplot_l4_265.asl"": 129, ""director_subplot_l4_266.asl"": 129, ""director_subplot_l4_267.asl"": 129, ""director_subplot_l3_261.asl"": 151, ""director_subplot_l4_268.asl"": 129, ""director_subplot_l4_269.asl"": 129, ""director_subplot_l4_270.asl"": 129, ""director_subplot_l4_271.asl"": 129, ""director_subplot_l3_262.asl"": 151, ""director_subplot_l4_272.asl"": 129, ""director_subplot_l4_273.asl"": 129, ""director_subplot_l4_274.asl"": 129, ""director_subplot_l4_275.asl"": 129, ""director_subplot_l3_263.asl"": 151, ""director_subplot_l4_276.asl"": 129, ""director_subplot_l4_277.asl"": 129, ""director_subplot_l4_278.asl"": 129, ""director_subplot_l4_279.asl"": 129, ""director_subplot_l2_257.asl"": 151, ""director_subplot_l3_280.asl"": 151, ""director_subplot_l4_284.asl"": 129, ""director_subplot_l4_285.asl"": 129, ""director_subplot_l4_286.asl"": 129, ""director_subplot_l4_287.asl"": 129, ""director_subplot_l3_281.asl"": 151, ""director_subplot_l4_288.asl"": 129, ""director_subplot_l4_289.asl"": 129, ""director_subplot_l4_290.asl"": 129, ""director_subplot_l4_291.asl"": 129, ""director_subplot_l3_282.asl"": 151, ""director_subplot_l4_292.asl"": 129, ""director_subplot_l4_293.asl"": 129, ""director_subplot_l4_294.asl"": 129, ""director_subplot_l4_295.asl"": 129, ""director_subplot_l3_283.asl"": 151, ""director_subplot_l4_296.asl"": 129, ""director_subplot_l4_297.asl"": 129, ""director_subplot_l4_298.asl"": 129, ""director_subplot_l4_299.asl"": 129, ""director_subplot_l2_258.asl"": 151, ""director_subplot_l3_300.asl"": 151, ""director_subplot_l4_304.asl"": 129, ""director_subplot_l4_305.asl"": 129, ""director_subplot_l4_306.asl"": 129, ""director_subplot_l4_307.asl"": 129, ""director_subplot_l3_301.asl"": 151, ""director_subplot_l4_308.asl"": 129, ""director_subplot_l4_309.asl"": 129, ""director_subplot_l4_310.asl"": 129, ""director_subplot_l4_311.asl"": 129, ""director_subplot_l3_302.asl"": 151, ""director_subplot_l4_312.asl"": 129, ""director_subplot_l4_313.asl"": 129, ""director_subplot_l4_314.asl"": 129, ""director_subplot_l4_315.asl"": 129, ""director_subplot_l3_303.asl"": 151, ""director_subplot_l4_316.asl"": 129, ""director_subplot_l4_317.asl"": 129, ""director_subplot_l4_318.asl"": 129, ""director_subplot_l4_319.asl"": 129, ""director_subplot_l2_259.asl"": 151, ""director_subplot_l3_320.asl"": 151, ""director_subplot_l4_324.asl"": 129, ""director_subplot_l4_325.asl"": 129, ""director_subplot_l4_326.asl"": 129, ""director_subplot_l4_327.asl"": 129, ""director_subplot_l3_321.asl"": 151, ""director_subplot_l4_328.asl"": 129, ""director_subplot_l4_329.asl"": 129, ""director_subplot_l4_330.asl"": 129, ""director_subplot_l4_331.asl"": 129, ""director_subplot_l3_322.asl"": 151, ""director_subplot_l4_332.asl"": 129, ""director_subplot_l4_333.asl"": 129, ""director_subplot_l4_334.asl"": 129, ""director_subplot_l4_335.asl"": 129, ""director_subplot_l3_323.asl"": 151, ""director_subplot_l4_336.asl"": 129, ""director_subplot_l4_337.asl"": 129, ""director_subplot_l4_338.asl"": 129, ""director_subplot_l4_339.asl"": 129, ""role_mainplot_role0.asl"": 34, ""role_mainplot_role1.asl"": 34, ""role_mainplot_role2.asl"": 34, ""role_mainplot_role3.asl"": 34, ""role_mainplot_role4.asl"": 34, ""role_mainplot_role5.asl"": 34, ""role_mainplot_role6.asl"": 34, ""role_mainplot_role7.asl"": 34, ""role_mainplot_role8.asl"": 34, ""role_mainplot_role9.asl"": 34, ""role_mainplot_role10.asl"": 34, ""role_mainplot_role11.asl"": 34, ""role_mainplot_role12.asl"": 34, ""role_mainplot_role13.asl"": 34, ""role_mainplot_role14.asl"": 34, ""role_mainplot_role15.asl"": 34, ""role_mainplot_role16.asl"": 34, ""role_mainplot_role17.asl"": 34, ""role_mainplot_role18.asl"": 34, ""role_mainplot_role19.asl"": 34, ""role_mainplot_role20.asl"": 34, ""role_mainplot_role21.asl"": 34, ""role_mainplot_role22.asl"": 34, ""role_mainplot_role23.asl"": 34, ""role_mainplot_role24.asl"": 34, ""role_mainplot_role25.asl"": 34, ""role_mainplot_role26.asl"": 34, ""role_mainplot_role27.asl"": 34, ""role_mainplot_role28.asl"": 34, ""role_mainplot_role29.asl"": 34, ""role_mainplot_role30.asl"": 34, ""role_mainplot_role31.asl"": 34, ""role_mainplot_role32.asl"": 34, ""role_mainplot_role33.asl"": 34, ""role_mainplot_role34.asl"": 34, ""role_mainplot_role35.asl"": 34, ""role_mainplot_role36.asl"": 34, ""role_mainplot_role37.asl"": 34, ""role_mainplot_role38.asl"": 34, ""role_mainplot_role39.asl"": 34, ""role_mainplot_role40.asl"": 34, ""role_mainplot_role41.asl"": 34, ""role_mainplot_role42.asl"": 34, ""role_mainplot_role43.asl"": 34, ""role_mainplot_role44.asl"": 34, ""role_mainplot_role45.asl"": 34, ""role_mainplot_role46.asl"": 34, ""role_mainplot_role47.asl"": 34, ""role_mainplot_role48.asl"": 34, ""role_mainplot_role49.asl"": 34, ""role_mainplot_role50.asl"": 34, ""role_mainplot_role51.asl"": 34, ""role_mainplot_role52.asl"": 34, ""role_mainplot_role53.asl"": 34, ""role_mainplot_role54.asl"": 34, ""role_mainplot_role55.asl"": 34, ""role_mainplot_role56.asl"": 34, ""role_mainplot_role57.asl"": 34, ""role_mainplot_role58.asl"": 34, ""role_mainplot_role59.asl"": 34, ""role_mainplot_role60.asl"": 34, ""role_mainplot_role61.asl"": 34, ""role_mainplot_role62.asl"": 34, ""role_mainplot_role63.asl"": 34, ""role_mainplot_role64.asl"": 34, ""role_mainplot_role65.asl"": 34, ""role_mainplot_role66.asl"": 34, ""role_mainplot_role67.asl"": 34, ""role_mainplot_role68.asl"": 34, ""role_mainplot_role69.asl"": 34, ""role_mainplot_role70.asl"": 34, ""role_mainplot_role71.asl"": 34, ""role_mainplot_role72.asl"": 34, ""role_mainplot_role73.asl"": 34, ""role_mainplot_role74.asl"": 34, ""role_mainplot_role75.asl"": 34, ""role_mainplot_role76.asl"": 34, ""role_mainplot_role77.asl"": 34, ""role_mainplot_role78.asl"": 34, ""role_mainplot_role79.asl"": 34, ""role_mainplot_role80.asl"": 34, ""role_mainplot_role81.asl"": 34, ""role_mainplot_role82.asl"": 34, ""role_mainplot_role83.asl"": 34, ""role_mainplot_role84.asl"": 34, ""role_mainplot_role85.asl"": 34, ""role_mainplot_role86.asl"": 34, ""role_mainplot_role87.asl"": 34, ""role_mainplot_role88.asl"": 34, ""role_mainplot_role89.asl"": 34, ""role_mainplot_role90.asl"": 34, ""role_mainplot_role91.asl"": 34, ""role_mainplot_role92.asl"": 34, ""role_mainplot_role93.asl"": 34, ""role_mainplot_role94.asl"": 34, ""role_mainplot_role95.asl"": 34, ""role_mainplot_role96.asl"": 34, ""role_mainplot_role97.asl"": 34, ""role_mainplot_role98.asl"": 34, ""role_mainplot_role99.asl"": 34, ""role_subplot_l1_0_subrole.asl"": 29, ""role_subplot_l2_4_subrole.asl"": 29, ""role_subplot_l3_8_subrole.asl"": 29, ""role_subplot_l4_12_subrole.asl"": 29, ""role_subplot_l4_13_subrole.asl"": 29, ""role_subplot_l4_14_subrole.asl"": 29, ""role_subplot_l4_15_subrole.asl"": 29, ""role_subplot_l3_9_subrole.asl"": 29, ""role_subplot_l4_16_subrole.asl"": 29, ""role_subplot_l4_17_subrole.asl"": 29, ""role_subplot_l4_18_subrole.asl"": 29, ""role_subplot_l4_19_subrole.asl"": 29, ""role_subplot_l3_10_subrole.asl"": 29, ""role_subplot_l4_20_subrole.asl"": 29, ""role_subplot_l4_21_subrole.asl"": 29, ""role_subplot_l4_22_subrole.asl"": 29, ""role_subplot_l4_23_subrole.asl"": 29, ""role_subplot_l3_11_subrole.asl"": 29, ""role_subplot_l4_24_subrole.asl"": 29, ""role_subplot_l4_25_subrole.asl"": 29, ""role_subplot_l4_26_subrole.asl"": 29, ""role_subplot_l4_27_subrole.asl"": 29, ""role_subplot_l2_5_subrole.asl"": 29, ""role_subplot_l3_28_subrole.asl"": 29, ""role_subplot_l4_32_subrole.asl"": 29, ""role_subplot_l4_33_subrole.asl"": 29, ""role_subplot_l4_34_subrole.asl"": 29, ""role_subplot_l4_35_subrole.asl"": 29, ""role_subplot_l3_29_subrole.asl"": 29, ""role_subplot_l4_36_subrole.asl"": 29, ""role_subplot_l4_37_subrole.asl"": 29, ""role_subplot_l4_38_subrole.asl"": 29, ""role_subplot_l4_39_subrole.asl"": 29, ""role_subplot_l3_30_subrole.asl"": 29, ""role_subplot_l4_40_subrole.asl"": 29, ""role_subplot_l4_41_subrole.asl"": 29, ""role_subplot_l4_42_subrole.asl"": 29, ""role_subplot_l4_43_subrole.asl"": 29, ""role_subplot_l3_31_subrole.asl"": 29, ""role_subplot_l4_44_subrole.asl"": 29, ""role_subplot_l4_45_subrole.asl"": 29, ""role_subplot_l4_46_subrole.asl"": 29, ""role_subplot_l4_47_subrole.asl"": 29, ""role_subplot_l2_6_subrole.asl"": 29, ""role_subplot_l3_48_subrole.asl"": 29, ""role_subplot_l4_52_subrole.asl"": 29, ""role_subplot_l4_53_subrole.asl"": 29, ""role_subplot_l4_54_subrole.asl"": 29, ""role_subplot_l4_55_subrole.asl"": 29, ""role_subplot_l3_49_subrole.asl"": 29, ""role_subplot_l4_56_subrole.asl"": 29, ""role_subplot_l4_57_subrole.asl"": 29, ""role_subplot_l4_58_subrole.asl"": 29, ""role_subplot_l4_59_subrole.asl"": 29, ""role_subplot_l3_50_subrole.asl"": 29, ""role_subplot_l4_60_subrole.asl"": 29, ""role_subplot_l4_61_subrole.asl"": 29, ""role_subplot_l4_62_subrole.asl"": 29, ""role_subplot_l4_63_subrole.asl"": 29, ""role_subplot_l3_51_subrole.asl"": 29, ""role_subplot_l4_64_subrole.asl"": 29, ""role_subplot_l4_65_subrole.asl"": 29, ""role_subplot_l4_66_subrole.asl"": 29, ""role_subplot_l4_67_subrole.asl"": 29, ""role_subplot_l2_7_subrole.asl"": 29, ""role_subplot_l3_68_subrole.asl"": 29, ""role_subplot_l4_72_subrole.asl"": 29, ""role_subplot_l4_73_subrole.asl"": 29, ""role_subplot_l4_74_subrole.asl"": 29, ""role_subplot_l4_75_subrole.asl"": 29, ""role_subplot_l3_69_subrole.asl"": 29, ""role_subplot_l4_76_subrole.asl"": 29, ""role_subplot_l4_77_subrole.asl"": 29, ""role_subplot_l4_78_subrole.asl"": 29, ""role_subplot_l4_79_subrole.asl"": 29, ""role_subplot_l3_70_subrole.asl"": 29, ""role_subplot_l4_80_subrole.asl"": 29, ""role_subplot_l4_81_subrole.asl"": 29, ""role_subplot_l4_82_subrole.asl"": 29, ""role_subplot_l4_83_subrole.asl"": 29, ""role_subplot_l3_71_subrole.asl"": 29, ""role_subplot_l4_84_subrole.asl"": 29, ""role_subplot_l4_85_subrole.asl"": 29, ""role_subplot_l4_86_subrole.asl"": 29, ""role_subplot_l4_87_subrole.asl"": 29, ""role_subplot_l1_1_subrole.asl"": 29, ""role_subplot_l2_88_subrole.asl"": 29, ""role_subplot_l3_92_subrole.asl"": 29, ""role_subplot_l4_96_subrole.asl"": 29, ""role_subplot_l4_97_subrole.asl"": 29, ""role_subplot_l4_98_subrole.asl"": 29, ""role_subplot_l4_99_subrole.asl"": 29, ""role_subplot_l3_93_subrole.asl"": 29, ""role_subplot_l4_100_subrole.asl"": 29, ""role_subplot_l4_101_subrole.asl"": 29, ""role_subplot_l4_102_subrole.asl"": 29, ""role_subplot_l4_103_subrole.asl"": 29, ""role_subplot_l3_94_subrole.asl"": 29, ""role_subplot_l4_104_subrole.asl"": 29, ""role_subplot_l4_105_subrole.asl"": 29, ""role_subplot_l4_106_subrole.asl"": 29, ""role_subplot_l4_107_subrole.asl"": 29, ""role_subplot_l3_95_subrole.asl"": 29, ""role_subplot_l4_108_subrole.asl"": 29, ""role_subplot_l4_109_subrole.asl"": 29, ""role_subplot_l4_110_subrole.asl"": 29, ""role_subplot_l4_111_subrole.asl"": 29, ""role_subplot_l2_89_subrole.asl"": 29, ""role_subplot_l3_112_subrole.asl"": 29, ""role_subplot_l4_116_subrole.asl"": 29, ""role_subplot_l4_117_subrole.asl"": 29, ""role_subplot_l4_118_subrole.asl"": 29, ""role_subplot_l4_119_subrole.asl"": 29, ""role_subplot_l3_113_subrole.asl"": 29, ""role_subplot_l4_120_subrole.asl"": 29, ""role_subplot_l4_121_subrole.asl"": 29, ""role_subplot_l4_122_subrole.asl"": 29, ""role_subplot_l4_123_subrole.asl"": 29, ""role_subplot_l3_114_subrole.asl"": 29, ""role_subplot_l4_124_subrole.asl"": 29, ""role_subplot_l4_125_subrole.asl"": 29, ""role_subplot_l4_126_subrole.asl"": 29, ""role_subplot_l4_127_subrole.asl"": 29, ""role_subplot_l3_115_subrole.asl"": 29, ""role_subplot_l4_128_subrole.asl"": 29, ""role_subplot_l4_129_subrole.asl"": 29, ""role_subplot_l4_130_subrole.asl"": 29, ""role_subplot_l4_131_subrole.asl"": 29, ""role_subplot_l2_90_subrole.asl"": 29, ""role_subplot_l3_132_subrole.asl"": 29, ""role_subplot_l4_136_subrole.asl"": 29, ""role_subplot_l4_137_subrole.asl"": 29, ""role_subplot_l4_138_subrole.asl"": 29, ""role_subplot_l4_139_subrole.asl"": 29, ""role_subplot_l3_133_subrole.asl"": 29, ""role_subplot_l4_140_subrole.asl"": 29, ""role_subplot_l4_141_subrole.asl"": 29, ""role_subplot_l4_142_subrole.asl"": 29, ""role_subplot_l4_143_subrole.asl"": 29, ""role_subplot_l3_134_subrole.asl"": 29, ""role_subplot_l4_144_subrole.asl"": 29, ""role_subplot_l4_145_subrole.asl"": 29, ""role_subplot_l4_146_subrole.asl"": 29, ""role_subplot_l4_147_subrole.asl"": 29, ""role_subplot_l3_135_subrole.asl"": 29, ""role_subplot_l4_148_subrole.asl"": 29, ""role_subplot_l4_149_subrole.asl"": 29, ""role_subplot_l4_150_subrole.asl"": 29, ""role_subplot_l4_151_subrole.asl"": 29, ""role_subplot_l2_91_subrole.asl"": 29, ""role_subplot_l3_152_subrole.asl"": 29, ""role_subplot_l4_156_subrole.asl"": 29, ""role_subplot_l4_157_subrole.asl"": 29, ""role_subplot_l4_158_subrole.asl"": 29, ""role_subplot_l4_159_subrole.asl"": 29, ""role_subplot_l3_153_subrole.asl"": 29, ""role_subplot_l4_160_subrole.asl"": 29, ""role_subplot_l4_161_subrole.asl"": 29, ""role_subplot_l4_162_subrole.asl"": 29, ""role_subplot_l4_163_subrole.asl"": 29, ""role_subplot_l3_154_subrole.asl"": 29, ""role_subplot_l4_164_subrole.asl"": 29, ""role_subplot_l4_165_subrole.asl"": 29, ""role_subplot_l4_166_subrole.asl"": 29, ""role_subplot_l4_167_subrole.asl"": 29, ""role_subplot_l3_155_subrole.asl"": 29, ""role_subplot_l4_168_subrole.asl"": 29, ""role_subplot_l4_169_subrole.asl"": 29, ""role_subplot_l4_170_subrole.asl"": 29, ""role_subplot_l4_171_subrole.asl"": 29, ""role_subplot_l1_2_subrole.asl"": 29, ""role_subplot_l2_172_subrole.asl"": 29, ""role_subplot_l3_176_subrole.asl"": 29, ""role_subplot_l4_180_subrole.asl"": 29, ""role_subplot_l4_181_subrole.asl"": 29, ""role_subplot_l4_182_subrole.asl"": 29, ""role_subplot_l4_183_subrole.asl"": 29, ""role_subplot_l3_177_subrole.asl"": 29, ""role_subplot_l4_184_subrole.asl"": 29, ""role_subplot_l4_185_subrole.asl"": 29, ""role_subplot_l4_186_subrole.asl"": 29, ""role_subplot_l4_187_subrole.asl"": 29, ""role_subplot_l3_178_subrole.asl"": 29, ""role_subplot_l4_188_subrole.asl"": 29, ""role_subplot_l4_189_subrole.asl"": 29, ""role_subplot_l4_190_subrole.asl"": 29, ""role_subplot_l4_191_subrole.asl"": 29, ""role_subplot_l3_179_subrole.asl"": 29, ""role_subplot_l4_192_subrole.asl"": 29, ""role_subplot_l4_193_subrole.asl"": 29, ""role_subplot_l4_194_subrole.asl"": 29, ""role_subplot_l4_195_subrole.asl"": 29, ""role_subplot_l2_173_subrole.asl"": 29, ""role_subplot_l3_196_subrole.asl"": 29, ""role_subplot_l4_200_subrole.asl"": 29, ""role_subplot_l4_201_subrole.asl"": 29, ""role_subplot_l4_202_subrole.asl"": 29, ""role_subplot_l4_203_subrole.asl"": 29, ""role_subplot_l3_197_subrole.asl"": 29, ""role_subplot_l4_204_subrole.asl"": 29, ""role_subplot_l4_205_subrole.asl"": 29, ""role_subplot_l4_206_subrole.asl"": 29, ""role_subplot_l4_207_subrole.asl"": 29, ""role_subplot_l3_198_subrole.asl"": 29, ""role_subplot_l4_208_subrole.asl"": 29, ""role_subplot_l4_209_subrole.asl"": 29, ""role_subplot_l4_210_subrole.asl"": 29, ""role_subplot_l4_211_subrole.asl"": 29, ""role_subplot_l3_199_subrole.asl"": 29, ""role_subplot_l4_212_subrole.asl"": 29, ""role_subplot_l4_213_subrole.asl"": 29, ""role_subplot_l4_214_subrole.asl"": 29, ""role_subplot_l4_215_subrole.asl"": 29, ""role_subplot_l2_174_subrole.asl"": 29, ""role_subplot_l3_216_subrole.asl"": 29, ""role_subplot_l4_220_subrole.asl"": 29, ""role_subplot_l4_221_subrole.asl"": 29, ""role_subplot_l4_222_subrole.asl"": 29, ""role_subplot_l4_223_subrole.asl"": 29, ""role_subplot_l3_217_subrole.asl"": 29, ""role_subplot_l4_224_subrole.asl"": 29, ""role_subplot_l4_225_subrole.asl"": 29, ""role_subplot_l4_226_subrole.asl"": 29, ""role_subplot_l4_227_subrole.asl"": 29, ""role_subplot_l3_218_subrole.asl"": 29, ""role_subplot_l4_228_subrole.asl"": 29, ""role_subplot_l4_229_subrole.asl"": 29, ""role_subplot_l4_230_subrole.asl"": 29, ""role_subplot_l4_231_subrole.asl"": 29, ""role_subplot_l3_219_subrole.asl"": 29, ""role_subplot_l4_232_subrole.asl"": 29, ""role_subplot_l4_233_subrole.asl"": 29, ""role_subplot_l4_234_subrole.asl"": 29, ""role_subplot_l4_235_subrole.asl"": 29, ""role_subplot_l2_175_subrole.asl"": 29, ""role_subplot_l3_236_subrole.asl"": 29, ""role_subplot_l4_240_subrole.asl"": 29, ""role_subplot_l4_241_subrole.asl"": 29, ""role_subplot_l4_242_subrole.asl"": 29, ""role_subplot_l4_243_subrole.asl"": 29, ""role_subplot_l3_237_subrole.asl"": 29, ""role_subplot_l4_244_subrole.asl"": 29, ""role_subplot_l4_245_subrole.asl"": 29, ""role_subplot_l4_246_subrole.asl"": 29, ""role_subplot_l4_247_subrole.asl"": 29, ""role_subplot_l3_238_subrole.asl"": 29, ""role_subplot_l4_248_subrole.asl"": 29, ""role_subplot_l4_249_subrole.asl"": 29, ""role_subplot_l4_250_subrole.asl"": 29, ""role_subplot_l4_251_subrole.asl"": 29, ""role_subplot_l3_239_subrole.asl"": 29, ""role_subplot_l4_252_subrole.asl"": 29, ""role_subplot_l4_253_subrole.asl"": 29, ""role_subplot_l4_254_subrole.asl"": 29, ""role_subplot_l4_255_subrole.asl"": 29, ""role_subplot_l1_3_subrole.asl"": 29, ""role_subplot_l2_256_subrole.asl"": 29, ""role_subplot_l3_260_subrole.asl"": 29, ""role_subplot_l4_264_subrole.asl"": 29, ""role_subplot_l4_265_subrole.asl"": 29, ""role_subplot_l4_266_subrole.asl"": 29, ""role_subplot_l4_267_subrole.asl"": 29, ""role_subplot_l3_261_subrole.asl"": 29, ""role_subplot_l4_268_subrole.asl"": 29, ""role_subplot_l4_269_subrole.asl"": 29, ""role_subplot_l4_270_subrole.asl"": 29, ""role_subplot_l4_271_subrole.asl"": 29, ""role_subplot_l3_262_subrole.asl"": 29, ""role_subplot_l4_272_subrole.asl"": 29, ""role_subplot_l4_273_subrole.asl"": 29, ""role_subplot_l4_274_subrole.asl"": 29, ""role_subplot_l4_275_subrole.asl"": 29, ""role_subplot_l3_263_subrole.asl"": 29, ""role_subplot_l4_276_subrole.asl"": 29, ""role_subplot_l4_277_subrole.asl"": 29, ""role_subplot_l4_278_subrole.asl"": 29, ""role_subplot_l4_279_subrole.asl"": 29, ""role_subplot_l2_257_subrole.asl"": 29, ""role_subplot_l3_280_subrole.asl"": 29, ""role_subplot_l4_284_subrole.asl"": 29, ""role_subplot_l4_285_subrole.asl"": 29, ""role_subplot_l4_286_subrole.asl"": 29, ""role_subplot_l4_287_subrole.asl"": 29, ""role_subplot_l3_281_subrole.asl"": 29, ""role_subplot_l4_288_subrole.asl"": 29, ""role_subplot_l4_289_subrole.asl"": 29, ""role_subplot_l4_290_subrole.asl"": 29, ""role_subplot_l4_291_subrole.asl"": 29, ""role_subplot_l3_282_subrole.asl"": 29, ""role_subplot_l4_292_subrole.asl"": 29, ""role_subplot_l4_293_subrole.asl"": 29, ""role_subplot_l4_294_subrole.asl"": 29, ""role_subplot_l4_295_subrole.asl"": 29, ""role_subplot_l3_283_subrole.asl"": 29, ""role_subplot_l4_296_subrole.asl"": 29, ""role_subplot_l4_297_subrole.asl"": 29, ""role_subplot_l4_298_subrole.asl"": 29, ""role_subplot_l4_299_subrole.asl"": 29, ""role_subplot_l2_258_subrole.asl"": 29, ""role_subplot_l3_300_subrole.asl"": 29, ""role_subplot_l4_304_subrole.asl"": 29, ""role_subplot_l4_305_subrole.asl"": 29, ""role_subplot_l4_306_subrole.asl"": 29, ""role_subplot_l4_307_subrole.asl"": 29, ""role_subplot_l3_301_subrole.asl"": 29, ""role_subplot_l4_308_subrole.asl"": 29, ""role_subplot_l4_309_subrole.asl"": 29, ""role_subplot_l4_310_subrole.asl"": 29, ""role_subplot_l4_311_subrole.asl"": 29, ""role_subplot_l3_302_subrole.asl"": 29, ""role_subplot_l4_312_subrole.asl"": 29, ""role_subplot_l4_313_subrole.asl"": 29, ""role_subplot_l4_314_subrole.asl"": 29, ""role_subplot_l4_315_subrole.asl"": 29, ""role_subplot_l3_303_subrole.asl"": 29, ""role_subplot_l4_316_subrole.asl"": 29, ""role_subplot_l4_317_subrole.asl"": 29, ""role_subplot_l4_318_subrole.asl"": 29, ""role_subplot_l4_319_subrole.asl"": 29, ""role_subplot_l2_259_subrole.asl"": 29, ""role_subplot_l3_320_subrole.asl"": 29, ""role_subplot_l4_324_subrole.asl"": 29, ""role_subplot_l4_325_subrole.asl"": 29, ""role_subplot_l4_326_subrole.asl"": 29, ""role_subplot_l4_327_subrole.asl"": 29, ""role_subplot_l3_321_subrole.asl"": 29, ""role_subplot_l4_328_subrole.asl"": 29, ""role_subplot_l4_329_subrole.asl"": 29, ""role_subplot_l4_330_subrole.asl"": 29, ""role_subplot_l4_331_subrole.asl"": 29, ""role_subplot_l3_322_subrole.asl"": 29, ""role_subplot_l4_332_subrole.asl"": 29, ""role_subplot_l4_333_subrole.asl"": 29, ""role_subplot_l4_334_subrole.asl"": 29, ""role_subplot_l4_335_subrole.asl"": 29, ""role_subplot_l3_323_subrole.asl"": 29, ""role_subplot_l4_336_subrole.asl"": 29, ""role_subplot_l4_337_subrole.asl"": 29, ""role_subplot_l4_338_subrole.asl"": 29, ""role_subplot_l4_339_subrole.asl"": 29}",8.036972304382898,0.2653210990029038,0.010255233999487245,9.793965339660645,True,7,0
interaction_worst_case_multipliers,29,Linux 7.2.3-arch1-2,x86_64,24,30.44,3.14.7,10,10,5,2,2,1,2,100,2,4,4,42,7438,146009,783,59779,"{""playbook_playbook0.asl"": 26, ""playbook_playbook1.asl"": 26, ""director_mainplot.asl"": 759, ""director_subplot_l1_0.asl"": 151, ""director_subplot_l2_4.asl"": 151, ""director_subplot_l3_8.asl"": 151, ""director_subplot_l4_12.asl"": 129, ""director_subplot_l4_13.asl"": 129, ""director_subplot_l4_14.asl"": 129, ""director_subplot_l4_15.asl"": 129, ""director_subplot_l3_9.asl"": 151, ""director_subplot_l4_16.asl"": 129, ""director_subplot_l4_17.asl"": 129, ""director_subplot_l4_18.asl"": 129, ""director_subplot_l4_19.asl"": 129, ""director_subplot_l3_10.asl"": 151, ""director_subplot_l4_20.asl"": 129, ""director_subplot_l4_21.asl"": 129, ""director_subplot_l4_22.asl"": 129, ""director_subplot_l4_23.asl"": 129, ""director_subplot_l3_11.asl"": 151, ""director_subplot_l4_24.asl"": 129, ""director_subplot_l4_25.asl"": 129, ""director_subplot_l4_26.asl"": 129, ""director_subplot_l4_27.asl"": 129, ""director_subplot_l2_5.asl"": 151, ""director_subplot_l3_28.asl"": 151, ""director_subplot_l4_32.asl"": 129, ""director_subplot_l4_33.asl"": 129, ""director_subplot_l4_34.asl"": 129, ""director_subplot_l4_35.asl"": 129, ""director_subplot_l3_29.asl"": 151, ""director_subplot_l4_36.asl"": 129, ""director_subplot_l4_37.asl"": 129, ""director_subplot_l4_38.asl"": 129, ""director_subplot_l4_39.asl"": 129, ""director_subplot_l3_30.asl"": 151, ""director_subplot_l4_40.asl"": 129, ""director_subplot_l4_41.asl"": 129, ""director_subplot_l4_42.asl"": 129, ""director_subplot_l4_43.asl"": 129, ""director_subplot_l3_31.asl"": 151, ""director_subplot_l4_44.asl"": 129, ""director_subplot_l4_45.asl"": 129, ""director_subplot_l4_46.asl"": 129, ""director_subplot_l4_47.asl"": 129, ""director_subplot_l2_6.asl"": 151, ""director_subplot_l3_48.asl"": 151, ""director_subplot_l4_52.asl"": 129, ""director_subplot_l4_53.asl"": 129, ""director_subplot_l4_54.asl"": 129, ""director_subplot_l4_55.asl"": 129, ""director_subplot_l3_49.asl"": 151, ""director_subplot_l4_56.asl"": 129, ""director_subplot_l4_57.asl"": 129, ""director_subplot_l4_58.asl"": 129, ""director_subplot_l4_59.asl"": 129, ""director_subplot_l3_50.asl"": 151, ""director_subplot_l4_60.asl"": 129, ""director_subplot_l4_61.asl"": 129, ""director_subplot_l4_62.asl"": 129, ""director_subplot_l4_63.asl"": 129, ""director_subplot_l3_51.asl"": 151, ""director_subplot_l4_64.asl"": 129, ""director_subplot_l4_65.asl"": 129, ""director_subplot_l4_66.asl"": 129, ""director_subplot_l4_67.asl"": 129, ""director_subplot_l2_7.asl"": 151, ""director_subplot_l3_68.asl"": 151, ""director_subplot_l4_72.asl"": 129, ""director_subplot_l4_73.asl"": 129, ""director_subplot_l4_74.asl"": 129, ""director_subplot_l4_75.asl"": 129, ""director_subplot_l3_69.asl"": 151, ""director_subplot_l4_76.asl"": 129, ""director_subplot_l4_77.asl"": 129, ""director_subplot_l4_78.asl"": 129, ""director_subplot_l4_79.asl"": 129, ""director_subplot_l3_70.asl"": 151, ""director_subplot_l4_80.asl"": 129, ""director_subplot_l4_81.asl"": 129, ""director_subplot_l4_82.asl"": 129, ""director_subplot_l4_83.asl"": 129, ""director_subplot_l3_71.asl"": 151, ""director_subplot_l4_84.asl"": 129, ""director_subplot_l4_85.asl"": 129, ""director_subplot_l4_86.asl"": 129, ""director_subplot_l4_87.asl"": 129, ""director_subplot_l1_1.asl"": 151, ""director_subplot_l2_88.asl"": 151, ""director_subplot_l3_92.asl"": 151, ""director_subplot_l4_96.asl"": 129, ""director_subplot_l4_97.asl"": 129, ""director_subplot_l4_98.asl"": 129, ""director_subplot_l4_99.asl"": 129, ""director_subplot_l3_93.asl"": 151, ""director_subplot_l4_100.asl"": 129, ""director_subplot_l4_101.asl"": 129, ""director_subplot_l4_102.asl"": 129, ""director_subplot_l4_103.asl"": 129, ""director_subplot_l3_94.asl"": 151, ""director_subplot_l4_104.asl"": 129, ""director_subplot_l4_105.asl"": 129, ""director_subplot_l4_106.asl"": 129, ""director_subplot_l4_107.asl"": 129, ""director_subplot_l3_95.asl"": 151, ""director_subplot_l4_108.asl"": 129, ""director_subplot_l4_109.asl"": 129, ""director_subplot_l4_110.asl"": 129, ""director_subplot_l4_111.asl"": 129, ""director_subplot_l2_89.asl"": 151, ""director_subplot_l3_112.asl"": 151, ""director_subplot_l4_116.asl"": 129, ""director_subplot_l4_117.asl"": 129, ""director_subplot_l4_118.asl"": 129, ""director_subplot_l4_119.asl"": 129, ""director_subplot_l3_113.asl"": 151, ""director_subplot_l4_120.asl"": 129, ""director_subplot_l4_121.asl"": 129, ""director_subplot_l4_122.asl"": 129, ""director_subplot_l4_123.asl"": 129, ""director_subplot_l3_114.asl"": 151, ""director_subplot_l4_124.asl"": 129, ""director_subplot_l4_125.asl"": 129, ""director_subplot_l4_126.asl"": 129, ""director_subplot_l4_127.asl"": 129, ""director_subplot_l3_115.asl"": 151, ""director_subplot_l4_128.asl"": 129, ""director_subplot_l4_129.asl"": 129, ""director_subplot_l4_130.asl"": 129, ""director_subplot_l4_131.asl"": 129, ""director_subplot_l2_90.asl"": 151, ""director_subplot_l3_132.asl"": 151, ""director_subplot_l4_136.asl"": 129, ""director_subplot_l4_137.asl"": 129, ""director_subplot_l4_138.asl"": 129, ""director_subplot_l4_139.asl"": 129, ""director_subplot_l3_133.asl"": 151, ""director_subplot_l4_140.asl"": 129, ""director_subplot_l4_141.asl"": 129, ""director_subplot_l4_142.asl"": 129, ""director_subplot_l4_143.asl"": 129, ""director_subplot_l3_134.asl"": 151, ""director_subplot_l4_144.asl"": 129, ""director_subplot_l4_145.asl"": 129, ""director_subplot_l4_146.asl"": 129, ""director_subplot_l4_147.asl"": 129, ""director_subplot_l3_135.asl"": 151, ""director_subplot_l4_148.asl"": 129, ""director_subplot_l4_149.asl"": 129, ""director_subplot_l4_150.asl"": 129, ""director_subplot_l4_151.asl"": 129, ""director_subplot_l2_91.asl"": 151, ""director_subplot_l3_152.asl"": 151, ""director_subplot_l4_156.asl"": 129, ""director_subplot_l4_157.asl"": 129, ""director_subplot_l4_158.asl"": 129, ""director_subplot_l4_159.asl"": 129, ""director_subplot_l3_153.asl"": 151, ""director_subplot_l4_160.asl"": 129, ""director_subplot_l4_161.asl"": 129, ""director_subplot_l4_162.asl"": 129, ""director_subplot_l4_163.asl"": 129, ""director_subplot_l3_154.asl"": 151, ""director_subplot_l4_164.asl"": 129, ""director_subplot_l4_165.asl"": 129, ""director_subplot_l4_166.asl"": 129, ""director_subplot_l4_167.asl"": 129, ""director_subplot_l3_155.asl"": 151, ""director_subplot_l4_168.asl"": 129, ""director_subplot_l4_169.asl"": 129, ""director_subplot_l4_170.asl"": 129, ""director_subplot_l4_171.asl"": 129, ""director_subplot_l1_2.asl"": 151, ""director_subplot_l2_172.asl"": 151, ""director_subplot_l3_176.asl"": 151, ""director_subplot_l4_180.asl"": 129, ""director_subplot_l4_181.asl"": 129, ""director_subplot_l4_182.asl"": 129, ""director_subplot_l4_183.asl"": 129, ""director_subplot_l3_177.asl"": 151, ""director_subplot_l4_184.asl"": 129, ""director_subplot_l4_185.asl"": 129, ""director_subplot_l4_186.asl"": 129, ""director_subplot_l4_187.asl"": 129, ""director_subplot_l3_178.asl"": 151, ""director_subplot_l4_188.asl"": 129, ""director_subplot_l4_189.asl"": 129, ""director_subplot_l4_190.asl"": 129, ""director_subplot_l4_191.asl"": 129, ""director_subplot_l3_179.asl"": 151, ""director_subplot_l4_192.asl"": 129, ""director_subplot_l4_193.asl"": 129, ""director_subplot_l4_194.asl"": 129, ""director_subplot_l4_195.asl"": 129, ""director_subplot_l2_173.asl"": 151, ""director_subplot_l3_196.asl"": 151, ""director_subplot_l4_200.asl"": 129, ""director_subplot_l4_201.asl"": 129, ""director_subplot_l4_202.asl"": 129, ""director_subplot_l4_203.asl"": 129, ""director_subplot_l3_197.asl"": 151, ""director_subplot_l4_204.asl"": 129, ""director_subplot_l4_205.asl"": 129, ""director_subplot_l4_206.asl"": 129, ""director_subplot_l4_207.asl"": 129, ""director_subplot_l3_198.asl"": 151, ""director_subplot_l4_208.asl"": 129, ""director_subplot_l4_209.asl"": 129, ""director_subplot_l4_210.asl"": 129, ""director_subplot_l4_211.asl"": 129, ""director_subplot_l3_199.asl"": 151, ""director_subplot_l4_212.asl"": 129, ""director_subplot_l4_213.asl"": 129, ""director_subplot_l4_214.asl"": 129, ""director_subplot_l4_215.asl"": 129, ""director_subplot_l2_174.asl"": 151, ""director_subplot_l3_216.asl"": 151, ""director_subplot_l4_220.asl"": 129, ""director_subplot_l4_221.asl"": 129, ""director_subplot_l4_222.asl"": 129, ""director_subplot_l4_223.asl"": 129, ""director_subplot_l3_217.asl"": 151, ""director_subplot_l4_224.asl"": 129, ""director_subplot_l4_225.asl"": 129, ""director_subplot_l4_226.asl"": 129, ""director_subplot_l4_227.asl"": 129, ""director_subplot_l3_218.asl"": 151, ""director_subplot_l4_228.asl"": 129, ""director_subplot_l4_229.asl"": 129, ""director_subplot_l4_230.asl"": 129, ""director_subplot_l4_231.asl"": 129, ""director_subplot_l3_219.asl"": 151, ""director_subplot_l4_232.asl"": 129, ""director_subplot_l4_233.asl"": 129, ""director_subplot_l4_234.asl"": 129, ""director_subplot_l4_235.asl"": 129, ""director_subplot_l2_175.asl"": 151, ""director_subplot_l3_236.asl"": 151, ""director_subplot_l4_240.asl"": 129, ""director_subplot_l4_241.asl"": 129, ""director_subplot_l4_242.asl"": 129, ""director_subplot_l4_243.asl"": 129, ""director_subplot_l3_237.asl"": 151, ""director_subplot_l4_244.asl"": 129, ""director_subplot_l4_245.asl"": 129, ""director_subplot_l4_246.asl"": 129, ""director_subplot_l4_247.asl"": 129, ""director_subplot_l3_238.asl"": 151, ""director_subplot_l4_248.asl"": 129, ""director_subplot_l4_249.asl"": 129, ""director_subplot_l4_250.asl"": 129, ""director_subplot_l4_251.asl"": 129, ""director_subplot_l3_239.asl"": 151, ""director_subplot_l4_252.asl"": 129, ""director_subplot_l4_253.asl"": 129, ""director_subplot_l4_254.asl"": 129, ""director_subplot_l4_255.asl"": 129, ""director_subplot_l1_3.asl"": 151, ""director_subplot_l2_256.asl"": 151, ""director_subplot_l3_260.asl"": 151, ""director_subplot_l4_264.asl"": 129, ""director_subplot_l4_265.asl"": 129, ""director_subplot_l4_266.asl"": 129, ""director_subplot_l4_267.asl"": 129, ""director_subplot_l3_261.asl"": 151, ""director_subplot_l4_268.asl"": 129, ""director_subplot_l4_269.asl"": 129, ""director_subplot_l4_270.asl"": 129, ""director_subplot_l4_271.asl"": 129, ""director_subplot_l3_262.asl"": 151, ""director_subplot_l4_272.asl"": 129, ""director_subplot_l4_273.asl"": 129, ""director_subplot_l4_274.asl"": 129, ""director_subplot_l4_275.asl"": 129, ""director_subplot_l3_263.asl"": 151, ""director_subplot_l4_276.asl"": 129, ""director_subplot_l4_277.asl"": 129, ""director_subplot_l4_278.asl"": 129, ""director_subplot_l4_279.asl"": 129, ""director_subplot_l2_257.asl"": 151, ""director_subplot_l3_280.asl"": 151, ""director_subplot_l4_284.asl"": 129, ""director_subplot_l4_285.asl"": 129, ""director_subplot_l4_286.asl"": 129, ""director_subplot_l4_287.asl"": 129, ""director_subplot_l3_281.asl"": 151, ""director_subplot_l4_288.asl"": 129, ""director_subplot_l4_289.asl"": 129, ""director_subplot_l4_290.asl"": 129, ""director_subplot_l4_291.asl"": 129, ""director_subplot_l3_282.asl"": 151, ""director_subplot_l4_292.asl"": 129, ""director_subplot_l4_293.asl"": 129, ""director_subplot_l4_294.asl"": 129, ""director_subplot_l4_295.asl"": 129, ""director_subplot_l3_283.asl"": 151, ""director_subplot_l4_296.asl"": 129, ""director_subplot_l4_297.asl"": 129, ""director_subplot_l4_298.asl"": 129, ""director_subplot_l4_299.asl"": 129, ""director_subplot_l2_258.asl"": 151, ""director_subplot_l3_300.asl"": 151, ""director_subplot_l4_304.asl"": 129, ""director_subplot_l4_305.asl"": 129, ""director_subplot_l4_306.asl"": 129, ""director_subplot_l4_307.asl"": 129, ""director_subplot_l3_301.asl"": 151, ""director_subplot_l4_308.asl"": 129, ""director_subplot_l4_309.asl"": 129, ""director_subplot_l4_310.asl"": 129, ""director_subplot_l4_311.asl"": 129, ""director_subplot_l3_302.asl"": 151, ""director_subplot_l4_312.asl"": 129, ""director_subplot_l4_313.asl"": 129, ""director_subplot_l4_314.asl"": 129, ""director_subplot_l4_315.asl"": 129, ""director_subplot_l3_303.asl"": 151, ""director_subplot_l4_316.asl"": 129, ""director_subplot_l4_317.asl"": 129, ""director_subplot_l4_318.asl"": 129, ""director_subplot_l4_319.asl"": 129, ""director_subplot_l2_259.asl"": 151, ""director_subplot_l3_320.asl"": 151, ""director_subplot_l4_324.asl"": 129, ""director_subplot_l4_325.asl"": 129, ""director_subplot_l4_326.asl"": 129, ""director_subplot_l4_327.asl"": 129, ""director_subplot_l3_321.asl"": 151, ""director_subplot_l4_328.asl"": 129, ""director_subplot_l4_329.asl"": 129, ""director_subplot_l4_330.asl"": 129, ""director_subplot_l4_331.asl"": 129, ""director_subplot_l3_322.asl"": 151, ""director_subplot_l4_332.asl"": 129, ""director_subplot_l4_333.asl"": 129, ""director_subplot_l4_334.asl"": 129, ""director_subplot_l4_335.asl"": 129, ""director_subplot_l3_323.asl"": 151, ""director_subplot_l4_336.asl"": 129, ""director_subplot_l4_337.asl"": 129, ""director_subplot_l4_338.asl"": 129, ""director_subplot_l4_339.asl"": 129, ""role_mainplot_role0.asl"": 34, ""role_mainplot_role1.asl"": 34, ""role_mainplot_role2.asl"": 34, ""role_mainplot_role3.asl"": 34, ""role_mainplot_role4.asl"": 34, ""role_mainplot_role5.asl"": 34, ""role_mainplot_role6.asl"": 34, ""role_mainplot_role7.asl"": 34, ""role_mainplot_role8.asl"": 34, ""role_mainplot_role9.asl"": 34, ""role_mainplot_role10.asl"": 34, ""role_mainplot_role11.asl"": 34, ""role_mainplot_role12.asl"": 34, ""role_mainplot_role13.asl"": 34, ""role_mainplot_role14.asl"": 34, ""role_mainplot_role15.asl"": 34, ""role_mainplot_role16.asl"": 34, ""role_mainplot_role17.asl"": 34, ""role_mainplot_role18.asl"": 34, ""role_mainplot_role19.asl"": 34, ""role_mainplot_role20.asl"": 34, ""role_mainplot_role21.asl"": 34, ""role_mainplot_role22.asl"": 34, ""role_mainplot_role23.asl"": 34, ""role_mainplot_role24.asl"": 34, ""role_mainplot_role25.asl"": 34, ""role_mainplot_role26.asl"": 34, ""role_mainplot_role27.asl"": 34, ""role_mainplot_role28.asl"": 34, ""role_mainplot_role29.asl"": 34, ""role_mainplot_role30.asl"": 34, ""role_mainplot_role31.asl"": 34, ""role_mainplot_role32.asl"": 34, ""role_mainplot_role33.asl"": 34, ""role_mainplot_role34.asl"": 34, ""role_mainplot_role35.asl"": 34, ""role_mainplot_role36.asl"": 34, ""role_mainplot_role37.asl"": 34, ""role_mainplot_role38.asl"": 34, ""role_mainplot_role39.asl"": 34, ""role_mainplot_role40.asl"": 34, ""role_mainplot_role41.asl"": 34, ""role_mainplot_role42.asl"": 34, ""role_mainplot_role43.asl"": 34, ""role_mainplot_role44.asl"": 34, ""role_mainplot_role45.asl"": 34, ""role_mainplot_role46.asl"": 34, ""role_mainplot_role47.asl"": 34, ""role_mainplot_role48.asl"": 34, ""role_mainplot_role49.asl"": 34, ""role_mainplot_role50.asl"": 34, ""role_mainplot_role51.asl"": 34, ""role_mainplot_role52.asl"": 34, ""role_mainplot_role53.asl"": 34, ""role_mainplot_role54.asl"": 34, ""role_mainplot_role55.asl"": 34, ""role_mainplot_role56.asl"": 34, ""role_mainplot_role57.asl"": 34, ""role_mainplot_role58.asl"": 34, ""role_mainplot_role59.asl"": 34, ""role_mainplot_role60.asl"": 34, ""role_mainplot_role61.asl"": 34, ""role_mainplot_role62.asl"": 34, ""role_mainplot_role63.asl"": 34, ""role_mainplot_role64.asl"": 34, ""role_mainplot_role65.asl"": 34, ""role_mainplot_role66.asl"": 34, ""role_mainplot_role67.asl"": 34, ""role_mainplot_role68.asl"": 34, ""role_mainplot_role69.asl"": 34, ""role_mainplot_role70.asl"": 34, ""role_mainplot_role71.asl"": 34, ""role_mainplot_role72.asl"": 34, ""role_mainplot_role73.asl"": 34, ""role_mainplot_role74.asl"": 34, ""role_mainplot_role75.asl"": 34, ""role_mainplot_role76.asl"": 34, ""role_mainplot_role77.asl"": 34, ""role_mainplot_role78.asl"": 34, ""role_mainplot_role79.asl"": 34, ""role_mainplot_role80.asl"": 34, ""role_mainplot_role81.asl"": 34, ""role_mainplot_role82.asl"": 34, ""role_mainplot_role83.asl"": 34, ""role_mainplot_role84.asl"": 34, ""role_mainplot_role85.asl"": 34, ""role_mainplot_role86.asl"": 34, ""role_mainplot_role87.asl"": 34, ""role_mainplot_role88.asl"": 34, ""role_mainplot_role89.asl"": 34, ""role_mainplot_role90.asl"": 34, ""role_mainplot_role91.asl"": 34, ""role_mainplot_role92.asl"": 34, ""role_mainplot_role93.asl"": 34, ""role_mainplot_role94.asl"": 34, ""role_mainplot_role95.asl"": 34, ""role_mainplot_role96.asl"": 34, ""role_mainplot_role97.asl"": 34, ""role_mainplot_role98.asl"": 34, ""role_mainplot_role99.asl"": 34, ""role_subplot_l1_0_subrole.asl"": 29, ""role_subplot_l2_4_subrole.asl"": 29, ""role_subplot_l3_8_subrole.asl"": 29, ""role_subplot_l4_12_subrole.asl"": 29, ""role_subplot_l4_13_subrole.asl"": 29, ""role_subplot_l4_14_subrole.asl"": 29, ""role_subplot_l4_15_subrole.asl"": 29, ""role_subplot_l3_9_subrole.asl"": 29, ""role_subplot_l4_16_subrole.asl"": 29, ""role_subplot_l4_17_subrole.asl"": 29, ""role_subplot_l4_18_subrole.asl"": 29, ""role_subplot_l4_19_subrole.asl"": 29, ""role_subplot_l3_10_subrole.asl"": 29, ""role_subplot_l4_20_subrole.asl"": 29, ""role_subplot_l4_21_subrole.asl"": 29, ""role_subplot_l4_22_subrole.asl"": 29, ""role_subplot_l4_23_subrole.asl"": 29, ""role_subplot_l3_11_subrole.asl"": 29, ""role_subplot_l4_24_subrole.asl"": 29, ""role_subplot_l4_25_subrole.asl"": 29, ""role_subplot_l4_26_subrole.asl"": 29, ""role_subplot_l4_27_subrole.asl"": 29, ""role_subplot_l2_5_subrole.asl"": 29, ""role_subplot_l3_28_subrole.asl"": 29, ""role_subplot_l4_32_subrole.asl"": 29, ""role_subplot_l4_33_subrole.asl"": 29, ""role_subplot_l4_34_subrole.asl"": 29, ""role_subplot_l4_35_subrole.asl"": 29, ""role_subplot_l3_29_subrole.asl"": 29, ""role_subplot_l4_36_subrole.asl"": 29, ""role_subplot_l4_37_subrole.asl"": 29, ""role_subplot_l4_38_subrole.asl"": 29, ""role_subplot_l4_39_subrole.asl"": 29, ""role_subplot_l3_30_subrole.asl"": 29, ""role_subplot_l4_40_subrole.asl"": 29, ""role_subplot_l4_41_subrole.asl"": 29, ""role_subplot_l4_42_subrole.asl"": 29, ""role_subplot_l4_43_subrole.asl"": 29, ""role_subplot_l3_31_subrole.asl"": 29, ""role_subplot_l4_44_subrole.asl"": 29, ""role_subplot_l4_45_subrole.asl"": 29, ""role_subplot_l4_46_subrole.asl"": 29, ""role_subplot_l4_47_subrole.asl"": 29, ""role_subplot_l2_6_subrole.asl"": 29, ""role_subplot_l3_48_subrole.asl"": 29, ""role_subplot_l4_52_subrole.asl"": 29, ""role_subplot_l4_53_subrole.asl"": 29, ""role_subplot_l4_54_subrole.asl"": 29, ""role_subplot_l4_55_subrole.asl"": 29, ""role_subplot_l3_49_subrole.asl"": 29, ""role_subplot_l4_56_subrole.asl"": 29, ""role_subplot_l4_57_subrole.asl"": 29, ""role_subplot_l4_58_subrole.asl"": 29, ""role_subplot_l4_59_subrole.asl"": 29, ""role_subplot_l3_50_subrole.asl"": 29, ""role_subplot_l4_60_subrole.asl"": 29, ""role_subplot_l4_61_subrole.asl"": 29, ""role_subplot_l4_62_subrole.asl"": 29, ""role_subplot_l4_63_subrole.asl"": 29, ""role_subplot_l3_51_subrole.asl"": 29, ""role_subplot_l4_64_subrole.asl"": 29, ""role_subplot_l4_65_subrole.asl"": 29, ""role_subplot_l4_66_subrole.asl"": 29, ""role_subplot_l4_67_subrole.asl"": 29, ""role_subplot_l2_7_subrole.asl"": 29, ""role_subplot_l3_68_subrole.asl"": 29, ""role_subplot_l4_72_subrole.asl"": 29, ""role_subplot_l4_73_subrole.asl"": 29, ""role_subplot_l4_74_subrole.asl"": 29, ""role_subplot_l4_75_subrole.asl"": 29, ""role_subplot_l3_69_subrole.asl"": 29, ""role_subplot_l4_76_subrole.asl"": 29, ""role_subplot_l4_77_subrole.asl"": 29, ""role_subplot_l4_78_subrole.asl"": 29, ""role_subplot_l4_79_subrole.asl"": 29, ""role_subplot_l3_70_subrole.asl"": 29, ""role_subplot_l4_80_subrole.asl"": 29, ""role_subplot_l4_81_subrole.asl"": 29, ""role_subplot_l4_82_subrole.asl"": 29, ""role_subplot_l4_83_subrole.asl"": 29, ""role_subplot_l3_71_subrole.asl"": 29, ""role_subplot_l4_84_subrole.asl"": 29, ""role_subplot_l4_85_subrole.asl"": 29, ""role_subplot_l4_86_subrole.asl"": 29, ""role_subplot_l4_87_subrole.asl"": 29, ""role_subplot_l1_1_subrole.asl"": 29, ""role_subplot_l2_88_subrole.asl"": 29, ""role_subplot_l3_92_subrole.asl"": 29, ""role_subplot_l4_96_subrole.asl"": 29, ""role_subplot_l4_97_subrole.asl"": 29, ""role_subplot_l4_98_subrole.asl"": 29, ""role_subplot_l4_99_subrole.asl"": 29, ""role_subplot_l3_93_subrole.asl"": 29, ""role_subplot_l4_100_subrole.asl"": 29, ""role_subplot_l4_101_subrole.asl"": 29, ""role_subplot_l4_102_subrole.asl"": 29, ""role_subplot_l4_103_subrole.asl"": 29, ""role_subplot_l3_94_subrole.asl"": 29, ""role_subplot_l4_104_subrole.asl"": 29, ""role_subplot_l4_105_subrole.asl"": 29, ""role_subplot_l4_106_subrole.asl"": 29, ""role_subplot_l4_107_subrole.asl"": 29, ""role_subplot_l3_95_subrole.asl"": 29, ""role_subplot_l4_108_subrole.asl"": 29, ""role_subplot_l4_109_subrole.asl"": 29, ""role_subplot_l4_110_subrole.asl"": 29, ""role_subplot_l4_111_subrole.asl"": 29, ""role_subplot_l2_89_subrole.asl"": 29, ""role_subplot_l3_112_subrole.asl"": 29, ""role_subplot_l4_116_subrole.asl"": 29, ""role_subplot_l4_117_subrole.asl"": 29, ""role_subplot_l4_118_subrole.asl"": 29, ""role_subplot_l4_119_subrole.asl"": 29, ""role_subplot_l3_113_subrole.asl"": 29, ""role_subplot_l4_120_subrole.asl"": 29, ""role_subplot_l4_121_subrole.asl"": 29, ""role_subplot_l4_122_subrole.asl"": 29, ""role_subplot_l4_123_subrole.asl"": 29, ""role_subplot_l3_114_subrole.asl"": 29, ""role_subplot_l4_124_subrole.asl"": 29, ""role_subplot_l4_125_subrole.asl"": 29, ""role_subplot_l4_126_subrole.asl"": 29, ""role_subplot_l4_127_subrole.asl"": 29, ""role_subplot_l3_115_subrole.asl"": 29, ""role_subplot_l4_128_subrole.asl"": 29, ""role_subplot_l4_129_subrole.asl"": 29, ""role_subplot_l4_130_subrole.asl"": 29, ""role_subplot_l4_131_subrole.asl"": 29, ""role_subplot_l2_90_subrole.asl"": 29, ""role_subplot_l3_132_subrole.asl"": 29, ""role_subplot_l4_136_subrole.asl"": 29, ""role_subplot_l4_137_subrole.asl"": 29, ""role_subplot_l4_138_subrole.asl"": 29, ""role_subplot_l4_139_subrole.asl"": 29, ""role_subplot_l3_133_subrole.asl"": 29, ""role_subplot_l4_140_subrole.asl"": 29, ""role_subplot_l4_141_subrole.asl"": 29, ""role_subplot_l4_142_subrole.asl"": 29, ""role_subplot_l4_143_subrole.asl"": 29, ""role_subplot_l3_134_subrole.asl"": 29, ""role_subplot_l4_144_subrole.asl"": 29, ""role_subplot_l4_145_subrole.asl"": 29, ""role_subplot_l4_146_subrole.asl"": 29, ""role_subplot_l4_147_subrole.asl"": 29, ""role_subplot_l3_135_subrole.asl"": 29, ""role_subplot_l4_148_subrole.asl"": 29, ""role_subplot_l4_149_subrole.asl"": 29, ""role_subplot_l4_150_subrole.asl"": 29, ""role_subplot_l4_151_subrole.asl"": 29, ""role_subplot_l2_91_subrole.asl"": 29, ""role_subplot_l3_152_subrole.asl"": 29, ""role_subplot_l4_156_subrole.asl"": 29, ""role_subplot_l4_157_subrole.asl"": 29, ""role_subplot_l4_158_subrole.asl"": 29, ""role_subplot_l4_159_subrole.asl"": 29, ""role_subplot_l3_153_subrole.asl"": 29, ""role_subplot_l4_160_subrole.asl"": 29, ""role_subplot_l4_161_subrole.asl"": 29, ""role_subplot_l4_162_subrole.asl"": 29, ""role_subplot_l4_163_subrole.asl"": 29, ""role_subplot_l3_154_subrole.asl"": 29, ""role_subplot_l4_164_subrole.asl"": 29, ""role_subplot_l4_165_subrole.asl"": 29, ""role_subplot_l4_166_subrole.asl"": 29, ""role_subplot_l4_167_subrole.asl"": 29, ""role_subplot_l3_155_subrole.asl"": 29, ""role_subplot_l4_168_subrole.asl"": 29, ""role_subplot_l4_169_subrole.asl"": 29, ""role_subplot_l4_170_subrole.asl"": 29, ""role_subplot_l4_171_subrole.asl"": 29, ""role_subplot_l1_2_subrole.asl"": 29, ""role_subplot_l2_172_subrole.asl"": 29, ""role_subplot_l3_176_subrole.asl"": 29, ""role_subplot_l4_180_subrole.asl"": 29, ""role_subplot_l4_181_subrole.asl"": 29, ""role_subplot_l4_182_subrole.asl"": 29, ""role_subplot_l4_183_subrole.asl"": 29, ""role_subplot_l3_177_subrole.asl"": 29, ""role_subplot_l4_184_subrole.asl"": 29, ""role_subplot_l4_185_subrole.asl"": 29, ""role_subplot_l4_186_subrole.asl"": 29, ""role_subplot_l4_187_subrole.asl"": 29, ""role_subplot_l3_178_subrole.asl"": 29, ""role_subplot_l4_188_subrole.asl"": 29, ""role_subplot_l4_189_subrole.asl"": 29, ""role_subplot_l4_190_subrole.asl"": 29, ""role_subplot_l4_191_subrole.asl"": 29, ""role_subplot_l3_179_subrole.asl"": 29, ""role_subplot_l4_192_subrole.asl"": 29, ""role_subplot_l4_193_subrole.asl"": 29, ""role_subplot_l4_194_subrole.asl"": 29, ""role_subplot_l4_195_subrole.asl"": 29, ""role_subplot_l2_173_subrole.asl"": 29, ""role_subplot_l3_196_subrole.asl"": 29, ""role_subplot_l4_200_subrole.asl"": 29, ""role_subplot_l4_201_subrole.asl"": 29, ""role_subplot_l4_202_subrole.asl"": 29, ""role_subplot_l4_203_subrole.asl"": 29, ""role_subplot_l3_197_subrole.asl"": 29, ""role_subplot_l4_204_subrole.asl"": 29, ""role_subplot_l4_205_subrole.asl"": 29, ""role_subplot_l4_206_subrole.asl"": 29, ""role_subplot_l4_207_subrole.asl"": 29, ""role_subplot_l3_198_subrole.asl"": 29, ""role_subplot_l4_208_subrole.asl"": 29, ""role_subplot_l4_209_subrole.asl"": 29, ""role_subplot_l4_210_subrole.asl"": 29, ""role_subplot_l4_211_subrole.asl"": 29, ""role_subplot_l3_199_subrole.asl"": 29, ""role_subplot_l4_212_subrole.asl"": 29, ""role_subplot_l4_213_subrole.asl"": 29, ""role_subplot_l4_214_subrole.asl"": 29, ""role_subplot_l4_215_subrole.asl"": 29, ""role_subplot_l2_174_subrole.asl"": 29, ""role_subplot_l3_216_subrole.asl"": 29, ""role_subplot_l4_220_subrole.asl"": 29, ""role_subplot_l4_221_subrole.asl"": 29, ""role_subplot_l4_222_subrole.asl"": 29, ""role_subplot_l4_223_subrole.asl"": 29, ""role_subplot_l3_217_subrole.asl"": 29, ""role_subplot_l4_224_subrole.asl"": 29, ""role_subplot_l4_225_subrole.asl"": 29, ""role_subplot_l4_226_subrole.asl"": 29, ""role_subplot_l4_227_subrole.asl"": 29, ""role_subplot_l3_218_subrole.asl"": 29, ""role_subplot_l4_228_subrole.asl"": 29, ""role_subplot_l4_229_subrole.asl"": 29, ""role_subplot_l4_230_subrole.asl"": 29, ""role_subplot_l4_231_subrole.asl"": 29, ""role_subplot_l3_219_subrole.asl"": 29, ""role_subplot_l4_232_subrole.asl"": 29, ""role_subplot_l4_233_subrole.asl"": 29, ""role_subplot_l4_234_subrole.asl"": 29, ""role_subplot_l4_235_subrole.asl"": 29, ""role_subplot_l2_175_subrole.asl"": 29, ""role_subplot_l3_236_subrole.asl"": 29, ""role_subplot_l4_240_subrole.asl"": 29, ""role_subplot_l4_241_subrole.asl"": 29, ""role_subplot_l4_242_subrole.asl"": 29, ""role_subplot_l4_243_subrole.asl"": 29, ""role_subplot_l3_237_subrole.asl"": 29, ""role_subplot_l4_244_subrole.asl"": 29, ""role_subplot_l4_245_subrole.asl"": 29, ""role_subplot_l4_246_subrole.asl"": 29, ""role_subplot_l4_247_subrole.asl"": 29, ""role_subplot_l3_238_subrole.asl"": 29, ""role_subplot_l4_248_subrole.asl"": 29, ""role_subplot_l4_249_subrole.asl"": 29, ""role_subplot_l4_250_subrole.asl"": 29, ""role_subplot_l4_251_subrole.asl"": 29, ""role_subplot_l3_239_subrole.asl"": 29, ""role_subplot_l4_252_subrole.asl"": 29, ""role_subplot_l4_253_subrole.asl"": 29, ""role_subplot_l4_254_subrole.asl"": 29, ""role_subplot_l4_255_subrole.asl"": 29, ""role_subplot_l1_3_subrole.asl"": 29, ""role_subplot_l2_256_subrole.asl"": 29, ""role_subplot_l3_260_subrole.asl"": 29, ""role_subplot_l4_264_subrole.asl"": 29, ""role_subplot_l4_265_subrole.asl"": 29, ""role_subplot_l4_266_subrole.asl"": 29, ""role_subplot_l4_267_subrole.asl"": 29, ""role_subplot_l3_261_subrole.asl"": 29, ""role_subplot_l4_268_subrole.asl"": 29, ""role_subplot_l4_269_subrole.asl"": 29, ""role_subplot_l4_270_subrole.asl"": 29, ""role_subplot_l4_271_subrole.asl"": 29, ""role_subplot_l3_262_subrole.asl"": 29, ""role_subplot_l4_272_subrole.asl"": 29, ""role_subplot_l4_273_subrole.asl"": 29, ""role_subplot_l4_274_subrole.asl"": 29, ""role_subplot_l4_275_subrole.asl"": 29, ""role_subplot_l3_263_subrole.asl"": 29, ""role_subplot_l4_276_subrole.asl"": 29, ""role_subplot_l4_277_subrole.asl"": 29, ""role_subplot_l4_278_subrole.asl"": 29, ""role_subplot_l4_279_subrole.asl"": 29, ""role_subplot_l2_257_subrole.asl"": 29, ""role_subplot_l3_280_subrole.asl"": 29, ""role_subplot_l4_284_subrole.asl"": 29, ""role_subplot_l4_285_subrole.asl"": 29, ""role_subplot_l4_286_subrole.asl"": 29, ""role_subplot_l4_287_subrole.asl"": 29, ""role_subplot_l3_281_subrole.asl"": 29, ""role_subplot_l4_288_subrole.asl"": 29, ""role_subplot_l4_289_subrole.asl"": 29, ""role_subplot_l4_290_subrole.asl"": 29, ""role_subplot_l4_291_subrole.asl"": 29, ""role_subplot_l3_282_subrole.asl"": 29, ""role_subplot_l4_292_subrole.asl"": 29, ""role_subplot_l4_293_subrole.asl"": 29, ""role_subplot_l4_294_subrole.asl"": 29, ""role_subplot_l4_295_subrole.asl"": 29, ""role_subplot_l3_283_subrole.asl"": 29, ""role_subplot_l4_296_subrole.asl"": 29, ""role_subplot_l4_297_subrole.asl"": 29, ""role_subplot_l4_298_subrole.asl"": 29, ""role_subplot_l4_299_subrole.asl"": 29, ""role_subplot_l2_258_subrole.asl"": 29, ""role_subplot_l3_300_subrole.asl"": 29, ""role_subplot_l4_304_subrole.asl"": 29, ""role_subplot_l4_305_subrole.asl"": 29, ""role_subplot_l4_306_subrole.asl"": 29, ""role_subplot_l4_307_subrole.asl"": 29, ""role_subplot_l3_301_subrole.asl"": 29, ""role_subplot_l4_308_subrole.asl"": 29, ""role_subplot_l4_309_subrole.asl"": 29, ""role_subplot_l4_310_subrole.asl"": 29, ""role_subplot_l4_311_subrole.asl"": 29, ""role_subplot_l3_302_subrole.asl"": 29, ""role_subplot_l4_312_subrole.asl"": 29, ""role_subplot_l4_313_subrole.asl"": 29, ""role_subplot_l4_314_subrole.asl"": 29, ""role_subplot_l4_315_subrole.asl"": 29, ""role_subplot_l3_303_subrole.asl"": 29, ""role_subplot_l4_316_subrole.asl"": 29, ""role_subplot_l4_317_subrole.asl"": 29, ""role_subplot_l4_318_subrole.asl"": 29, ""role_subplot_l4_319_subrole.asl"": 29, ""role_subplot_l2_259_subrole.asl"": 29, ""role_subplot_l3_320_subrole.asl"": 29, ""role_subplot_l4_324_subrole.asl"": 29, ""role_subplot_l4_325_subrole.asl"": 29, ""role_subplot_l4_326_subrole.asl"": 29, ""role_subplot_l4_327_subrole.asl"": 29, ""role_subplot_l3_321_subrole.asl"": 29, ""role_subplot_l4_328_subrole.asl"": 29, ""role_subplot_l4_329_subrole.asl"": 29, ""role_subplot_l4_330_subrole.asl"": 29, ""role_subplot_l4_331_subrole.asl"": 29, ""role_subplot_l3_322_subrole.asl"": 29, ""role_subplot_l4_332_subrole.asl"": 29, ""role_subplot_l4_333_subrole.asl"": 29, ""role_subplot_l4_334_subrole.asl"": 29, ""role_subplot_l4_335_subrole.asl"": 29, ""role_subplot_l3_323_subrole.asl"": 29, ""role_subplot_l4_336_subrole.asl"": 29, ""role_subplot_l4_337_subrole.asl"": 29, ""role_subplot_l4_338_subrole.asl"": 29, ""role_subplot_l4_339_subrole.asl"": 29}",8.036972304382898,0.2623208529985277,0.010134984000615077,9.793965339660645,True,7,0
