experiment,run_id,sys_os,sys_cpu,sys_cores,sys_ram_gb,sys_python,n_actions,n_events,n_facts,n_playbooks,n_plans_per_playbook,n_branches_per_plan,n_stmts_per_branch,n_roles,n_phases,n_subplot_breadth,n_subplot_depth,seed,input_loc,input_bytes,output_files,output_loc_total,output_loc_per_file,loc_ratio,compile_time_s,io_time_s,peak_ram_mb,success,warning_count,error_count
interaction_subplot_scope,0,Linux 7.1.9-arch1-2,x86_64,24,30.45,3.14.7,10,10,5,2,2,1,2,10,2,2,1,42,220,5044,17,917,"{""playbook_playbook0.asl"": 26, ""playbook_playbook1.asl"": 26, ""director_mainplot.asl"": 209, ""director_subplot_l1_0.asl"": 129, ""director_subplot_l1_1.asl"": 129, ""role_mainplot_role0.asl"": 34, ""role_mainplot_role1.asl"": 34, ""role_mainplot_role2.asl"": 34, ""role_mainplot_role3.asl"": 34, ""role_mainplot_role4.asl"": 34, ""role_mainplot_role5.asl"": 34, ""role_mainplot_role6.asl"": 34, ""role_mainplot_role7.asl"": 34, ""role_mainplot_role8.asl"": 34, ""role_mainplot_role9.asl"": 34, ""role_subplot_l1_0_subrole.asl"": 29, ""role_subplot_l1_1_subrole.asl"": 29}",4.168181818181818,0.008907984996767482,0.000250359000347089,0.2786426544189453,True,7,0
interaction_subplot_scope,1,Linux 7.1.9-arch1-2,x86_64,24,30.45,3.14.7,10,10,5,2,2,1,2,10,2,2,1,42,220,5044,17,917,"{""playbook_playbook0.asl"": 26, ""playbook_playbook1.asl"": 26, ""director_mainplot.asl"": 209, ""director_subplot_l1_0.asl"": 129, ""director_subplot_l1_1.asl"": 129, ""role_mainplot_role0.asl"": 34, ""role_mainplot_role1.asl"": 34, ""role_mainplot_role2.asl"": 34, ""role_mainplot_role3.asl"": 34, ""role_mainplot_role4.asl"": 34, ""role_mainplot_role5.asl"": 34, ""role_mainplot_role6.asl"": 34, ""role_mainplot_role7.asl"": 34, ""role_mainplot_role8.asl"": 34, ""role_mainplot_role9.asl"": 34, ""role_subplot_l1_0_subrole.asl"": 29, ""role_subplot_l1_1_subrole.asl"": 29}",4.168181818181818,0.008226336998632178,0.00030860900005791336,0.2781238555908203,True,7,0
interaction_subplot_scope,2,Linux 7.1.9-arch1-2,x86_64,24,30.45,3.14.7,10,10,5,2,2,1,2,10,2,2,1,42,220,5044,17,917,"{""playbook_playbook0.asl"": 26, ""playbook_playbook1.asl"": 26, ""director_mainplot.asl"": 209, ""director_subplot_l1_0.asl"": 129, ""director_subplot_l1_1.asl"": 129, ""role_mainplot_role0.asl"": 34, ""role_mainplot_role1.asl"": 34, ""role_mainplot_role2.asl"": 34, ""role_mainplot_role3.asl"": 34, ""role_mainplot_role4.asl"": 34, ""role_mainplot_role5.asl"": 34, ""role_mainplot_role6.asl"": 34, ""role_mainplot_role7.asl"": 34, ""role_mainplot_role8.asl"": 34, ""role_mainplot_role9.asl"": 34, ""role_subplot_l1_0_subrole.asl"": 29, ""role_subplot_l1_1_subrole.asl"": 29}",4.168181818181818,0.008124798001517775,0.0002626290006446652,0.2781238555908203,True,7,0
interaction_subplot_scope,3,Linux 7.1.9-arch1-2,x86_64,24,30.45,3.14.7,10,10,5,2,2,1,2,10,2,2,1,42,220,5044,17,917,"{""playbook_playbook0.asl"": 26, ""playbook_playbook1.asl"": 26, ""director_mainplot.asl"": 209, ""director_subplot_l1_0.asl"": 129, ""director_subplot_l1_1.asl"": 129, ""role_mainplot_role0.asl"": 34, ""role_mainplot_role1.asl"": 34, ""role_mainplot_role2.asl"": 34, ""role_mainplot_role3.asl"": 34, ""role_mainplot_role4.asl"": 34, ""role_mainplot_role5.asl"": 34, ""role_mainplot_role6.asl"": 34, ""role_mainplot_role7.asl"": 34, ""role_mainplot_role8.asl"": 34, ""role_mainplot_role9.asl"": 34, ""role_subplot_l1_0_subrole.asl"": 29, ""role_subplot_l1_1_subrole.asl"": 29}",4.168181818181818,0.008161387999280123,0.0002460590003465768,0.2781238555908203,True,7,0
interaction_subplot_scope,4,Linux 7.1.9-arch1-2,x86_64,24,30.45,3.14.7,10,10,5,2,2,1,2,10,2,2,1,42,220,5044,17,917,"{""playbook_playbook0.asl"": 26, ""playbook_playbook1.asl"": 26, ""director_mainplot.asl"": 209, ""director_subplot_l1_0.asl"": 129, ""director_subplot_l1_1.asl"": 129, ""role_mainplot_role0.asl"": 34, ""role_mainplot_role1.asl"": 34, ""role_mainplot_role2.asl"": 34, ""role_mainplot_role3.asl"": 34, ""role_mainplot_role4.asl"": 34, ""role_mainplot_role5.asl"": 34, ""role_mainplot_role6.asl"": 34, ""role_mainplot_role7.asl"": 34, ""role_mainplot_role8.asl"": 34, ""role_mainplot_role9.asl"": 34, ""role_subplot_l1_0_subrole.asl"": 29, ""role_subplot_l1_1_subrole.asl"": 29}",4.168181818181818,0.008148937002260936,0.0002441489996272139,0.2781238555908203,True,7,0
interaction_subplot_scope,5,Linux 7.1.9-arch1-2,x86_64,24,30.45,3.14.7,10,10,5,2,2,1,2,20,2,2,2,42,374,8958,35,1973,"{""playbook_playbook0.asl"": 26, ""playbook_playbook1.asl"": 26, ""director_mainplot.asl"": 269, ""director_subplot_l1_0.asl"": 141, ""director_subplot_l2_2.asl"": 129, ""director_subplot_l2_3.asl"": 129, ""director_subplot_l1_1.asl"": 141, ""director_subplot_l2_4.asl"": 129, ""director_subplot_l2_5.asl"": 129, ""role_mainplot_role0.asl"": 34, ""role_mainplot_role1.asl"": 34, ""role_mainplot_role2.asl"": 34, ""role_mainplot_role3.asl"": 34, ""role_mainplot_role4.asl"": 34, ""role_mainplot_role5.asl"": 34, ""role_mainplot_role6.asl"": 34, ""role_mainplot_role7.asl"": 34, ""role_mainplot_role8.asl"": 34, ""role_mainplot_role9.asl"": 34, ""role_mainplot_role10.asl"": 34, ""role_mainplot_role11.asl"": 34, ""role_mainplot_role12.asl"": 34, ""role_mainplot_role13.asl"": 34, ""role_mainplot_role14.asl"": 34, ""role_mainplot_role15.asl"": 34, ""role_mainplot_role16.asl"": 34, ""role_mainplot_role17.asl"": 34, ""role_mainplot_role18.asl"": 34, ""role_mainplot_role19.asl"": 34, ""role_subplot_l1_0_subrole.asl"": 29, ""role_subplot_l2_2_subrole.asl"": 29, ""role_subplot_l2_3_subrole.asl"": 29, ""role_subplot_l1_1_subrole.asl"": 29, ""role_subplot_l2_4_subrole.asl"": 29, ""role_subplot_l2_5_subrole.asl"": 29}",5.275401069518717,0.014527452000038465,0.000481388000480365,0.5039539337158203,True,7,0
interaction_subplot_scope,6,Linux 7.1.9-arch1-2,x86_64,24,30.45,3.14.7,10,10,5,2,2,1,2,20,2,2,2,42,374,8958,35,1973,"{""playbook_playbook0.asl"": 26, ""playbook_playbook1.asl"": 26, ""director_mainplot.asl"": 269, ""director_subplot_l1_0.asl"": 141, ""director_subplot_l2_2.asl"": 129, ""director_subplot_l2_3.asl"": 129, ""director_subplot_l1_1.asl"": 141, ""director_subplot_l2_4.asl"": 129, ""director_subplot_l2_5.asl"": 129, ""role_mainplot_role0.asl"": 34, ""role_mainplot_role1.asl"": 34, ""role_mainplot_role2.asl"": 34, ""role_mainplot_role3.asl"": 34, ""role_mainplot_role4.asl"": 34, ""role_mainplot_role5.asl"": 34, ""role_mainplot_role6.asl"": 34, ""role_mainplot_role7.asl"": 34, ""role_mainplot_role8.asl"": 34, ""role_mainplot_role9.asl"": 34, ""role_mainplot_role10.asl"": 34, ""role_mainplot_role11.asl"": 34, ""role_mainplot_role12.asl"": 34, ""role_mainplot_role13.asl"": 34, ""role_mainplot_role14.asl"": 34, ""role_mainplot_role15.asl"": 34, ""role_mainplot_role16.asl"": 34, ""role_mainplot_role17.asl"": 34, ""role_mainplot_role18.asl"": 34, ""role_mainplot_role19.asl"": 34, ""role_subplot_l1_0_subrole.asl"": 29, ""role_subplot_l2_2_subrole.asl"": 29, ""role_subplot_l2_3_subrole.asl"": 29, ""role_subplot_l1_1_subrole.asl"": 29, ""role_subplot_l2_4_subrole.asl"": 29, ""role_subplot_l2_5_subrole.asl"": 29}",5.275401069518717,0.014494322997052222,0.0004938380006933585,0.5039234161376953,True,7,0
interaction_subplot_scope,7,Linux 7.1.9-arch1-2,x86_64,24,30.45,3.14.7,10,10,5,2,2,1,2,20,2,2,2,42,374,8958,35,1973,"{""playbook_playbook0.asl"": 26, ""playbook_playbook1.asl"": 26, ""director_mainplot.asl"": 269, ""director_subplot_l1_0.asl"": 141, ""director_subplot_l2_2.asl"": 129, ""director_subplot_l2_3.asl"": 129, ""director_subplot_l1_1.asl"": 141, ""director_subplot_l2_4.asl"": 129, ""director_subplot_l2_5.asl"": 129, ""role_mainplot_role0.asl"": 34, ""role_mainplot_role1.asl"": 34, ""role_mainplot_role2.asl"": 34, ""role_mainplot_role3.asl"": 34, ""role_mainplot_role4.asl"": 34, ""role_mainplot_role5.asl"": 34, ""role_mainplot_role6.asl"": 34, ""role_mainplot_role7.asl"": 34, ""role_mainplot_role8.asl"": 34, ""role_mainplot_role9.asl"": 34, ""role_mainplot_role10.asl"": 34, ""role_mainplot_role11.asl"": 34, ""role_mainplot_role12.asl"": 34, ""role_mainplot_role13.asl"": 34, ""role_mainplot_role14.asl"": 34, ""role_mainplot_role15.asl"": 34, ""role_mainplot_role16.asl"": 34, ""role_mainplot_role17.asl"": 34, ""role_mainplot_role18.asl"": 34, ""role_mainplot_role19.asl"": 34, ""role_subplot_l1_0_subrole.asl"": 29, ""role_subplot_l2_2_subrole.asl"": 29, ""role_subplot_l2_3_subrole.asl"": 29, ""role_subplot_l1_1_subrole.asl"": 29, ""role_subplot_l2_4_subrole.asl"": 29, ""role_subplot_l2_5_subrole.asl"": 29}",5.275401069518717,0.014456533001066418,0.0004831080004805699,0.5039234161376953,True,7,0
interaction_subplot_scope,8,Linux 7.1.9-arch1-2,x86_64,24,30.45,3.14.7,10,10,5,2,2,1,2,20,2,2,2,42,374,8958,35,1973,"{""playbook_playbook0.asl"": 26, ""playbook_playbook1.asl"": 26, ""director_mainplot.asl"": 269, ""director_subplot_l1_0.asl"": 141, ""director_subplot_l2_2.asl"": 129, ""director_subplot_l2_3.asl"": 129, ""director_subplot_l1_1.asl"": 141, ""director_subplot_l2_4.asl"": 129, ""director_subplot_l2_5.asl"": 129, ""role_mainplot_role0.asl"": 34, ""role_mainplot_role1.asl"": 34, ""role_mainplot_role2.asl"": 34, ""role_mainplot_role3.asl"": 34, ""role_mainplot_role4.asl"": 34, ""role_mainplot_role5.asl"": 34, ""role_mainplot_role6.asl"": 34, ""role_mainplot_role7.asl"": 34, ""role_mainplot_role8.asl"": 34, ""role_mainplot_role9.asl"": 34, ""role_mainplot_role10.asl"": 34, ""role_mainplot_role11.asl"": 34, ""role_mainplot_role12.asl"": 34, ""role_mainplot_role13.asl"": 34, ""role_mainplot_role14.asl"": 34, ""role_mainplot_role15.asl"": 34, ""role_mainplot_role16.asl"": 34, ""role_mainplot_role17.asl"": 34, ""role_mainplot_role18.asl"": 34, ""role_mainplot_role19.asl"": 34, ""role_subplot_l1_0_subrole.asl"": 29, ""role_subplot_l2_2_subrole.asl"": 29, ""role_subplot_l2_3_subrole.asl"": 29, ""role_subplot_l1_1_subrole.asl"": 29, ""role_subplot_l2_4_subrole.asl"": 29, ""role_subplot_l2_5_subrole.asl"": 29}",5.275401069518717,0.01445039299869677,0.0004749180006911047,0.5039234161376953,True,7,0
interaction_subplot_scope,9,Linux 7.1.9-arch1-2,x86_64,24,30.45,3.14.7,10,10,5,2,2,1,2,20,2,2,2,42,374,8958,35,1973,"{""playbook_playbook0.asl"": 26, ""playbook_playbook1.asl"": 26, ""director_mainplot.asl"": 269, ""director_subplot_l1_0.asl"": 141, ""director_subplot_l2_2.asl"": 129, ""director_subplot_l2_3.asl"": 129, ""director_subplot_l1_1.asl"": 141, ""director_subplot_l2_4.asl"": 129, ""director_subplot_l2_5.asl"": 129, ""role_mainplot_role0.asl"": 34, ""role_mainplot_role1.asl"": 34, ""role_mainplot_role2.asl"": 34, ""role_mainplot_role3.asl"": 34, ""role_mainplot_role4.asl"": 34, ""role_mainplot_role5.asl"": 34, ""role_mainplot_role6.asl"": 34, ""role_mainplot_role7.asl"": 34, ""role_mainplot_role8.asl"": 34, ""role_mainplot_role9.asl"": 34, ""role_mainplot_role10.asl"": 34, ""role_mainplot_role11.asl"": 34, ""role_mainplot_role12.asl"": 34, ""role_mainplot_role13.asl"": 34, ""role_mainplot_role14.asl"": 34, ""role_mainplot_role15.asl"": 34, ""role_mainplot_role16.asl"": 34, ""role_mainplot_role17.asl"": 34, ""role_mainplot_role18.asl"": 34, ""role_mainplot_role19.asl"": 34, ""role_subplot_l1_0_subrole.asl"": 29, ""role_subplot_l2_2_subrole.asl"": 29, ""role_subplot_l2_3_subrole.asl"": 29, ""role_subplot_l1_1_subrole.asl"": 29, ""role_subplot_l2_4_subrole.asl"": 29, ""role_subplot_l2_5_subrole.asl"": 29}",5.275401069518717,0.01441294300093432,0.00048364800022682175,0.5039234161376953,True,7,0
interaction_subplot_scope,10,Linux 7.1.9-arch1-2,x86_64,24,30.45,3.14.7,10,10,5,2,2,1,2,50,2,2,3,42,752,19208,81,4485,"{""playbook_playbook0.asl"": 26, ""playbook_playbook1.asl"": 26, ""director_mainplot.asl"": 449, ""director_subplot_l1_0.asl"": 141, ""director_subplot_l2_2.asl"": 141, ""director_subplot_l3_4.asl"": 129, ""director_subplot_l3_5.asl"": 129, ""director_subplot_l2_3.asl"": 141, ""director_subplot_l3_6.asl"": 129, ""director_subplot_l3_7.asl"": 129, ""director_subplot_l1_1.asl"": 141, ""director_subplot_l2_8.asl"": 141, ""director_subplot_l3_10.asl"": 129, ""director_subplot_l3_11.asl"": 129, ""director_subplot_l2_9.asl"": 141, ""director_subplot_l3_12.asl"": 129, ""director_subplot_l3_13.asl"": 129, ""role_mainplot_role0.asl"": 34, ""role_mainplot_role1.asl"": 34, ""role_mainplot_role2.asl"": 34, ""role_mainplot_role3.asl"": 34, ""role_mainplot_role4.asl"": 34, ""role_mainplot_role5.asl"": 34, ""role_mainplot_role6.asl"": 34, ""role_mainplot_role7.asl"": 34, ""role_mainplot_role8.asl"": 34, ""role_mainplot_role9.asl"": 34, ""role_mainplot_role10.asl"": 34, ""role_mainplot_role11.asl"": 34, ""role_mainplot_role12.asl"": 34, ""role_mainplot_role13.asl"": 34, ""role_mainplot_role14.asl"": 34, ""role_mainplot_role15.asl"": 34, ""role_mainplot_role16.asl"": 34, ""role_mainplot_role17.asl"": 34, ""role_mainplot_role18.asl"": 34, ""role_mainplot_role19.asl"": 34, ""role_mainplot_role20.asl"": 34, ""role_mainplot_role21.asl"": 34, ""role_mainplot_role22.asl"": 34, ""role_mainplot_role23.asl"": 34, ""role_mainplot_role24.asl"": 34, ""role_mainplot_role25.asl"": 34, ""role_mainplot_role26.asl"": 34, ""role_mainplot_role27.asl"": 34, ""role_mainplot_role28.asl"": 34, ""role_mainplot_role29.asl"": 34, ""role_mainplot_role30.asl"": 34, ""role_mainplot_role31.asl"": 34, ""role_mainplot_role32.asl"": 34, ""role_mainplot_role33.asl"": 34, ""role_mainplot_role34.asl"": 34, ""role_mainplot_role35.asl"": 34, ""role_mainplot_role36.asl"": 34, ""role_mainplot_role37.asl"": 34, ""role_mainplot_role38.asl"": 34, ""role_mainplot_role39.asl"": 34, ""role_mainplot_role40.asl"": 34, ""role_mainplot_role41.asl"": 34, ""role_mainplot_role42.asl"": 34, ""role_mainplot_role43.asl"": 34, ""role_mainplot_role44.asl"": 34, ""role_mainplot_role45.asl"": 34, ""role_mainplot_role46.asl"": 34, ""role_mainplot_role47.asl"": 34, ""role_mainplot_role48.asl"": 34, ""role_mainplot_role49.asl"": 34, ""role_subplot_l1_0_subrole.asl"": 29, ""role_subplot_l2_2_subrole.asl"": 29, ""role_subplot_l3_4_subrole.asl"": 29, ""role_subplot_l3_5_subrole.asl"": 29, ""role_subplot_l2_3_subrole.asl"": 29, ""role_subplot_l3_6_subrole.asl"": 29, ""role_subplot_l3_7_subrole.asl"": 29, ""role_subplot_l1_1_subrole.asl"": 29, ""role_subplot_l2_8_subrole.asl"": 29, ""role_subplot_l3_10_subrole.asl"": 29, ""role_subplot_l3_11_subrole.asl"": 29, ""role_subplot_l2_9_subrole.asl"": 29, ""role_subplot_l3_12_subrole.asl"": 29, ""role_subplot_l3_13_subrole.asl"": 29}",5.964095744680851,0.03141221500118263,0.001106494997657137,1.0807008743286133,True,7,0
interaction_subplot_scope,11,Linux 7.1.9-arch1-2,x86_64,24,30.45,3.14.7,10,10,5,2,2,1,2,50,2,2,3,42,752,19208,81,4485,"{""playbook_playbook0.asl"": 26, ""playbook_playbook1.asl"": 26, ""director_mainplot.asl"": 449, ""director_subplot_l1_0.asl"": 141, ""director_subplot_l2_2.asl"": 141, ""director_subplot_l3_4.asl"": 129, ""director_subplot_l3_5.asl"": 129, ""director_subplot_l2_3.asl"": 141, ""director_subplot_l3_6.asl"": 129, ""director_subplot_l3_7.asl"": 129, ""director_subplot_l1_1.asl"": 141, ""director_subplot_l2_8.asl"": 141, ""director_subplot_l3_10.asl"": 129, ""director_subplot_l3_11.asl"": 129, ""director_subplot_l2_9.asl"": 141, ""director_subplot_l3_12.asl"": 129, ""director_subplot_l3_13.asl"": 129, ""role_mainplot_role0.asl"": 34, ""role_mainplot_role1.asl"": 34, ""role_mainplot_role2.asl"": 34, ""role_mainplot_role3.asl"": 34, ""role_mainplot_role4.asl"": 34, ""role_mainplot_role5.asl"": 34, ""role_mainplot_role6.asl"": 34, ""role_mainplot_role7.asl"": 34, ""role_mainplot_role8.asl"": 34, ""role_mainplot_role9.asl"": 34, ""role_mainplot_role10.asl"": 34, ""role_mainplot_role11.asl"": 34, ""role_mainplot_role12.asl"": 34, ""role_mainplot_role13.asl"": 34, ""role_mainplot_role14.asl"": 34, ""role_mainplot_role15.asl"": 34, ""role_mainplot_role16.asl"": 34, ""role_mainplot_role17.asl"": 34, ""role_mainplot_role18.asl"": 34, ""role_mainplot_role19.asl"": 34, ""role_mainplot_role20.asl"": 34, ""role_mainplot_role21.asl"": 34, ""role_mainplot_role22.asl"": 34, ""role_mainplot_role23.asl"": 34, ""role_mainplot_role24.asl"": 34, ""role_mainplot_role25.asl"": 34, ""role_mainplot_role26.asl"": 34, ""role_mainplot_role27.asl"": 34, ""role_mainplot_role28.asl"": 34, ""role_mainplot_role29.asl"": 34, ""role_mainplot_role30.asl"": 34, ""role_mainplot_role31.asl"": 34, ""role_mainplot_role32.asl"": 34, ""role_mainplot_role33.asl"": 34, ""role_mainplot_role34.asl"": 34, ""role_mainplot_role35.asl"": 34, ""role_mainplot_role36.asl"": 34, ""role_mainplot_role37.asl"": 34, ""role_mainplot_role38.asl"": 34, ""role_mainplot_role39.asl"": 34, ""role_mainplot_role40.asl"": 34, ""role_mainplot_role41.asl"": 34, ""role_mainplot_role42.asl"": 34, ""role_mainplot_role43.asl"": 34, ""role_mainplot_role44.asl"": 34, ""role_mainplot_role45.asl"": 34, ""role_mainplot_role46.asl"": 34, ""role_mainplot_role47.asl"": 34, ""role_mainplot_role48.asl"": 34, ""role_mainplot_role49.asl"": 34, ""role_subplot_l1_0_subrole.asl"": 29, ""role_subplot_l2_2_subrole.asl"": 29, ""role_subplot_l3_4_subrole.asl"": 29, ""role_subplot_l3_5_subrole.asl"": 29, ""role_subplot_l2_3_subrole.asl"": 29, ""role_subplot_l3_6_subrole.asl"": 29, ""role_subplot_l3_7_subrole.asl"": 29, ""role_subplot_l1_1_subrole.asl"": 29, ""role_subplot_l2_8_subrole.asl"": 29, ""role_subplot_l3_10_subrole.asl"": 29, ""role_subplot_l3_11_subrole.asl"": 29, ""role_subplot_l2_9_subrole.asl"": 29, ""role_subplot_l3_12_subrole.asl"": 29, ""role_subplot_l3_13_subrole.asl"": 29}",5.964095744680851,0.03146841499983566,0.0010919859996647574,1.0807008743286133,True,7,0
interaction_subplot_scope,12,Linux 7.1.9-arch1-2,x86_64,24,30.45,3.14.7,10,10,5,2,2,1,2,50,2,2,3,42,752,19208,81,4485,"{""playbook_playbook0.asl"": 26, ""playbook_playbook1.asl"": 26, ""director_mainplot.asl"": 449, ""director_subplot_l1_0.asl"": 141, ""director_subplot_l2_2.asl"": 141, ""director_subplot_l3_4.asl"": 129, ""director_subplot_l3_5.asl"": 129, ""director_subplot_l2_3.asl"": 141, ""director_subplot_l3_6.asl"": 129, ""director_subplot_l3_7.asl"": 129, ""director_subplot_l1_1.asl"": 141, ""director_subplot_l2_8.asl"": 141, ""director_subplot_l3_10.asl"": 129, ""director_subplot_l3_11.asl"": 129, ""director_subplot_l2_9.asl"": 141, ""director_subplot_l3_12.asl"": 129, ""director_subplot_l3_13.asl"": 129, ""role_mainplot_role0.asl"": 34, ""role_mainplot_role1.asl"": 34, ""role_mainplot_role2.asl"": 34, ""role_mainplot_role3.asl"": 34, ""role_mainplot_role4.asl"": 34, ""role_mainplot_role5.asl"": 34, ""role_mainplot_role6.asl"": 34, ""role_mainplot_role7.asl"": 34, ""role_mainplot_role8.asl"": 34, ""role_mainplot_role9.asl"": 34, ""role_mainplot_role10.asl"": 34, ""role_mainplot_role11.asl"": 34, ""role_mainplot_role12.asl"": 34, ""role_mainplot_role13.asl"": 34, ""role_mainplot_role14.asl"": 34, ""role_mainplot_role15.asl"": 34, ""role_mainplot_role16.asl"": 34, ""role_mainplot_role17.asl"": 34, ""role_mainplot_role18.asl"": 34, ""role_mainplot_role19.asl"": 34, ""role_mainplot_role20.asl"": 34, ""role_mainplot_role21.asl"": 34, ""role_mainplot_role22.asl"": 34, ""role_mainplot_role23.asl"": 34, ""role_mainplot_role24.asl"": 34, ""role_mainplot_role25.asl"": 34, ""role_mainplot_role26.asl"": 34, ""role_mainplot_role27.asl"": 34, ""role_mainplot_role28.asl"": 34, ""role_mainplot_role29.asl"": 34, ""role_mainplot_role30.asl"": 34, ""role_mainplot_role31.asl"": 34, ""role_mainplot_role32.asl"": 34, ""role_mainplot_role33.asl"": 34, ""role_mainplot_role34.asl"": 34, ""role_mainplot_role35.asl"": 34, ""role_mainplot_role36.asl"": 34, ""role_mainplot_role37.asl"": 34, ""role_mainplot_role38.asl"": 34, ""role_mainplot_role39.asl"": 34, ""role_mainplot_role40.asl"": 34, ""role_mainplot_role41.asl"": 34, ""role_mainplot_role42.asl"": 34, ""role_mainplot_role43.asl"": 34, ""role_mainplot_role44.asl"": 34, ""role_mainplot_role45.asl"": 34, ""role_mainplot_role46.asl"": 34, ""role_mainplot_role47.asl"": 34, ""role_mainplot_role48.asl"": 34, ""role_mainplot_role49.asl"": 34, ""role_subplot_l1_0_subrole.asl"": 29, ""role_subplot_l2_2_subrole.asl"": 29, ""role_subplot_l3_4_subrole.asl"": 29, ""role_subplot_l3_5_subrole.asl"": 29, ""role_subplot_l2_3_subrole.asl"": 29, ""role_subplot_l3_6_subrole.asl"": 29, ""role_subplot_l3_7_subrole.asl"": 29, ""role_subplot_l1_1_subrole.asl"": 29, ""role_subplot_l2_8_subrole.asl"": 29, ""role_subplot_l3_10_subrole.asl"": 29, ""role_subplot_l3_11_subrole.asl"": 29, ""role_subplot_l2_9_subrole.asl"": 29, ""role_subplot_l3_12_subrole.asl"": 29, ""role_subplot_l3_13_subrole.asl"": 29}",5.964095744680851,0.031377706000057515,0.0010786259990709368,1.0807008743286133,True,7,0
interaction_subplot_scope,13,Linux 7.1.9-arch1-2,x86_64,24,30.45,3.14.7,10,10,5,2,2,1,2,50,2,2,3,42,752,19208,81,4485,"{""playbook_playbook0.asl"": 26, ""playbook_playbook1.asl"": 26, ""director_mainplot.asl"": 449, ""director_subplot_l1_0.asl"": 141, ""director_subplot_l2_2.asl"": 141, ""director_subplot_l3_4.asl"": 129, ""director_subplot_l3_5.asl"": 129, ""director_subplot_l2_3.asl"": 141, ""director_subplot_l3_6.asl"": 129, ""director_subplot_l3_7.asl"": 129, ""director_subplot_l1_1.asl"": 141, ""director_subplot_l2_8.asl"": 141, ""director_subplot_l3_10.asl"": 129, ""director_subplot_l3_11.asl"": 129, ""director_subplot_l2_9.asl"": 141, ""director_subplot_l3_12.asl"": 129, ""director_subplot_l3_13.asl"": 129, ""role_mainplot_role0.asl"": 34, ""role_mainplot_role1.asl"": 34, ""role_mainplot_role2.asl"": 34, ""role_mainplot_role3.asl"": 34, ""role_mainplot_role4.asl"": 34, ""role_mainplot_role5.asl"": 34, ""role_mainplot_role6.asl"": 34, ""role_mainplot_role7.asl"": 34, ""role_mainplot_role8.asl"": 34, ""role_mainplot_role9.asl"": 34, ""role_mainplot_role10.asl"": 34, ""role_mainplot_role11.asl"": 34, ""role_mainplot_role12.asl"": 34, ""role_mainplot_role13.asl"": 34, ""role_mainplot_role14.asl"": 34, ""role_mainplot_role15.asl"": 34, ""role_mainplot_role16.asl"": 34, ""role_mainplot_role17.asl"": 34, ""role_mainplot_role18.asl"": 34, ""role_mainplot_role19.asl"": 34, ""role_mainplot_role20.asl"": 34, ""role_mainplot_role21.asl"": 34, ""role_mainplot_role22.asl"": 34, ""role_mainplot_role23.asl"": 34, ""role_mainplot_role24.asl"": 34, ""role_mainplot_role25.asl"": 34, ""role_mainplot_role26.asl"": 34, ""role_mainplot_role27.asl"": 34, ""role_mainplot_role28.asl"": 34, ""role_mainplot_role29.asl"": 34, ""role_mainplot_role30.asl"": 34, ""role_mainplot_role31.asl"": 34, ""role_mainplot_role32.asl"": 34, ""role_mainplot_role33.asl"": 34, ""role_mainplot_role34.asl"": 34, ""role_mainplot_role35.asl"": 34, ""role_mainplot_role36.asl"": 34, ""role_mainplot_role37.asl"": 34, ""role_mainplot_role38.asl"": 34, ""role_mainplot_role39.asl"": 34, ""role_mainplot_role40.asl"": 34, ""role_mainplot_role41.asl"": 34, ""role_mainplot_role42.asl"": 34, ""role_mainplot_role43.asl"": 34, ""role_mainplot_role44.asl"": 34, ""role_mainplot_role45.asl"": 34, ""role_mainplot_role46.asl"": 34, ""role_mainplot_role47.asl"": 34, ""role_mainplot_role48.asl"": 34, ""role_mainplot_role49.asl"": 34, ""role_subplot_l1_0_subrole.asl"": 29, ""role_subplot_l2_2_subrole.asl"": 29, ""role_subplot_l3_4_subrole.asl"": 29, ""role_subplot_l3_5_subrole.asl"": 29, ""role_subplot_l2_3_subrole.asl"": 29, ""role_subplot_l3_6_subrole.asl"": 29, ""role_subplot_l3_7_subrole.asl"": 29, ""role_subplot_l1_1_subrole.asl"": 29, ""role_subplot_l2_8_subrole.asl"": 29, ""role_subplot_l3_10_subrole.asl"": 29, ""role_subplot_l3_11_subrole.asl"": 29, ""role_subplot_l2_9_subrole.asl"": 29, ""role_subplot_l3_12_subrole.asl"": 29, ""role_subplot_l3_13_subrole.asl"": 29}",5.964095744680851,0.030340850000357023,0.001052456002071267,1.0807008743286133,True,7,0
interaction_subplot_scope,14,Linux 7.1.9-arch1-2,x86_64,24,30.45,3.14.7,10,10,5,2,2,1,2,50,2,2,3,42,752,19208,81,4485,"{""playbook_playbook0.asl"": 26, ""playbook_playbook1.asl"": 26, ""director_mainplot.asl"": 449, ""director_subplot_l1_0.asl"": 141, ""director_subplot_l2_2.asl"": 141, ""director_subplot_l3_4.asl"": 129, ""director_subplot_l3_5.asl"": 129, ""director_subplot_l2_3.asl"": 141, ""director_subplot_l3_6.asl"": 129, ""director_subplot_l3_7.asl"": 129, ""director_subplot_l1_1.asl"": 141, ""director_subplot_l2_8.asl"": 141, ""director_subplot_l3_10.asl"": 129, ""director_subplot_l3_11.asl"": 129, ""director_subplot_l2_9.asl"": 141, ""director_subplot_l3_12.asl"": 129, ""director_subplot_l3_13.asl"": 129, ""role_mainplot_role0.asl"": 34, ""role_mainplot_role1.asl"": 34, ""role_mainplot_role2.asl"": 34, ""role_mainplot_role3.asl"": 34, ""role_mainplot_role4.asl"": 34, ""role_mainplot_role5.asl"": 34, ""role_mainplot_role6.asl"": 34, ""role_mainplot_role7.asl"": 34, ""role_mainplot_role8.asl"": 34, ""role_mainplot_role9.asl"": 34, ""role_mainplot_role10.asl"": 34, ""role_mainplot_role11.asl"": 34, ""role_mainplot_role12.asl"": 34, ""role_mainplot_role13.asl"": 34, ""role_mainplot_role14.asl"": 34, ""role_mainplot_role15.asl"": 34, ""role_mainplot_role16.asl"": 34, ""role_mainplot_role17.asl"": 34, ""role_mainplot_role18.asl"": 34, ""role_mainplot_role19.asl"": 34, ""role_mainplot_role20.asl"": 34, ""role_mainplot_role21.asl"": 34, ""role_mainplot_role22.asl"": 34, ""role_mainplot_role23.asl"": 34, ""role_mainplot_role24.asl"": 34, ""role_mainplot_role25.asl"": 34, ""role_mainplot_role26.asl"": 34, ""role_mainplot_role27.asl"": 34, ""role_mainplot_role28.asl"": 34, ""role_mainplot_role29.asl"": 34, ""role_mainplot_role30.asl"": 34, ""role_mainplot_role31.asl"": 34, ""role_mainplot_role32.asl"": 34, ""role_mainplot_role33.asl"": 34, ""role_mainplot_role34.asl"": 34, ""role_mainplot_role35.asl"": 34, ""role_mainplot_role36.asl"": 34, ""role_mainplot_role37.asl"": 34, ""role_mainplot_role38.asl"": 34, ""role_mainplot_role39.asl"": 34, ""role_mainplot_role40.asl"": 34, ""role_mainplot_role41.asl"": 34, ""role_mainplot_role42.asl"": 34, ""role_mainplot_role43.asl"": 34, ""role_mainplot_role44.asl"": 34, ""role_mainplot_role45.asl"": 34, ""role_mainplot_role46.asl"": 34, ""role_mainplot_role47.asl"": 34, ""role_mainplot_role48.asl"": 34, ""role_mainplot_role49.asl"": 34, ""role_subplot_l1_0_subrole.asl"": 29, ""role_subplot_l2_2_subrole.asl"": 29, ""role_subplot_l3_4_subrole.asl"": 29, ""role_subplot_l3_5_subrole.asl"": 29, ""role_subplot_l2_3_subrole.asl"": 29, ""role_subplot_l3_6_subrole.asl"": 29, ""role_subplot_l3_7_subrole.asl"": 29, ""role_subplot_l1_1_subrole.asl"": 29, ""role_subplot_l2_8_subrole.asl"": 29, ""role_subplot_l3_10_subrole.asl"": 29, ""role_subplot_l3_11_subrole.asl"": 29, ""role_subplot_l2_9_subrole.asl"": 29, ""role_subplot_l3_12_subrole.asl"": 29, ""role_subplot_l3_13_subrole.asl"": 29}",5.964095744680851,0.03043888899992453,0.0010491149987501558,1.0807008743286133,True,7,0
interaction_subplot_scope,15,Linux 7.1.9-arch1-2,x86_64,24,30.45,3.14.7,10,10,5,2,2,1,2,100,2,2,4,42,1438,37323,163,9109,"{""playbook_playbook0.asl"": 26, ""playbook_playbook1.asl"": 26, ""director_mainplot.asl"": 749, ""director_subplot_l1_0.asl"": 141, ""director_subplot_l2_2.asl"": 141, ""director_subplot_l3_4.asl"": 141, ""director_subplot_l4_6.asl"": 129, ""director_subplot_l4_7.asl"": 129, ""director_subplot_l3_5.asl"": 141, ""director_subplot_l4_8.asl"": 129, ""director_subplot_l4_9.asl"": 129, ""director_subplot_l2_3.asl"": 141, ""director_subplot_l3_10.asl"": 141, ""director_subplot_l4_12.asl"": 129, ""director_subplot_l4_13.asl"": 129, ""director_subplot_l3_11.asl"": 141, ""director_subplot_l4_14.asl"": 129, ""director_subplot_l4_15.asl"": 129, ""director_subplot_l1_1.asl"": 141, ""director_subplot_l2_16.asl"": 141, ""director_subplot_l3_18.asl"": 141, ""director_subplot_l4_20.asl"": 129, ""director_subplot_l4_21.asl"": 129, ""director_subplot_l3_19.asl"": 141, ""director_subplot_l4_22.asl"": 129, ""director_subplot_l4_23.asl"": 129, ""director_subplot_l2_17.asl"": 141, ""director_subplot_l3_24.asl"": 141, ""director_subplot_l4_26.asl"": 129, ""director_subplot_l4_27.asl"": 129, ""director_subplot_l3_25.asl"": 141, ""director_subplot_l4_28.asl"": 129, ""director_subplot_l4_29.asl"": 129, ""role_mainplot_role0.asl"": 34, ""role_mainplot_role1.asl"": 34, ""role_mainplot_role2.asl"": 34, ""role_mainplot_role3.asl"": 34, ""role_mainplot_role4.asl"": 34, ""role_mainplot_role5.asl"": 34, ""role_mainplot_role6.asl"": 34, ""role_mainplot_role7.asl"": 34, ""role_mainplot_role8.asl"": 34, ""role_mainplot_role9.asl"": 34, ""role_mainplot_role10.asl"": 34, ""role_mainplot_role11.asl"": 34, ""role_mainplot_role12.asl"": 34, ""role_mainplot_role13.asl"": 34, ""role_mainplot_role14.asl"": 34, ""role_mainplot_role15.asl"": 34, ""role_mainplot_role16.asl"": 34, ""role_mainplot_role17.asl"": 34, ""role_mainplot_role18.asl"": 34, ""role_mainplot_role19.asl"": 34, ""role_mainplot_role20.asl"": 34, ""role_mainplot_role21.asl"": 34, ""role_mainplot_role22.asl"": 34, ""role_mainplot_role23.asl"": 34, ""role_mainplot_role24.asl"": 34, ""role_mainplot_role25.asl"": 34, ""role_mainplot_role26.asl"": 34, ""role_mainplot_role27.asl"": 34, ""role_mainplot_role28.asl"": 34, ""role_mainplot_role29.asl"": 34, ""role_mainplot_role30.asl"": 34, ""role_mainplot_role31.asl"": 34, ""role_mainplot_role32.asl"": 34, ""role_mainplot_role33.asl"": 34, ""role_mainplot_role34.asl"": 34, ""role_mainplot_role35.asl"": 34, ""role_mainplot_role36.asl"": 34, ""role_mainplot_role37.asl"": 34, ""role_mainplot_role38.asl"": 34, ""role_mainplot_role39.asl"": 34, ""role_mainplot_role40.asl"": 34, ""role_mainplot_role41.asl"": 34, ""role_mainplot_role42.asl"": 34, ""role_mainplot_role43.asl"": 34, ""role_mainplot_role44.asl"": 34, ""role_mainplot_role45.asl"": 34, ""role_mainplot_role46.asl"": 34, ""role_mainplot_role47.asl"": 34, ""role_mainplot_role48.asl"": 34, ""role_mainplot_role49.asl"": 34, ""role_mainplot_role50.asl"": 34, ""role_mainplot_role51.asl"": 34, ""role_mainplot_role52.asl"": 34, ""role_mainplot_role53.asl"": 34, ""role_mainplot_role54.asl"": 34, ""role_mainplot_role55.asl"": 34, ""role_mainplot_role56.asl"": 34, ""role_mainplot_role57.asl"": 34, ""role_mainplot_role58.asl"": 34, ""role_mainplot_role59.asl"": 34, ""role_mainplot_role60.asl"": 34, ""role_mainplot_role61.asl"": 34, ""role_mainplot_role62.asl"": 34, ""role_mainplot_role63.asl"": 34, ""role_mainplot_role64.asl"": 34, ""role_mainplot_role65.asl"": 34, ""role_mainplot_role66.asl"": 34, ""role_mainplot_role67.asl"": 34, ""role_mainplot_role68.asl"": 34, ""role_mainplot_role69.asl"": 34, ""role_mainplot_role70.asl"": 34, ""role_mainplot_role71.asl"": 34, ""role_mainplot_role72.asl"": 34, ""role_mainplot_role73.asl"": 34, ""role_mainplot_role74.asl"": 34, ""role_mainplot_role75.asl"": 34, ""role_mainplot_role76.asl"": 34, ""role_mainplot_role77.asl"": 34, ""role_mainplot_role78.asl"": 34, ""role_mainplot_role79.asl"": 34, ""role_mainplot_role80.asl"": 34, ""role_mainplot_role81.asl"": 34, ""role_mainplot_role82.asl"": 34, ""role_mainplot_role83.asl"": 34, ""role_mainplot_role84.asl"": 34, ""role_mainplot_role85.asl"": 34, ""role_mainplot_role86.asl"": 34, ""role_mainplot_role87.asl"": 34, ""role_mainplot_role88.asl"": 34, ""role_mainplot_role89.asl"": 34, ""role_mainplot_role90.asl"": 34, ""role_mainplot_role91.asl"": 34, ""role_mainplot_role92.asl"": 34, ""role_mainplot_role93.asl"": 34, ""role_mainplot_role94.asl"": 34, ""role_mainplot_role95.asl"": 34, ""role_mainplot_role96.asl"": 34, ""role_mainplot_role97.asl"": 34, ""role_mainplot_role98.asl"": 34, ""role_mainplot_role99.asl"": 34, ""role_subplot_l1_0_subrole.asl"": 29, ""role_subplot_l2_2_subrole.asl"": 29, ""role_subplot_l3_4_subrole.asl"": 29, ""role_subplot_l4_6_subrole.asl"": 29, ""role_subplot_l4_7_subrole.asl"": 29, ""role_subplot_l3_5_subrole.asl"": 29, ""role_subplot_l4_8_subrole.asl"": 29, ""role_subplot_l4_9_subrole.asl"": 29, ""role_subplot_l2_3_subrole.asl"": 29, ""role_subplot_l3_10_subrole.asl"": 29, ""role_subplot_l4_12_subrole.asl"": 29, ""role_subplot_l4_13_subrole.asl"": 29, ""role_subplot_l3_11_subrole.asl"": 29, ""role_subplot_l4_14_subrole.asl"": 29, ""role_subplot_l4_15_subrole.asl"": 29, ""role_subplot_l1_1_subrole.asl"": 29, ""role_subplot_l2_16_subrole.asl"": 29, ""role_subplot_l3_18_subrole.asl"": 29, ""role_subplot_l4_20_subrole.asl"": 29, ""role_subplot_l4_21_subrole.asl"": 29, ""role_subplot_l3_19_subrole.asl"": 29, ""role_subplot_l4_22_subrole.asl"": 29, ""role_subplot_l4_23_subrole.asl"": 29, ""role_subplot_l2_17_subrole.asl"": 29, ""role_subplot_l3_24_subrole.asl"": 29, ""role_subplot_l4_26_subrole.asl"": 29, ""role_subplot_l4_27_subrole.asl"": 29, ""role_subplot_l3_25_subrole.asl"": 29, ""role_subplot_l4_28_subrole.asl"": 29, ""role_subplot_l4_29_subrole.asl"": 29}",6.334492350486787,0.0595683840001584,0.0021075619988550898,2.1133365631103516,True,7,0
interaction_subplot_scope,16,Linux 7.1.9-arch1-2,x86_64,24,30.45,3.14.7,10,10,5,2,2,1,2,100,2,2,4,42,1438,37323,163,9109,"{""playbook_playbook0.asl"": 26, ""playbook_playbook1.asl"": 26, ""director_mainplot.asl"": 749, ""director_subplot_l1_0.asl"": 141, ""director_subplot_l2_2.asl"": 141, ""director_subplot_l3_4.asl"": 141, ""director_subplot_l4_6.asl"": 129, ""director_subplot_l4_7.asl"": 129, ""director_subplot_l3_5.asl"": 141, ""director_subplot_l4_8.asl"": 129, ""director_subplot_l4_9.asl"": 129, ""director_subplot_l2_3.asl"": 141, ""director_subplot_l3_10.asl"": 141, ""director_subplot_l4_12.asl"": 129, ""director_subplot_l4_13.asl"": 129, ""director_subplot_l3_11.asl"": 141, ""director_subplot_l4_14.asl"": 129, ""director_subplot_l4_15.asl"": 129, ""director_subplot_l1_1.asl"": 141, ""director_subplot_l2_16.asl"": 141, ""director_subplot_l3_18.asl"": 141, ""director_subplot_l4_20.asl"": 129, ""director_subplot_l4_21.asl"": 129, ""director_subplot_l3_19.asl"": 141, ""director_subplot_l4_22.asl"": 129, ""director_subplot_l4_23.asl"": 129, ""director_subplot_l2_17.asl"": 141, ""director_subplot_l3_24.asl"": 141, ""director_subplot_l4_26.asl"": 129, ""director_subplot_l4_27.asl"": 129, ""director_subplot_l3_25.asl"": 141, ""director_subplot_l4_28.asl"": 129, ""director_subplot_l4_29.asl"": 129, ""role_mainplot_role0.asl"": 34, ""role_mainplot_role1.asl"": 34, ""role_mainplot_role2.asl"": 34, ""role_mainplot_role3.asl"": 34, ""role_mainplot_role4.asl"": 34, ""role_mainplot_role5.asl"": 34, ""role_mainplot_role6.asl"": 34, ""role_mainplot_role7.asl"": 34, ""role_mainplot_role8.asl"": 34, ""role_mainplot_role9.asl"": 34, ""role_mainplot_role10.asl"": 34, ""role_mainplot_role11.asl"": 34, ""role_mainplot_role12.asl"": 34, ""role_mainplot_role13.asl"": 34, ""role_mainplot_role14.asl"": 34, ""role_mainplot_role15.asl"": 34, ""role_mainplot_role16.asl"": 34, ""role_mainplot_role17.asl"": 34, ""role_mainplot_role18.asl"": 34, ""role_mainplot_role19.asl"": 34, ""role_mainplot_role20.asl"": 34, ""role_mainplot_role21.asl"": 34, ""role_mainplot_role22.asl"": 34, ""role_mainplot_role23.asl"": 34, ""role_mainplot_role24.asl"": 34, ""role_mainplot_role25.asl"": 34, ""role_mainplot_role26.asl"": 34, ""role_mainplot_role27.asl"": 34, ""role_mainplot_role28.asl"": 34, ""role_mainplot_role29.asl"": 34, ""role_mainplot_role30.asl"": 34, ""role_mainplot_role31.asl"": 34, ""role_mainplot_role32.asl"": 34, ""role_mainplot_role33.asl"": 34, ""role_mainplot_role34.asl"": 34, ""role_mainplot_role35.asl"": 34, ""role_mainplot_role36.asl"": 34, ""role_mainplot_role37.asl"": 34, ""role_mainplot_role38.asl"": 34, ""role_mainplot_role39.asl"": 34, ""role_mainplot_role40.asl"": 34, ""role_mainplot_role41.asl"": 34, ""role_mainplot_role42.asl"": 34, ""role_mainplot_role43.asl"": 34, ""role_mainplot_role44.asl"": 34, ""role_mainplot_role45.asl"": 34, ""role_mainplot_role46.asl"": 34, ""role_mainplot_role47.asl"": 34, ""role_mainplot_role48.asl"": 34, ""role_mainplot_role49.asl"": 34, ""role_mainplot_role50.asl"": 34, ""role_mainplot_role51.asl"": 34, ""role_mainplot_role52.asl"": 34, ""role_mainplot_role53.asl"": 34, ""role_mainplot_role54.asl"": 34, ""role_mainplot_role55.asl"": 34, ""role_mainplot_role56.asl"": 34, ""role_mainplot_role57.asl"": 34, ""role_mainplot_role58.asl"": 34, ""role_mainplot_role59.asl"": 34, ""role_mainplot_role60.asl"": 34, ""role_mainplot_role61.asl"": 34, ""role_mainplot_role62.asl"": 34, ""role_mainplot_role63.asl"": 34, ""role_mainplot_role64.asl"": 34, ""role_mainplot_role65.asl"": 34, ""role_mainplot_role66.asl"": 34, ""role_mainplot_role67.asl"": 34, ""role_mainplot_role68.asl"": 34, ""role_mainplot_role69.asl"": 34, ""role_mainplot_role70.asl"": 34, ""role_mainplot_role71.asl"": 34, ""role_mainplot_role72.asl"": 34, ""role_mainplot_role73.asl"": 34, ""role_mainplot_role74.asl"": 34, ""role_mainplot_role75.asl"": 34, ""role_mainplot_role76.asl"": 34, ""role_mainplot_role77.asl"": 34, ""role_mainplot_role78.asl"": 34, ""role_mainplot_role79.asl"": 34, ""role_mainplot_role80.asl"": 34, ""role_mainplot_role81.asl"": 34, ""role_mainplot_role82.asl"": 34, ""role_mainplot_role83.asl"": 34, ""role_mainplot_role84.asl"": 34, ""role_mainplot_role85.asl"": 34, ""role_mainplot_role86.asl"": 34, ""role_mainplot_role87.asl"": 34, ""role_mainplot_role88.asl"": 34, ""role_mainplot_role89.asl"": 34, ""role_mainplot_role90.asl"": 34, ""role_mainplot_role91.asl"": 34, ""role_mainplot_role92.asl"": 34, ""role_mainplot_role93.asl"": 34, ""role_mainplot_role94.asl"": 34, ""role_mainplot_role95.asl"": 34, ""role_mainplot_role96.asl"": 34, ""role_mainplot_role97.asl"": 34, ""role_mainplot_role98.asl"": 34, ""role_mainplot_role99.asl"": 34, ""role_subplot_l1_0_subrole.asl"": 29, ""role_subplot_l2_2_subrole.asl"": 29, ""role_subplot_l3_4_subrole.asl"": 29, ""role_subplot_l4_6_subrole.asl"": 29, ""role_subplot_l4_7_subrole.asl"": 29, ""role_subplot_l3_5_subrole.asl"": 29, ""role_subplot_l4_8_subrole.asl"": 29, ""role_subplot_l4_9_subrole.asl"": 29, ""role_subplot_l2_3_subrole.asl"": 29, ""role_subplot_l3_10_subrole.asl"": 29, ""role_subplot_l4_12_subrole.asl"": 29, ""role_subplot_l4_13_subrole.asl"": 29, ""role_subplot_l3_11_subrole.asl"": 29, ""role_subplot_l4_14_subrole.asl"": 29, ""role_subplot_l4_15_subrole.asl"": 29, ""role_subplot_l1_1_subrole.asl"": 29, ""role_subplot_l2_16_subrole.asl"": 29, ""role_subplot_l3_18_subrole.asl"": 29, ""role_subplot_l4_20_subrole.asl"": 29, ""role_subplot_l4_21_subrole.asl"": 29, ""role_subplot_l3_19_subrole.asl"": 29, ""role_subplot_l4_22_subrole.asl"": 29, ""role_subplot_l4_23_subrole.asl"": 29, ""role_subplot_l2_17_subrole.asl"": 29, ""role_subplot_l3_24_subrole.asl"": 29, ""role_subplot_l4_26_subrole.asl"": 29, ""role_subplot_l4_27_subrole.asl"": 29, ""role_subplot_l3_25_subrole.asl"": 29, ""role_subplot_l4_28_subrole.asl"": 29, ""role_subplot_l4_29_subrole.asl"": 29}",6.334492350486787,0.058946476001437986,0.00215659199966467,2.1133365631103516,True,7,0
interaction_subplot_scope,17,Linux 7.1.9-arch1-2,x86_64,24,30.45,3.14.7,10,10,5,2,2,1,2,100,2,2,4,42,1438,37323,163,9109,"{""playbook_playbook0.asl"": 26, ""playbook_playbook1.asl"": 26, ""director_mainplot.asl"": 749, ""director_subplot_l1_0.asl"": 141, ""director_subplot_l2_2.asl"": 141, ""director_subplot_l3_4.asl"": 141, ""director_subplot_l4_6.asl"": 129, ""director_subplot_l4_7.asl"": 129, ""director_subplot_l3_5.asl"": 141, ""director_subplot_l4_8.asl"": 129, ""director_subplot_l4_9.asl"": 129, ""director_subplot_l2_3.asl"": 141, ""director_subplot_l3_10.asl"": 141, ""director_subplot_l4_12.asl"": 129, ""director_subplot_l4_13.asl"": 129, ""director_subplot_l3_11.asl"": 141, ""director_subplot_l4_14.asl"": 129, ""director_subplot_l4_15.asl"": 129, ""director_subplot_l1_1.asl"": 141, ""director_subplot_l2_16.asl"": 141, ""director_subplot_l3_18.asl"": 141, ""director_subplot_l4_20.asl"": 129, ""director_subplot_l4_21.asl"": 129, ""director_subplot_l3_19.asl"": 141, ""director_subplot_l4_22.asl"": 129, ""director_subplot_l4_23.asl"": 129, ""director_subplot_l2_17.asl"": 141, ""director_subplot_l3_24.asl"": 141, ""director_subplot_l4_26.asl"": 129, ""director_subplot_l4_27.asl"": 129, ""director_subplot_l3_25.asl"": 141, ""director_subplot_l4_28.asl"": 129, ""director_subplot_l4_29.asl"": 129, ""role_mainplot_role0.asl"": 34, ""role_mainplot_role1.asl"": 34, ""role_mainplot_role2.asl"": 34, ""role_mainplot_role3.asl"": 34, ""role_mainplot_role4.asl"": 34, ""role_mainplot_role5.asl"": 34, ""role_mainplot_role6.asl"": 34, ""role_mainplot_role7.asl"": 34, ""role_mainplot_role8.asl"": 34, ""role_mainplot_role9.asl"": 34, ""role_mainplot_role10.asl"": 34, ""role_mainplot_role11.asl"": 34, ""role_mainplot_role12.asl"": 34, ""role_mainplot_role13.asl"": 34, ""role_mainplot_role14.asl"": 34, ""role_mainplot_role15.asl"": 34, ""role_mainplot_role16.asl"": 34, ""role_mainplot_role17.asl"": 34, ""role_mainplot_role18.asl"": 34, ""role_mainplot_role19.asl"": 34, ""role_mainplot_role20.asl"": 34, ""role_mainplot_role21.asl"": 34, ""role_mainplot_role22.asl"": 34, ""role_mainplot_role23.asl"": 34, ""role_mainplot_role24.asl"": 34, ""role_mainplot_role25.asl"": 34, ""role_mainplot_role26.asl"": 34, ""role_mainplot_role27.asl"": 34, ""role_mainplot_role28.asl"": 34, ""role_mainplot_role29.asl"": 34, ""role_mainplot_role30.asl"": 34, ""role_mainplot_role31.asl"": 34, ""role_mainplot_role32.asl"": 34, ""role_mainplot_role33.asl"": 34, ""role_mainplot_role34.asl"": 34, ""role_mainplot_role35.asl"": 34, ""role_mainplot_role36.asl"": 34, ""role_mainplot_role37.asl"": 34, ""role_mainplot_role38.asl"": 34, ""role_mainplot_role39.asl"": 34, ""role_mainplot_role40.asl"": 34, ""role_mainplot_role41.asl"": 34, ""role_mainplot_role42.asl"": 34, ""role_mainplot_role43.asl"": 34, ""role_mainplot_role44.asl"": 34, ""role_mainplot_role45.asl"": 34, ""role_mainplot_role46.asl"": 34, ""role_mainplot_role47.asl"": 34, ""role_mainplot_role48.asl"": 34, ""role_mainplot_role49.asl"": 34, ""role_mainplot_role50.asl"": 34, ""role_mainplot_role51.asl"": 34, ""role_mainplot_role52.asl"": 34, ""role_mainplot_role53.asl"": 34, ""role_mainplot_role54.asl"": 34, ""role_mainplot_role55.asl"": 34, ""role_mainplot_role56.asl"": 34, ""role_mainplot_role57.asl"": 34, ""role_mainplot_role58.asl"": 34, ""role_mainplot_role59.asl"": 34, ""role_mainplot_role60.asl"": 34, ""role_mainplot_role61.asl"": 34, ""role_mainplot_role62.asl"": 34, ""role_mainplot_role63.asl"": 34, ""role_mainplot_role64.asl"": 34, ""role_mainplot_role65.asl"": 34, ""role_mainplot_role66.asl"": 34, ""role_mainplot_role67.asl"": 34, ""role_mainplot_role68.asl"": 34, ""role_mainplot_role69.asl"": 34, ""role_mainplot_role70.asl"": 34, ""role_mainplot_role71.asl"": 34, ""role_mainplot_role72.asl"": 34, ""role_mainplot_role73.asl"": 34, ""role_mainplot_role74.asl"": 34, ""role_mainplot_role75.asl"": 34, ""role_mainplot_role76.asl"": 34, ""role_mainplot_role77.asl"": 34, ""role_mainplot_role78.asl"": 34, ""role_mainplot_role79.asl"": 34, ""role_mainplot_role80.asl"": 34, ""role_mainplot_role81.asl"": 34, ""role_mainplot_role82.asl"": 34, ""role_mainplot_role83.asl"": 34, ""role_mainplot_role84.asl"": 34, ""role_mainplot_role85.asl"": 34, ""role_mainplot_role86.asl"": 34, ""role_mainplot_role87.asl"": 34, ""role_mainplot_role88.asl"": 34, ""role_mainplot_role89.asl"": 34, ""role_mainplot_role90.asl"": 34, ""role_mainplot_role91.asl"": 34, ""role_mainplot_role92.asl"": 34, ""role_mainplot_role93.asl"": 34, ""role_mainplot_role94.asl"": 34, ""role_mainplot_role95.asl"": 34, ""role_mainplot_role96.asl"": 34, ""role_mainplot_role97.asl"": 34, ""role_mainplot_role98.asl"": 34, ""role_mainplot_role99.asl"": 34, ""role_subplot_l1_0_subrole.asl"": 29, ""role_subplot_l2_2_subrole.asl"": 29, ""role_subplot_l3_4_subrole.asl"": 29, ""role_subplot_l4_6_subrole.asl"": 29, ""role_subplot_l4_7_subrole.asl"": 29, ""role_subplot_l3_5_subrole.asl"": 29, ""role_subplot_l4_8_subrole.asl"": 29, ""role_subplot_l4_9_subrole.asl"": 29, ""role_subplot_l2_3_subrole.asl"": 29, ""role_subplot_l3_10_subrole.asl"": 29, ""role_subplot_l4_12_subrole.asl"": 29, ""role_subplot_l4_13_subrole.asl"": 29, ""role_subplot_l3_11_subrole.asl"": 29, ""role_subplot_l4_14_subrole.asl"": 29, ""role_subplot_l4_15_subrole.asl"": 29, ""role_subplot_l1_1_subrole.asl"": 29, ""role_subplot_l2_16_subrole.asl"": 29, ""role_subplot_l3_18_subrole.asl"": 29, ""role_subplot_l4_20_subrole.asl"": 29, ""role_subplot_l4_21_subrole.asl"": 29, ""role_subplot_l3_19_subrole.asl"": 29, ""role_subplot_l4_22_subrole.asl"": 29, ""role_subplot_l4_23_subrole.asl"": 29, ""role_subplot_l2_17_subrole.asl"": 29, ""role_subplot_l3_24_subrole.asl"": 29, ""role_subplot_l4_26_subrole.asl"": 29, ""role_subplot_l4_27_subrole.asl"": 29, ""role_subplot_l3_25_subrole.asl"": 29, ""role_subplot_l4_28_subrole.asl"": 29, ""role_subplot_l4_29_subrole.asl"": 29}",6.334492350486787,0.05946311399748083,0.0021635720004269388,2.1133365631103516,True,7,0
interaction_subplot_scope,18,Linux 7.1.9-arch1-2,x86_64,24,30.45,3.14.7,10,10,5,2,2,1,2,100,2,2,4,42,1438,37323,163,9109,"{""playbook_playbook0.asl"": 26, ""playbook_playbook1.asl"": 26, ""director_mainplot.asl"": 749, ""director_subplot_l1_0.asl"": 141, ""director_subplot_l2_2.asl"": 141, ""director_subplot_l3_4.asl"": 141, ""director_subplot_l4_6.asl"": 129, ""director_subplot_l4_7.asl"": 129, ""director_subplot_l3_5.asl"": 141, ""director_subplot_l4_8.asl"": 129, ""director_subplot_l4_9.asl"": 129, ""director_subplot_l2_3.asl"": 141, ""director_subplot_l3_10.asl"": 141, ""director_subplot_l4_12.asl"": 129, ""director_subplot_l4_13.asl"": 129, ""director_subplot_l3_11.asl"": 141, ""director_subplot_l4_14.asl"": 129, ""director_subplot_l4_15.asl"": 129, ""director_subplot_l1_1.asl"": 141, ""director_subplot_l2_16.asl"": 141, ""director_subplot_l3_18.asl"": 141, ""director_subplot_l4_20.asl"": 129, ""director_subplot_l4_21.asl"": 129, ""director_subplot_l3_19.asl"": 141, ""director_subplot_l4_22.asl"": 129, ""director_subplot_l4_23.asl"": 129, ""director_subplot_l2_17.asl"": 141, ""director_subplot_l3_24.asl"": 141, ""director_subplot_l4_26.asl"": 129, ""director_subplot_l4_27.asl"": 129, ""director_subplot_l3_25.asl"": 141, ""director_subplot_l4_28.asl"": 129, ""director_subplot_l4_29.asl"": 129, ""role_mainplot_role0.asl"": 34, ""role_mainplot_role1.asl"": 34, ""role_mainplot_role2.asl"": 34, ""role_mainplot_role3.asl"": 34, ""role_mainplot_role4.asl"": 34, ""role_mainplot_role5.asl"": 34, ""role_mainplot_role6.asl"": 34, ""role_mainplot_role7.asl"": 34, ""role_mainplot_role8.asl"": 34, ""role_mainplot_role9.asl"": 34, ""role_mainplot_role10.asl"": 34, ""role_mainplot_role11.asl"": 34, ""role_mainplot_role12.asl"": 34, ""role_mainplot_role13.asl"": 34, ""role_mainplot_role14.asl"": 34, ""role_mainplot_role15.asl"": 34, ""role_mainplot_role16.asl"": 34, ""role_mainplot_role17.asl"": 34, ""role_mainplot_role18.asl"": 34, ""role_mainplot_role19.asl"": 34, ""role_mainplot_role20.asl"": 34, ""role_mainplot_role21.asl"": 34, ""role_mainplot_role22.asl"": 34, ""role_mainplot_role23.asl"": 34, ""role_mainplot_role24.asl"": 34, ""role_mainplot_role25.asl"": 34, ""role_mainplot_role26.asl"": 34, ""role_mainplot_role27.asl"": 34, ""role_mainplot_role28.asl"": 34, ""role_mainplot_role29.asl"": 34, ""role_mainplot_role30.asl"": 34, ""role_mainplot_role31.asl"": 34, ""role_mainplot_role32.asl"": 34, ""role_mainplot_role33.asl"": 34, ""role_mainplot_role34.asl"": 34, ""role_mainplot_role35.asl"": 34, ""role_mainplot_role36.asl"": 34, ""role_mainplot_role37.asl"": 34, ""role_mainplot_role38.asl"": 34, ""role_mainplot_role39.asl"": 34, ""role_mainplot_role40.asl"": 34, ""role_mainplot_role41.asl"": 34, ""role_mainplot_role42.asl"": 34, ""role_mainplot_role43.asl"": 34, ""role_mainplot_role44.asl"": 34, ""role_mainplot_role45.asl"": 34, ""role_mainplot_role46.asl"": 34, ""role_mainplot_role47.asl"": 34, ""role_mainplot_role48.asl"": 34, ""role_mainplot_role49.asl"": 34, ""role_mainplot_role50.asl"": 34, ""role_mainplot_role51.asl"": 34, ""role_mainplot_role52.asl"": 34, ""role_mainplot_role53.asl"": 34, ""role_mainplot_role54.asl"": 34, ""role_mainplot_role55.asl"": 34, ""role_mainplot_role56.asl"": 34, ""role_mainplot_role57.asl"": 34, ""role_mainplot_role58.asl"": 34, ""role_mainplot_role59.asl"": 34, ""role_mainplot_role60.asl"": 34, ""role_mainplot_role61.asl"": 34, ""role_mainplot_role62.asl"": 34, ""role_mainplot_role63.asl"": 34, ""role_mainplot_role64.asl"": 34, ""role_mainplot_role65.asl"": 34, ""role_mainplot_role66.asl"": 34, ""role_mainplot_role67.asl"": 34, ""role_mainplot_role68.asl"": 34, ""role_mainplot_role69.asl"": 34, ""role_mainplot_role70.asl"": 34, ""role_mainplot_role71.asl"": 34, ""role_mainplot_role72.asl"": 34, ""role_mainplot_role73.asl"": 34, ""role_mainplot_role74.asl"": 34, ""role_mainplot_role75.asl"": 34, ""role_mainplot_role76.asl"": 34, ""role_mainplot_role77.asl"": 34, ""role_mainplot_role78.asl"": 34, ""role_mainplot_role79.asl"": 34, ""role_mainplot_role80.asl"": 34, ""role_mainplot_role81.asl"": 34, ""role_mainplot_role82.asl"": 34, ""role_mainplot_role83.asl"": 34, ""role_mainplot_role84.asl"": 34, ""role_mainplot_role85.asl"": 34, ""role_mainplot_role86.asl"": 34, ""role_mainplot_role87.asl"": 34, ""role_mainplot_role88.asl"": 34, ""role_mainplot_role89.asl"": 34, ""role_mainplot_role90.asl"": 34, ""role_mainplot_role91.asl"": 34, ""role_mainplot_role92.asl"": 34, ""role_mainplot_role93.asl"": 34, ""role_mainplot_role94.asl"": 34, ""role_mainplot_role95.asl"": 34, ""role_mainplot_role96.asl"": 34, ""role_mainplot_role97.asl"": 34, ""role_mainplot_role98.asl"": 34, ""role_mainplot_role99.asl"": 34, ""role_subplot_l1_0_subrole.asl"": 29, ""role_subplot_l2_2_subrole.asl"": 29, ""role_subplot_l3_4_subrole.asl"": 29, ""role_subplot_l4_6_subrole.asl"": 29, ""role_subplot_l4_7_subrole.asl"": 29, ""role_subplot_l3_5_subrole.asl"": 29, ""role_subplot_l4_8_subrole.asl"": 29, ""role_subplot_l4_9_subrole.asl"": 29, ""role_subplot_l2_3_subrole.asl"": 29, ""role_subplot_l3_10_subrole.asl"": 29, ""role_subplot_l4_12_subrole.asl"": 29, ""role_subplot_l4_13_subrole.asl"": 29, ""role_subplot_l3_11_subrole.asl"": 29, ""role_subplot_l4_14_subrole.asl"": 29, ""role_subplot_l4_15_subrole.asl"": 29, ""role_subplot_l1_1_subrole.asl"": 29, ""role_subplot_l2_16_subrole.asl"": 29, ""role_subplot_l3_18_subrole.asl"": 29, ""role_subplot_l4_20_subrole.asl"": 29, ""role_subplot_l4_21_subrole.asl"": 29, ""role_subplot_l3_19_subrole.asl"": 29, ""role_subplot_l4_22_subrole.asl"": 29, ""role_subplot_l4_23_subrole.asl"": 29, ""role_subplot_l2_17_subrole.asl"": 29, ""role_subplot_l3_24_subrole.asl"": 29, ""role_subplot_l4_26_subrole.asl"": 29, ""role_subplot_l4_27_subrole.asl"": 29, ""role_subplot_l3_25_subrole.asl"": 29, ""role_subplot_l4_28_subrole.asl"": 29, ""role_subplot_l4_29_subrole.asl"": 29}",6.334492350486787,0.058878545998595655,0.0021598410021397285,2.1133365631103516,True,7,0
interaction_subplot_scope,19,Linux 7.1.9-arch1-2,x86_64,24,30.45,3.14.7,10,10,5,2,2,1,2,100,2,2,4,42,1438,37323,163,9109,"{""playbook_playbook0.asl"": 26, ""playbook_playbook1.asl"": 26, ""director_mainplot.asl"": 749, ""director_subplot_l1_0.asl"": 141, ""director_subplot_l2_2.asl"": 141, ""director_subplot_l3_4.asl"": 141, ""director_subplot_l4_6.asl"": 129, ""director_subplot_l4_7.asl"": 129, ""director_subplot_l3_5.asl"": 141, ""director_subplot_l4_8.asl"": 129, ""director_subplot_l4_9.asl"": 129, ""director_subplot_l2_3.asl"": 141, ""director_subplot_l3_10.asl"": 141, ""director_subplot_l4_12.asl"": 129, ""director_subplot_l4_13.asl"": 129, ""director_subplot_l3_11.asl"": 141, ""director_subplot_l4_14.asl"": 129, ""director_subplot_l4_15.asl"": 129, ""director_subplot_l1_1.asl"": 141, ""director_subplot_l2_16.asl"": 141, ""director_subplot_l3_18.asl"": 141, ""director_subplot_l4_20.asl"": 129, ""director_subplot_l4_21.asl"": 129, ""director_subplot_l3_19.asl"": 141, ""director_subplot_l4_22.asl"": 129, ""director_subplot_l4_23.asl"": 129, ""director_subplot_l2_17.asl"": 141, ""director_subplot_l3_24.asl"": 141, ""director_subplot_l4_26.asl"": 129, ""director_subplot_l4_27.asl"": 129, ""director_subplot_l3_25.asl"": 141, ""director_subplot_l4_28.asl"": 129, ""director_subplot_l4_29.asl"": 129, ""role_mainplot_role0.asl"": 34, ""role_mainplot_role1.asl"": 34, ""role_mainplot_role2.asl"": 34, ""role_mainplot_role3.asl"": 34, ""role_mainplot_role4.asl"": 34, ""role_mainplot_role5.asl"": 34, ""role_mainplot_role6.asl"": 34, ""role_mainplot_role7.asl"": 34, ""role_mainplot_role8.asl"": 34, ""role_mainplot_role9.asl"": 34, ""role_mainplot_role10.asl"": 34, ""role_mainplot_role11.asl"": 34, ""role_mainplot_role12.asl"": 34, ""role_mainplot_role13.asl"": 34, ""role_mainplot_role14.asl"": 34, ""role_mainplot_role15.asl"": 34, ""role_mainplot_role16.asl"": 34, ""role_mainplot_role17.asl"": 34, ""role_mainplot_role18.asl"": 34, ""role_mainplot_role19.asl"": 34, ""role_mainplot_role20.asl"": 34, ""role_mainplot_role21.asl"": 34, ""role_mainplot_role22.asl"": 34, ""role_mainplot_role23.asl"": 34, ""role_mainplot_role24.asl"": 34, ""role_mainplot_role25.asl"": 34, ""role_mainplot_role26.asl"": 34, ""role_mainplot_role27.asl"": 34, ""role_mainplot_role28.asl"": 34, ""role_mainplot_role29.asl"": 34, ""role_mainplot_role30.asl"": 34, ""role_mainplot_role31.asl"": 34, ""role_mainplot_role32.asl"": 34, ""role_mainplot_role33.asl"": 34, ""role_mainplot_role34.asl"": 34, ""role_mainplot_role35.asl"": 34, ""role_mainplot_role36.asl"": 34, ""role_mainplot_role37.asl"": 34, ""role_mainplot_role38.asl"": 34, ""role_mainplot_role39.asl"": 34, ""role_mainplot_role40.asl"": 34, ""role_mainplot_role41.asl"": 34, ""role_mainplot_role42.asl"": 34, ""role_mainplot_role43.asl"": 34, ""role_mainplot_role44.asl"": 34, ""role_mainplot_role45.asl"": 34, ""role_mainplot_role46.asl"": 34, ""role_mainplot_role47.asl"": 34, ""role_mainplot_role48.asl"": 34, ""role_mainplot_role49.asl"": 34, ""role_mainplot_role50.asl"": 34, ""role_mainplot_role51.asl"": 34, ""role_mainplot_role52.asl"": 34, ""role_mainplot_role53.asl"": 34, ""role_mainplot_role54.asl"": 34, ""role_mainplot_role55.asl"": 34, ""role_mainplot_role56.asl"": 34, ""role_mainplot_role57.asl"": 34, ""role_mainplot_role58.asl"": 34, ""role_mainplot_role59.asl"": 34, ""role_mainplot_role60.asl"": 34, ""role_mainplot_role61.asl"": 34, ""role_mainplot_role62.asl"": 34, ""role_mainplot_role63.asl"": 34, ""role_mainplot_role64.asl"": 34, ""role_mainplot_role65.asl"": 34, ""role_mainplot_role66.asl"": 34, ""role_mainplot_role67.asl"": 34, ""role_mainplot_role68.asl"": 34, ""role_mainplot_role69.asl"": 34, ""role_mainplot_role70.asl"": 34, ""role_mainplot_role71.asl"": 34, ""role_mainplot_role72.asl"": 34, ""role_mainplot_role73.asl"": 34, ""role_mainplot_role74.asl"": 34, ""role_mainplot_role75.asl"": 34, ""role_mainplot_role76.asl"": 34, ""role_mainplot_role77.asl"": 34, ""role_mainplot_role78.asl"": 34, ""role_mainplot_role79.asl"": 34, ""role_mainplot_role80.asl"": 34, ""role_mainplot_role81.asl"": 34, ""role_mainplot_role82.asl"": 34, ""role_mainplot_role83.asl"": 34, ""role_mainplot_role84.asl"": 34, ""role_mainplot_role85.asl"": 34, ""role_mainplot_role86.asl"": 34, ""role_mainplot_role87.asl"": 34, ""role_mainplot_role88.asl"": 34, ""role_mainplot_role89.asl"": 34, ""role_mainplot_role90.asl"": 34, ""role_mainplot_role91.asl"": 34, ""role_mainplot_role92.asl"": 34, ""role_mainplot_role93.asl"": 34, ""role_mainplot_role94.asl"": 34, ""role_mainplot_role95.asl"": 34, ""role_mainplot_role96.asl"": 34, ""role_mainplot_role97.asl"": 34, ""role_mainplot_role98.asl"": 34, ""role_mainplot_role99.asl"": 34, ""role_subplot_l1_0_subrole.asl"": 29, ""role_subplot_l2_2_subrole.asl"": 29, ""role_subplot_l3_4_subrole.asl"": 29, ""role_subplot_l4_6_subrole.asl"": 29, ""role_subplot_l4_7_subrole.asl"": 29, ""role_subplot_l3_5_subrole.asl"": 29, ""role_subplot_l4_8_subrole.asl"": 29, ""role_subplot_l4_9_subrole.asl"": 29, ""role_subplot_l2_3_subrole.asl"": 29, ""role_subplot_l3_10_subrole.asl"": 29, ""role_subplot_l4_12_subrole.asl"": 29, ""role_subplot_l4_13_subrole.asl"": 29, ""role_subplot_l3_11_subrole.asl"": 29, ""role_subplot_l4_14_subrole.asl"": 29, ""role_subplot_l4_15_subrole.asl"": 29, ""role_subplot_l1_1_subrole.asl"": 29, ""role_subplot_l2_16_subrole.asl"": 29, ""role_subplot_l3_18_subrole.asl"": 29, ""role_subplot_l4_20_subrole.asl"": 29, ""role_subplot_l4_21_subrole.asl"": 29, ""role_subplot_l3_19_subrole.asl"": 29, ""role_subplot_l4_22_subrole.asl"": 29, ""role_subplot_l4_23_subrole.asl"": 29, ""role_subplot_l2_17_subrole.asl"": 29, ""role_subplot_l3_24_subrole.asl"": 29, ""role_subplot_l4_26_subrole.asl"": 29, ""role_subplot_l4_27_subrole.asl"": 29, ""role_subplot_l3_25_subrole.asl"": 29, ""role_subplot_l4_28_subrole.asl"": 29, ""role_subplot_l4_29_subrole.asl"": 29}",6.334492350486787,0.060131001999252476,0.0021612519994960167,2.1133365631103516,True,7,0
interaction_subplot_scope,20,Linux 7.1.9-arch1-2,x86_64,24,30.45,3.14.7,10,10,5,2,2,1,2,200,2,2,5,42,2810,74051,327,18357,"{""playbook_playbook0.asl"": 26, ""playbook_playbook1.asl"": 26, ""director_mainplot.asl"": 1349, ""director_subplot_l1_0.asl"": 141, ""director_subplot_l2_2.asl"": 141, ""director_subplot_l3_4.asl"": 141, ""director_subplot_l4_6.asl"": 141, ""director_subplot_l5_8.asl"": 129, ""director_subplot_l5_9.asl"": 129, ""director_subplot_l4_7.asl"": 141, ""director_subplot_l5_10.asl"": 129, ""director_subplot_l5_11.asl"": 129, ""director_subplot_l3_5.asl"": 141, ""director_subplot_l4_12.asl"": 141, ""director_subplot_l5_14.asl"": 129, ""director_subplot_l5_15.asl"": 129, ""director_subplot_l4_13.asl"": 141, ""director_subplot_l5_16.asl"": 129, ""director_subplot_l5_17.asl"": 129, ""director_subplot_l2_3.asl"": 141, ""director_subplot_l3_18.asl"": 141, ""director_subplot_l4_20.asl"": 141, ""director_subplot_l5_22.asl"": 129, ""director_subplot_l5_23.asl"": 129, ""director_subplot_l4_21.asl"": 141, ""director_subplot_l5_24.asl"": 129, ""director_subplot_l5_25.asl"": 129, ""director_subplot_l3_19.asl"": 141, ""director_subplot_l4_26.asl"": 141, ""director_subplot_l5_28.asl"": 129, ""director_subplot_l5_29.asl"": 129, ""director_subplot_l4_27.asl"": 141, ""director_subplot_l5_30.asl"": 129, ""director_subplot_l5_31.asl"": 129, ""director_subplot_l1_1.asl"": 141, ""director_subplot_l2_32.asl"": 141, ""director_subplot_l3_34.asl"": 141, ""director_subplot_l4_36.asl"": 141, ""director_subplot_l5_38.asl"": 129, ""director_subplot_l5_39.asl"": 129, ""director_subplot_l4_37.asl"": 141, ""director_subplot_l5_40.asl"": 129, ""director_subplot_l5_41.asl"": 129, ""director_subplot_l3_35.asl"": 141, ""director_subplot_l4_42.asl"": 141, ""director_subplot_l5_44.asl"": 129, ""director_subplot_l5_45.asl"": 129, ""director_subplot_l4_43.asl"": 141, ""director_subplot_l5_46.asl"": 129, ""director_subplot_l5_47.asl"": 129, ""director_subplot_l2_33.asl"": 141, ""director_subplot_l3_48.asl"": 141, ""director_subplot_l4_50.asl"": 141, ""director_subplot_l5_52.asl"": 129, ""director_subplot_l5_53.asl"": 129, ""director_subplot_l4_51.asl"": 141, ""director_subplot_l5_54.asl"": 129, ""director_subplot_l5_55.asl"": 129, ""director_subplot_l3_49.asl"": 141, ""director_subplot_l4_56.asl"": 141, ""director_subplot_l5_58.asl"": 129, ""director_subplot_l5_59.asl"": 129, ""director_subplot_l4_57.asl"": 141, ""director_subplot_l5_60.asl"": 129, ""director_subplot_l5_61.asl"": 129, ""role_mainplot_role0.asl"": 34, ""role_mainplot_role1.asl"": 34, ""role_mainplot_role2.asl"": 34, ""role_mainplot_role3.asl"": 34, ""role_mainplot_role4.asl"": 34, ""role_mainplot_role5.asl"": 34, ""role_mainplot_role6.asl"": 34, ""role_mainplot_role7.asl"": 34, ""role_mainplot_role8.asl"": 34, ""role_mainplot_role9.asl"": 34, ""role_mainplot_role10.asl"": 34, ""role_mainplot_role11.asl"": 34, ""role_mainplot_role12.asl"": 34, ""role_mainplot_role13.asl"": 34, ""role_mainplot_role14.asl"": 34, ""role_mainplot_role15.asl"": 34, ""role_mainplot_role16.asl"": 34, ""role_mainplot_role17.asl"": 34, ""role_mainplot_role18.asl"": 34, ""role_mainplot_role19.asl"": 34, ""role_mainplot_role20.asl"": 34, ""role_mainplot_role21.asl"": 34, ""role_mainplot_role22.asl"": 34, ""role_mainplot_role23.asl"": 34, ""role_mainplot_role24.asl"": 34, ""role_mainplot_role25.asl"": 34, ""role_mainplot_role26.asl"": 34, ""role_mainplot_role27.asl"": 34, ""role_mainplot_role28.asl"": 34, ""role_mainplot_role29.asl"": 34, ""role_mainplot_role30.asl"": 34, ""role_mainplot_role31.asl"": 34, ""role_mainplot_role32.asl"": 34, ""role_mainplot_role33.asl"": 34, ""role_mainplot_role34.asl"": 34, ""role_mainplot_role35.asl"": 34, ""role_mainplot_role36.asl"": 34, ""role_mainplot_role37.asl"": 34, ""role_mainplot_role38.asl"": 34, ""role_mainplot_role39.asl"": 34, ""role_mainplot_role40.asl"": 34, ""role_mainplot_role41.asl"": 34, ""role_mainplot_role42.asl"": 34, ""role_mainplot_role43.asl"": 34, ""role_mainplot_role44.asl"": 34, ""role_mainplot_role45.asl"": 34, ""role_mainplot_role46.asl"": 34, ""role_mainplot_role47.asl"": 34, ""role_mainplot_role48.asl"": 34, ""role_mainplot_role49.asl"": 34, ""role_mainplot_role50.asl"": 34, ""role_mainplot_role51.asl"": 34, ""role_mainplot_role52.asl"": 34, ""role_mainplot_role53.asl"": 34, ""role_mainplot_role54.asl"": 34, ""role_mainplot_role55.asl"": 34, ""role_mainplot_role56.asl"": 34, ""role_mainplot_role57.asl"": 34, ""role_mainplot_role58.asl"": 34, ""role_mainplot_role59.asl"": 34, ""role_mainplot_role60.asl"": 34, ""role_mainplot_role61.asl"": 34, ""role_mainplot_role62.asl"": 34, ""role_mainplot_role63.asl"": 34, ""role_mainplot_role64.asl"": 34, ""role_mainplot_role65.asl"": 34, ""role_mainplot_role66.asl"": 34, ""role_mainplot_role67.asl"": 34, ""role_mainplot_role68.asl"": 34, ""role_mainplot_role69.asl"": 34, ""role_mainplot_role70.asl"": 34, ""role_mainplot_role71.asl"": 34, ""role_mainplot_role72.asl"": 34, ""role_mainplot_role73.asl"": 34, ""role_mainplot_role74.asl"": 34, ""role_mainplot_role75.asl"": 34, ""role_mainplot_role76.asl"": 34, ""role_mainplot_role77.asl"": 34, ""role_mainplot_role78.asl"": 34, ""role_mainplot_role79.asl"": 34, ""role_mainplot_role80.asl"": 34, ""role_mainplot_role81.asl"": 34, ""role_mainplot_role82.asl"": 34, ""role_mainplot_role83.asl"": 34, ""role_mainplot_role84.asl"": 34, ""role_mainplot_role85.asl"": 34, ""role_mainplot_role86.asl"": 34, ""role_mainplot_role87.asl"": 34, ""role_mainplot_role88.asl"": 34, ""role_mainplot_role89.asl"": 34, ""role_mainplot_role90.asl"": 34, ""role_mainplot_role91.asl"": 34, ""role_mainplot_role92.asl"": 34, ""role_mainplot_role93.asl"": 34, ""role_mainplot_role94.asl"": 34, ""role_mainplot_role95.asl"": 34, ""role_mainplot_role96.asl"": 34, ""role_mainplot_role97.asl"": 34, ""role_mainplot_role98.asl"": 34, ""role_mainplot_role99.asl"": 34, ""role_mainplot_role100.asl"": 34, ""role_mainplot_role101.asl"": 34, ""role_mainplot_role102.asl"": 34, ""role_mainplot_role103.asl"": 34, ""role_mainplot_role104.asl"": 34, ""role_mainplot_role105.asl"": 34, ""role_mainplot_role106.asl"": 34, ""role_mainplot_role107.asl"": 34, ""role_mainplot_role108.asl"": 34, ""role_mainplot_role109.asl"": 34, ""role_mainplot_role110.asl"": 34, ""role_mainplot_role111.asl"": 34, ""role_mainplot_role112.asl"": 34, ""role_mainplot_role113.asl"": 34, ""role_mainplot_role114.asl"": 34, ""role_mainplot_role115.asl"": 34, ""role_mainplot_role116.asl"": 34, ""role_mainplot_role117.asl"": 34, ""role_mainplot_role118.asl"": 34, ""role_mainplot_role119.asl"": 34, ""role_mainplot_role120.asl"": 34, ""role_mainplot_role121.asl"": 34, ""role_mainplot_role122.asl"": 34, ""role_mainplot_role123.asl"": 34, ""role_mainplot_role124.asl"": 34, ""role_mainplot_role125.asl"": 34, ""role_mainplot_role126.asl"": 34, ""role_mainplot_role127.asl"": 34, ""role_mainplot_role128.asl"": 34, ""role_mainplot_role129.asl"": 34, ""role_mainplot_role130.asl"": 34, ""role_mainplot_role131.asl"": 34, ""role_mainplot_role132.asl"": 34, ""role_mainplot_role133.asl"": 34, ""role_mainplot_role134.asl"": 34, ""role_mainplot_role135.asl"": 34, ""role_mainplot_role136.asl"": 34, ""role_mainplot_role137.asl"": 34, ""role_mainplot_role138.asl"": 34, ""role_mainplot_role139.asl"": 34, ""role_mainplot_role140.asl"": 34, ""role_mainplot_role141.asl"": 34, ""role_mainplot_role142.asl"": 34, ""role_mainplot_role143.asl"": 34, ""role_mainplot_role144.asl"": 34, ""role_mainplot_role145.asl"": 34, ""role_mainplot_role146.asl"": 34, ""role_mainplot_role147.asl"": 34, ""role_mainplot_role148.asl"": 34, ""role_mainplot_role149.asl"": 34, ""role_mainplot_role150.asl"": 34, ""role_mainplot_role151.asl"": 34, ""role_mainplot_role152.asl"": 34, ""role_mainplot_role153.asl"": 34, ""role_mainplot_role154.asl"": 34, ""role_mainplot_role155.asl"": 34, ""role_mainplot_role156.asl"": 34, ""role_mainplot_role157.asl"": 34, ""role_mainplot_role158.asl"": 34, ""role_mainplot_role159.asl"": 34, ""role_mainplot_role160.asl"": 34, ""role_mainplot_role161.asl"": 34, ""role_mainplot_role162.asl"": 34, ""role_mainplot_role163.asl"": 34, ""role_mainplot_role164.asl"": 34, ""role_mainplot_role165.asl"": 34, ""role_mainplot_role166.asl"": 34, ""role_mainplot_role167.asl"": 34, ""role_mainplot_role168.asl"": 34, ""role_mainplot_role169.asl"": 34, ""role_mainplot_role170.asl"": 34, ""role_mainplot_role171.asl"": 34, ""role_mainplot_role172.asl"": 34, ""role_mainplot_role173.asl"": 34, ""role_mainplot_role174.asl"": 34, ""role_mainplot_role175.asl"": 34, ""role_mainplot_role176.asl"": 34, ""role_mainplot_role177.asl"": 34, ""role_mainplot_role178.asl"": 34, ""role_mainplot_role179.asl"": 34, ""role_mainplot_role180.asl"": 34, ""role_mainplot_role181.asl"": 34, ""role_mainplot_role182.asl"": 34, ""role_mainplot_role183.asl"": 34, ""role_mainplot_role184.asl"": 34, ""role_mainplot_role185.asl"": 34, ""role_mainplot_role186.asl"": 34, ""role_mainplot_role187.asl"": 34, ""role_mainplot_role188.asl"": 34, ""role_mainplot_role189.asl"": 34, ""role_mainplot_role190.asl"": 34, ""role_mainplot_role191.asl"": 34, ""role_mainplot_role192.asl"": 34, ""role_mainplot_role193.asl"": 34, ""role_mainplot_role194.asl"": 34, ""role_mainplot_role195.asl"": 34, ""role_mainplot_role196.asl"": 34, ""role_mainplot_role197.asl"": 34, ""role_mainplot_role198.asl"": 34, ""role_mainplot_role199.asl"": 34, ""role_subplot_l1_0_subrole.asl"": 29, ""role_subplot_l2_2_subrole.asl"": 29, ""role_subplot_l3_4_subrole.asl"": 29, ""role_subplot_l4_6_subrole.asl"": 29, ""role_subplot_l5_8_subrole.asl"": 29, ""role_subplot_l5_9_subrole.asl"": 29, ""role_subplot_l4_7_subrole.asl"": 29, ""role_subplot_l5_10_subrole.asl"": 29, ""role_subplot_l5_11_subrole.asl"": 29, ""role_subplot_l3_5_subrole.asl"": 29, ""role_subplot_l4_12_subrole.asl"": 29, ""role_subplot_l5_14_subrole.asl"": 29, ""role_subplot_l5_15_subrole.asl"": 29, ""role_subplot_l4_13_subrole.asl"": 29, ""role_subplot_l5_16_subrole.asl"": 29, ""role_subplot_l5_17_subrole.asl"": 29, ""role_subplot_l2_3_subrole.asl"": 29, ""role_subplot_l3_18_subrole.asl"": 29, ""role_subplot_l4_20_subrole.asl"": 29, ""role_subplot_l5_22_subrole.asl"": 29, ""role_subplot_l5_23_subrole.asl"": 29, ""role_subplot_l4_21_subrole.asl"": 29, ""role_subplot_l5_24_subrole.asl"": 29, ""role_subplot_l5_25_subrole.asl"": 29, ""role_subplot_l3_19_subrole.asl"": 29, ""role_subplot_l4_26_subrole.asl"": 29, ""role_subplot_l5_28_subrole.asl"": 29, ""role_subplot_l5_29_subrole.asl"": 29, ""role_subplot_l4_27_subrole.asl"": 29, ""role_subplot_l5_30_subrole.asl"": 29, ""role_subplot_l5_31_subrole.asl"": 29, ""role_subplot_l1_1_subrole.asl"": 29, ""role_subplot_l2_32_subrole.asl"": 29, ""role_subplot_l3_34_subrole.asl"": 29, ""role_subplot_l4_36_subrole.asl"": 29, ""role_subplot_l5_38_subrole.asl"": 29, ""role_subplot_l5_39_subrole.asl"": 29, ""role_subplot_l4_37_subrole.asl"": 29, ""role_subplot_l5_40_subrole.asl"": 29, ""role_subplot_l5_41_subrole.asl"": 29, ""role_subplot_l3_35_subrole.asl"": 29, ""role_subplot_l4_42_subrole.asl"": 29, ""role_subplot_l5_44_subrole.asl"": 29, ""role_subplot_l5_45_subrole.asl"": 29, ""role_subplot_l4_43_subrole.asl"": 29, ""role_subplot_l5_46_subrole.asl"": 29, ""role_subplot_l5_47_subrole.asl"": 29, ""role_subplot_l2_33_subrole.asl"": 29, ""role_subplot_l3_48_subrole.asl"": 29, ""role_subplot_l4_50_subrole.asl"": 29, ""role_subplot_l5_52_subrole.asl"": 29, ""role_subplot_l5_53_subrole.asl"": 29, ""role_subplot_l4_51_subrole.asl"": 29, ""role_subplot_l5_54_subrole.asl"": 29, ""role_subplot_l5_55_subrole.asl"": 29, ""role_subplot_l3_49_subrole.asl"": 29, ""role_subplot_l4_56_subrole.asl"": 29, ""role_subplot_l5_58_subrole.asl"": 29, ""role_subplot_l5_59_subrole.asl"": 29, ""role_subplot_l4_57_subrole.asl"": 29, ""role_subplot_l5_60_subrole.asl"": 29, ""role_subplot_l5_61_subrole.asl"": 29}",6.532740213523132,0.11935408700082917,0.004309312000259524,4.1781721115112305,True,7,0
interaction_subplot_scope,21,Linux 7.1.9-arch1-2,x86_64,24,30.45,3.14.7,10,10,5,2,2,1,2,200,2,2,5,42,2810,74051,327,18357,"{""playbook_playbook0.asl"": 26, ""playbook_playbook1.asl"": 26, ""director_mainplot.asl"": 1349, ""director_subplot_l1_0.asl"": 141, ""director_subplot_l2_2.asl"": 141, ""director_subplot_l3_4.asl"": 141, ""director_subplot_l4_6.asl"": 141, ""director_subplot_l5_8.asl"": 129, ""director_subplot_l5_9.asl"": 129, ""director_subplot_l4_7.asl"": 141, ""director_subplot_l5_10.asl"": 129, ""director_subplot_l5_11.asl"": 129, ""director_subplot_l3_5.asl"": 141, ""director_subplot_l4_12.asl"": 141, ""director_subplot_l5_14.asl"": 129, ""director_subplot_l5_15.asl"": 129, ""director_subplot_l4_13.asl"": 141, ""director_subplot_l5_16.asl"": 129, ""director_subplot_l5_17.asl"": 129, ""director_subplot_l2_3.asl"": 141, ""director_subplot_l3_18.asl"": 141, ""director_subplot_l4_20.asl"": 141, ""director_subplot_l5_22.asl"": 129, ""director_subplot_l5_23.asl"": 129, ""director_subplot_l4_21.asl"": 141, ""director_subplot_l5_24.asl"": 129, ""director_subplot_l5_25.asl"": 129, ""director_subplot_l3_19.asl"": 141, ""director_subplot_l4_26.asl"": 141, ""director_subplot_l5_28.asl"": 129, ""director_subplot_l5_29.asl"": 129, ""director_subplot_l4_27.asl"": 141, ""director_subplot_l5_30.asl"": 129, ""director_subplot_l5_31.asl"": 129, ""director_subplot_l1_1.asl"": 141, ""director_subplot_l2_32.asl"": 141, ""director_subplot_l3_34.asl"": 141, ""director_subplot_l4_36.asl"": 141, ""director_subplot_l5_38.asl"": 129, ""director_subplot_l5_39.asl"": 129, ""director_subplot_l4_37.asl"": 141, ""director_subplot_l5_40.asl"": 129, ""director_subplot_l5_41.asl"": 129, ""director_subplot_l3_35.asl"": 141, ""director_subplot_l4_42.asl"": 141, ""director_subplot_l5_44.asl"": 129, ""director_subplot_l5_45.asl"": 129, ""director_subplot_l4_43.asl"": 141, ""director_subplot_l5_46.asl"": 129, ""director_subplot_l5_47.asl"": 129, ""director_subplot_l2_33.asl"": 141, ""director_subplot_l3_48.asl"": 141, ""director_subplot_l4_50.asl"": 141, ""director_subplot_l5_52.asl"": 129, ""director_subplot_l5_53.asl"": 129, ""director_subplot_l4_51.asl"": 141, ""director_subplot_l5_54.asl"": 129, ""director_subplot_l5_55.asl"": 129, ""director_subplot_l3_49.asl"": 141, ""director_subplot_l4_56.asl"": 141, ""director_subplot_l5_58.asl"": 129, ""director_subplot_l5_59.asl"": 129, ""director_subplot_l4_57.asl"": 141, ""director_subplot_l5_60.asl"": 129, ""director_subplot_l5_61.asl"": 129, ""role_mainplot_role0.asl"": 34, ""role_mainplot_role1.asl"": 34, ""role_mainplot_role2.asl"": 34, ""role_mainplot_role3.asl"": 34, ""role_mainplot_role4.asl"": 34, ""role_mainplot_role5.asl"": 34, ""role_mainplot_role6.asl"": 34, ""role_mainplot_role7.asl"": 34, ""role_mainplot_role8.asl"": 34, ""role_mainplot_role9.asl"": 34, ""role_mainplot_role10.asl"": 34, ""role_mainplot_role11.asl"": 34, ""role_mainplot_role12.asl"": 34, ""role_mainplot_role13.asl"": 34, ""role_mainplot_role14.asl"": 34, ""role_mainplot_role15.asl"": 34, ""role_mainplot_role16.asl"": 34, ""role_mainplot_role17.asl"": 34, ""role_mainplot_role18.asl"": 34, ""role_mainplot_role19.asl"": 34, ""role_mainplot_role20.asl"": 34, ""role_mainplot_role21.asl"": 34, ""role_mainplot_role22.asl"": 34, ""role_mainplot_role23.asl"": 34, ""role_mainplot_role24.asl"": 34, ""role_mainplot_role25.asl"": 34, ""role_mainplot_role26.asl"": 34, ""role_mainplot_role27.asl"": 34, ""role_mainplot_role28.asl"": 34, ""role_mainplot_role29.asl"": 34, ""role_mainplot_role30.asl"": 34, ""role_mainplot_role31.asl"": 34, ""role_mainplot_role32.asl"": 34, ""role_mainplot_role33.asl"": 34, ""role_mainplot_role34.asl"": 34, ""role_mainplot_role35.asl"": 34, ""role_mainplot_role36.asl"": 34, ""role_mainplot_role37.asl"": 34, ""role_mainplot_role38.asl"": 34, ""role_mainplot_role39.asl"": 34, ""role_mainplot_role40.asl"": 34, ""role_mainplot_role41.asl"": 34, ""role_mainplot_role42.asl"": 34, ""role_mainplot_role43.asl"": 34, ""role_mainplot_role44.asl"": 34, ""role_mainplot_role45.asl"": 34, ""role_mainplot_role46.asl"": 34, ""role_mainplot_role47.asl"": 34, ""role_mainplot_role48.asl"": 34, ""role_mainplot_role49.asl"": 34, ""role_mainplot_role50.asl"": 34, ""role_mainplot_role51.asl"": 34, ""role_mainplot_role52.asl"": 34, ""role_mainplot_role53.asl"": 34, ""role_mainplot_role54.asl"": 34, ""role_mainplot_role55.asl"": 34, ""role_mainplot_role56.asl"": 34, ""role_mainplot_role57.asl"": 34, ""role_mainplot_role58.asl"": 34, ""role_mainplot_role59.asl"": 34, ""role_mainplot_role60.asl"": 34, ""role_mainplot_role61.asl"": 34, ""role_mainplot_role62.asl"": 34, ""role_mainplot_role63.asl"": 34, ""role_mainplot_role64.asl"": 34, ""role_mainplot_role65.asl"": 34, ""role_mainplot_role66.asl"": 34, ""role_mainplot_role67.asl"": 34, ""role_mainplot_role68.asl"": 34, ""role_mainplot_role69.asl"": 34, ""role_mainplot_role70.asl"": 34, ""role_mainplot_role71.asl"": 34, ""role_mainplot_role72.asl"": 34, ""role_mainplot_role73.asl"": 34, ""role_mainplot_role74.asl"": 34, ""role_mainplot_role75.asl"": 34, ""role_mainplot_role76.asl"": 34, ""role_mainplot_role77.asl"": 34, ""role_mainplot_role78.asl"": 34, ""role_mainplot_role79.asl"": 34, ""role_mainplot_role80.asl"": 34, ""role_mainplot_role81.asl"": 34, ""role_mainplot_role82.asl"": 34, ""role_mainplot_role83.asl"": 34, ""role_mainplot_role84.asl"": 34, ""role_mainplot_role85.asl"": 34, ""role_mainplot_role86.asl"": 34, ""role_mainplot_role87.asl"": 34, ""role_mainplot_role88.asl"": 34, ""role_mainplot_role89.asl"": 34, ""role_mainplot_role90.asl"": 34, ""role_mainplot_role91.asl"": 34, ""role_mainplot_role92.asl"": 34, ""role_mainplot_role93.asl"": 34, ""role_mainplot_role94.asl"": 34, ""role_mainplot_role95.asl"": 34, ""role_mainplot_role96.asl"": 34, ""role_mainplot_role97.asl"": 34, ""role_mainplot_role98.asl"": 34, ""role_mainplot_role99.asl"": 34, ""role_mainplot_role100.asl"": 34, ""role_mainplot_role101.asl"": 34, ""role_mainplot_role102.asl"": 34, ""role_mainplot_role103.asl"": 34, ""role_mainplot_role104.asl"": 34, ""role_mainplot_role105.asl"": 34, ""role_mainplot_role106.asl"": 34, ""role_mainplot_role107.asl"": 34, ""role_mainplot_role108.asl"": 34, ""role_mainplot_role109.asl"": 34, ""role_mainplot_role110.asl"": 34, ""role_mainplot_role111.asl"": 34, ""role_mainplot_role112.asl"": 34, ""role_mainplot_role113.asl"": 34, ""role_mainplot_role114.asl"": 34, ""role_mainplot_role115.asl"": 34, ""role_mainplot_role116.asl"": 34, ""role_mainplot_role117.asl"": 34, ""role_mainplot_role118.asl"": 34, ""role_mainplot_role119.asl"": 34, ""role_mainplot_role120.asl"": 34, ""role_mainplot_role121.asl"": 34, ""role_mainplot_role122.asl"": 34, ""role_mainplot_role123.asl"": 34, ""role_mainplot_role124.asl"": 34, ""role_mainplot_role125.asl"": 34, ""role_mainplot_role126.asl"": 34, ""role_mainplot_role127.asl"": 34, ""role_mainplot_role128.asl"": 34, ""role_mainplot_role129.asl"": 34, ""role_mainplot_role130.asl"": 34, ""role_mainplot_role131.asl"": 34, ""role_mainplot_role132.asl"": 34, ""role_mainplot_role133.asl"": 34, ""role_mainplot_role134.asl"": 34, ""role_mainplot_role135.asl"": 34, ""role_mainplot_role136.asl"": 34, ""role_mainplot_role137.asl"": 34, ""role_mainplot_role138.asl"": 34, ""role_mainplot_role139.asl"": 34, ""role_mainplot_role140.asl"": 34, ""role_mainplot_role141.asl"": 34, ""role_mainplot_role142.asl"": 34, ""role_mainplot_role143.asl"": 34, ""role_mainplot_role144.asl"": 34, ""role_mainplot_role145.asl"": 34, ""role_mainplot_role146.asl"": 34, ""role_mainplot_role147.asl"": 34, ""role_mainplot_role148.asl"": 34, ""role_mainplot_role149.asl"": 34, ""role_mainplot_role150.asl"": 34, ""role_mainplot_role151.asl"": 34, ""role_mainplot_role152.asl"": 34, ""role_mainplot_role153.asl"": 34, ""role_mainplot_role154.asl"": 34, ""role_mainplot_role155.asl"": 34, ""role_mainplot_role156.asl"": 34, ""role_mainplot_role157.asl"": 34, ""role_mainplot_role158.asl"": 34, ""role_mainplot_role159.asl"": 34, ""role_mainplot_role160.asl"": 34, ""role_mainplot_role161.asl"": 34, ""role_mainplot_role162.asl"": 34, ""role_mainplot_role163.asl"": 34, ""role_mainplot_role164.asl"": 34, ""role_mainplot_role165.asl"": 34, ""role_mainplot_role166.asl"": 34, ""role_mainplot_role167.asl"": 34, ""role_mainplot_role168.asl"": 34, ""role_mainplot_role169.asl"": 34, ""role_mainplot_role170.asl"": 34, ""role_mainplot_role171.asl"": 34, ""role_mainplot_role172.asl"": 34, ""role_mainplot_role173.asl"": 34, ""role_mainplot_role174.asl"": 34, ""role_mainplot_role175.asl"": 34, ""role_mainplot_role176.asl"": 34, ""role_mainplot_role177.asl"": 34, ""role_mainplot_role178.asl"": 34, ""role_mainplot_role179.asl"": 34, ""role_mainplot_role180.asl"": 34, ""role_mainplot_role181.asl"": 34, ""role_mainplot_role182.asl"": 34, ""role_mainplot_role183.asl"": 34, ""role_mainplot_role184.asl"": 34, ""role_mainplot_role185.asl"": 34, ""role_mainplot_role186.asl"": 34, ""role_mainplot_role187.asl"": 34, ""role_mainplot_role188.asl"": 34, ""role_mainplot_role189.asl"": 34, ""role_mainplot_role190.asl"": 34, ""role_mainplot_role191.asl"": 34, ""role_mainplot_role192.asl"": 34, ""role_mainplot_role193.asl"": 34, ""role_mainplot_role194.asl"": 34, ""role_mainplot_role195.asl"": 34, ""role_mainplot_role196.asl"": 34, ""role_mainplot_role197.asl"": 34, ""role_mainplot_role198.asl"": 34, ""role_mainplot_role199.asl"": 34, ""role_subplot_l1_0_subrole.asl"": 29, ""role_subplot_l2_2_subrole.asl"": 29, ""role_subplot_l3_4_subrole.asl"": 29, ""role_subplot_l4_6_subrole.asl"": 29, ""role_subplot_l5_8_subrole.asl"": 29, ""role_subplot_l5_9_subrole.asl"": 29, ""role_subplot_l4_7_subrole.asl"": 29, ""role_subplot_l5_10_subrole.asl"": 29, ""role_subplot_l5_11_subrole.asl"": 29, ""role_subplot_l3_5_subrole.asl"": 29, ""role_subplot_l4_12_subrole.asl"": 29, ""role_subplot_l5_14_subrole.asl"": 29, ""role_subplot_l5_15_subrole.asl"": 29, ""role_subplot_l4_13_subrole.asl"": 29, ""role_subplot_l5_16_subrole.asl"": 29, ""role_subplot_l5_17_subrole.asl"": 29, ""role_subplot_l2_3_subrole.asl"": 29, ""role_subplot_l3_18_subrole.asl"": 29, ""role_subplot_l4_20_subrole.asl"": 29, ""role_subplot_l5_22_subrole.asl"": 29, ""role_subplot_l5_23_subrole.asl"": 29, ""role_subplot_l4_21_subrole.asl"": 29, ""role_subplot_l5_24_subrole.asl"": 29, ""role_subplot_l5_25_subrole.asl"": 29, ""role_subplot_l3_19_subrole.asl"": 29, ""role_subplot_l4_26_subrole.asl"": 29, ""role_subplot_l5_28_subrole.asl"": 29, ""role_subplot_l5_29_subrole.asl"": 29, ""role_subplot_l4_27_subrole.asl"": 29, ""role_subplot_l5_30_subrole.asl"": 29, ""role_subplot_l5_31_subrole.asl"": 29, ""role_subplot_l1_1_subrole.asl"": 29, ""role_subplot_l2_32_subrole.asl"": 29, ""role_subplot_l3_34_subrole.asl"": 29, ""role_subplot_l4_36_subrole.asl"": 29, ""role_subplot_l5_38_subrole.asl"": 29, ""role_subplot_l5_39_subrole.asl"": 29, ""role_subplot_l4_37_subrole.asl"": 29, ""role_subplot_l5_40_subrole.asl"": 29, ""role_subplot_l5_41_subrole.asl"": 29, ""role_subplot_l3_35_subrole.asl"": 29, ""role_subplot_l4_42_subrole.asl"": 29, ""role_subplot_l5_44_subrole.asl"": 29, ""role_subplot_l5_45_subrole.asl"": 29, ""role_subplot_l4_43_subrole.asl"": 29, ""role_subplot_l5_46_subrole.asl"": 29, ""role_subplot_l5_47_subrole.asl"": 29, ""role_subplot_l2_33_subrole.asl"": 29, ""role_subplot_l3_48_subrole.asl"": 29, ""role_subplot_l4_50_subrole.asl"": 29, ""role_subplot_l5_52_subrole.asl"": 29, ""role_subplot_l5_53_subrole.asl"": 29, ""role_subplot_l4_51_subrole.asl"": 29, ""role_subplot_l5_54_subrole.asl"": 29, ""role_subplot_l5_55_subrole.asl"": 29, ""role_subplot_l3_49_subrole.asl"": 29, ""role_subplot_l4_56_subrole.asl"": 29, ""role_subplot_l5_58_subrole.asl"": 29, ""role_subplot_l5_59_subrole.asl"": 29, ""role_subplot_l4_57_subrole.asl"": 29, ""role_subplot_l5_60_subrole.asl"": 29, ""role_subplot_l5_61_subrole.asl"": 29}",6.532740213523132,0.11948932599989348,0.004237822999130003,4.1781721115112305,True,7,0
interaction_subplot_scope,22,Linux 7.1.9-arch1-2,x86_64,24,30.45,3.14.7,10,10,5,2,2,1,2,200,2,2,5,42,2810,74051,327,18357,"{""playbook_playbook0.asl"": 26, ""playbook_playbook1.asl"": 26, ""director_mainplot.asl"": 1349, ""director_subplot_l1_0.asl"": 141, ""director_subplot_l2_2.asl"": 141, ""director_subplot_l3_4.asl"": 141, ""director_subplot_l4_6.asl"": 141, ""director_subplot_l5_8.asl"": 129, ""director_subplot_l5_9.asl"": 129, ""director_subplot_l4_7.asl"": 141, ""director_subplot_l5_10.asl"": 129, ""director_subplot_l5_11.asl"": 129, ""director_subplot_l3_5.asl"": 141, ""director_subplot_l4_12.asl"": 141, ""director_subplot_l5_14.asl"": 129, ""director_subplot_l5_15.asl"": 129, ""director_subplot_l4_13.asl"": 141, ""director_subplot_l5_16.asl"": 129, ""director_subplot_l5_17.asl"": 129, ""director_subplot_l2_3.asl"": 141, ""director_subplot_l3_18.asl"": 141, ""director_subplot_l4_20.asl"": 141, ""director_subplot_l5_22.asl"": 129, ""director_subplot_l5_23.asl"": 129, ""director_subplot_l4_21.asl"": 141, ""director_subplot_l5_24.asl"": 129, ""director_subplot_l5_25.asl"": 129, ""director_subplot_l3_19.asl"": 141, ""director_subplot_l4_26.asl"": 141, ""director_subplot_l5_28.asl"": 129, ""director_subplot_l5_29.asl"": 129, ""director_subplot_l4_27.asl"": 141, ""director_subplot_l5_30.asl"": 129, ""director_subplot_l5_31.asl"": 129, ""director_subplot_l1_1.asl"": 141, ""director_subplot_l2_32.asl"": 141, ""director_subplot_l3_34.asl"": 141, ""director_subplot_l4_36.asl"": 141, ""director_subplot_l5_38.asl"": 129, ""director_subplot_l5_39.asl"": 129, ""director_subplot_l4_37.asl"": 141, ""director_subplot_l5_40.asl"": 129, ""director_subplot_l5_41.asl"": 129, ""director_subplot_l3_35.asl"": 141, ""director_subplot_l4_42.asl"": 141, ""director_subplot_l5_44.asl"": 129, ""director_subplot_l5_45.asl"": 129, ""director_subplot_l4_43.asl"": 141, ""director_subplot_l5_46.asl"": 129, ""director_subplot_l5_47.asl"": 129, ""director_subplot_l2_33.asl"": 141, ""director_subplot_l3_48.asl"": 141, ""director_subplot_l4_50.asl"": 141, ""director_subplot_l5_52.asl"": 129, ""director_subplot_l5_53.asl"": 129, ""director_subplot_l4_51.asl"": 141, ""director_subplot_l5_54.asl"": 129, ""director_subplot_l5_55.asl"": 129, ""director_subplot_l3_49.asl"": 141, ""director_subplot_l4_56.asl"": 141, ""director_subplot_l5_58.asl"": 129, ""director_subplot_l5_59.asl"": 129, ""director_subplot_l4_57.asl"": 141, ""director_subplot_l5_60.asl"": 129, ""director_subplot_l5_61.asl"": 129, ""role_mainplot_role0.asl"": 34, ""role_mainplot_role1.asl"": 34, ""role_mainplot_role2.asl"": 34, ""role_mainplot_role3.asl"": 34, ""role_mainplot_role4.asl"": 34, ""role_mainplot_role5.asl"": 34, ""role_mainplot_role6.asl"": 34, ""role_mainplot_role7.asl"": 34, ""role_mainplot_role8.asl"": 34, ""role_mainplot_role9.asl"": 34, ""role_mainplot_role10.asl"": 34, ""role_mainplot_role11.asl"": 34, ""role_mainplot_role12.asl"": 34, ""role_mainplot_role13.asl"": 34, ""role_mainplot_role14.asl"": 34, ""role_mainplot_role15.asl"": 34, ""role_mainplot_role16.asl"": 34, ""role_mainplot_role17.asl"": 34, ""role_mainplot_role18.asl"": 34, ""role_mainplot_role19.asl"": 34, ""role_mainplot_role20.asl"": 34, ""role_mainplot_role21.asl"": 34, ""role_mainplot_role22.asl"": 34, ""role_mainplot_role23.asl"": 34, ""role_mainplot_role24.asl"": 34, ""role_mainplot_role25.asl"": 34, ""role_mainplot_role26.asl"": 34, ""role_mainplot_role27.asl"": 34, ""role_mainplot_role28.asl"": 34, ""role_mainplot_role29.asl"": 34, ""role_mainplot_role30.asl"": 34, ""role_mainplot_role31.asl"": 34, ""role_mainplot_role32.asl"": 34, ""role_mainplot_role33.asl"": 34, ""role_mainplot_role34.asl"": 34, ""role_mainplot_role35.asl"": 34, ""role_mainplot_role36.asl"": 34, ""role_mainplot_role37.asl"": 34, ""role_mainplot_role38.asl"": 34, ""role_mainplot_role39.asl"": 34, ""role_mainplot_role40.asl"": 34, ""role_mainplot_role41.asl"": 34, ""role_mainplot_role42.asl"": 34, ""role_mainplot_role43.asl"": 34, ""role_mainplot_role44.asl"": 34, ""role_mainplot_role45.asl"": 34, ""role_mainplot_role46.asl"": 34, ""role_mainplot_role47.asl"": 34, ""role_mainplot_role48.asl"": 34, ""role_mainplot_role49.asl"": 34, ""role_mainplot_role50.asl"": 34, ""role_mainplot_role51.asl"": 34, ""role_mainplot_role52.asl"": 34, ""role_mainplot_role53.asl"": 34, ""role_mainplot_role54.asl"": 34, ""role_mainplot_role55.asl"": 34, ""role_mainplot_role56.asl"": 34, ""role_mainplot_role57.asl"": 34, ""role_mainplot_role58.asl"": 34, ""role_mainplot_role59.asl"": 34, ""role_mainplot_role60.asl"": 34, ""role_mainplot_role61.asl"": 34, ""role_mainplot_role62.asl"": 34, ""role_mainplot_role63.asl"": 34, ""role_mainplot_role64.asl"": 34, ""role_mainplot_role65.asl"": 34, ""role_mainplot_role66.asl"": 34, ""role_mainplot_role67.asl"": 34, ""role_mainplot_role68.asl"": 34, ""role_mainplot_role69.asl"": 34, ""role_mainplot_role70.asl"": 34, ""role_mainplot_role71.asl"": 34, ""role_mainplot_role72.asl"": 34, ""role_mainplot_role73.asl"": 34, ""role_mainplot_role74.asl"": 34, ""role_mainplot_role75.asl"": 34, ""role_mainplot_role76.asl"": 34, ""role_mainplot_role77.asl"": 34, ""role_mainplot_role78.asl"": 34, ""role_mainplot_role79.asl"": 34, ""role_mainplot_role80.asl"": 34, ""role_mainplot_role81.asl"": 34, ""role_mainplot_role82.asl"": 34, ""role_mainplot_role83.asl"": 34, ""role_mainplot_role84.asl"": 34, ""role_mainplot_role85.asl"": 34, ""role_mainplot_role86.asl"": 34, ""role_mainplot_role87.asl"": 34, ""role_mainplot_role88.asl"": 34, ""role_mainplot_role89.asl"": 34, ""role_mainplot_role90.asl"": 34, ""role_mainplot_role91.asl"": 34, ""role_mainplot_role92.asl"": 34, ""role_mainplot_role93.asl"": 34, ""role_mainplot_role94.asl"": 34, ""role_mainplot_role95.asl"": 34, ""role_mainplot_role96.asl"": 34, ""role_mainplot_role97.asl"": 34, ""role_mainplot_role98.asl"": 34, ""role_mainplot_role99.asl"": 34, ""role_mainplot_role100.asl"": 34, ""role_mainplot_role101.asl"": 34, ""role_mainplot_role102.asl"": 34, ""role_mainplot_role103.asl"": 34, ""role_mainplot_role104.asl"": 34, ""role_mainplot_role105.asl"": 34, ""role_mainplot_role106.asl"": 34, ""role_mainplot_role107.asl"": 34, ""role_mainplot_role108.asl"": 34, ""role_mainplot_role109.asl"": 34, ""role_mainplot_role110.asl"": 34, ""role_mainplot_role111.asl"": 34, ""role_mainplot_role112.asl"": 34, ""role_mainplot_role113.asl"": 34, ""role_mainplot_role114.asl"": 34, ""role_mainplot_role115.asl"": 34, ""role_mainplot_role116.asl"": 34, ""role_mainplot_role117.asl"": 34, ""role_mainplot_role118.asl"": 34, ""role_mainplot_role119.asl"": 34, ""role_mainplot_role120.asl"": 34, ""role_mainplot_role121.asl"": 34, ""role_mainplot_role122.asl"": 34, ""role_mainplot_role123.asl"": 34, ""role_mainplot_role124.asl"": 34, ""role_mainplot_role125.asl"": 34, ""role_mainplot_role126.asl"": 34, ""role_mainplot_role127.asl"": 34, ""role_mainplot_role128.asl"": 34, ""role_mainplot_role129.asl"": 34, ""role_mainplot_role130.asl"": 34, ""role_mainplot_role131.asl"": 34, ""role_mainplot_role132.asl"": 34, ""role_mainplot_role133.asl"": 34, ""role_mainplot_role134.asl"": 34, ""role_mainplot_role135.asl"": 34, ""role_mainplot_role136.asl"": 34, ""role_mainplot_role137.asl"": 34, ""role_mainplot_role138.asl"": 34, ""role_mainplot_role139.asl"": 34, ""role_mainplot_role140.asl"": 34, ""role_mainplot_role141.asl"": 34, ""role_mainplot_role142.asl"": 34, ""role_mainplot_role143.asl"": 34, ""role_mainplot_role144.asl"": 34, ""role_mainplot_role145.asl"": 34, ""role_mainplot_role146.asl"": 34, ""role_mainplot_role147.asl"": 34, ""role_mainplot_role148.asl"": 34, ""role_mainplot_role149.asl"": 34, ""role_mainplot_role150.asl"": 34, ""role_mainplot_role151.asl"": 34, ""role_mainplot_role152.asl"": 34, ""role_mainplot_role153.asl"": 34, ""role_mainplot_role154.asl"": 34, ""role_mainplot_role155.asl"": 34, ""role_mainplot_role156.asl"": 34, ""role_mainplot_role157.asl"": 34, ""role_mainplot_role158.asl"": 34, ""role_mainplot_role159.asl"": 34, ""role_mainplot_role160.asl"": 34, ""role_mainplot_role161.asl"": 34, ""role_mainplot_role162.asl"": 34, ""role_mainplot_role163.asl"": 34, ""role_mainplot_role164.asl"": 34, ""role_mainplot_role165.asl"": 34, ""role_mainplot_role166.asl"": 34, ""role_mainplot_role167.asl"": 34, ""role_mainplot_role168.asl"": 34, ""role_mainplot_role169.asl"": 34, ""role_mainplot_role170.asl"": 34, ""role_mainplot_role171.asl"": 34, ""role_mainplot_role172.asl"": 34, ""role_mainplot_role173.asl"": 34, ""role_mainplot_role174.asl"": 34, ""role_mainplot_role175.asl"": 34, ""role_mainplot_role176.asl"": 34, ""role_mainplot_role177.asl"": 34, ""role_mainplot_role178.asl"": 34, ""role_mainplot_role179.asl"": 34, ""role_mainplot_role180.asl"": 34, ""role_mainplot_role181.asl"": 34, ""role_mainplot_role182.asl"": 34, ""role_mainplot_role183.asl"": 34, ""role_mainplot_role184.asl"": 34, ""role_mainplot_role185.asl"": 34, ""role_mainplot_role186.asl"": 34, ""role_mainplot_role187.asl"": 34, ""role_mainplot_role188.asl"": 34, ""role_mainplot_role189.asl"": 34, ""role_mainplot_role190.asl"": 34, ""role_mainplot_role191.asl"": 34, ""role_mainplot_role192.asl"": 34, ""role_mainplot_role193.asl"": 34, ""role_mainplot_role194.asl"": 34, ""role_mainplot_role195.asl"": 34, ""role_mainplot_role196.asl"": 34, ""role_mainplot_role197.asl"": 34, ""role_mainplot_role198.asl"": 34, ""role_mainplot_role199.asl"": 34, ""role_subplot_l1_0_subrole.asl"": 29, ""role_subplot_l2_2_subrole.asl"": 29, ""role_subplot_l3_4_subrole.asl"": 29, ""role_subplot_l4_6_subrole.asl"": 29, ""role_subplot_l5_8_subrole.asl"": 29, ""role_subplot_l5_9_subrole.asl"": 29, ""role_subplot_l4_7_subrole.asl"": 29, ""role_subplot_l5_10_subrole.asl"": 29, ""role_subplot_l5_11_subrole.asl"": 29, ""role_subplot_l3_5_subrole.asl"": 29, ""role_subplot_l4_12_subrole.asl"": 29, ""role_subplot_l5_14_subrole.asl"": 29, ""role_subplot_l5_15_subrole.asl"": 29, ""role_subplot_l4_13_subrole.asl"": 29, ""role_subplot_l5_16_subrole.asl"": 29, ""role_subplot_l5_17_subrole.asl"": 29, ""role_subplot_l2_3_subrole.asl"": 29, ""role_subplot_l3_18_subrole.asl"": 29, ""role_subplot_l4_20_subrole.asl"": 29, ""role_subplot_l5_22_subrole.asl"": 29, ""role_subplot_l5_23_subrole.asl"": 29, ""role_subplot_l4_21_subrole.asl"": 29, ""role_subplot_l5_24_subrole.asl"": 29, ""role_subplot_l5_25_subrole.asl"": 29, ""role_subplot_l3_19_subrole.asl"": 29, ""role_subplot_l4_26_subrole.asl"": 29, ""role_subplot_l5_28_subrole.asl"": 29, ""role_subplot_l5_29_subrole.asl"": 29, ""role_subplot_l4_27_subrole.asl"": 29, ""role_subplot_l5_30_subrole.asl"": 29, ""role_subplot_l5_31_subrole.asl"": 29, ""role_subplot_l1_1_subrole.asl"": 29, ""role_subplot_l2_32_subrole.asl"": 29, ""role_subplot_l3_34_subrole.asl"": 29, ""role_subplot_l4_36_subrole.asl"": 29, ""role_subplot_l5_38_subrole.asl"": 29, ""role_subplot_l5_39_subrole.asl"": 29, ""role_subplot_l4_37_subrole.asl"": 29, ""role_subplot_l5_40_subrole.asl"": 29, ""role_subplot_l5_41_subrole.asl"": 29, ""role_subplot_l3_35_subrole.asl"": 29, ""role_subplot_l4_42_subrole.asl"": 29, ""role_subplot_l5_44_subrole.asl"": 29, ""role_subplot_l5_45_subrole.asl"": 29, ""role_subplot_l4_43_subrole.asl"": 29, ""role_subplot_l5_46_subrole.asl"": 29, ""role_subplot_l5_47_subrole.asl"": 29, ""role_subplot_l2_33_subrole.asl"": 29, ""role_subplot_l3_48_subrole.asl"": 29, ""role_subplot_l4_50_subrole.asl"": 29, ""role_subplot_l5_52_subrole.asl"": 29, ""role_subplot_l5_53_subrole.asl"": 29, ""role_subplot_l4_51_subrole.asl"": 29, ""role_subplot_l5_54_subrole.asl"": 29, ""role_subplot_l5_55_subrole.asl"": 29, ""role_subplot_l3_49_subrole.asl"": 29, ""role_subplot_l4_56_subrole.asl"": 29, ""role_subplot_l5_58_subrole.asl"": 29, ""role_subplot_l5_59_subrole.asl"": 29, ""role_subplot_l4_57_subrole.asl"": 29, ""role_subplot_l5_60_subrole.asl"": 29, ""role_subplot_l5_61_subrole.asl"": 29}",6.532740213523132,0.12401950799903716,0.004222112998832017,4.1781721115112305,True,7,0
interaction_subplot_scope,23,Linux 7.1.9-arch1-2,x86_64,24,30.45,3.14.7,10,10,5,2,2,1,2,200,2,2,5,42,2810,74051,327,18357,"{""playbook_playbook0.asl"": 26, ""playbook_playbook1.asl"": 26, ""director_mainplot.asl"": 1349, ""director_subplot_l1_0.asl"": 141, ""director_subplot_l2_2.asl"": 141, ""director_subplot_l3_4.asl"": 141, ""director_subplot_l4_6.asl"": 141, ""director_subplot_l5_8.asl"": 129, ""director_subplot_l5_9.asl"": 129, ""director_subplot_l4_7.asl"": 141, ""director_subplot_l5_10.asl"": 129, ""director_subplot_l5_11.asl"": 129, ""director_subplot_l3_5.asl"": 141, ""director_subplot_l4_12.asl"": 141, ""director_subplot_l5_14.asl"": 129, ""director_subplot_l5_15.asl"": 129, ""director_subplot_l4_13.asl"": 141, ""director_subplot_l5_16.asl"": 129, ""director_subplot_l5_17.asl"": 129, ""director_subplot_l2_3.asl"": 141, ""director_subplot_l3_18.asl"": 141, ""director_subplot_l4_20.asl"": 141, ""director_subplot_l5_22.asl"": 129, ""director_subplot_l5_23.asl"": 129, ""director_subplot_l4_21.asl"": 141, ""director_subplot_l5_24.asl"": 129, ""director_subplot_l5_25.asl"": 129, ""director_subplot_l3_19.asl"": 141, ""director_subplot_l4_26.asl"": 141, ""director_subplot_l5_28.asl"": 129, ""director_subplot_l5_29.asl"": 129, ""director_subplot_l4_27.asl"": 141, ""director_subplot_l5_30.asl"": 129, ""director_subplot_l5_31.asl"": 129, ""director_subplot_l1_1.asl"": 141, ""director_subplot_l2_32.asl"": 141, ""director_subplot_l3_34.asl"": 141, ""director_subplot_l4_36.asl"": 141, ""director_subplot_l5_38.asl"": 129, ""director_subplot_l5_39.asl"": 129, ""director_subplot_l4_37.asl"": 141, ""director_subplot_l5_40.asl"": 129, ""director_subplot_l5_41.asl"": 129, ""director_subplot_l3_35.asl"": 141, ""director_subplot_l4_42.asl"": 141, ""director_subplot_l5_44.asl"": 129, ""director_subplot_l5_45.asl"": 129, ""director_subplot_l4_43.asl"": 141, ""director_subplot_l5_46.asl"": 129, ""director_subplot_l5_47.asl"": 129, ""director_subplot_l2_33.asl"": 141, ""director_subplot_l3_48.asl"": 141, ""director_subplot_l4_50.asl"": 141, ""director_subplot_l5_52.asl"": 129, ""director_subplot_l5_53.asl"": 129, ""director_subplot_l4_51.asl"": 141, ""director_subplot_l5_54.asl"": 129, ""director_subplot_l5_55.asl"": 129, ""director_subplot_l3_49.asl"": 141, ""director_subplot_l4_56.asl"": 141, ""director_subplot_l5_58.asl"": 129, ""director_subplot_l5_59.asl"": 129, ""director_subplot_l4_57.asl"": 141, ""director_subplot_l5_60.asl"": 129, ""director_subplot_l5_61.asl"": 129, ""role_mainplot_role0.asl"": 34, ""role_mainplot_role1.asl"": 34, ""role_mainplot_role2.asl"": 34, ""role_mainplot_role3.asl"": 34, ""role_mainplot_role4.asl"": 34, ""role_mainplot_role5.asl"": 34, ""role_mainplot_role6.asl"": 34, ""role_mainplot_role7.asl"": 34, ""role_mainplot_role8.asl"": 34, ""role_mainplot_role9.asl"": 34, ""role_mainplot_role10.asl"": 34, ""role_mainplot_role11.asl"": 34, ""role_mainplot_role12.asl"": 34, ""role_mainplot_role13.asl"": 34, ""role_mainplot_role14.asl"": 34, ""role_mainplot_role15.asl"": 34, ""role_mainplot_role16.asl"": 34, ""role_mainplot_role17.asl"": 34, ""role_mainplot_role18.asl"": 34, ""role_mainplot_role19.asl"": 34, ""role_mainplot_role20.asl"": 34, ""role_mainplot_role21.asl"": 34, ""role_mainplot_role22.asl"": 34, ""role_mainplot_role23.asl"": 34, ""role_mainplot_role24.asl"": 34, ""role_mainplot_role25.asl"": 34, ""role_mainplot_role26.asl"": 34, ""role_mainplot_role27.asl"": 34, ""role_mainplot_role28.asl"": 34, ""role_mainplot_role29.asl"": 34, ""role_mainplot_role30.asl"": 34, ""role_mainplot_role31.asl"": 34, ""role_mainplot_role32.asl"": 34, ""role_mainplot_role33.asl"": 34, ""role_mainplot_role34.asl"": 34, ""role_mainplot_role35.asl"": 34, ""role_mainplot_role36.asl"": 34, ""role_mainplot_role37.asl"": 34, ""role_mainplot_role38.asl"": 34, ""role_mainplot_role39.asl"": 34, ""role_mainplot_role40.asl"": 34, ""role_mainplot_role41.asl"": 34, ""role_mainplot_role42.asl"": 34, ""role_mainplot_role43.asl"": 34, ""role_mainplot_role44.asl"": 34, ""role_mainplot_role45.asl"": 34, ""role_mainplot_role46.asl"": 34, ""role_mainplot_role47.asl"": 34, ""role_mainplot_role48.asl"": 34, ""role_mainplot_role49.asl"": 34, ""role_mainplot_role50.asl"": 34, ""role_mainplot_role51.asl"": 34, ""role_mainplot_role52.asl"": 34, ""role_mainplot_role53.asl"": 34, ""role_mainplot_role54.asl"": 34, ""role_mainplot_role55.asl"": 34, ""role_mainplot_role56.asl"": 34, ""role_mainplot_role57.asl"": 34, ""role_mainplot_role58.asl"": 34, ""role_mainplot_role59.asl"": 34, ""role_mainplot_role60.asl"": 34, ""role_mainplot_role61.asl"": 34, ""role_mainplot_role62.asl"": 34, ""role_mainplot_role63.asl"": 34, ""role_mainplot_role64.asl"": 34, ""role_mainplot_role65.asl"": 34, ""role_mainplot_role66.asl"": 34, ""role_mainplot_role67.asl"": 34, ""role_mainplot_role68.asl"": 34, ""role_mainplot_role69.asl"": 34, ""role_mainplot_role70.asl"": 34, ""role_mainplot_role71.asl"": 34, ""role_mainplot_role72.asl"": 34, ""role_mainplot_role73.asl"": 34, ""role_mainplot_role74.asl"": 34, ""role_mainplot_role75.asl"": 34, ""role_mainplot_role76.asl"": 34, ""role_mainplot_role77.asl"": 34, ""role_mainplot_role78.asl"": 34, ""role_mainplot_role79.asl"": 34, ""role_mainplot_role80.asl"": 34, ""role_mainplot_role81.asl"": 34, ""role_mainplot_role82.asl"": 34, ""role_mainplot_role83.asl"": 34, ""role_mainplot_role84.asl"": 34, ""role_mainplot_role85.asl"": 34, ""role_mainplot_role86.asl"": 34, ""role_mainplot_role87.asl"": 34, ""role_mainplot_role88.asl"": 34, ""role_mainplot_role89.asl"": 34, ""role_mainplot_role90.asl"": 34, ""role_mainplot_role91.asl"": 34, ""role_mainplot_role92.asl"": 34, ""role_mainplot_role93.asl"": 34, ""role_mainplot_role94.asl"": 34, ""role_mainplot_role95.asl"": 34, ""role_mainplot_role96.asl"": 34, ""role_mainplot_role97.asl"": 34, ""role_mainplot_role98.asl"": 34, ""role_mainplot_role99.asl"": 34, ""role_mainplot_role100.asl"": 34, ""role_mainplot_role101.asl"": 34, ""role_mainplot_role102.asl"": 34, ""role_mainplot_role103.asl"": 34, ""role_mainplot_role104.asl"": 34, ""role_mainplot_role105.asl"": 34, ""role_mainplot_role106.asl"": 34, ""role_mainplot_role107.asl"": 34, ""role_mainplot_role108.asl"": 34, ""role_mainplot_role109.asl"": 34, ""role_mainplot_role110.asl"": 34, ""role_mainplot_role111.asl"": 34, ""role_mainplot_role112.asl"": 34, ""role_mainplot_role113.asl"": 34, ""role_mainplot_role114.asl"": 34, ""role_mainplot_role115.asl"": 34, ""role_mainplot_role116.asl"": 34, ""role_mainplot_role117.asl"": 34, ""role_mainplot_role118.asl"": 34, ""role_mainplot_role119.asl"": 34, ""role_mainplot_role120.asl"": 34, ""role_mainplot_role121.asl"": 34, ""role_mainplot_role122.asl"": 34, ""role_mainplot_role123.asl"": 34, ""role_mainplot_role124.asl"": 34, ""role_mainplot_role125.asl"": 34, ""role_mainplot_role126.asl"": 34, ""role_mainplot_role127.asl"": 34, ""role_mainplot_role128.asl"": 34, ""role_mainplot_role129.asl"": 34, ""role_mainplot_role130.asl"": 34, ""role_mainplot_role131.asl"": 34, ""role_mainplot_role132.asl"": 34, ""role_mainplot_role133.asl"": 34, ""role_mainplot_role134.asl"": 34, ""role_mainplot_role135.asl"": 34, ""role_mainplot_role136.asl"": 34, ""role_mainplot_role137.asl"": 34, ""role_mainplot_role138.asl"": 34, ""role_mainplot_role139.asl"": 34, ""role_mainplot_role140.asl"": 34, ""role_mainplot_role141.asl"": 34, ""role_mainplot_role142.asl"": 34, ""role_mainplot_role143.asl"": 34, ""role_mainplot_role144.asl"": 34, ""role_mainplot_role145.asl"": 34, ""role_mainplot_role146.asl"": 34, ""role_mainplot_role147.asl"": 34, ""role_mainplot_role148.asl"": 34, ""role_mainplot_role149.asl"": 34, ""role_mainplot_role150.asl"": 34, ""role_mainplot_role151.asl"": 34, ""role_mainplot_role152.asl"": 34, ""role_mainplot_role153.asl"": 34, ""role_mainplot_role154.asl"": 34, ""role_mainplot_role155.asl"": 34, ""role_mainplot_role156.asl"": 34, ""role_mainplot_role157.asl"": 34, ""role_mainplot_role158.asl"": 34, ""role_mainplot_role159.asl"": 34, ""role_mainplot_role160.asl"": 34, ""role_mainplot_role161.asl"": 34, ""role_mainplot_role162.asl"": 34, ""role_mainplot_role163.asl"": 34, ""role_mainplot_role164.asl"": 34, ""role_mainplot_role165.asl"": 34, ""role_mainplot_role166.asl"": 34, ""role_mainplot_role167.asl"": 34, ""role_mainplot_role168.asl"": 34, ""role_mainplot_role169.asl"": 34, ""role_mainplot_role170.asl"": 34, ""role_mainplot_role171.asl"": 34, ""role_mainplot_role172.asl"": 34, ""role_mainplot_role173.asl"": 34, ""role_mainplot_role174.asl"": 34, ""role_mainplot_role175.asl"": 34, ""role_mainplot_role176.asl"": 34, ""role_mainplot_role177.asl"": 34, ""role_mainplot_role178.asl"": 34, ""role_mainplot_role179.asl"": 34, ""role_mainplot_role180.asl"": 34, ""role_mainplot_role181.asl"": 34, ""role_mainplot_role182.asl"": 34, ""role_mainplot_role183.asl"": 34, ""role_mainplot_role184.asl"": 34, ""role_mainplot_role185.asl"": 34, ""role_mainplot_role186.asl"": 34, ""role_mainplot_role187.asl"": 34, ""role_mainplot_role188.asl"": 34, ""role_mainplot_role189.asl"": 34, ""role_mainplot_role190.asl"": 34, ""role_mainplot_role191.asl"": 34, ""role_mainplot_role192.asl"": 34, ""role_mainplot_role193.asl"": 34, ""role_mainplot_role194.asl"": 34, ""role_mainplot_role195.asl"": 34, ""role_mainplot_role196.asl"": 34, ""role_mainplot_role197.asl"": 34, ""role_mainplot_role198.asl"": 34, ""role_mainplot_role199.asl"": 34, ""role_subplot_l1_0_subrole.asl"": 29, ""role_subplot_l2_2_subrole.asl"": 29, ""role_subplot_l3_4_subrole.asl"": 29, ""role_subplot_l4_6_subrole.asl"": 29, ""role_subplot_l5_8_subrole.asl"": 29, ""role_subplot_l5_9_subrole.asl"": 29, ""role_subplot_l4_7_subrole.asl"": 29, ""role_subplot_l5_10_subrole.asl"": 29, ""role_subplot_l5_11_subrole.asl"": 29, ""role_subplot_l3_5_subrole.asl"": 29, ""role_subplot_l4_12_subrole.asl"": 29, ""role_subplot_l5_14_subrole.asl"": 29, ""role_subplot_l5_15_subrole.asl"": 29, ""role_subplot_l4_13_subrole.asl"": 29, ""role_subplot_l5_16_subrole.asl"": 29, ""role_subplot_l5_17_subrole.asl"": 29, ""role_subplot_l2_3_subrole.asl"": 29, ""role_subplot_l3_18_subrole.asl"": 29, ""role_subplot_l4_20_subrole.asl"": 29, ""role_subplot_l5_22_subrole.asl"": 29, ""role_subplot_l5_23_subrole.asl"": 29, ""role_subplot_l4_21_subrole.asl"": 29, ""role_subplot_l5_24_subrole.asl"": 29, ""role_subplot_l5_25_subrole.asl"": 29, ""role_subplot_l3_19_subrole.asl"": 29, ""role_subplot_l4_26_subrole.asl"": 29, ""role_subplot_l5_28_subrole.asl"": 29, ""role_subplot_l5_29_subrole.asl"": 29, ""role_subplot_l4_27_subrole.asl"": 29, ""role_subplot_l5_30_subrole.asl"": 29, ""role_subplot_l5_31_subrole.asl"": 29, ""role_subplot_l1_1_subrole.asl"": 29, ""role_subplot_l2_32_subrole.asl"": 29, ""role_subplot_l3_34_subrole.asl"": 29, ""role_subplot_l4_36_subrole.asl"": 29, ""role_subplot_l5_38_subrole.asl"": 29, ""role_subplot_l5_39_subrole.asl"": 29, ""role_subplot_l4_37_subrole.asl"": 29, ""role_subplot_l5_40_subrole.asl"": 29, ""role_subplot_l5_41_subrole.asl"": 29, ""role_subplot_l3_35_subrole.asl"": 29, ""role_subplot_l4_42_subrole.asl"": 29, ""role_subplot_l5_44_subrole.asl"": 29, ""role_subplot_l5_45_subrole.asl"": 29, ""role_subplot_l4_43_subrole.asl"": 29, ""role_subplot_l5_46_subrole.asl"": 29, ""role_subplot_l5_47_subrole.asl"": 29, ""role_subplot_l2_33_subrole.asl"": 29, ""role_subplot_l3_48_subrole.asl"": 29, ""role_subplot_l4_50_subrole.asl"": 29, ""role_subplot_l5_52_subrole.asl"": 29, ""role_subplot_l5_53_subrole.asl"": 29, ""role_subplot_l4_51_subrole.asl"": 29, ""role_subplot_l5_54_subrole.asl"": 29, ""role_subplot_l5_55_subrole.asl"": 29, ""role_subplot_l3_49_subrole.asl"": 29, ""role_subplot_l4_56_subrole.asl"": 29, ""role_subplot_l5_58_subrole.asl"": 29, ""role_subplot_l5_59_subrole.asl"": 29, ""role_subplot_l4_57_subrole.asl"": 29, ""role_subplot_l5_60_subrole.asl"": 29, ""role_subplot_l5_61_subrole.asl"": 29}",6.532740213523132,0.12268206299995654,0.004244293002557242,4.1781721115112305,True,7,0
interaction_subplot_scope,24,Linux 7.1.9-arch1-2,x86_64,24,30.45,3.14.7,10,10,5,2,2,1,2,200,2,2,5,42,2810,74051,327,18357,"{""playbook_playbook0.asl"": 26, ""playbook_playbook1.asl"": 26, ""director_mainplot.asl"": 1349, ""director_subplot_l1_0.asl"": 141, ""director_subplot_l2_2.asl"": 141, ""director_subplot_l3_4.asl"": 141, ""director_subplot_l4_6.asl"": 141, ""director_subplot_l5_8.asl"": 129, ""director_subplot_l5_9.asl"": 129, ""director_subplot_l4_7.asl"": 141, ""director_subplot_l5_10.asl"": 129, ""director_subplot_l5_11.asl"": 129, ""director_subplot_l3_5.asl"": 141, ""director_subplot_l4_12.asl"": 141, ""director_subplot_l5_14.asl"": 129, ""director_subplot_l5_15.asl"": 129, ""director_subplot_l4_13.asl"": 141, ""director_subplot_l5_16.asl"": 129, ""director_subplot_l5_17.asl"": 129, ""director_subplot_l2_3.asl"": 141, ""director_subplot_l3_18.asl"": 141, ""director_subplot_l4_20.asl"": 141, ""director_subplot_l5_22.asl"": 129, ""director_subplot_l5_23.asl"": 129, ""director_subplot_l4_21.asl"": 141, ""director_subplot_l5_24.asl"": 129, ""director_subplot_l5_25.asl"": 129, ""director_subplot_l3_19.asl"": 141, ""director_subplot_l4_26.asl"": 141, ""director_subplot_l5_28.asl"": 129, ""director_subplot_l5_29.asl"": 129, ""director_subplot_l4_27.asl"": 141, ""director_subplot_l5_30.asl"": 129, ""director_subplot_l5_31.asl"": 129, ""director_subplot_l1_1.asl"": 141, ""director_subplot_l2_32.asl"": 141, ""director_subplot_l3_34.asl"": 141, ""director_subplot_l4_36.asl"": 141, ""director_subplot_l5_38.asl"": 129, ""director_subplot_l5_39.asl"": 129, ""director_subplot_l4_37.asl"": 141, ""director_subplot_l5_40.asl"": 129, ""director_subplot_l5_41.asl"": 129, ""director_subplot_l3_35.asl"": 141, ""director_subplot_l4_42.asl"": 141, ""director_subplot_l5_44.asl"": 129, ""director_subplot_l5_45.asl"": 129, ""director_subplot_l4_43.asl"": 141, ""director_subplot_l5_46.asl"": 129, ""director_subplot_l5_47.asl"": 129, ""director_subplot_l2_33.asl"": 141, ""director_subplot_l3_48.asl"": 141, ""director_subplot_l4_50.asl"": 141, ""director_subplot_l5_52.asl"": 129, ""director_subplot_l5_53.asl"": 129, ""director_subplot_l4_51.asl"": 141, ""director_subplot_l5_54.asl"": 129, ""director_subplot_l5_55.asl"": 129, ""director_subplot_l3_49.asl"": 141, ""director_subplot_l4_56.asl"": 141, ""director_subplot_l5_58.asl"": 129, ""director_subplot_l5_59.asl"": 129, ""director_subplot_l4_57.asl"": 141, ""director_subplot_l5_60.asl"": 129, ""director_subplot_l5_61.asl"": 129, ""role_mainplot_role0.asl"": 34, ""role_mainplot_role1.asl"": 34, ""role_mainplot_role2.asl"": 34, ""role_mainplot_role3.asl"": 34, ""role_mainplot_role4.asl"": 34, ""role_mainplot_role5.asl"": 34, ""role_mainplot_role6.asl"": 34, ""role_mainplot_role7.asl"": 34, ""role_mainplot_role8.asl"": 34, ""role_mainplot_role9.asl"": 34, ""role_mainplot_role10.asl"": 34, ""role_mainplot_role11.asl"": 34, ""role_mainplot_role12.asl"": 34, ""role_mainplot_role13.asl"": 34, ""role_mainplot_role14.asl"": 34, ""role_mainplot_role15.asl"": 34, ""role_mainplot_role16.asl"": 34, ""role_mainplot_role17.asl"": 34, ""role_mainplot_role18.asl"": 34, ""role_mainplot_role19.asl"": 34, ""role_mainplot_role20.asl"": 34, ""role_mainplot_role21.asl"": 34, ""role_mainplot_role22.asl"": 34, ""role_mainplot_role23.asl"": 34, ""role_mainplot_role24.asl"": 34, ""role_mainplot_role25.asl"": 34, ""role_mainplot_role26.asl"": 34, ""role_mainplot_role27.asl"": 34, ""role_mainplot_role28.asl"": 34, ""role_mainplot_role29.asl"": 34, ""role_mainplot_role30.asl"": 34, ""role_mainplot_role31.asl"": 34, ""role_mainplot_role32.asl"": 34, ""role_mainplot_role33.asl"": 34, ""role_mainplot_role34.asl"": 34, ""role_mainplot_role35.asl"": 34, ""role_mainplot_role36.asl"": 34, ""role_mainplot_role37.asl"": 34, ""role_mainplot_role38.asl"": 34, ""role_mainplot_role39.asl"": 34, ""role_mainplot_role40.asl"": 34, ""role_mainplot_role41.asl"": 34, ""role_mainplot_role42.asl"": 34, ""role_mainplot_role43.asl"": 34, ""role_mainplot_role44.asl"": 34, ""role_mainplot_role45.asl"": 34, ""role_mainplot_role46.asl"": 34, ""role_mainplot_role47.asl"": 34, ""role_mainplot_role48.asl"": 34, ""role_mainplot_role49.asl"": 34, ""role_mainplot_role50.asl"": 34, ""role_mainplot_role51.asl"": 34, ""role_mainplot_role52.asl"": 34, ""role_mainplot_role53.asl"": 34, ""role_mainplot_role54.asl"": 34, ""role_mainplot_role55.asl"": 34, ""role_mainplot_role56.asl"": 34, ""role_mainplot_role57.asl"": 34, ""role_mainplot_role58.asl"": 34, ""role_mainplot_role59.asl"": 34, ""role_mainplot_role60.asl"": 34, ""role_mainplot_role61.asl"": 34, ""role_mainplot_role62.asl"": 34, ""role_mainplot_role63.asl"": 34, ""role_mainplot_role64.asl"": 34, ""role_mainplot_role65.asl"": 34, ""role_mainplot_role66.asl"": 34, ""role_mainplot_role67.asl"": 34, ""role_mainplot_role68.asl"": 34, ""role_mainplot_role69.asl"": 34, ""role_mainplot_role70.asl"": 34, ""role_mainplot_role71.asl"": 34, ""role_mainplot_role72.asl"": 34, ""role_mainplot_role73.asl"": 34, ""role_mainplot_role74.asl"": 34, ""role_mainplot_role75.asl"": 34, ""role_mainplot_role76.asl"": 34, ""role_mainplot_role77.asl"": 34, ""role_mainplot_role78.asl"": 34, ""role_mainplot_role79.asl"": 34, ""role_mainplot_role80.asl"": 34, ""role_mainplot_role81.asl"": 34, ""role_mainplot_role82.asl"": 34, ""role_mainplot_role83.asl"": 34, ""role_mainplot_role84.asl"": 34, ""role_mainplot_role85.asl"": 34, ""role_mainplot_role86.asl"": 34, ""role_mainplot_role87.asl"": 34, ""role_mainplot_role88.asl"": 34, ""role_mainplot_role89.asl"": 34, ""role_mainplot_role90.asl"": 34, ""role_mainplot_role91.asl"": 34, ""role_mainplot_role92.asl"": 34, ""role_mainplot_role93.asl"": 34, ""role_mainplot_role94.asl"": 34, ""role_mainplot_role95.asl"": 34, ""role_mainplot_role96.asl"": 34, ""role_mainplot_role97.asl"": 34, ""role_mainplot_role98.asl"": 34, ""role_mainplot_role99.asl"": 34, ""role_mainplot_role100.asl"": 34, ""role_mainplot_role101.asl"": 34, ""role_mainplot_role102.asl"": 34, ""role_mainplot_role103.asl"": 34, ""role_mainplot_role104.asl"": 34, ""role_mainplot_role105.asl"": 34, ""role_mainplot_role106.asl"": 34, ""role_mainplot_role107.asl"": 34, ""role_mainplot_role108.asl"": 34, ""role_mainplot_role109.asl"": 34, ""role_mainplot_role110.asl"": 34, ""role_mainplot_role111.asl"": 34, ""role_mainplot_role112.asl"": 34, ""role_mainplot_role113.asl"": 34, ""role_mainplot_role114.asl"": 34, ""role_mainplot_role115.asl"": 34, ""role_mainplot_role116.asl"": 34, ""role_mainplot_role117.asl"": 34, ""role_mainplot_role118.asl"": 34, ""role_mainplot_role119.asl"": 34, ""role_mainplot_role120.asl"": 34, ""role_mainplot_role121.asl"": 34, ""role_mainplot_role122.asl"": 34, ""role_mainplot_role123.asl"": 34, ""role_mainplot_role124.asl"": 34, ""role_mainplot_role125.asl"": 34, ""role_mainplot_role126.asl"": 34, ""role_mainplot_role127.asl"": 34, ""role_mainplot_role128.asl"": 34, ""role_mainplot_role129.asl"": 34, ""role_mainplot_role130.asl"": 34, ""role_mainplot_role131.asl"": 34, ""role_mainplot_role132.asl"": 34, ""role_mainplot_role133.asl"": 34, ""role_mainplot_role134.asl"": 34, ""role_mainplot_role135.asl"": 34, ""role_mainplot_role136.asl"": 34, ""role_mainplot_role137.asl"": 34, ""role_mainplot_role138.asl"": 34, ""role_mainplot_role139.asl"": 34, ""role_mainplot_role140.asl"": 34, ""role_mainplot_role141.asl"": 34, ""role_mainplot_role142.asl"": 34, ""role_mainplot_role143.asl"": 34, ""role_mainplot_role144.asl"": 34, ""role_mainplot_role145.asl"": 34, ""role_mainplot_role146.asl"": 34, ""role_mainplot_role147.asl"": 34, ""role_mainplot_role148.asl"": 34, ""role_mainplot_role149.asl"": 34, ""role_mainplot_role150.asl"": 34, ""role_mainplot_role151.asl"": 34, ""role_mainplot_role152.asl"": 34, ""role_mainplot_role153.asl"": 34, ""role_mainplot_role154.asl"": 34, ""role_mainplot_role155.asl"": 34, ""role_mainplot_role156.asl"": 34, ""role_mainplot_role157.asl"": 34, ""role_mainplot_role158.asl"": 34, ""role_mainplot_role159.asl"": 34, ""role_mainplot_role160.asl"": 34, ""role_mainplot_role161.asl"": 34, ""role_mainplot_role162.asl"": 34, ""role_mainplot_role163.asl"": 34, ""role_mainplot_role164.asl"": 34, ""role_mainplot_role165.asl"": 34, ""role_mainplot_role166.asl"": 34, ""role_mainplot_role167.asl"": 34, ""role_mainplot_role168.asl"": 34, ""role_mainplot_role169.asl"": 34, ""role_mainplot_role170.asl"": 34, ""role_mainplot_role171.asl"": 34, ""role_mainplot_role172.asl"": 34, ""role_mainplot_role173.asl"": 34, ""role_mainplot_role174.asl"": 34, ""role_mainplot_role175.asl"": 34, ""role_mainplot_role176.asl"": 34, ""role_mainplot_role177.asl"": 34, ""role_mainplot_role178.asl"": 34, ""role_mainplot_role179.asl"": 34, ""role_mainplot_role180.asl"": 34, ""role_mainplot_role181.asl"": 34, ""role_mainplot_role182.asl"": 34, ""role_mainplot_role183.asl"": 34, ""role_mainplot_role184.asl"": 34, ""role_mainplot_role185.asl"": 34, ""role_mainplot_role186.asl"": 34, ""role_mainplot_role187.asl"": 34, ""role_mainplot_role188.asl"": 34, ""role_mainplot_role189.asl"": 34, ""role_mainplot_role190.asl"": 34, ""role_mainplot_role191.asl"": 34, ""role_mainplot_role192.asl"": 34, ""role_mainplot_role193.asl"": 34, ""role_mainplot_role194.asl"": 34, ""role_mainplot_role195.asl"": 34, ""role_mainplot_role196.asl"": 34, ""role_mainplot_role197.asl"": 34, ""role_mainplot_role198.asl"": 34, ""role_mainplot_role199.asl"": 34, ""role_subplot_l1_0_subrole.asl"": 29, ""role_subplot_l2_2_subrole.asl"": 29, ""role_subplot_l3_4_subrole.asl"": 29, ""role_subplot_l4_6_subrole.asl"": 29, ""role_subplot_l5_8_subrole.asl"": 29, ""role_subplot_l5_9_subrole.asl"": 29, ""role_subplot_l4_7_subrole.asl"": 29, ""role_subplot_l5_10_subrole.asl"": 29, ""role_subplot_l5_11_subrole.asl"": 29, ""role_subplot_l3_5_subrole.asl"": 29, ""role_subplot_l4_12_subrole.asl"": 29, ""role_subplot_l5_14_subrole.asl"": 29, ""role_subplot_l5_15_subrole.asl"": 29, ""role_subplot_l4_13_subrole.asl"": 29, ""role_subplot_l5_16_subrole.asl"": 29, ""role_subplot_l5_17_subrole.asl"": 29, ""role_subplot_l2_3_subrole.asl"": 29, ""role_subplot_l3_18_subrole.asl"": 29, ""role_subplot_l4_20_subrole.asl"": 29, ""role_subplot_l5_22_subrole.asl"": 29, ""role_subplot_l5_23_subrole.asl"": 29, ""role_subplot_l4_21_subrole.asl"": 29, ""role_subplot_l5_24_subrole.asl"": 29, ""role_subplot_l5_25_subrole.asl"": 29, ""role_subplot_l3_19_subrole.asl"": 29, ""role_subplot_l4_26_subrole.asl"": 29, ""role_subplot_l5_28_subrole.asl"": 29, ""role_subplot_l5_29_subrole.asl"": 29, ""role_subplot_l4_27_subrole.asl"": 29, ""role_subplot_l5_30_subrole.asl"": 29, ""role_subplot_l5_31_subrole.asl"": 29, ""role_subplot_l1_1_subrole.asl"": 29, ""role_subplot_l2_32_subrole.asl"": 29, ""role_subplot_l3_34_subrole.asl"": 29, ""role_subplot_l4_36_subrole.asl"": 29, ""role_subplot_l5_38_subrole.asl"": 29, ""role_subplot_l5_39_subrole.asl"": 29, ""role_subplot_l4_37_subrole.asl"": 29, ""role_subplot_l5_40_subrole.asl"": 29, ""role_subplot_l5_41_subrole.asl"": 29, ""role_subplot_l3_35_subrole.asl"": 29, ""role_subplot_l4_42_subrole.asl"": 29, ""role_subplot_l5_44_subrole.asl"": 29, ""role_subplot_l5_45_subrole.asl"": 29, ""role_subplot_l4_43_subrole.asl"": 29, ""role_subplot_l5_46_subrole.asl"": 29, ""role_subplot_l5_47_subrole.asl"": 29, ""role_subplot_l2_33_subrole.asl"": 29, ""role_subplot_l3_48_subrole.asl"": 29, ""role_subplot_l4_50_subrole.asl"": 29, ""role_subplot_l5_52_subrole.asl"": 29, ""role_subplot_l5_53_subrole.asl"": 29, ""role_subplot_l4_51_subrole.asl"": 29, ""role_subplot_l5_54_subrole.asl"": 29, ""role_subplot_l5_55_subrole.asl"": 29, ""role_subplot_l3_49_subrole.asl"": 29, ""role_subplot_l4_56_subrole.asl"": 29, ""role_subplot_l5_58_subrole.asl"": 29, ""role_subplot_l5_59_subrole.asl"": 29, ""role_subplot_l4_57_subrole.asl"": 29, ""role_subplot_l5_60_subrole.asl"": 29, ""role_subplot_l5_61_subrole.asl"": 29}",6.532740213523132,0.1225915739996708,0.004239893001795281,4.1781721115112305,True,7,0
