experiment,run_id,sys_os,sys_cpu,sys_cores,sys_ram_gb,sys_python,n_actions,n_events,n_facts,n_playbooks,n_plans_per_playbook,n_branches_per_plan,n_stmts_per_branch,n_roles,n_phases,n_subplot_breadth,n_subplot_depth,seed,input_loc,input_bytes,output_files,output_loc_total,output_loc_per_file,loc_ratio,compile_time_s,io_time_s,peak_ram_mb,success,warning_count,error_count
grid_imports,0,Linux 7.2.3-arch1-2,x86_64,24,30.44,3.14.7,10,10,5,2,2,1,2,2,2,0,0,42,80,1318,8,616,"{""director_p_0.asl"": 125, ""director_p_2.asl"": 125, ""director_p_8.asl"": 125, ""director_p_9.asl"": 125, ""role_p_0_r.asl"": 29, ""role_p_2_r.asl"": 29, ""role_p_8_r.asl"": 29, ""role_p_9_r.asl"": 29}",7.7,0.0025677729972812813,0.00013056000170763582,0.14175891876220703,True,0,0
grid_imports,1,Linux 7.2.3-arch1-2,x86_64,24,30.44,3.14.7,10,10,5,2,2,1,2,2,2,0,0,42,80,1318,8,616,"{""director_p_0.asl"": 125, ""director_p_2.asl"": 125, ""director_p_8.asl"": 125, ""director_p_9.asl"": 125, ""role_p_0_r.asl"": 29, ""role_p_2_r.asl"": 29, ""role_p_8_r.asl"": 29, ""role_p_9_r.asl"": 29}",7.7,0.0025787520025915,0.00014300900147645734,0.14160633087158203,True,0,0
grid_imports,2,Linux 7.2.3-arch1-2,x86_64,24,30.44,3.14.7,10,10,5,2,2,1,2,2,2,0,0,42,80,1318,8,616,"{""director_p_0.asl"": 125, ""director_p_2.asl"": 125, ""director_p_8.asl"": 125, ""director_p_9.asl"": 125, ""role_p_0_r.asl"": 29, ""role_p_2_r.asl"": 29, ""role_p_8_r.asl"": 29, ""role_p_9_r.asl"": 29}",7.7,0.002411821998975938,0.000127350002003368,0.14155006408691406,True,0,0
grid_imports,3,Linux 7.2.3-arch1-2,x86_64,24,30.44,3.14.7,10,10,5,2,2,1,2,2,2,0,0,42,80,1318,8,616,"{""director_p_0.asl"": 125, ""director_p_2.asl"": 125, ""director_p_8.asl"": 125, ""director_p_9.asl"": 125, ""role_p_0_r.asl"": 29, ""role_p_2_r.asl"": 29, ""role_p_8_r.asl"": 29, ""role_p_9_r.asl"": 29}",7.7,0.0023848419987189118,0.00012588000026880763,0.14160633087158203,True,0,0
grid_imports,4,Linux 7.2.3-arch1-2,x86_64,24,30.44,3.14.7,10,10,5,2,2,1,2,2,2,0,0,42,80,1318,8,616,"{""director_p_0.asl"": 125, ""director_p_2.asl"": 125, ""director_p_8.asl"": 125, ""director_p_9.asl"": 125, ""role_p_0_r.asl"": 29, ""role_p_2_r.asl"": 29, ""role_p_8_r.asl"": 29, ""role_p_9_r.asl"": 29}",7.7,0.002502342998923268,0.00012677999984589405,0.14160633087158203,True,0,0
grid_imports,5,Linux 7.2.3-arch1-2,x86_64,24,30.44,3.14.7,10,10,5,2,2,1,2,2,2,0,0,42,106,1916,20,1540,"{""director_p_0.asl"": 125, ""director_p_2.asl"": 125, ""director_p_1.asl"": 125, ""director_p_6.asl"": 125, ""director_p_3.asl"": 125, ""director_p_9.asl"": 125, ""director_p_7.asl"": 125, ""director_p_8.asl"": 125, ""director_p_5.asl"": 125, ""director_p_4.asl"": 125, ""role_p_0_r.asl"": 29, ""role_p_2_r.asl"": 29, ""role_p_1_r.asl"": 29, ""role_p_6_r.asl"": 29, ""role_p_3_r.asl"": 29, ""role_p_9_r.asl"": 29, ""role_p_7_r.asl"": 29, ""role_p_8_r.asl"": 29, ""role_p_5_r.asl"": 29, ""role_p_4_r.asl"": 29}",14.528301886792454,0.007595647002744954,0.0002834090009855572,0.17385482788085938,True,0,0
grid_imports,6,Linux 7.2.3-arch1-2,x86_64,24,30.44,3.14.7,10,10,5,2,2,1,2,2,2,0,0,42,106,1916,20,1540,"{""director_p_0.asl"": 125, ""director_p_2.asl"": 125, ""director_p_1.asl"": 125, ""director_p_6.asl"": 125, ""director_p_3.asl"": 125, ""director_p_9.asl"": 125, ""director_p_7.asl"": 125, ""director_p_8.asl"": 125, ""director_p_5.asl"": 125, ""director_p_4.asl"": 125, ""role_p_0_r.asl"": 29, ""role_p_2_r.asl"": 29, ""role_p_1_r.asl"": 29, ""role_p_6_r.asl"": 29, ""role_p_3_r.asl"": 29, ""role_p_9_r.asl"": 29, ""role_p_7_r.asl"": 29, ""role_p_8_r.asl"": 29, ""role_p_5_r.asl"": 29, ""role_p_4_r.asl"": 29}",14.528301886792454,0.007596045998070622,0.00028025899882777594,0.17381858825683594,True,0,0
grid_imports,7,Linux 7.2.3-arch1-2,x86_64,24,30.44,3.14.7,10,10,5,2,2,1,2,2,2,0,0,42,106,1916,20,1540,"{""director_p_0.asl"": 125, ""director_p_2.asl"": 125, ""director_p_1.asl"": 125, ""director_p_6.asl"": 125, ""director_p_3.asl"": 125, ""director_p_9.asl"": 125, ""director_p_7.asl"": 125, ""director_p_8.asl"": 125, ""director_p_5.asl"": 125, ""director_p_4.asl"": 125, ""role_p_0_r.asl"": 29, ""role_p_2_r.asl"": 29, ""role_p_1_r.asl"": 29, ""role_p_6_r.asl"": 29, ""role_p_3_r.asl"": 29, ""role_p_9_r.asl"": 29, ""role_p_7_r.asl"": 29, ""role_p_8_r.asl"": 29, ""role_p_5_r.asl"": 29, ""role_p_4_r.asl"": 29}",14.528301886792454,0.007521727002313128,0.0002821790003508795,0.1735372543334961,True,0,0
grid_imports,8,Linux 7.2.3-arch1-2,x86_64,24,30.44,3.14.7,10,10,5,2,2,1,2,2,2,0,0,42,106,1916,20,1540,"{""director_p_0.asl"": 125, ""director_p_2.asl"": 125, ""director_p_1.asl"": 125, ""director_p_6.asl"": 125, ""director_p_3.asl"": 125, ""director_p_9.asl"": 125, ""director_p_7.asl"": 125, ""director_p_8.asl"": 125, ""director_p_5.asl"": 125, ""director_p_4.asl"": 125, ""role_p_0_r.asl"": 29, ""role_p_2_r.asl"": 29, ""role_p_1_r.asl"": 29, ""role_p_6_r.asl"": 29, ""role_p_3_r.asl"": 29, ""role_p_9_r.asl"": 29, ""role_p_7_r.asl"": 29, ""role_p_8_r.asl"": 29, ""role_p_5_r.asl"": 29, ""role_p_4_r.asl"": 29}",14.528301886792454,0.007529016998887528,0.0002787890007311944,0.17369461059570312,True,0,0
grid_imports,9,Linux 7.2.3-arch1-2,x86_64,24,30.44,3.14.7,10,10,5,2,2,1,2,2,2,0,0,42,106,1916,20,1540,"{""director_p_0.asl"": 125, ""director_p_2.asl"": 125, ""director_p_1.asl"": 125, ""director_p_6.asl"": 125, ""director_p_3.asl"": 125, ""director_p_9.asl"": 125, ""director_p_7.asl"": 125, ""director_p_8.asl"": 125, ""director_p_5.asl"": 125, ""director_p_4.asl"": 125, ""role_p_0_r.asl"": 29, ""role_p_2_r.asl"": 29, ""role_p_1_r.asl"": 29, ""role_p_6_r.asl"": 29, ""role_p_3_r.asl"": 29, ""role_p_9_r.asl"": 29, ""role_p_7_r.asl"": 29, ""role_p_8_r.asl"": 29, ""role_p_5_r.asl"": 29, ""role_p_4_r.asl"": 29}",14.528301886792454,0.007549337002274115,0.00029745900246780366,0.17376232147216797,True,0,0
grid_imports,10,Linux 7.2.3-arch1-2,x86_64,24,30.44,3.14.7,10,10,5,2,2,1,2,2,2,0,0,42,116,2146,20,1540,"{""director_p_0.asl"": 125, ""director_p_2.asl"": 125, ""director_p_1.asl"": 125, ""director_p_6.asl"": 125, ""director_p_3.asl"": 125, ""director_p_9.asl"": 125, ""director_p_5.asl"": 125, ""director_p_8.asl"": 125, ""director_p_7.asl"": 125, ""director_p_4.asl"": 125, ""role_p_0_r.asl"": 29, ""role_p_2_r.asl"": 29, ""role_p_1_r.asl"": 29, ""role_p_6_r.asl"": 29, ""role_p_3_r.asl"": 29, ""role_p_9_r.asl"": 29, ""role_p_5_r.asl"": 29, ""role_p_8_r.asl"": 29, ""role_p_7_r.asl"": 29, ""role_p_4_r.asl"": 29}",13.275862068965518,0.009599671000614762,0.00029913899925304577,0.1762990951538086,True,0,0
grid_imports,11,Linux 7.2.3-arch1-2,x86_64,24,30.44,3.14.7,10,10,5,2,2,1,2,2,2,0,0,42,116,2146,20,1540,"{""director_p_0.asl"": 125, ""director_p_2.asl"": 125, ""director_p_1.asl"": 125, ""director_p_6.asl"": 125, ""director_p_3.asl"": 125, ""director_p_9.asl"": 125, ""director_p_5.asl"": 125, ""director_p_8.asl"": 125, ""director_p_7.asl"": 125, ""director_p_4.asl"": 125, ""role_p_0_r.asl"": 29, ""role_p_2_r.asl"": 29, ""role_p_1_r.asl"": 29, ""role_p_6_r.asl"": 29, ""role_p_3_r.asl"": 29, ""role_p_9_r.asl"": 29, ""role_p_5_r.asl"": 29, ""role_p_8_r.asl"": 29, ""role_p_7_r.asl"": 29, ""role_p_4_r.asl"": 29}",13.275862068965518,0.0094390009980998,0.00028690900217043236,0.1759815216064453,True,0,0
grid_imports,12,Linux 7.2.3-arch1-2,x86_64,24,30.44,3.14.7,10,10,5,2,2,1,2,2,2,0,0,42,116,2146,20,1540,"{""director_p_0.asl"": 125, ""director_p_2.asl"": 125, ""director_p_1.asl"": 125, ""director_p_6.asl"": 125, ""director_p_3.asl"": 125, ""director_p_9.asl"": 125, ""director_p_5.asl"": 125, ""director_p_8.asl"": 125, ""director_p_7.asl"": 125, ""director_p_4.asl"": 125, ""role_p_0_r.asl"": 29, ""role_p_2_r.asl"": 29, ""role_p_1_r.asl"": 29, ""role_p_6_r.asl"": 29, ""role_p_3_r.asl"": 29, ""role_p_9_r.asl"": 29, ""role_p_5_r.asl"": 29, ""role_p_8_r.asl"": 29, ""role_p_7_r.asl"": 29, ""role_p_4_r.asl"": 29}",13.275862068965518,0.00893263299803948,0.0002868789997592103,0.17615413665771484,True,0,0
grid_imports,13,Linux 7.2.3-arch1-2,x86_64,24,30.44,3.14.7,10,10,5,2,2,1,2,2,2,0,0,42,116,2146,20,1540,"{""director_p_0.asl"": 125, ""director_p_2.asl"": 125, ""director_p_1.asl"": 125, ""director_p_6.asl"": 125, ""director_p_3.asl"": 125, ""director_p_9.asl"": 125, ""director_p_5.asl"": 125, ""director_p_8.asl"": 125, ""director_p_7.asl"": 125, ""director_p_4.asl"": 125, ""role_p_0_r.asl"": 29, ""role_p_2_r.asl"": 29, ""role_p_1_r.asl"": 29, ""role_p_6_r.asl"": 29, ""role_p_3_r.asl"": 29, ""role_p_9_r.asl"": 29, ""role_p_5_r.asl"": 29, ""role_p_8_r.asl"": 29, ""role_p_7_r.asl"": 29, ""role_p_4_r.asl"": 29}",13.275862068965518,0.00961060100235045,0.0002873090015782509,0.17575645446777344,True,0,0
grid_imports,14,Linux 7.2.3-arch1-2,x86_64,24,30.44,3.14.7,10,10,5,2,2,1,2,2,2,0,0,42,116,2146,20,1540,"{""director_p_0.asl"": 125, ""director_p_2.asl"": 125, ""director_p_1.asl"": 125, ""director_p_6.asl"": 125, ""director_p_3.asl"": 125, ""director_p_9.asl"": 125, ""director_p_5.asl"": 125, ""director_p_8.asl"": 125, ""director_p_7.asl"": 125, ""director_p_4.asl"": 125, ""role_p_0_r.asl"": 29, ""role_p_2_r.asl"": 29, ""role_p_1_r.asl"": 29, ""role_p_6_r.asl"": 29, ""role_p_3_r.asl"": 29, ""role_p_9_r.asl"": 29, ""role_p_5_r.asl"": 29, ""role_p_8_r.asl"": 29, ""role_p_7_r.asl"": 29, ""role_p_4_r.asl"": 29}",13.275862068965518,0.008537453999451827,0.0003259389995946549,0.17603397369384766,True,0,0
grid_imports,15,Linux 7.2.3-arch1-2,x86_64,24,30.44,3.14.7,10,10,5,2,2,1,2,2,2,0,0,42,116,2146,20,1540,"{""director_p_0.asl"": 125, ""director_p_2.asl"": 125, ""director_p_1.asl"": 125, ""director_p_6.asl"": 125, ""director_p_3.asl"": 125, ""director_p_9.asl"": 125, ""director_p_5.asl"": 125, ""director_p_8.asl"": 125, ""director_p_7.asl"": 125, ""director_p_4.asl"": 125, ""role_p_0_r.asl"": 29, ""role_p_2_r.asl"": 29, ""role_p_1_r.asl"": 29, ""role_p_6_r.asl"": 29, ""role_p_3_r.asl"": 29, ""role_p_9_r.asl"": 29, ""role_p_5_r.asl"": 29, ""role_p_8_r.asl"": 29, ""role_p_7_r.asl"": 29, ""role_p_4_r.asl"": 29}",13.275862068965518,0.00844826499815099,0.0002976299983856734,0.17590904235839844,True,0,0
grid_imports,16,Linux 7.2.3-arch1-2,x86_64,24,30.44,3.14.7,10,10,5,2,2,1,2,2,2,0,0,42,116,2146,20,1540,"{""director_p_0.asl"": 125, ""director_p_2.asl"": 125, ""director_p_1.asl"": 125, ""director_p_6.asl"": 125, ""director_p_3.asl"": 125, ""director_p_9.asl"": 125, ""director_p_5.asl"": 125, ""director_p_8.asl"": 125, ""director_p_7.asl"": 125, ""director_p_4.asl"": 125, ""role_p_0_r.asl"": 29, ""role_p_2_r.asl"": 29, ""role_p_1_r.asl"": 29, ""role_p_6_r.asl"": 29, ""role_p_3_r.asl"": 29, ""role_p_9_r.asl"": 29, ""role_p_5_r.asl"": 29, ""role_p_8_r.asl"": 29, ""role_p_7_r.asl"": 29, ""role_p_4_r.asl"": 29}",13.275862068965518,0.008524873999704141,0.0003015990005224012,0.17609786987304688,True,0,0
grid_imports,17,Linux 7.2.3-arch1-2,x86_64,24,30.44,3.14.7,10,10,5,2,2,1,2,2,2,0,0,42,116,2146,20,1540,"{""director_p_0.asl"": 125, ""director_p_2.asl"": 125, ""director_p_1.asl"": 125, ""director_p_6.asl"": 125, ""director_p_3.asl"": 125, ""director_p_9.asl"": 125, ""director_p_5.asl"": 125, ""director_p_8.asl"": 125, ""director_p_7.asl"": 125, ""director_p_4.asl"": 125, ""role_p_0_r.asl"": 29, ""role_p_2_r.asl"": 29, ""role_p_1_r.asl"": 29, ""role_p_6_r.asl"": 29, ""role_p_3_r.asl"": 29, ""role_p_9_r.asl"": 29, ""role_p_5_r.asl"": 29, ""role_p_8_r.asl"": 29, ""role_p_7_r.asl"": 29, ""role_p_4_r.asl"": 29}",13.275862068965518,0.008562533999793231,0.0002855990023817867,0.175872802734375,True,0,0
grid_imports,18,Linux 7.2.3-arch1-2,x86_64,24,30.44,3.14.7,10,10,5,2,2,1,2,2,2,0,0,42,116,2146,20,1540,"{""director_p_0.asl"": 125, ""director_p_2.asl"": 125, ""director_p_1.asl"": 125, ""director_p_6.asl"": 125, ""director_p_3.asl"": 125, ""director_p_9.asl"": 125, ""director_p_5.asl"": 125, ""director_p_8.asl"": 125, ""director_p_7.asl"": 125, ""director_p_4.asl"": 125, ""role_p_0_r.asl"": 29, ""role_p_2_r.asl"": 29, ""role_p_1_r.asl"": 29, ""role_p_6_r.asl"": 29, ""role_p_3_r.asl"": 29, ""role_p_9_r.asl"": 29, ""role_p_5_r.asl"": 29, ""role_p_8_r.asl"": 29, ""role_p_7_r.asl"": 29, ""role_p_4_r.asl"": 29}",13.275862068965518,0.008562994000385515,0.0002824690018314868,0.17603778839111328,True,0,0
grid_imports,19,Linux 7.2.3-arch1-2,x86_64,24,30.44,3.14.7,10,10,5,2,2,1,2,2,2,0,0,42,116,2146,20,1540,"{""director_p_0.asl"": 125, ""director_p_2.asl"": 125, ""director_p_1.asl"": 125, ""director_p_6.asl"": 125, ""director_p_3.asl"": 125, ""director_p_9.asl"": 125, ""director_p_5.asl"": 125, ""director_p_8.asl"": 125, ""director_p_7.asl"": 125, ""director_p_4.asl"": 125, ""role_p_0_r.asl"": 29, ""role_p_2_r.asl"": 29, ""role_p_1_r.asl"": 29, ""role_p_6_r.asl"": 29, ""role_p_3_r.asl"": 29, ""role_p_9_r.asl"": 29, ""role_p_5_r.asl"": 29, ""role_p_8_r.asl"": 29, ""role_p_7_r.asl"": 29, ""role_p_4_r.asl"": 29}",13.275862068965518,0.008556173997931182,0.0002815689986164216,0.17615032196044922,True,0,0
grid_imports,20,Linux 7.2.3-arch1-2,x86_64,24,30.44,3.14.7,10,10,5,2,2,1,2,2,2,0,0,42,400,6845,12,924,"{""director_p_0.asl"": 125, ""director_p_41.asl"": 125, ""director_p_43.asl"": 125, ""director_p_46.asl"": 125, ""director_p_47.asl"": 125, ""director_p_49.asl"": 125, ""role_p_0_r.asl"": 29, ""role_p_41_r.asl"": 29, ""role_p_43_r.asl"": 29, ""role_p_46_r.asl"": 29, ""role_p_47_r.asl"": 29, ""role_p_49_r.asl"": 29}",2.31,0.004542686001514085,0.0001775089986040257,0.14971256256103516,True,0,0
grid_imports,21,Linux 7.2.3-arch1-2,x86_64,24,30.44,3.14.7,10,10,5,2,2,1,2,2,2,0,0,42,400,6845,12,924,"{""director_p_0.asl"": 125, ""director_p_41.asl"": 125, ""director_p_43.asl"": 125, ""director_p_46.asl"": 125, ""director_p_47.asl"": 125, ""director_p_49.asl"": 125, ""role_p_0_r.asl"": 29, ""role_p_41_r.asl"": 29, ""role_p_43_r.asl"": 29, ""role_p_46_r.asl"": 29, ""role_p_47_r.asl"": 29, ""role_p_49_r.asl"": 29}",2.31,0.00451477599926875,0.00017725900033838116,0.14943981170654297,True,0,0
grid_imports,22,Linux 7.2.3-arch1-2,x86_64,24,30.44,3.14.7,10,10,5,2,2,1,2,2,2,0,0,42,400,6845,12,924,"{""director_p_0.asl"": 125, ""director_p_41.asl"": 125, ""director_p_43.asl"": 125, ""director_p_46.asl"": 125, ""director_p_47.asl"": 125, ""director_p_49.asl"": 125, ""role_p_0_r.asl"": 29, ""role_p_41_r.asl"": 29, ""role_p_43_r.asl"": 29, ""role_p_46_r.asl"": 29, ""role_p_47_r.asl"": 29, ""role_p_49_r.asl"": 29}",2.31,0.004529746001935564,0.00017768000179785304,0.14949989318847656,True,0,0
grid_imports,23,Linux 7.2.3-arch1-2,x86_64,24,30.44,3.14.7,10,10,5,2,2,1,2,2,2,0,0,42,400,6845,12,924,"{""director_p_0.asl"": 125, ""director_p_41.asl"": 125, ""director_p_43.asl"": 125, ""director_p_46.asl"": 125, ""director_p_47.asl"": 125, ""director_p_49.asl"": 125, ""role_p_0_r.asl"": 29, ""role_p_41_r.asl"": 29, ""role_p_43_r.asl"": 29, ""role_p_46_r.asl"": 29, ""role_p_47_r.asl"": 29, ""role_p_49_r.asl"": 29}",2.31,0.004522236002230784,0.00017591000141692348,0.1495037078857422,True,0,0
grid_imports,24,Linux 7.2.3-arch1-2,x86_64,24,30.44,3.14.7,10,10,5,2,2,1,2,2,2,0,0,42,400,6845,12,924,"{""director_p_0.asl"": 125, ""director_p_41.asl"": 125, ""director_p_43.asl"": 125, ""director_p_46.asl"": 125, ""director_p_47.asl"": 125, ""director_p_49.asl"": 125, ""role_p_0_r.asl"": 29, ""role_p_41_r.asl"": 29, ""role_p_43_r.asl"": 29, ""role_p_46_r.asl"": 29, ""role_p_47_r.asl"": 29, ""role_p_49_r.asl"": 29}",2.31,0.00453366600049776,0.0001778799996827729,0.14927101135253906,True,0,0
grid_imports,25,Linux 7.2.3-arch1-2,x86_64,24,30.44,3.14.7,10,10,5,2,2,1,2,2,2,0,0,42,586,11302,66,5082,"{""director_p_0.asl"": 125, ""director_p_41.asl"": 125, ""director_p_8.asl"": 125, ""director_p_2.asl"": 125, ""director_p_48.asl"": 125, ""director_p_18.asl"": 125, ""director_p_43.asl"": 125, ""director_p_47.asl"": 125, ""director_p_42.asl"": 125, ""director_p_49.asl"": 125, ""director_p_14.asl"": 125, ""director_p_33.asl"": 125, ""director_p_15.asl"": 125, ""director_p_31.asl"": 125, ""director_p_46.asl"": 125, ""director_p_37.asl"": 125, ""director_p_40.asl"": 125, ""director_p_30.asl"": 125, ""director_p_39.asl"": 125, ""director_p_45.asl"": 125, ""director_p_44.asl"": 125, ""director_p_28.asl"": 125, ""director_p_32.asl"": 125, ""director_p_19.asl"": 125, ""director_p_25.asl"": 125, ""director_p_36.asl"": 125, ""director_p_35.asl"": 125, ""director_p_26.asl"": 125, ""director_p_34.asl"": 125, ""director_p_29.asl"": 125, ""director_p_24.asl"": 125, ""director_p_27.asl"": 125, ""director_p_38.asl"": 125, ""role_p_0_r.asl"": 29, ""role_p_41_r.asl"": 29, ""role_p_8_r.asl"": 29, ""role_p_2_r.asl"": 29, ""role_p_48_r.asl"": 29, ""role_p_18_r.asl"": 29, ""role_p_43_r.asl"": 29, ""role_p_47_r.asl"": 29, ""role_p_42_r.asl"": 29, ""role_p_49_r.asl"": 29, ""role_p_14_r.asl"": 29, ""role_p_33_r.asl"": 29, ""role_p_15_r.asl"": 29, ""role_p_31_r.asl"": 29, ""role_p_46_r.asl"": 29, ""role_p_37_r.asl"": 29, ""role_p_40_r.asl"": 29, ""role_p_30_r.asl"": 29, ""role_p_39_r.asl"": 29, ""role_p_45_r.asl"": 29, ""role_p_44_r.asl"": 29, ""role_p_28_r.asl"": 29, ""role_p_32_r.asl"": 29, ""role_p_19_r.asl"": 29, ""role_p_25_r.asl"": 29, ""role_p_36_r.asl"": 29, ""role_p_35_r.asl"": 29, ""role_p_26_r.asl"": 29, ""role_p_34_r.asl"": 29, ""role_p_29_r.asl"": 29, ""role_p_24_r.asl"": 29, ""role_p_27_r.asl"": 29, ""role_p_38_r.asl"": 29}",8.672354948805461,0.028230093001184287,0.0008955369994509965,0.3871479034423828,True,0,0
grid_imports,26,Linux 7.2.3-arch1-2,x86_64,24,30.44,3.14.7,10,10,5,2,2,1,2,2,2,0,0,42,586,11302,66,5082,"{""director_p_0.asl"": 125, ""director_p_41.asl"": 125, ""director_p_8.asl"": 125, ""director_p_2.asl"": 125, ""director_p_48.asl"": 125, ""director_p_18.asl"": 125, ""director_p_43.asl"": 125, ""director_p_47.asl"": 125, ""director_p_42.asl"": 125, ""director_p_49.asl"": 125, ""director_p_14.asl"": 125, ""director_p_33.asl"": 125, ""director_p_15.asl"": 125, ""director_p_31.asl"": 125, ""director_p_46.asl"": 125, ""director_p_37.asl"": 125, ""director_p_40.asl"": 125, ""director_p_30.asl"": 125, ""director_p_39.asl"": 125, ""director_p_45.asl"": 125, ""director_p_44.asl"": 125, ""director_p_28.asl"": 125, ""director_p_32.asl"": 125, ""director_p_19.asl"": 125, ""director_p_25.asl"": 125, ""director_p_36.asl"": 125, ""director_p_35.asl"": 125, ""director_p_26.asl"": 125, ""director_p_34.asl"": 125, ""director_p_29.asl"": 125, ""director_p_24.asl"": 125, ""director_p_27.asl"": 125, ""director_p_38.asl"": 125, ""role_p_0_r.asl"": 29, ""role_p_41_r.asl"": 29, ""role_p_8_r.asl"": 29, ""role_p_2_r.asl"": 29, ""role_p_48_r.asl"": 29, ""role_p_18_r.asl"": 29, ""role_p_43_r.asl"": 29, ""role_p_47_r.asl"": 29, ""role_p_42_r.asl"": 29, ""role_p_49_r.asl"": 29, ""role_p_14_r.asl"": 29, ""role_p_33_r.asl"": 29, ""role_p_15_r.asl"": 29, ""role_p_31_r.asl"": 29, ""role_p_46_r.asl"": 29, ""role_p_37_r.asl"": 29, ""role_p_40_r.asl"": 29, ""role_p_30_r.asl"": 29, ""role_p_39_r.asl"": 29, ""role_p_45_r.asl"": 29, ""role_p_44_r.asl"": 29, ""role_p_28_r.asl"": 29, ""role_p_32_r.asl"": 29, ""role_p_19_r.asl"": 29, ""role_p_25_r.asl"": 29, ""role_p_36_r.asl"": 29, ""role_p_35_r.asl"": 29, ""role_p_26_r.asl"": 29, ""role_p_34_r.asl"": 29, ""role_p_29_r.asl"": 29, ""role_p_24_r.asl"": 29, ""role_p_27_r.asl"": 29, ""role_p_38_r.asl"": 29}",8.672354948805461,0.027586435000557685,0.0008944969995354768,0.38779544830322266,True,0,0
grid_imports,27,Linux 7.2.3-arch1-2,x86_64,24,30.44,3.14.7,10,10,5,2,2,1,2,2,2,0,0,42,586,11302,66,5082,"{""director_p_0.asl"": 125, ""director_p_41.asl"": 125, ""director_p_8.asl"": 125, ""director_p_2.asl"": 125, ""director_p_48.asl"": 125, ""director_p_18.asl"": 125, ""director_p_43.asl"": 125, ""director_p_47.asl"": 125, ""director_p_42.asl"": 125, ""director_p_49.asl"": 125, ""director_p_14.asl"": 125, ""director_p_33.asl"": 125, ""director_p_15.asl"": 125, ""director_p_31.asl"": 125, ""director_p_46.asl"": 125, ""director_p_37.asl"": 125, ""director_p_40.asl"": 125, ""director_p_30.asl"": 125, ""director_p_39.asl"": 125, ""director_p_45.asl"": 125, ""director_p_44.asl"": 125, ""director_p_28.asl"": 125, ""director_p_32.asl"": 125, ""director_p_19.asl"": 125, ""director_p_25.asl"": 125, ""director_p_36.asl"": 125, ""director_p_35.asl"": 125, ""director_p_26.asl"": 125, ""director_p_34.asl"": 125, ""director_p_29.asl"": 125, ""director_p_24.asl"": 125, ""director_p_27.asl"": 125, ""director_p_38.asl"": 125, ""role_p_0_r.asl"": 29, ""role_p_41_r.asl"": 29, ""role_p_8_r.asl"": 29, ""role_p_2_r.asl"": 29, ""role_p_48_r.asl"": 29, ""role_p_18_r.asl"": 29, ""role_p_43_r.asl"": 29, ""role_p_47_r.asl"": 29, ""role_p_42_r.asl"": 29, ""role_p_49_r.asl"": 29, ""role_p_14_r.asl"": 29, ""role_p_33_r.asl"": 29, ""role_p_15_r.asl"": 29, ""role_p_31_r.asl"": 29, ""role_p_46_r.asl"": 29, ""role_p_37_r.asl"": 29, ""role_p_40_r.asl"": 29, ""role_p_30_r.asl"": 29, ""role_p_39_r.asl"": 29, ""role_p_45_r.asl"": 29, ""role_p_44_r.asl"": 29, ""role_p_28_r.asl"": 29, ""role_p_32_r.asl"": 29, ""role_p_19_r.asl"": 29, ""role_p_25_r.asl"": 29, ""role_p_36_r.asl"": 29, ""role_p_35_r.asl"": 29, ""role_p_26_r.asl"": 29, ""role_p_34_r.asl"": 29, ""role_p_29_r.asl"": 29, ""role_p_24_r.asl"": 29, ""role_p_27_r.asl"": 29, ""role_p_38_r.asl"": 29}",8.672354948805461,0.027615005998086417,0.0008870669989846647,0.38609981536865234,True,0,0
grid_imports,28,Linux 7.2.3-arch1-2,x86_64,24,30.44,3.14.7,10,10,5,2,2,1,2,2,2,0,0,42,586,11302,66,5082,"{""director_p_0.asl"": 125, ""director_p_41.asl"": 125, ""director_p_8.asl"": 125, ""director_p_2.asl"": 125, ""director_p_48.asl"": 125, ""director_p_18.asl"": 125, ""director_p_43.asl"": 125, ""director_p_47.asl"": 125, ""director_p_42.asl"": 125, ""director_p_49.asl"": 125, ""director_p_14.asl"": 125, ""director_p_33.asl"": 125, ""director_p_15.asl"": 125, ""director_p_31.asl"": 125, ""director_p_46.asl"": 125, ""director_p_37.asl"": 125, ""director_p_40.asl"": 125, ""director_p_30.asl"": 125, ""director_p_39.asl"": 125, ""director_p_45.asl"": 125, ""director_p_44.asl"": 125, ""director_p_28.asl"": 125, ""director_p_32.asl"": 125, ""director_p_19.asl"": 125, ""director_p_25.asl"": 125, ""director_p_36.asl"": 125, ""director_p_35.asl"": 125, ""director_p_26.asl"": 125, ""director_p_34.asl"": 125, ""director_p_29.asl"": 125, ""director_p_24.asl"": 125, ""director_p_27.asl"": 125, ""director_p_38.asl"": 125, ""role_p_0_r.asl"": 29, ""role_p_41_r.asl"": 29, ""role_p_8_r.asl"": 29, ""role_p_2_r.asl"": 29, ""role_p_48_r.asl"": 29, ""role_p_18_r.asl"": 29, ""role_p_43_r.asl"": 29, ""role_p_47_r.asl"": 29, ""role_p_42_r.asl"": 29, ""role_p_49_r.asl"": 29, ""role_p_14_r.asl"": 29, ""role_p_33_r.asl"": 29, ""role_p_15_r.asl"": 29, ""role_p_31_r.asl"": 29, ""role_p_46_r.asl"": 29, ""role_p_37_r.asl"": 29, ""role_p_40_r.asl"": 29, ""role_p_30_r.asl"": 29, ""role_p_39_r.asl"": 29, ""role_p_45_r.asl"": 29, ""role_p_44_r.asl"": 29, ""role_p_28_r.asl"": 29, ""role_p_32_r.asl"": 29, ""role_p_19_r.asl"": 29, ""role_p_25_r.asl"": 29, ""role_p_36_r.asl"": 29, ""role_p_35_r.asl"": 29, ""role_p_26_r.asl"": 29, ""role_p_34_r.asl"": 29, ""role_p_29_r.asl"": 29, ""role_p_24_r.asl"": 29, ""role_p_27_r.asl"": 29, ""role_p_38_r.asl"": 29}",8.672354948805461,0.027963114000158384,0.000931627000682056,0.3865947723388672,True,0,0
grid_imports,29,Linux 7.2.3-arch1-2,x86_64,24,30.44,3.14.7,10,10,5,2,2,1,2,2,2,0,0,42,586,11302,66,5082,"{""director_p_0.asl"": 125, ""director_p_41.asl"": 125, ""director_p_8.asl"": 125, ""director_p_2.asl"": 125, ""director_p_48.asl"": 125, ""director_p_18.asl"": 125, ""director_p_43.asl"": 125, ""director_p_47.asl"": 125, ""director_p_42.asl"": 125, ""director_p_49.asl"": 125, ""director_p_14.asl"": 125, ""director_p_33.asl"": 125, ""director_p_15.asl"": 125, ""director_p_31.asl"": 125, ""director_p_46.asl"": 125, ""director_p_37.asl"": 125, ""director_p_40.asl"": 125, ""director_p_30.asl"": 125, ""director_p_39.asl"": 125, ""director_p_45.asl"": 125, ""director_p_44.asl"": 125, ""director_p_28.asl"": 125, ""director_p_32.asl"": 125, ""director_p_19.asl"": 125, ""director_p_25.asl"": 125, ""director_p_36.asl"": 125, ""director_p_35.asl"": 125, ""director_p_26.asl"": 125, ""director_p_34.asl"": 125, ""director_p_29.asl"": 125, ""director_p_24.asl"": 125, ""director_p_27.asl"": 125, ""director_p_38.asl"": 125, ""role_p_0_r.asl"": 29, ""role_p_41_r.asl"": 29, ""role_p_8_r.asl"": 29, ""role_p_2_r.asl"": 29, ""role_p_48_r.asl"": 29, ""role_p_18_r.asl"": 29, ""role_p_43_r.asl"": 29, ""role_p_47_r.asl"": 29, ""role_p_42_r.asl"": 29, ""role_p_49_r.asl"": 29, ""role_p_14_r.asl"": 29, ""role_p_33_r.asl"": 29, ""role_p_15_r.asl"": 29, ""role_p_31_r.asl"": 29, ""role_p_46_r.asl"": 29, ""role_p_37_r.asl"": 29, ""role_p_40_r.asl"": 29, ""role_p_30_r.asl"": 29, ""role_p_39_r.asl"": 29, ""role_p_45_r.asl"": 29, ""role_p_44_r.asl"": 29, ""role_p_28_r.asl"": 29, ""role_p_32_r.asl"": 29, ""role_p_19_r.asl"": 29, ""role_p_25_r.asl"": 29, ""role_p_36_r.asl"": 29, ""role_p_35_r.asl"": 29, ""role_p_26_r.asl"": 29, ""role_p_34_r.asl"": 29, ""role_p_29_r.asl"": 29, ""role_p_24_r.asl"": 29, ""role_p_27_r.asl"": 29, ""role_p_38_r.asl"": 29}",8.672354948805461,0.027571785998588894,0.000894867000170052,0.38272762298583984,True,0,0
grid_imports,30,Linux 7.2.3-arch1-2,x86_64,24,30.44,3.14.7,10,10,5,2,2,1,2,2,2,0,0,42,796,16339,94,7238,"{""director_p_0.asl"": 125, ""director_p_41.asl"": 125, ""director_p_8.asl"": 125, ""director_p_2.asl"": 125, ""director_p_18.asl"": 125, ""director_p_16.asl"": 125, ""director_p_15.asl"": 125, ""director_p_9.asl"": 125, ""director_p_7.asl"": 125, ""director_p_35.asl"": 125, ""director_p_6.asl"": 125, ""director_p_44.asl"": 125, ""director_p_42.asl"": 125, ""director_p_49.asl"": 125, ""director_p_47.asl"": 125, ""director_p_48.asl"": 125, ""director_p_43.asl"": 125, ""director_p_45.asl"": 125, ""director_p_46.asl"": 125, ""director_p_38.asl"": 125, ""director_p_33.asl"": 125, ""director_p_26.asl"": 125, ""director_p_23.asl"": 125, ""director_p_29.asl"": 125, ""director_p_12.asl"": 125, ""director_p_11.asl"": 125, ""director_p_37.asl"": 125, ""director_p_17.asl"": 125, ""director_p_31.asl"": 125, ""director_p_40.asl"": 125, ""director_p_20.asl"": 125, ""director_p_3.asl"": 125, ""director_p_34.asl"": 125, ""director_p_36.asl"": 125, ""director_p_24.asl"": 125, ""director_p_27.asl"": 125, ""director_p_32.asl"": 125, ""director_p_25.asl"": 125, ""director_p_28.asl"": 125, ""director_p_39.asl"": 125, ""director_p_21.asl"": 125, ""director_p_14.asl"": 125, ""director_p_30.asl"": 125, ""director_p_13.asl"": 125, ""director_p_19.asl"": 125, ""director_p_22.asl"": 125, ""director_p_10.asl"": 125, ""role_p_0_r.asl"": 29, ""role_p_41_r.asl"": 29, ""role_p_8_r.asl"": 29, ""role_p_2_r.asl"": 29, ""role_p_18_r.asl"": 29, ""role_p_16_r.asl"": 29, ""role_p_15_r.asl"": 29, ""role_p_9_r.asl"": 29, ""role_p_7_r.asl"": 29, ""role_p_35_r.asl"": 29, ""role_p_6_r.asl"": 29, ""role_p_44_r.asl"": 29, ""role_p_42_r.asl"": 29, ""role_p_49_r.asl"": 29, ""role_p_47_r.asl"": 29, ""role_p_48_r.asl"": 29, ""role_p_43_r.asl"": 29, ""role_p_45_r.asl"": 29, ""role_p_46_r.asl"": 29, ""role_p_38_r.asl"": 29, ""role_p_33_r.asl"": 29, ""role_p_26_r.asl"": 29, ""role_p_23_r.asl"": 29, ""role_p_29_r.asl"": 29, ""role_p_12_r.asl"": 29, ""role_p_11_r.asl"": 29, ""role_p_37_r.asl"": 29, ""role_p_17_r.asl"": 29, ""role_p_31_r.asl"": 29, ""role_p_40_r.asl"": 29, ""role_p_20_r.asl"": 29, ""role_p_3_r.asl"": 29, ""role_p_34_r.asl"": 29, ""role_p_36_r.asl"": 29, ""role_p_24_r.asl"": 29, ""role_p_27_r.asl"": 29, ""role_p_32_r.asl"": 29, ""role_p_25_r.asl"": 29, ""role_p_28_r.asl"": 29, ""role_p_39_r.asl"": 29, ""role_p_21_r.asl"": 29, ""role_p_14_r.asl"": 29, ""role_p_30_r.asl"": 29, ""role_p_13_r.asl"": 29, ""role_p_19_r.asl"": 29, ""role_p_22_r.asl"": 29, ""role_p_10_r.asl"": 29}",9.092964824120603,0.056641595998371486,0.0012528760016721208,0.6138553619384766,True,0,0
grid_imports,31,Linux 7.2.3-arch1-2,x86_64,24,30.44,3.14.7,10,10,5,2,2,1,2,2,2,0,0,42,796,16339,94,7238,"{""director_p_0.asl"": 125, ""director_p_41.asl"": 125, ""director_p_8.asl"": 125, ""director_p_2.asl"": 125, ""director_p_18.asl"": 125, ""director_p_16.asl"": 125, ""director_p_15.asl"": 125, ""director_p_9.asl"": 125, ""director_p_7.asl"": 125, ""director_p_35.asl"": 125, ""director_p_6.asl"": 125, ""director_p_44.asl"": 125, ""director_p_42.asl"": 125, ""director_p_49.asl"": 125, ""director_p_47.asl"": 125, ""director_p_48.asl"": 125, ""director_p_43.asl"": 125, ""director_p_45.asl"": 125, ""director_p_46.asl"": 125, ""director_p_38.asl"": 125, ""director_p_33.asl"": 125, ""director_p_26.asl"": 125, ""director_p_23.asl"": 125, ""director_p_29.asl"": 125, ""director_p_12.asl"": 125, ""director_p_11.asl"": 125, ""director_p_37.asl"": 125, ""director_p_17.asl"": 125, ""director_p_31.asl"": 125, ""director_p_40.asl"": 125, ""director_p_20.asl"": 125, ""director_p_3.asl"": 125, ""director_p_34.asl"": 125, ""director_p_36.asl"": 125, ""director_p_24.asl"": 125, ""director_p_27.asl"": 125, ""director_p_32.asl"": 125, ""director_p_25.asl"": 125, ""director_p_28.asl"": 125, ""director_p_39.asl"": 125, ""director_p_21.asl"": 125, ""director_p_14.asl"": 125, ""director_p_30.asl"": 125, ""director_p_13.asl"": 125, ""director_p_19.asl"": 125, ""director_p_22.asl"": 125, ""director_p_10.asl"": 125, ""role_p_0_r.asl"": 29, ""role_p_41_r.asl"": 29, ""role_p_8_r.asl"": 29, ""role_p_2_r.asl"": 29, ""role_p_18_r.asl"": 29, ""role_p_16_r.asl"": 29, ""role_p_15_r.asl"": 29, ""role_p_9_r.asl"": 29, ""role_p_7_r.asl"": 29, ""role_p_35_r.asl"": 29, ""role_p_6_r.asl"": 29, ""role_p_44_r.asl"": 29, ""role_p_42_r.asl"": 29, ""role_p_49_r.asl"": 29, ""role_p_47_r.asl"": 29, ""role_p_48_r.asl"": 29, ""role_p_43_r.asl"": 29, ""role_p_45_r.asl"": 29, ""role_p_46_r.asl"": 29, ""role_p_38_r.asl"": 29, ""role_p_33_r.asl"": 29, ""role_p_26_r.asl"": 29, ""role_p_23_r.asl"": 29, ""role_p_29_r.asl"": 29, ""role_p_12_r.asl"": 29, ""role_p_11_r.asl"": 29, ""role_p_37_r.asl"": 29, ""role_p_17_r.asl"": 29, ""role_p_31_r.asl"": 29, ""role_p_40_r.asl"": 29, ""role_p_20_r.asl"": 29, ""role_p_3_r.asl"": 29, ""role_p_34_r.asl"": 29, ""role_p_36_r.asl"": 29, ""role_p_24_r.asl"": 29, ""role_p_27_r.asl"": 29, ""role_p_32_r.asl"": 29, ""role_p_25_r.asl"": 29, ""role_p_28_r.asl"": 29, ""role_p_39_r.asl"": 29, ""role_p_21_r.asl"": 29, ""role_p_14_r.asl"": 29, ""role_p_30_r.asl"": 29, ""role_p_13_r.asl"": 29, ""role_p_19_r.asl"": 29, ""role_p_22_r.asl"": 29, ""role_p_10_r.asl"": 29}",9.092964824120603,0.056937565001135226,0.0012550860010378528,0.6136503219604492,True,0,0
grid_imports,32,Linux 7.2.3-arch1-2,x86_64,24,30.44,3.14.7,10,10,5,2,2,1,2,2,2,0,0,42,796,16339,94,7238,"{""director_p_0.asl"": 125, ""director_p_41.asl"": 125, ""director_p_8.asl"": 125, ""director_p_2.asl"": 125, ""director_p_18.asl"": 125, ""director_p_16.asl"": 125, ""director_p_15.asl"": 125, ""director_p_9.asl"": 125, ""director_p_7.asl"": 125, ""director_p_35.asl"": 125, ""director_p_6.asl"": 125, ""director_p_44.asl"": 125, ""director_p_42.asl"": 125, ""director_p_49.asl"": 125, ""director_p_47.asl"": 125, ""director_p_48.asl"": 125, ""director_p_43.asl"": 125, ""director_p_45.asl"": 125, ""director_p_46.asl"": 125, ""director_p_38.asl"": 125, ""director_p_33.asl"": 125, ""director_p_26.asl"": 125, ""director_p_23.asl"": 125, ""director_p_29.asl"": 125, ""director_p_12.asl"": 125, ""director_p_11.asl"": 125, ""director_p_37.asl"": 125, ""director_p_17.asl"": 125, ""director_p_31.asl"": 125, ""director_p_40.asl"": 125, ""director_p_20.asl"": 125, ""director_p_3.asl"": 125, ""director_p_34.asl"": 125, ""director_p_36.asl"": 125, ""director_p_24.asl"": 125, ""director_p_27.asl"": 125, ""director_p_32.asl"": 125, ""director_p_25.asl"": 125, ""director_p_28.asl"": 125, ""director_p_39.asl"": 125, ""director_p_21.asl"": 125, ""director_p_14.asl"": 125, ""director_p_30.asl"": 125, ""director_p_13.asl"": 125, ""director_p_19.asl"": 125, ""director_p_22.asl"": 125, ""director_p_10.asl"": 125, ""role_p_0_r.asl"": 29, ""role_p_41_r.asl"": 29, ""role_p_8_r.asl"": 29, ""role_p_2_r.asl"": 29, ""role_p_18_r.asl"": 29, ""role_p_16_r.asl"": 29, ""role_p_15_r.asl"": 29, ""role_p_9_r.asl"": 29, ""role_p_7_r.asl"": 29, ""role_p_35_r.asl"": 29, ""role_p_6_r.asl"": 29, ""role_p_44_r.asl"": 29, ""role_p_42_r.asl"": 29, ""role_p_49_r.asl"": 29, ""role_p_47_r.asl"": 29, ""role_p_48_r.asl"": 29, ""role_p_43_r.asl"": 29, ""role_p_45_r.asl"": 29, ""role_p_46_r.asl"": 29, ""role_p_38_r.asl"": 29, ""role_p_33_r.asl"": 29, ""role_p_26_r.asl"": 29, ""role_p_23_r.asl"": 29, ""role_p_29_r.asl"": 29, ""role_p_12_r.asl"": 29, ""role_p_11_r.asl"": 29, ""role_p_37_r.asl"": 29, ""role_p_17_r.asl"": 29, ""role_p_31_r.asl"": 29, ""role_p_40_r.asl"": 29, ""role_p_20_r.asl"": 29, ""role_p_3_r.asl"": 29, ""role_p_34_r.asl"": 29, ""role_p_36_r.asl"": 29, ""role_p_24_r.asl"": 29, ""role_p_27_r.asl"": 29, ""role_p_32_r.asl"": 29, ""role_p_25_r.asl"": 29, ""role_p_28_r.asl"": 29, ""role_p_39_r.asl"": 29, ""role_p_21_r.asl"": 29, ""role_p_14_r.asl"": 29, ""role_p_30_r.asl"": 29, ""role_p_13_r.asl"": 29, ""role_p_19_r.asl"": 29, ""role_p_22_r.asl"": 29, ""role_p_10_r.asl"": 29}",9.092964824120603,0.05767129300147644,0.0012555559987958986,0.614100456237793,True,0,0
grid_imports,33,Linux 7.2.3-arch1-2,x86_64,24,30.44,3.14.7,10,10,5,2,2,1,2,2,2,0,0,42,796,16339,94,7238,"{""director_p_0.asl"": 125, ""director_p_41.asl"": 125, ""director_p_8.asl"": 125, ""director_p_2.asl"": 125, ""director_p_18.asl"": 125, ""director_p_16.asl"": 125, ""director_p_15.asl"": 125, ""director_p_9.asl"": 125, ""director_p_7.asl"": 125, ""director_p_35.asl"": 125, ""director_p_6.asl"": 125, ""director_p_44.asl"": 125, ""director_p_42.asl"": 125, ""director_p_49.asl"": 125, ""director_p_47.asl"": 125, ""director_p_48.asl"": 125, ""director_p_43.asl"": 125, ""director_p_45.asl"": 125, ""director_p_46.asl"": 125, ""director_p_38.asl"": 125, ""director_p_33.asl"": 125, ""director_p_26.asl"": 125, ""director_p_23.asl"": 125, ""director_p_29.asl"": 125, ""director_p_12.asl"": 125, ""director_p_11.asl"": 125, ""director_p_37.asl"": 125, ""director_p_17.asl"": 125, ""director_p_31.asl"": 125, ""director_p_40.asl"": 125, ""director_p_20.asl"": 125, ""director_p_3.asl"": 125, ""director_p_34.asl"": 125, ""director_p_36.asl"": 125, ""director_p_24.asl"": 125, ""director_p_27.asl"": 125, ""director_p_32.asl"": 125, ""director_p_25.asl"": 125, ""director_p_28.asl"": 125, ""director_p_39.asl"": 125, ""director_p_21.asl"": 125, ""director_p_14.asl"": 125, ""director_p_30.asl"": 125, ""director_p_13.asl"": 125, ""director_p_19.asl"": 125, ""director_p_22.asl"": 125, ""director_p_10.asl"": 125, ""role_p_0_r.asl"": 29, ""role_p_41_r.asl"": 29, ""role_p_8_r.asl"": 29, ""role_p_2_r.asl"": 29, ""role_p_18_r.asl"": 29, ""role_p_16_r.asl"": 29, ""role_p_15_r.asl"": 29, ""role_p_9_r.asl"": 29, ""role_p_7_r.asl"": 29, ""role_p_35_r.asl"": 29, ""role_p_6_r.asl"": 29, ""role_p_44_r.asl"": 29, ""role_p_42_r.asl"": 29, ""role_p_49_r.asl"": 29, ""role_p_47_r.asl"": 29, ""role_p_48_r.asl"": 29, ""role_p_43_r.asl"": 29, ""role_p_45_r.asl"": 29, ""role_p_46_r.asl"": 29, ""role_p_38_r.asl"": 29, ""role_p_33_r.asl"": 29, ""role_p_26_r.asl"": 29, ""role_p_23_r.asl"": 29, ""role_p_29_r.asl"": 29, ""role_p_12_r.asl"": 29, ""role_p_11_r.asl"": 29, ""role_p_37_r.asl"": 29, ""role_p_17_r.asl"": 29, ""role_p_31_r.asl"": 29, ""role_p_40_r.asl"": 29, ""role_p_20_r.asl"": 29, ""role_p_3_r.asl"": 29, ""role_p_34_r.asl"": 29, ""role_p_36_r.asl"": 29, ""role_p_24_r.asl"": 29, ""role_p_27_r.asl"": 29, ""role_p_32_r.asl"": 29, ""role_p_25_r.asl"": 29, ""role_p_28_r.asl"": 29, ""role_p_39_r.asl"": 29, ""role_p_21_r.asl"": 29, ""role_p_14_r.asl"": 29, ""role_p_30_r.asl"": 29, ""role_p_13_r.asl"": 29, ""role_p_19_r.asl"": 29, ""role_p_22_r.asl"": 29, ""role_p_10_r.asl"": 29}",9.092964824120603,0.05663080600061221,0.0012588960016728379,0.6137104034423828,True,0,0
grid_imports,34,Linux 7.2.3-arch1-2,x86_64,24,30.44,3.14.7,10,10,5,2,2,1,2,2,2,0,0,42,796,16339,94,7238,"{""director_p_0.asl"": 125, ""director_p_41.asl"": 125, ""director_p_8.asl"": 125, ""director_p_2.asl"": 125, ""director_p_18.asl"": 125, ""director_p_16.asl"": 125, ""director_p_15.asl"": 125, ""director_p_9.asl"": 125, ""director_p_7.asl"": 125, ""director_p_35.asl"": 125, ""director_p_6.asl"": 125, ""director_p_44.asl"": 125, ""director_p_42.asl"": 125, ""director_p_49.asl"": 125, ""director_p_47.asl"": 125, ""director_p_48.asl"": 125, ""director_p_43.asl"": 125, ""director_p_45.asl"": 125, ""director_p_46.asl"": 125, ""director_p_38.asl"": 125, ""director_p_33.asl"": 125, ""director_p_26.asl"": 125, ""director_p_23.asl"": 125, ""director_p_29.asl"": 125, ""director_p_12.asl"": 125, ""director_p_11.asl"": 125, ""director_p_37.asl"": 125, ""director_p_17.asl"": 125, ""director_p_31.asl"": 125, ""director_p_40.asl"": 125, ""director_p_20.asl"": 125, ""director_p_3.asl"": 125, ""director_p_34.asl"": 125, ""director_p_36.asl"": 125, ""director_p_24.asl"": 125, ""director_p_27.asl"": 125, ""director_p_32.asl"": 125, ""director_p_25.asl"": 125, ""director_p_28.asl"": 125, ""director_p_39.asl"": 125, ""director_p_21.asl"": 125, ""director_p_14.asl"": 125, ""director_p_30.asl"": 125, ""director_p_13.asl"": 125, ""director_p_19.asl"": 125, ""director_p_22.asl"": 125, ""director_p_10.asl"": 125, ""role_p_0_r.asl"": 29, ""role_p_41_r.asl"": 29, ""role_p_8_r.asl"": 29, ""role_p_2_r.asl"": 29, ""role_p_18_r.asl"": 29, ""role_p_16_r.asl"": 29, ""role_p_15_r.asl"": 29, ""role_p_9_r.asl"": 29, ""role_p_7_r.asl"": 29, ""role_p_35_r.asl"": 29, ""role_p_6_r.asl"": 29, ""role_p_44_r.asl"": 29, ""role_p_42_r.asl"": 29, ""role_p_49_r.asl"": 29, ""role_p_47_r.asl"": 29, ""role_p_48_r.asl"": 29, ""role_p_43_r.asl"": 29, ""role_p_45_r.asl"": 29, ""role_p_46_r.asl"": 29, ""role_p_38_r.asl"": 29, ""role_p_33_r.asl"": 29, ""role_p_26_r.asl"": 29, ""role_p_23_r.asl"": 29, ""role_p_29_r.asl"": 29, ""role_p_12_r.asl"": 29, ""role_p_11_r.asl"": 29, ""role_p_37_r.asl"": 29, ""role_p_17_r.asl"": 29, ""role_p_31_r.asl"": 29, ""role_p_40_r.asl"": 29, ""role_p_20_r.asl"": 29, ""role_p_3_r.asl"": 29, ""role_p_34_r.asl"": 29, ""role_p_36_r.asl"": 29, ""role_p_24_r.asl"": 29, ""role_p_27_r.asl"": 29, ""role_p_32_r.asl"": 29, ""role_p_25_r.asl"": 29, ""role_p_28_r.asl"": 29, ""role_p_39_r.asl"": 29, ""role_p_21_r.asl"": 29, ""role_p_14_r.asl"": 29, ""role_p_30_r.asl"": 29, ""role_p_13_r.asl"": 29, ""role_p_19_r.asl"": 29, ""role_p_22_r.asl"": 29, ""role_p_10_r.asl"": 29}",9.092964824120603,0.056493356998544186,0.0012599060028151143,0.6150646209716797,True,0,0
grid_imports,35,Linux 7.2.3-arch1-2,x86_64,24,30.44,3.14.7,10,10,5,2,2,1,2,2,2,0,0,42,1276,27849,96,7392,"{""director_p_0.asl"": 125, ""director_p_41.asl"": 125, ""director_p_8.asl"": 125, ""director_p_2.asl"": 125, ""director_p_18.asl"": 125, ""director_p_16.asl"": 125, ""director_p_15.asl"": 125, ""director_p_9.asl"": 125, ""director_p_7.asl"": 125, ""director_p_35.asl"": 125, ""director_p_6.asl"": 125, ""director_p_38.asl"": 125, ""director_p_28.asl"": 125, ""director_p_3.asl"": 125, ""director_p_47.asl"": 125, ""director_p_40.asl"": 125, ""director_p_14.asl"": 125, ""director_p_44.asl"": 125, ""director_p_36.asl"": 125, ""director_p_46.asl"": 125, ""director_p_42.asl"": 125, ""director_p_23.asl"": 125, ""director_p_21.asl"": 125, ""director_p_29.asl"": 125, ""director_p_31.asl"": 125, ""director_p_34.asl"": 125, ""director_p_49.asl"": 125, ""director_p_45.asl"": 125, ""director_p_48.asl"": 125, ""director_p_43.asl"": 125, ""director_p_37.asl"": 125, ""director_p_24.asl"": 125, ""director_p_13.asl"": 125, ""director_p_30.asl"": 125, ""director_p_10.asl"": 125, ""director_p_27.asl"": 125, ""director_p_11.asl"": 125, ""director_p_33.asl"": 125, ""director_p_19.asl"": 125, ""director_p_25.asl"": 125, ""director_p_32.asl"": 125, ""director_p_17.asl"": 125, ""director_p_26.asl"": 125, ""director_p_39.asl"": 125, ""director_p_5.asl"": 125, ""director_p_20.asl"": 125, ""director_p_22.asl"": 125, ""director_p_12.asl"": 125, ""role_p_0_r.asl"": 29, ""role_p_41_r.asl"": 29, ""role_p_8_r.asl"": 29, ""role_p_2_r.asl"": 29, ""role_p_18_r.asl"": 29, ""role_p_16_r.asl"": 29, ""role_p_15_r.asl"": 29, ""role_p_9_r.asl"": 29, ""role_p_7_r.asl"": 29, ""role_p_35_r.asl"": 29, ""role_p_6_r.asl"": 29, ""role_p_38_r.asl"": 29, ""role_p_28_r.asl"": 29, ""role_p_3_r.asl"": 29, ""role_p_47_r.asl"": 29, ""role_p_40_r.asl"": 29, ""role_p_14_r.asl"": 29, ""role_p_44_r.asl"": 29, ""role_p_36_r.asl"": 29, ""role_p_46_r.asl"": 29, ""role_p_42_r.asl"": 29, ""role_p_23_r.asl"": 29, ""role_p_21_r.asl"": 29, ""role_p_29_r.asl"": 29, ""role_p_31_r.asl"": 29, ""role_p_34_r.asl"": 29, ""role_p_49_r.asl"": 29, ""role_p_45_r.asl"": 29, ""role_p_48_r.asl"": 29, ""role_p_43_r.asl"": 29, ""role_p_37_r.asl"": 29, ""role_p_24_r.asl"": 29, ""role_p_13_r.asl"": 29, ""role_p_30_r.asl"": 29, ""role_p_10_r.asl"": 29, ""role_p_27_r.asl"": 29, ""role_p_11_r.asl"": 29, ""role_p_33_r.asl"": 29, ""role_p_19_r.asl"": 29, ""role_p_25_r.asl"": 29, ""role_p_32_r.asl"": 29, ""role_p_17_r.asl"": 29, ""role_p_26_r.asl"": 29, ""role_p_39_r.asl"": 29, ""role_p_5_r.asl"": 29, ""role_p_20_r.asl"": 29, ""role_p_22_r.asl"": 29, ""role_p_12_r.asl"": 29}",5.793103448275862,0.09830784799851244,0.001268886000616476,0.7639989852905273,True,0,0
grid_imports,36,Linux 7.2.3-arch1-2,x86_64,24,30.44,3.14.7,10,10,5,2,2,1,2,2,2,0,0,42,1276,27849,96,7392,"{""director_p_0.asl"": 125, ""director_p_41.asl"": 125, ""director_p_8.asl"": 125, ""director_p_2.asl"": 125, ""director_p_18.asl"": 125, ""director_p_16.asl"": 125, ""director_p_15.asl"": 125, ""director_p_9.asl"": 125, ""director_p_7.asl"": 125, ""director_p_35.asl"": 125, ""director_p_6.asl"": 125, ""director_p_38.asl"": 125, ""director_p_28.asl"": 125, ""director_p_3.asl"": 125, ""director_p_47.asl"": 125, ""director_p_40.asl"": 125, ""director_p_14.asl"": 125, ""director_p_44.asl"": 125, ""director_p_36.asl"": 125, ""director_p_46.asl"": 125, ""director_p_42.asl"": 125, ""director_p_23.asl"": 125, ""director_p_21.asl"": 125, ""director_p_29.asl"": 125, ""director_p_31.asl"": 125, ""director_p_34.asl"": 125, ""director_p_49.asl"": 125, ""director_p_45.asl"": 125, ""director_p_48.asl"": 125, ""director_p_43.asl"": 125, ""director_p_37.asl"": 125, ""director_p_24.asl"": 125, ""director_p_13.asl"": 125, ""director_p_30.asl"": 125, ""director_p_10.asl"": 125, ""director_p_27.asl"": 125, ""director_p_11.asl"": 125, ""director_p_33.asl"": 125, ""director_p_19.asl"": 125, ""director_p_25.asl"": 125, ""director_p_32.asl"": 125, ""director_p_17.asl"": 125, ""director_p_26.asl"": 125, ""director_p_39.asl"": 125, ""director_p_5.asl"": 125, ""director_p_20.asl"": 125, ""director_p_22.asl"": 125, ""director_p_12.asl"": 125, ""role_p_0_r.asl"": 29, ""role_p_41_r.asl"": 29, ""role_p_8_r.asl"": 29, ""role_p_2_r.asl"": 29, ""role_p_18_r.asl"": 29, ""role_p_16_r.asl"": 29, ""role_p_15_r.asl"": 29, ""role_p_9_r.asl"": 29, ""role_p_7_r.asl"": 29, ""role_p_35_r.asl"": 29, ""role_p_6_r.asl"": 29, ""role_p_38_r.asl"": 29, ""role_p_28_r.asl"": 29, ""role_p_3_r.asl"": 29, ""role_p_47_r.asl"": 29, ""role_p_40_r.asl"": 29, ""role_p_14_r.asl"": 29, ""role_p_44_r.asl"": 29, ""role_p_36_r.asl"": 29, ""role_p_46_r.asl"": 29, ""role_p_42_r.asl"": 29, ""role_p_23_r.asl"": 29, ""role_p_21_r.asl"": 29, ""role_p_29_r.asl"": 29, ""role_p_31_r.asl"": 29, ""role_p_34_r.asl"": 29, ""role_p_49_r.asl"": 29, ""role_p_45_r.asl"": 29, ""role_p_48_r.asl"": 29, ""role_p_43_r.asl"": 29, ""role_p_37_r.asl"": 29, ""role_p_24_r.asl"": 29, ""role_p_13_r.asl"": 29, ""role_p_30_r.asl"": 29, ""role_p_10_r.asl"": 29, ""role_p_27_r.asl"": 29, ""role_p_11_r.asl"": 29, ""role_p_33_r.asl"": 29, ""role_p_19_r.asl"": 29, ""role_p_25_r.asl"": 29, ""role_p_32_r.asl"": 29, ""role_p_17_r.asl"": 29, ""role_p_26_r.asl"": 29, ""role_p_39_r.asl"": 29, ""role_p_5_r.asl"": 29, ""role_p_20_r.asl"": 29, ""role_p_22_r.asl"": 29, ""role_p_12_r.asl"": 29}",5.793103448275862,0.09743595100007951,0.0012552860025607515,0.7619905471801758,True,0,0
grid_imports,37,Linux 7.2.3-arch1-2,x86_64,24,30.44,3.14.7,10,10,5,2,2,1,2,2,2,0,0,42,1276,27849,96,7392,"{""director_p_0.asl"": 125, ""director_p_41.asl"": 125, ""director_p_8.asl"": 125, ""director_p_2.asl"": 125, ""director_p_18.asl"": 125, ""director_p_16.asl"": 125, ""director_p_15.asl"": 125, ""director_p_9.asl"": 125, ""director_p_7.asl"": 125, ""director_p_35.asl"": 125, ""director_p_6.asl"": 125, ""director_p_38.asl"": 125, ""director_p_28.asl"": 125, ""director_p_3.asl"": 125, ""director_p_47.asl"": 125, ""director_p_40.asl"": 125, ""director_p_14.asl"": 125, ""director_p_44.asl"": 125, ""director_p_36.asl"": 125, ""director_p_46.asl"": 125, ""director_p_42.asl"": 125, ""director_p_23.asl"": 125, ""director_p_21.asl"": 125, ""director_p_29.asl"": 125, ""director_p_31.asl"": 125, ""director_p_34.asl"": 125, ""director_p_49.asl"": 125, ""director_p_45.asl"": 125, ""director_p_48.asl"": 125, ""director_p_43.asl"": 125, ""director_p_37.asl"": 125, ""director_p_24.asl"": 125, ""director_p_13.asl"": 125, ""director_p_30.asl"": 125, ""director_p_10.asl"": 125, ""director_p_27.asl"": 125, ""director_p_11.asl"": 125, ""director_p_33.asl"": 125, ""director_p_19.asl"": 125, ""director_p_25.asl"": 125, ""director_p_32.asl"": 125, ""director_p_17.asl"": 125, ""director_p_26.asl"": 125, ""director_p_39.asl"": 125, ""director_p_5.asl"": 125, ""director_p_20.asl"": 125, ""director_p_22.asl"": 125, ""director_p_12.asl"": 125, ""role_p_0_r.asl"": 29, ""role_p_41_r.asl"": 29, ""role_p_8_r.asl"": 29, ""role_p_2_r.asl"": 29, ""role_p_18_r.asl"": 29, ""role_p_16_r.asl"": 29, ""role_p_15_r.asl"": 29, ""role_p_9_r.asl"": 29, ""role_p_7_r.asl"": 29, ""role_p_35_r.asl"": 29, ""role_p_6_r.asl"": 29, ""role_p_38_r.asl"": 29, ""role_p_28_r.asl"": 29, ""role_p_3_r.asl"": 29, ""role_p_47_r.asl"": 29, ""role_p_40_r.asl"": 29, ""role_p_14_r.asl"": 29, ""role_p_44_r.asl"": 29, ""role_p_36_r.asl"": 29, ""role_p_46_r.asl"": 29, ""role_p_42_r.asl"": 29, ""role_p_23_r.asl"": 29, ""role_p_21_r.asl"": 29, ""role_p_29_r.asl"": 29, ""role_p_31_r.asl"": 29, ""role_p_34_r.asl"": 29, ""role_p_49_r.asl"": 29, ""role_p_45_r.asl"": 29, ""role_p_48_r.asl"": 29, ""role_p_43_r.asl"": 29, ""role_p_37_r.asl"": 29, ""role_p_24_r.asl"": 29, ""role_p_13_r.asl"": 29, ""role_p_30_r.asl"": 29, ""role_p_10_r.asl"": 29, ""role_p_27_r.asl"": 29, ""role_p_11_r.asl"": 29, ""role_p_33_r.asl"": 29, ""role_p_19_r.asl"": 29, ""role_p_25_r.asl"": 29, ""role_p_32_r.asl"": 29, ""role_p_17_r.asl"": 29, ""role_p_26_r.asl"": 29, ""role_p_39_r.asl"": 29, ""role_p_5_r.asl"": 29, ""role_p_20_r.asl"": 29, ""role_p_22_r.asl"": 29, ""role_p_12_r.asl"": 29}",5.793103448275862,0.09780346999832545,0.0012623760012502316,0.7597999572753906,True,0,0
grid_imports,38,Linux 7.2.3-arch1-2,x86_64,24,30.44,3.14.7,10,10,5,2,2,1,2,2,2,0,0,42,1276,27849,96,7392,"{""director_p_0.asl"": 125, ""director_p_41.asl"": 125, ""director_p_8.asl"": 125, ""director_p_2.asl"": 125, ""director_p_18.asl"": 125, ""director_p_16.asl"": 125, ""director_p_15.asl"": 125, ""director_p_9.asl"": 125, ""director_p_7.asl"": 125, ""director_p_35.asl"": 125, ""director_p_6.asl"": 125, ""director_p_38.asl"": 125, ""director_p_28.asl"": 125, ""director_p_3.asl"": 125, ""director_p_47.asl"": 125, ""director_p_40.asl"": 125, ""director_p_14.asl"": 125, ""director_p_44.asl"": 125, ""director_p_36.asl"": 125, ""director_p_46.asl"": 125, ""director_p_42.asl"": 125, ""director_p_23.asl"": 125, ""director_p_21.asl"": 125, ""director_p_29.asl"": 125, ""director_p_31.asl"": 125, ""director_p_34.asl"": 125, ""director_p_49.asl"": 125, ""director_p_45.asl"": 125, ""director_p_48.asl"": 125, ""director_p_43.asl"": 125, ""director_p_37.asl"": 125, ""director_p_24.asl"": 125, ""director_p_13.asl"": 125, ""director_p_30.asl"": 125, ""director_p_10.asl"": 125, ""director_p_27.asl"": 125, ""director_p_11.asl"": 125, ""director_p_33.asl"": 125, ""director_p_19.asl"": 125, ""director_p_25.asl"": 125, ""director_p_32.asl"": 125, ""director_p_17.asl"": 125, ""director_p_26.asl"": 125, ""director_p_39.asl"": 125, ""director_p_5.asl"": 125, ""director_p_20.asl"": 125, ""director_p_22.asl"": 125, ""director_p_12.asl"": 125, ""role_p_0_r.asl"": 29, ""role_p_41_r.asl"": 29, ""role_p_8_r.asl"": 29, ""role_p_2_r.asl"": 29, ""role_p_18_r.asl"": 29, ""role_p_16_r.asl"": 29, ""role_p_15_r.asl"": 29, ""role_p_9_r.asl"": 29, ""role_p_7_r.asl"": 29, ""role_p_35_r.asl"": 29, ""role_p_6_r.asl"": 29, ""role_p_38_r.asl"": 29, ""role_p_28_r.asl"": 29, ""role_p_3_r.asl"": 29, ""role_p_47_r.asl"": 29, ""role_p_40_r.asl"": 29, ""role_p_14_r.asl"": 29, ""role_p_44_r.asl"": 29, ""role_p_36_r.asl"": 29, ""role_p_46_r.asl"": 29, ""role_p_42_r.asl"": 29, ""role_p_23_r.asl"": 29, ""role_p_21_r.asl"": 29, ""role_p_29_r.asl"": 29, ""role_p_31_r.asl"": 29, ""role_p_34_r.asl"": 29, ""role_p_49_r.asl"": 29, ""role_p_45_r.asl"": 29, ""role_p_48_r.asl"": 29, ""role_p_43_r.asl"": 29, ""role_p_37_r.asl"": 29, ""role_p_24_r.asl"": 29, ""role_p_13_r.asl"": 29, ""role_p_30_r.asl"": 29, ""role_p_10_r.asl"": 29, ""role_p_27_r.asl"": 29, ""role_p_11_r.asl"": 29, ""role_p_33_r.asl"": 29, ""role_p_19_r.asl"": 29, ""role_p_25_r.asl"": 29, ""role_p_32_r.asl"": 29, ""role_p_17_r.asl"": 29, ""role_p_26_r.asl"": 29, ""role_p_39_r.asl"": 29, ""role_p_5_r.asl"": 29, ""role_p_20_r.asl"": 29, ""role_p_22_r.asl"": 29, ""role_p_12_r.asl"": 29}",5.793103448275862,0.09781496999858064,0.0012974959972780198,0.7618818283081055,True,0,0
grid_imports,39,Linux 7.2.3-arch1-2,x86_64,24,30.44,3.14.7,10,10,5,2,2,1,2,2,2,0,0,42,1276,27849,96,7392,"{""director_p_0.asl"": 125, ""director_p_41.asl"": 125, ""director_p_8.asl"": 125, ""director_p_2.asl"": 125, ""director_p_18.asl"": 125, ""director_p_16.asl"": 125, ""director_p_15.asl"": 125, ""director_p_9.asl"": 125, ""director_p_7.asl"": 125, ""director_p_35.asl"": 125, ""director_p_6.asl"": 125, ""director_p_38.asl"": 125, ""director_p_28.asl"": 125, ""director_p_3.asl"": 125, ""director_p_47.asl"": 125, ""director_p_40.asl"": 125, ""director_p_14.asl"": 125, ""director_p_44.asl"": 125, ""director_p_36.asl"": 125, ""director_p_46.asl"": 125, ""director_p_42.asl"": 125, ""director_p_23.asl"": 125, ""director_p_21.asl"": 125, ""director_p_29.asl"": 125, ""director_p_31.asl"": 125, ""director_p_34.asl"": 125, ""director_p_49.asl"": 125, ""director_p_45.asl"": 125, ""director_p_48.asl"": 125, ""director_p_43.asl"": 125, ""director_p_37.asl"": 125, ""director_p_24.asl"": 125, ""director_p_13.asl"": 125, ""director_p_30.asl"": 125, ""director_p_10.asl"": 125, ""director_p_27.asl"": 125, ""director_p_11.asl"": 125, ""director_p_33.asl"": 125, ""director_p_19.asl"": 125, ""director_p_25.asl"": 125, ""director_p_32.asl"": 125, ""director_p_17.asl"": 125, ""director_p_26.asl"": 125, ""director_p_39.asl"": 125, ""director_p_5.asl"": 125, ""director_p_20.asl"": 125, ""director_p_22.asl"": 125, ""director_p_12.asl"": 125, ""role_p_0_r.asl"": 29, ""role_p_41_r.asl"": 29, ""role_p_8_r.asl"": 29, ""role_p_2_r.asl"": 29, ""role_p_18_r.asl"": 29, ""role_p_16_r.asl"": 29, ""role_p_15_r.asl"": 29, ""role_p_9_r.asl"": 29, ""role_p_7_r.asl"": 29, ""role_p_35_r.asl"": 29, ""role_p_6_r.asl"": 29, ""role_p_38_r.asl"": 29, ""role_p_28_r.asl"": 29, ""role_p_3_r.asl"": 29, ""role_p_47_r.asl"": 29, ""role_p_40_r.asl"": 29, ""role_p_14_r.asl"": 29, ""role_p_44_r.asl"": 29, ""role_p_36_r.asl"": 29, ""role_p_46_r.asl"": 29, ""role_p_42_r.asl"": 29, ""role_p_23_r.asl"": 29, ""role_p_21_r.asl"": 29, ""role_p_29_r.asl"": 29, ""role_p_31_r.asl"": 29, ""role_p_34_r.asl"": 29, ""role_p_49_r.asl"": 29, ""role_p_45_r.asl"": 29, ""role_p_48_r.asl"": 29, ""role_p_43_r.asl"": 29, ""role_p_37_r.asl"": 29, ""role_p_24_r.asl"": 29, ""role_p_13_r.asl"": 29, ""role_p_30_r.asl"": 29, ""role_p_10_r.asl"": 29, ""role_p_27_r.asl"": 29, ""role_p_11_r.asl"": 29, ""role_p_33_r.asl"": 29, ""role_p_19_r.asl"": 29, ""role_p_25_r.asl"": 29, ""role_p_32_r.asl"": 29, ""role_p_17_r.asl"": 29, ""role_p_26_r.asl"": 29, ""role_p_39_r.asl"": 29, ""role_p_5_r.asl"": 29, ""role_p_20_r.asl"": 29, ""role_p_22_r.asl"": 29, ""role_p_12_r.asl"": 29}",5.793103448275862,0.0978356289997464,0.0012705959998129401,0.7624635696411133,True,0,0
grid_imports,40,Linux 7.2.3-arch1-2,x86_64,24,30.44,3.14.7,10,10,5,2,2,1,2,2,2,0,0,42,800,13746,12,924,"{""director_p_0.asl"": 125, ""director_p_82.asl"": 125, ""director_p_90.asl"": 125, ""director_p_96.asl"": 125, ""director_p_98.asl"": 125, ""director_p_99.asl"": 125, ""role_p_0_r.asl"": 29, ""role_p_82_r.asl"": 29, ""role_p_90_r.asl"": 29, ""role_p_96_r.asl"": 29, ""role_p_98_r.asl"": 29, ""role_p_99_r.asl"": 29}",1.155,0.005995602001348743,0.00017893899712362327,0.1499338150024414,True,0,0
grid_imports,41,Linux 7.2.3-arch1-2,x86_64,24,30.44,3.14.7,10,10,5,2,2,1,2,2,2,0,0,42,800,13746,12,924,"{""director_p_0.asl"": 125, ""director_p_82.asl"": 125, ""director_p_90.asl"": 125, ""director_p_96.asl"": 125, ""director_p_98.asl"": 125, ""director_p_99.asl"": 125, ""role_p_0_r.asl"": 29, ""role_p_82_r.asl"": 29, ""role_p_90_r.asl"": 29, ""role_p_96_r.asl"": 29, ""role_p_98_r.asl"": 29, ""role_p_99_r.asl"": 29}",1.155,0.005902421999053331,0.0001753490032569971,0.15006256103515625,True,0,0
grid_imports,42,Linux 7.2.3-arch1-2,x86_64,24,30.44,3.14.7,10,10,5,2,2,1,2,2,2,0,0,42,800,13746,12,924,"{""director_p_0.asl"": 125, ""director_p_82.asl"": 125, ""director_p_90.asl"": 125, ""director_p_96.asl"": 125, ""director_p_98.asl"": 125, ""director_p_99.asl"": 125, ""role_p_0_r.asl"": 29, ""role_p_82_r.asl"": 29, ""role_p_90_r.asl"": 29, ""role_p_96_r.asl"": 29, ""role_p_98_r.asl"": 29, ""role_p_99_r.asl"": 29}",1.155,0.005895911999687087,0.00017591999858268537,0.14939117431640625,True,0,0
grid_imports,43,Linux 7.2.3-arch1-2,x86_64,24,30.44,3.14.7,10,10,5,2,2,1,2,2,2,0,0,42,800,13746,12,924,"{""director_p_0.asl"": 125, ""director_p_82.asl"": 125, ""director_p_90.asl"": 125, ""director_p_96.asl"": 125, ""director_p_98.asl"": 125, ""director_p_99.asl"": 125, ""role_p_0_r.asl"": 29, ""role_p_82_r.asl"": 29, ""role_p_90_r.asl"": 29, ""role_p_96_r.asl"": 29, ""role_p_98_r.asl"": 29, ""role_p_99_r.asl"": 29}",1.155,0.00585224200040102,0.00017742899945005774,0.1495037078857422,True,0,0
grid_imports,44,Linux 7.2.3-arch1-2,x86_64,24,30.44,3.14.7,10,10,5,2,2,1,2,2,2,0,0,42,800,13746,12,924,"{""director_p_0.asl"": 125, ""director_p_82.asl"": 125, ""director_p_90.asl"": 125, ""director_p_96.asl"": 125, ""director_p_98.asl"": 125, ""director_p_99.asl"": 125, ""role_p_0_r.asl"": 29, ""role_p_82_r.asl"": 29, ""role_p_90_r.asl"": 29, ""role_p_96_r.asl"": 29, ""role_p_98_r.asl"": 29, ""role_p_99_r.asl"": 29}",1.155,0.005884191999939503,0.00018053900203085504,0.14933490753173828,True,0,0
grid_imports,45,Linux 7.2.3-arch1-2,x86_64,24,30.44,3.14.7,10,10,5,2,2,1,2,2,2,0,0,42,1186,23006,134,10318,"{""director_p_0.asl"": 125, ""director_p_82.asl"": 125, ""director_p_15.asl"": 125, ""director_p_4.asl"": 125, ""director_p_95.asl"": 125, ""director_p_36.asl"": 125, ""director_p_94.asl"": 125, ""director_p_96.asl"": 125, ""director_p_92.asl"": 125, ""director_p_99.asl"": 125, ""director_p_85.asl"": 125, ""director_p_74.asl"": 125, ""director_p_97.asl"": 125, ""director_p_62.asl"": 125, ""director_p_63.asl"": 125, ""director_p_34.asl"": 125, ""director_p_69.asl"": 125, ""director_p_8.asl"": 125, ""director_p_76.asl"": 125, ""director_p_98.asl"": 125, ""director_p_50.asl"": 125, ""director_p_71.asl"": 125, ""director_p_93.asl"": 125, ""director_p_89.asl"": 125, ""director_p_90.asl"": 125, ""director_p_83.asl"": 125, ""director_p_91.asl"": 125, ""director_p_77.asl"": 125, ""director_p_78.asl"": 125, ""director_p_65.asl"": 125, ""director_p_68.asl"": 125, ""director_p_84.asl"": 125, ""director_p_80.asl"": 125, ""director_p_79.asl"": 125, ""director_p_45.asl"": 125, ""director_p_43.asl"": 125, ""director_p_51.asl"": 125, ""director_p_86.asl"": 125, ""director_p_44.asl"": 125, ""director_p_28.asl"": 125, ""director_p_52.asl"": 125, ""director_p_22.asl"": 125, ""director_p_87.asl"": 125, ""director_p_81.asl"": 125, ""director_p_72.asl"": 125, ""director_p_57.asl"": 125, ""director_p_66.asl"": 125, ""director_p_75.asl"": 125, ""director_p_70.asl"": 125, ""director_p_54.asl"": 125, ""director_p_46.asl"": 125, ""director_p_48.asl"": 125, ""director_p_64.asl"": 125, ""director_p_60.asl"": 125, ""director_p_88.asl"": 125, ""director_p_58.asl"": 125, ""director_p_30.asl"": 125, ""director_p_41.asl"": 125, ""director_p_56.asl"": 125, ""director_p_40.asl"": 125, ""director_p_55.asl"": 125, ""director_p_73.asl"": 125, ""director_p_31.asl"": 125, ""director_p_53.asl"": 125, ""director_p_42.asl"": 125, ""director_p_67.asl"": 125, ""director_p_47.asl"": 125, ""role_p_0_r.asl"": 29, ""role_p_82_r.asl"": 29, ""role_p_15_r.asl"": 29, ""role_p_4_r.asl"": 29, ""role_p_95_r.asl"": 29, ""role_p_36_r.asl"": 29, ""role_p_94_r.asl"": 29, ""role_p_96_r.asl"": 29, ""role_p_92_r.asl"": 29, ""role_p_99_r.asl"": 29, ""role_p_85_r.asl"": 29, ""role_p_74_r.asl"": 29, ""role_p_97_r.asl"": 29, ""role_p_62_r.asl"": 29, ""role_p_63_r.asl"": 29, ""role_p_34_r.asl"": 29, ""role_p_69_r.asl"": 29, ""role_p_8_r.asl"": 29, ""role_p_76_r.asl"": 29, ""role_p_98_r.asl"": 29, ""role_p_50_r.asl"": 29, ""role_p_71_r.asl"": 29, ""role_p_93_r.asl"": 29, ""role_p_89_r.asl"": 29, ""role_p_90_r.asl"": 29, ""role_p_83_r.asl"": 29, ""role_p_91_r.asl"": 29, ""role_p_77_r.asl"": 29, ""role_p_78_r.asl"": 29, ""role_p_65_r.asl"": 29, ""role_p_68_r.asl"": 29, ""role_p_84_r.asl"": 29, ""role_p_80_r.asl"": 29, ""role_p_79_r.asl"": 29, ""role_p_45_r.asl"": 29, ""role_p_43_r.asl"": 29, ""role_p_51_r.asl"": 29, ""role_p_86_r.asl"": 29, ""role_p_44_r.asl"": 29, ""role_p_28_r.asl"": 29, ""role_p_52_r.asl"": 29, ""role_p_22_r.asl"": 29, ""role_p_87_r.asl"": 29, ""role_p_81_r.asl"": 29, ""role_p_72_r.asl"": 29, ""role_p_57_r.asl"": 29, ""role_p_66_r.asl"": 29, ""role_p_75_r.asl"": 29, ""role_p_70_r.asl"": 29, ""role_p_54_r.asl"": 29, ""role_p_46_r.asl"": 29, ""role_p_48_r.asl"": 29, ""role_p_64_r.asl"": 29, ""role_p_60_r.asl"": 29, ""role_p_88_r.asl"": 29, ""role_p_58_r.asl"": 29, ""role_p_30_r.asl"": 29, ""role_p_41_r.asl"": 29, ""role_p_56_r.asl"": 29, ""role_p_40_r.asl"": 29, ""role_p_55_r.asl"": 29, ""role_p_73_r.asl"": 29, ""role_p_31_r.asl"": 29, ""role_p_53_r.asl"": 29, ""role_p_42_r.asl"": 29, ""role_p_67_r.asl"": 29, ""role_p_47_r.asl"": 29}",8.69983136593592,0.056210328002634924,0.001742383999953745,0.7882089614868164,True,0,0
grid_imports,46,Linux 7.2.3-arch1-2,x86_64,24,30.44,3.14.7,10,10,5,2,2,1,2,2,2,0,0,42,1186,23006,134,10318,"{""director_p_0.asl"": 125, ""director_p_82.asl"": 125, ""director_p_15.asl"": 125, ""director_p_4.asl"": 125, ""director_p_95.asl"": 125, ""director_p_36.asl"": 125, ""director_p_94.asl"": 125, ""director_p_96.asl"": 125, ""director_p_92.asl"": 125, ""director_p_99.asl"": 125, ""director_p_85.asl"": 125, ""director_p_74.asl"": 125, ""director_p_97.asl"": 125, ""director_p_62.asl"": 125, ""director_p_63.asl"": 125, ""director_p_34.asl"": 125, ""director_p_69.asl"": 125, ""director_p_8.asl"": 125, ""director_p_76.asl"": 125, ""director_p_98.asl"": 125, ""director_p_50.asl"": 125, ""director_p_71.asl"": 125, ""director_p_93.asl"": 125, ""director_p_89.asl"": 125, ""director_p_90.asl"": 125, ""director_p_83.asl"": 125, ""director_p_91.asl"": 125, ""director_p_77.asl"": 125, ""director_p_78.asl"": 125, ""director_p_65.asl"": 125, ""director_p_68.asl"": 125, ""director_p_84.asl"": 125, ""director_p_80.asl"": 125, ""director_p_79.asl"": 125, ""director_p_45.asl"": 125, ""director_p_43.asl"": 125, ""director_p_51.asl"": 125, ""director_p_86.asl"": 125, ""director_p_44.asl"": 125, ""director_p_28.asl"": 125, ""director_p_52.asl"": 125, ""director_p_22.asl"": 125, ""director_p_87.asl"": 125, ""director_p_81.asl"": 125, ""director_p_72.asl"": 125, ""director_p_57.asl"": 125, ""director_p_66.asl"": 125, ""director_p_75.asl"": 125, ""director_p_70.asl"": 125, ""director_p_54.asl"": 125, ""director_p_46.asl"": 125, ""director_p_48.asl"": 125, ""director_p_64.asl"": 125, ""director_p_60.asl"": 125, ""director_p_88.asl"": 125, ""director_p_58.asl"": 125, ""director_p_30.asl"": 125, ""director_p_41.asl"": 125, ""director_p_56.asl"": 125, ""director_p_40.asl"": 125, ""director_p_55.asl"": 125, ""director_p_73.asl"": 125, ""director_p_31.asl"": 125, ""director_p_53.asl"": 125, ""director_p_42.asl"": 125, ""director_p_67.asl"": 125, ""director_p_47.asl"": 125, ""role_p_0_r.asl"": 29, ""role_p_82_r.asl"": 29, ""role_p_15_r.asl"": 29, ""role_p_4_r.asl"": 29, ""role_p_95_r.asl"": 29, ""role_p_36_r.asl"": 29, ""role_p_94_r.asl"": 29, ""role_p_96_r.asl"": 29, ""role_p_92_r.asl"": 29, ""role_p_99_r.asl"": 29, ""role_p_85_r.asl"": 29, ""role_p_74_r.asl"": 29, ""role_p_97_r.asl"": 29, ""role_p_62_r.asl"": 29, ""role_p_63_r.asl"": 29, ""role_p_34_r.asl"": 29, ""role_p_69_r.asl"": 29, ""role_p_8_r.asl"": 29, ""role_p_76_r.asl"": 29, ""role_p_98_r.asl"": 29, ""role_p_50_r.asl"": 29, ""role_p_71_r.asl"": 29, ""role_p_93_r.asl"": 29, ""role_p_89_r.asl"": 29, ""role_p_90_r.asl"": 29, ""role_p_83_r.asl"": 29, ""role_p_91_r.asl"": 29, ""role_p_77_r.asl"": 29, ""role_p_78_r.asl"": 29, ""role_p_65_r.asl"": 29, ""role_p_68_r.asl"": 29, ""role_p_84_r.asl"": 29, ""role_p_80_r.asl"": 29, ""role_p_79_r.asl"": 29, ""role_p_45_r.asl"": 29, ""role_p_43_r.asl"": 29, ""role_p_51_r.asl"": 29, ""role_p_86_r.asl"": 29, ""role_p_44_r.asl"": 29, ""role_p_28_r.asl"": 29, ""role_p_52_r.asl"": 29, ""role_p_22_r.asl"": 29, ""role_p_87_r.asl"": 29, ""role_p_81_r.asl"": 29, ""role_p_72_r.asl"": 29, ""role_p_57_r.asl"": 29, ""role_p_66_r.asl"": 29, ""role_p_75_r.asl"": 29, ""role_p_70_r.asl"": 29, ""role_p_54_r.asl"": 29, ""role_p_46_r.asl"": 29, ""role_p_48_r.asl"": 29, ""role_p_64_r.asl"": 29, ""role_p_60_r.asl"": 29, ""role_p_88_r.asl"": 29, ""role_p_58_r.asl"": 29, ""role_p_30_r.asl"": 29, ""role_p_41_r.asl"": 29, ""role_p_56_r.asl"": 29, ""role_p_40_r.asl"": 29, ""role_p_55_r.asl"": 29, ""role_p_73_r.asl"": 29, ""role_p_31_r.asl"": 29, ""role_p_53_r.asl"": 29, ""role_p_42_r.asl"": 29, ""role_p_67_r.asl"": 29, ""role_p_47_r.asl"": 29}",8.69983136593592,0.0563318070016976,0.0017435850022593513,0.7883701324462891,True,0,0
grid_imports,47,Linux 7.2.3-arch1-2,x86_64,24,30.44,3.14.7,10,10,5,2,2,1,2,2,2,0,0,42,1186,23006,134,10318,"{""director_p_0.asl"": 125, ""director_p_82.asl"": 125, ""director_p_15.asl"": 125, ""director_p_4.asl"": 125, ""director_p_95.asl"": 125, ""director_p_36.asl"": 125, ""director_p_94.asl"": 125, ""director_p_96.asl"": 125, ""director_p_92.asl"": 125, ""director_p_99.asl"": 125, ""director_p_85.asl"": 125, ""director_p_74.asl"": 125, ""director_p_97.asl"": 125, ""director_p_62.asl"": 125, ""director_p_63.asl"": 125, ""director_p_34.asl"": 125, ""director_p_69.asl"": 125, ""director_p_8.asl"": 125, ""director_p_76.asl"": 125, ""director_p_98.asl"": 125, ""director_p_50.asl"": 125, ""director_p_71.asl"": 125, ""director_p_93.asl"": 125, ""director_p_89.asl"": 125, ""director_p_90.asl"": 125, ""director_p_83.asl"": 125, ""director_p_91.asl"": 125, ""director_p_77.asl"": 125, ""director_p_78.asl"": 125, ""director_p_65.asl"": 125, ""director_p_68.asl"": 125, ""director_p_84.asl"": 125, ""director_p_80.asl"": 125, ""director_p_79.asl"": 125, ""director_p_45.asl"": 125, ""director_p_43.asl"": 125, ""director_p_51.asl"": 125, ""director_p_86.asl"": 125, ""director_p_44.asl"": 125, ""director_p_28.asl"": 125, ""director_p_52.asl"": 125, ""director_p_22.asl"": 125, ""director_p_87.asl"": 125, ""director_p_81.asl"": 125, ""director_p_72.asl"": 125, ""director_p_57.asl"": 125, ""director_p_66.asl"": 125, ""director_p_75.asl"": 125, ""director_p_70.asl"": 125, ""director_p_54.asl"": 125, ""director_p_46.asl"": 125, ""director_p_48.asl"": 125, ""director_p_64.asl"": 125, ""director_p_60.asl"": 125, ""director_p_88.asl"": 125, ""director_p_58.asl"": 125, ""director_p_30.asl"": 125, ""director_p_41.asl"": 125, ""director_p_56.asl"": 125, ""director_p_40.asl"": 125, ""director_p_55.asl"": 125, ""director_p_73.asl"": 125, ""director_p_31.asl"": 125, ""director_p_53.asl"": 125, ""director_p_42.asl"": 125, ""director_p_67.asl"": 125, ""director_p_47.asl"": 125, ""role_p_0_r.asl"": 29, ""role_p_82_r.asl"": 29, ""role_p_15_r.asl"": 29, ""role_p_4_r.asl"": 29, ""role_p_95_r.asl"": 29, ""role_p_36_r.asl"": 29, ""role_p_94_r.asl"": 29, ""role_p_96_r.asl"": 29, ""role_p_92_r.asl"": 29, ""role_p_99_r.asl"": 29, ""role_p_85_r.asl"": 29, ""role_p_74_r.asl"": 29, ""role_p_97_r.asl"": 29, ""role_p_62_r.asl"": 29, ""role_p_63_r.asl"": 29, ""role_p_34_r.asl"": 29, ""role_p_69_r.asl"": 29, ""role_p_8_r.asl"": 29, ""role_p_76_r.asl"": 29, ""role_p_98_r.asl"": 29, ""role_p_50_r.asl"": 29, ""role_p_71_r.asl"": 29, ""role_p_93_r.asl"": 29, ""role_p_89_r.asl"": 29, ""role_p_90_r.asl"": 29, ""role_p_83_r.asl"": 29, ""role_p_91_r.asl"": 29, ""role_p_77_r.asl"": 29, ""role_p_78_r.asl"": 29, ""role_p_65_r.asl"": 29, ""role_p_68_r.asl"": 29, ""role_p_84_r.asl"": 29, ""role_p_80_r.asl"": 29, ""role_p_79_r.asl"": 29, ""role_p_45_r.asl"": 29, ""role_p_43_r.asl"": 29, ""role_p_51_r.asl"": 29, ""role_p_86_r.asl"": 29, ""role_p_44_r.asl"": 29, ""role_p_28_r.asl"": 29, ""role_p_52_r.asl"": 29, ""role_p_22_r.asl"": 29, ""role_p_87_r.asl"": 29, ""role_p_81_r.asl"": 29, ""role_p_72_r.asl"": 29, ""role_p_57_r.asl"": 29, ""role_p_66_r.asl"": 29, ""role_p_75_r.asl"": 29, ""role_p_70_r.asl"": 29, ""role_p_54_r.asl"": 29, ""role_p_46_r.asl"": 29, ""role_p_48_r.asl"": 29, ""role_p_64_r.asl"": 29, ""role_p_60_r.asl"": 29, ""role_p_88_r.asl"": 29, ""role_p_58_r.asl"": 29, ""role_p_30_r.asl"": 29, ""role_p_41_r.asl"": 29, ""role_p_56_r.asl"": 29, ""role_p_40_r.asl"": 29, ""role_p_55_r.asl"": 29, ""role_p_73_r.asl"": 29, ""role_p_31_r.asl"": 29, ""role_p_53_r.asl"": 29, ""role_p_42_r.asl"": 29, ""role_p_67_r.asl"": 29, ""role_p_47_r.asl"": 29}",8.69983136593592,0.0566482360009104,0.0017559350017108954,0.7876272201538086,True,0,0
grid_imports,48,Linux 7.2.3-arch1-2,x86_64,24,30.44,3.14.7,10,10,5,2,2,1,2,2,2,0,0,42,1186,23006,134,10318,"{""director_p_0.asl"": 125, ""director_p_82.asl"": 125, ""director_p_15.asl"": 125, ""director_p_4.asl"": 125, ""director_p_95.asl"": 125, ""director_p_36.asl"": 125, ""director_p_94.asl"": 125, ""director_p_96.asl"": 125, ""director_p_92.asl"": 125, ""director_p_99.asl"": 125, ""director_p_85.asl"": 125, ""director_p_74.asl"": 125, ""director_p_97.asl"": 125, ""director_p_62.asl"": 125, ""director_p_63.asl"": 125, ""director_p_34.asl"": 125, ""director_p_69.asl"": 125, ""director_p_8.asl"": 125, ""director_p_76.asl"": 125, ""director_p_98.asl"": 125, ""director_p_50.asl"": 125, ""director_p_71.asl"": 125, ""director_p_93.asl"": 125, ""director_p_89.asl"": 125, ""director_p_90.asl"": 125, ""director_p_83.asl"": 125, ""director_p_91.asl"": 125, ""director_p_77.asl"": 125, ""director_p_78.asl"": 125, ""director_p_65.asl"": 125, ""director_p_68.asl"": 125, ""director_p_84.asl"": 125, ""director_p_80.asl"": 125, ""director_p_79.asl"": 125, ""director_p_45.asl"": 125, ""director_p_43.asl"": 125, ""director_p_51.asl"": 125, ""director_p_86.asl"": 125, ""director_p_44.asl"": 125, ""director_p_28.asl"": 125, ""director_p_52.asl"": 125, ""director_p_22.asl"": 125, ""director_p_87.asl"": 125, ""director_p_81.asl"": 125, ""director_p_72.asl"": 125, ""director_p_57.asl"": 125, ""director_p_66.asl"": 125, ""director_p_75.asl"": 125, ""director_p_70.asl"": 125, ""director_p_54.asl"": 125, ""director_p_46.asl"": 125, ""director_p_48.asl"": 125, ""director_p_64.asl"": 125, ""director_p_60.asl"": 125, ""director_p_88.asl"": 125, ""director_p_58.asl"": 125, ""director_p_30.asl"": 125, ""director_p_41.asl"": 125, ""director_p_56.asl"": 125, ""director_p_40.asl"": 125, ""director_p_55.asl"": 125, ""director_p_73.asl"": 125, ""director_p_31.asl"": 125, ""director_p_53.asl"": 125, ""director_p_42.asl"": 125, ""director_p_67.asl"": 125, ""director_p_47.asl"": 125, ""role_p_0_r.asl"": 29, ""role_p_82_r.asl"": 29, ""role_p_15_r.asl"": 29, ""role_p_4_r.asl"": 29, ""role_p_95_r.asl"": 29, ""role_p_36_r.asl"": 29, ""role_p_94_r.asl"": 29, ""role_p_96_r.asl"": 29, ""role_p_92_r.asl"": 29, ""role_p_99_r.asl"": 29, ""role_p_85_r.asl"": 29, ""role_p_74_r.asl"": 29, ""role_p_97_r.asl"": 29, ""role_p_62_r.asl"": 29, ""role_p_63_r.asl"": 29, ""role_p_34_r.asl"": 29, ""role_p_69_r.asl"": 29, ""role_p_8_r.asl"": 29, ""role_p_76_r.asl"": 29, ""role_p_98_r.asl"": 29, ""role_p_50_r.asl"": 29, ""role_p_71_r.asl"": 29, ""role_p_93_r.asl"": 29, ""role_p_89_r.asl"": 29, ""role_p_90_r.asl"": 29, ""role_p_83_r.asl"": 29, ""role_p_91_r.asl"": 29, ""role_p_77_r.asl"": 29, ""role_p_78_r.asl"": 29, ""role_p_65_r.asl"": 29, ""role_p_68_r.asl"": 29, ""role_p_84_r.asl"": 29, ""role_p_80_r.asl"": 29, ""role_p_79_r.asl"": 29, ""role_p_45_r.asl"": 29, ""role_p_43_r.asl"": 29, ""role_p_51_r.asl"": 29, ""role_p_86_r.asl"": 29, ""role_p_44_r.asl"": 29, ""role_p_28_r.asl"": 29, ""role_p_52_r.asl"": 29, ""role_p_22_r.asl"": 29, ""role_p_87_r.asl"": 29, ""role_p_81_r.asl"": 29, ""role_p_72_r.asl"": 29, ""role_p_57_r.asl"": 29, ""role_p_66_r.asl"": 29, ""role_p_75_r.asl"": 29, ""role_p_70_r.asl"": 29, ""role_p_54_r.asl"": 29, ""role_p_46_r.asl"": 29, ""role_p_48_r.asl"": 29, ""role_p_64_r.asl"": 29, ""role_p_60_r.asl"": 29, ""role_p_88_r.asl"": 29, ""role_p_58_r.asl"": 29, ""role_p_30_r.asl"": 29, ""role_p_41_r.asl"": 29, ""role_p_56_r.asl"": 29, ""role_p_40_r.asl"": 29, ""role_p_55_r.asl"": 29, ""role_p_73_r.asl"": 29, ""role_p_31_r.asl"": 29, ""role_p_53_r.asl"": 29, ""role_p_42_r.asl"": 29, ""role_p_67_r.asl"": 29, ""role_p_47_r.asl"": 29}",8.69983136593592,0.05722352399970987,0.0017680140008451417,0.7878561019897461,True,0,0
grid_imports,49,Linux 7.2.3-arch1-2,x86_64,24,30.44,3.14.7,10,10,5,2,2,1,2,2,2,0,0,42,1186,23006,134,10318,"{""director_p_0.asl"": 125, ""director_p_82.asl"": 125, ""director_p_15.asl"": 125, ""director_p_4.asl"": 125, ""director_p_95.asl"": 125, ""director_p_36.asl"": 125, ""director_p_94.asl"": 125, ""director_p_96.asl"": 125, ""director_p_92.asl"": 125, ""director_p_99.asl"": 125, ""director_p_85.asl"": 125, ""director_p_74.asl"": 125, ""director_p_97.asl"": 125, ""director_p_62.asl"": 125, ""director_p_63.asl"": 125, ""director_p_34.asl"": 125, ""director_p_69.asl"": 125, ""director_p_8.asl"": 125, ""director_p_76.asl"": 125, ""director_p_98.asl"": 125, ""director_p_50.asl"": 125, ""director_p_71.asl"": 125, ""director_p_93.asl"": 125, ""director_p_89.asl"": 125, ""director_p_90.asl"": 125, ""director_p_83.asl"": 125, ""director_p_91.asl"": 125, ""director_p_77.asl"": 125, ""director_p_78.asl"": 125, ""director_p_65.asl"": 125, ""director_p_68.asl"": 125, ""director_p_84.asl"": 125, ""director_p_80.asl"": 125, ""director_p_79.asl"": 125, ""director_p_45.asl"": 125, ""director_p_43.asl"": 125, ""director_p_51.asl"": 125, ""director_p_86.asl"": 125, ""director_p_44.asl"": 125, ""director_p_28.asl"": 125, ""director_p_52.asl"": 125, ""director_p_22.asl"": 125, ""director_p_87.asl"": 125, ""director_p_81.asl"": 125, ""director_p_72.asl"": 125, ""director_p_57.asl"": 125, ""director_p_66.asl"": 125, ""director_p_75.asl"": 125, ""director_p_70.asl"": 125, ""director_p_54.asl"": 125, ""director_p_46.asl"": 125, ""director_p_48.asl"": 125, ""director_p_64.asl"": 125, ""director_p_60.asl"": 125, ""director_p_88.asl"": 125, ""director_p_58.asl"": 125, ""director_p_30.asl"": 125, ""director_p_41.asl"": 125, ""director_p_56.asl"": 125, ""director_p_40.asl"": 125, ""director_p_55.asl"": 125, ""director_p_73.asl"": 125, ""director_p_31.asl"": 125, ""director_p_53.asl"": 125, ""director_p_42.asl"": 125, ""director_p_67.asl"": 125, ""director_p_47.asl"": 125, ""role_p_0_r.asl"": 29, ""role_p_82_r.asl"": 29, ""role_p_15_r.asl"": 29, ""role_p_4_r.asl"": 29, ""role_p_95_r.asl"": 29, ""role_p_36_r.asl"": 29, ""role_p_94_r.asl"": 29, ""role_p_96_r.asl"": 29, ""role_p_92_r.asl"": 29, ""role_p_99_r.asl"": 29, ""role_p_85_r.asl"": 29, ""role_p_74_r.asl"": 29, ""role_p_97_r.asl"": 29, ""role_p_62_r.asl"": 29, ""role_p_63_r.asl"": 29, ""role_p_34_r.asl"": 29, ""role_p_69_r.asl"": 29, ""role_p_8_r.asl"": 29, ""role_p_76_r.asl"": 29, ""role_p_98_r.asl"": 29, ""role_p_50_r.asl"": 29, ""role_p_71_r.asl"": 29, ""role_p_93_r.asl"": 29, ""role_p_89_r.asl"": 29, ""role_p_90_r.asl"": 29, ""role_p_83_r.asl"": 29, ""role_p_91_r.asl"": 29, ""role_p_77_r.asl"": 29, ""role_p_78_r.asl"": 29, ""role_p_65_r.asl"": 29, ""role_p_68_r.asl"": 29, ""role_p_84_r.asl"": 29, ""role_p_80_r.asl"": 29, ""role_p_79_r.asl"": 29, ""role_p_45_r.asl"": 29, ""role_p_43_r.asl"": 29, ""role_p_51_r.asl"": 29, ""role_p_86_r.asl"": 29, ""role_p_44_r.asl"": 29, ""role_p_28_r.asl"": 29, ""role_p_52_r.asl"": 29, ""role_p_22_r.asl"": 29, ""role_p_87_r.asl"": 29, ""role_p_81_r.asl"": 29, ""role_p_72_r.asl"": 29, ""role_p_57_r.asl"": 29, ""role_p_66_r.asl"": 29, ""role_p_75_r.asl"": 29, ""role_p_70_r.asl"": 29, ""role_p_54_r.asl"": 29, ""role_p_46_r.asl"": 29, ""role_p_48_r.asl"": 29, ""role_p_64_r.asl"": 29, ""role_p_60_r.asl"": 29, ""role_p_88_r.asl"": 29, ""role_p_58_r.asl"": 29, ""role_p_30_r.asl"": 29, ""role_p_41_r.asl"": 29, ""role_p_56_r.asl"": 29, ""role_p_40_r.asl"": 29, ""role_p_55_r.asl"": 29, ""role_p_73_r.asl"": 29, ""role_p_31_r.asl"": 29, ""role_p_53_r.asl"": 29, ""role_p_42_r.asl"": 29, ""role_p_67_r.asl"": 29, ""role_p_47_r.asl"": 29}",8.69983136593592,0.05791976199907367,0.0017828140007623006,0.7905683517456055,True,0,0
grid_imports,50,Linux 7.2.3-arch1-2,x86_64,24,30.44,3.14.7,10,10,5,2,2,1,2,2,2,0,0,42,1646,34046,166,12782,"{""director_p_0.asl"": 125, ""director_p_82.asl"": 125, ""director_p_15.asl"": 125, ""director_p_4.asl"": 125, ""director_p_95.asl"": 125, ""director_p_36.asl"": 125, ""director_p_32.asl"": 125, ""director_p_29.asl"": 125, ""director_p_18.asl"": 125, ""director_p_14.asl"": 125, ""director_p_87.asl"": 125, ""director_p_94.asl"": 125, ""director_p_97.asl"": 125, ""director_p_98.asl"": 125, ""director_p_96.asl"": 125, ""director_p_86.asl"": 125, ""director_p_84.asl"": 125, ""director_p_99.asl"": 125, ""director_p_88.asl"": 125, ""director_p_93.asl"": 125, ""director_p_30.asl"": 125, ""director_p_50.asl"": 125, ""director_p_59.asl"": 125, ""director_p_53.asl"": 125, ""director_p_71.asl"": 125, ""director_p_74.asl"": 125, ""director_p_16.asl"": 125, ""director_p_48.asl"": 125, ""director_p_17.asl"": 125, ""director_p_49.asl"": 125, ""director_p_38.asl"": 125, ""director_p_10.asl"": 125, ""director_p_37.asl"": 125, ""director_p_79.asl"": 125, ""director_p_89.asl"": 125, ""director_p_72.asl"": 125, ""director_p_56.asl"": 125, ""director_p_43.asl"": 125, ""director_p_45.asl"": 125, ""director_p_44.asl"": 125, ""director_p_73.asl"": 125, ""director_p_63.asl"": 125, ""director_p_66.asl"": 125, ""director_p_83.asl"": 125, ""director_p_41.asl"": 125, ""director_p_75.asl"": 125, ""director_p_52.asl"": 125, ""director_p_62.asl"": 125, ""director_p_70.asl"": 125, ""director_p_91.asl"": 125, ""director_p_33.asl"": 125, ""director_p_58.asl"": 125, ""director_p_26.asl"": 125, ""director_p_81.asl"": 125, ""director_p_27.asl"": 125, ""director_p_23.asl"": 125, ""director_p_64.asl"": 125, ""director_p_47.asl"": 125, ""director_p_85.asl"": 125, ""director_p_92.asl"": 125, ""director_p_90.asl"": 125, ""director_p_54.asl"": 125, ""director_p_39.asl"": 125, ""director_p_61.asl"": 125, ""director_p_67.asl"": 125, ""director_p_78.asl"": 125, ""director_p_51.asl"": 125, ""director_p_76.asl"": 125, ""director_p_65.asl"": 125, ""director_p_80.asl"": 125, ""director_p_77.asl"": 125, ""director_p_55.asl"": 125, ""director_p_42.asl"": 125, ""director_p_60.asl"": 125, ""director_p_20.asl"": 125, ""director_p_57.asl"": 125, ""director_p_40.asl"": 125, ""director_p_19.asl"": 125, ""director_p_69.asl"": 125, ""director_p_46.asl"": 125, ""director_p_68.asl"": 125, ""director_p_35.asl"": 125, ""director_p_28.asl"": 125, ""role_p_0_r.asl"": 29, ""role_p_82_r.asl"": 29, ""role_p_15_r.asl"": 29, ""role_p_4_r.asl"": 29, ""role_p_95_r.asl"": 29, ""role_p_36_r.asl"": 29, ""role_p_32_r.asl"": 29, ""role_p_29_r.asl"": 29, ""role_p_18_r.asl"": 29, ""role_p_14_r.asl"": 29, ""role_p_87_r.asl"": 29, ""role_p_94_r.asl"": 29, ""role_p_97_r.asl"": 29, ""role_p_98_r.asl"": 29, ""role_p_96_r.asl"": 29, ""role_p_86_r.asl"": 29, ""role_p_84_r.asl"": 29, ""role_p_99_r.asl"": 29, ""role_p_88_r.asl"": 29, ""role_p_93_r.asl"": 29, ""role_p_30_r.asl"": 29, ""role_p_50_r.asl"": 29, ""role_p_59_r.asl"": 29, ""role_p_53_r.asl"": 29, ""role_p_71_r.asl"": 29, ""role_p_74_r.asl"": 29, ""role_p_16_r.asl"": 29, ""role_p_48_r.asl"": 29, ""role_p_17_r.asl"": 29, ""role_p_49_r.asl"": 29, ""role_p_38_r.asl"": 29, ""role_p_10_r.asl"": 29, ""role_p_37_r.asl"": 29, ""role_p_79_r.asl"": 29, ""role_p_89_r.asl"": 29, ""role_p_72_r.asl"": 29, ""role_p_56_r.asl"": 29, ""role_p_43_r.asl"": 29, ""role_p_45_r.asl"": 29, ""role_p_44_r.asl"": 29, ""role_p_73_r.asl"": 29, ""role_p_63_r.asl"": 29, ""role_p_66_r.asl"": 29, ""role_p_83_r.asl"": 29, ""role_p_41_r.asl"": 29, ""role_p_75_r.asl"": 29, ""role_p_52_r.asl"": 29, ""role_p_62_r.asl"": 29, ""role_p_70_r.asl"": 29, ""role_p_91_r.asl"": 29, ""role_p_33_r.asl"": 29, ""role_p_58_r.asl"": 29, ""role_p_26_r.asl"": 29, ""role_p_81_r.asl"": 29, ""role_p_27_r.asl"": 29, ""role_p_23_r.asl"": 29, ""role_p_64_r.asl"": 29, ""role_p_47_r.asl"": 29, ""role_p_85_r.asl"": 29, ""role_p_92_r.asl"": 29, ""role_p_90_r.asl"": 29, ""role_p_54_r.asl"": 29, ""role_p_39_r.asl"": 29, ""role_p_61_r.asl"": 29, ""role_p_67_r.asl"": 29, ""role_p_78_r.asl"": 29, ""role_p_51_r.asl"": 29, ""role_p_76_r.asl"": 29, ""role_p_65_r.asl"": 29, ""role_p_80_r.asl"": 29, ""role_p_77_r.asl"": 29, ""role_p_55_r.asl"": 29, ""role_p_42_r.asl"": 29, ""role_p_60_r.asl"": 29, ""role_p_20_r.asl"": 29, ""role_p_57_r.asl"": 29, ""role_p_40_r.asl"": 29, ""role_p_19_r.asl"": 29, ""role_p_69_r.asl"": 29, ""role_p_46_r.asl"": 29, ""role_p_68_r.asl"": 29, ""role_p_35_r.asl"": 29, ""role_p_28_r.asl"": 29}",7.765492102065614,0.10587906499858946,0.002326423000340583,1.0977745056152344,True,0,0
grid_imports,51,Linux 7.2.3-arch1-2,x86_64,24,30.44,3.14.7,10,10,5,2,2,1,2,2,2,0,0,42,1646,34046,166,12782,"{""director_p_0.asl"": 125, ""director_p_82.asl"": 125, ""director_p_15.asl"": 125, ""director_p_4.asl"": 125, ""director_p_95.asl"": 125, ""director_p_36.asl"": 125, ""director_p_32.asl"": 125, ""director_p_29.asl"": 125, ""director_p_18.asl"": 125, ""director_p_14.asl"": 125, ""director_p_87.asl"": 125, ""director_p_94.asl"": 125, ""director_p_97.asl"": 125, ""director_p_98.asl"": 125, ""director_p_96.asl"": 125, ""director_p_86.asl"": 125, ""director_p_84.asl"": 125, ""director_p_99.asl"": 125, ""director_p_88.asl"": 125, ""director_p_93.asl"": 125, ""director_p_30.asl"": 125, ""director_p_50.asl"": 125, ""director_p_59.asl"": 125, ""director_p_53.asl"": 125, ""director_p_71.asl"": 125, ""director_p_74.asl"": 125, ""director_p_16.asl"": 125, ""director_p_48.asl"": 125, ""director_p_17.asl"": 125, ""director_p_49.asl"": 125, ""director_p_38.asl"": 125, ""director_p_10.asl"": 125, ""director_p_37.asl"": 125, ""director_p_79.asl"": 125, ""director_p_89.asl"": 125, ""director_p_72.asl"": 125, ""director_p_56.asl"": 125, ""director_p_43.asl"": 125, ""director_p_45.asl"": 125, ""director_p_44.asl"": 125, ""director_p_73.asl"": 125, ""director_p_63.asl"": 125, ""director_p_66.asl"": 125, ""director_p_83.asl"": 125, ""director_p_41.asl"": 125, ""director_p_75.asl"": 125, ""director_p_52.asl"": 125, ""director_p_62.asl"": 125, ""director_p_70.asl"": 125, ""director_p_91.asl"": 125, ""director_p_33.asl"": 125, ""director_p_58.asl"": 125, ""director_p_26.asl"": 125, ""director_p_81.asl"": 125, ""director_p_27.asl"": 125, ""director_p_23.asl"": 125, ""director_p_64.asl"": 125, ""director_p_47.asl"": 125, ""director_p_85.asl"": 125, ""director_p_92.asl"": 125, ""director_p_90.asl"": 125, ""director_p_54.asl"": 125, ""director_p_39.asl"": 125, ""director_p_61.asl"": 125, ""director_p_67.asl"": 125, ""director_p_78.asl"": 125, ""director_p_51.asl"": 125, ""director_p_76.asl"": 125, ""director_p_65.asl"": 125, ""director_p_80.asl"": 125, ""director_p_77.asl"": 125, ""director_p_55.asl"": 125, ""director_p_42.asl"": 125, ""director_p_60.asl"": 125, ""director_p_20.asl"": 125, ""director_p_57.asl"": 125, ""director_p_40.asl"": 125, ""director_p_19.asl"": 125, ""director_p_69.asl"": 125, ""director_p_46.asl"": 125, ""director_p_68.asl"": 125, ""director_p_35.asl"": 125, ""director_p_28.asl"": 125, ""role_p_0_r.asl"": 29, ""role_p_82_r.asl"": 29, ""role_p_15_r.asl"": 29, ""role_p_4_r.asl"": 29, ""role_p_95_r.asl"": 29, ""role_p_36_r.asl"": 29, ""role_p_32_r.asl"": 29, ""role_p_29_r.asl"": 29, ""role_p_18_r.asl"": 29, ""role_p_14_r.asl"": 29, ""role_p_87_r.asl"": 29, ""role_p_94_r.asl"": 29, ""role_p_97_r.asl"": 29, ""role_p_98_r.asl"": 29, ""role_p_96_r.asl"": 29, ""role_p_86_r.asl"": 29, ""role_p_84_r.asl"": 29, ""role_p_99_r.asl"": 29, ""role_p_88_r.asl"": 29, ""role_p_93_r.asl"": 29, ""role_p_30_r.asl"": 29, ""role_p_50_r.asl"": 29, ""role_p_59_r.asl"": 29, ""role_p_53_r.asl"": 29, ""role_p_71_r.asl"": 29, ""role_p_74_r.asl"": 29, ""role_p_16_r.asl"": 29, ""role_p_48_r.asl"": 29, ""role_p_17_r.asl"": 29, ""role_p_49_r.asl"": 29, ""role_p_38_r.asl"": 29, ""role_p_10_r.asl"": 29, ""role_p_37_r.asl"": 29, ""role_p_79_r.asl"": 29, ""role_p_89_r.asl"": 29, ""role_p_72_r.asl"": 29, ""role_p_56_r.asl"": 29, ""role_p_43_r.asl"": 29, ""role_p_45_r.asl"": 29, ""role_p_44_r.asl"": 29, ""role_p_73_r.asl"": 29, ""role_p_63_r.asl"": 29, ""role_p_66_r.asl"": 29, ""role_p_83_r.asl"": 29, ""role_p_41_r.asl"": 29, ""role_p_75_r.asl"": 29, ""role_p_52_r.asl"": 29, ""role_p_62_r.asl"": 29, ""role_p_70_r.asl"": 29, ""role_p_91_r.asl"": 29, ""role_p_33_r.asl"": 29, ""role_p_58_r.asl"": 29, ""role_p_26_r.asl"": 29, ""role_p_81_r.asl"": 29, ""role_p_27_r.asl"": 29, ""role_p_23_r.asl"": 29, ""role_p_64_r.asl"": 29, ""role_p_47_r.asl"": 29, ""role_p_85_r.asl"": 29, ""role_p_92_r.asl"": 29, ""role_p_90_r.asl"": 29, ""role_p_54_r.asl"": 29, ""role_p_39_r.asl"": 29, ""role_p_61_r.asl"": 29, ""role_p_67_r.asl"": 29, ""role_p_78_r.asl"": 29, ""role_p_51_r.asl"": 29, ""role_p_76_r.asl"": 29, ""role_p_65_r.asl"": 29, ""role_p_80_r.asl"": 29, ""role_p_77_r.asl"": 29, ""role_p_55_r.asl"": 29, ""role_p_42_r.asl"": 29, ""role_p_60_r.asl"": 29, ""role_p_20_r.asl"": 29, ""role_p_57_r.asl"": 29, ""role_p_40_r.asl"": 29, ""role_p_19_r.asl"": 29, ""role_p_69_r.asl"": 29, ""role_p_46_r.asl"": 29, ""role_p_68_r.asl"": 29, ""role_p_35_r.asl"": 29, ""role_p_28_r.asl"": 29}",7.765492102065614,0.10630826399938087,0.002324322998902062,1.096038818359375,True,0,0
grid_imports,52,Linux 7.2.3-arch1-2,x86_64,24,30.44,3.14.7,10,10,5,2,2,1,2,2,2,0,0,42,1646,34046,166,12782,"{""director_p_0.asl"": 125, ""director_p_82.asl"": 125, ""director_p_15.asl"": 125, ""director_p_4.asl"": 125, ""director_p_95.asl"": 125, ""director_p_36.asl"": 125, ""director_p_32.asl"": 125, ""director_p_29.asl"": 125, ""director_p_18.asl"": 125, ""director_p_14.asl"": 125, ""director_p_87.asl"": 125, ""director_p_94.asl"": 125, ""director_p_97.asl"": 125, ""director_p_98.asl"": 125, ""director_p_96.asl"": 125, ""director_p_86.asl"": 125, ""director_p_84.asl"": 125, ""director_p_99.asl"": 125, ""director_p_88.asl"": 125, ""director_p_93.asl"": 125, ""director_p_30.asl"": 125, ""director_p_50.asl"": 125, ""director_p_59.asl"": 125, ""director_p_53.asl"": 125, ""director_p_71.asl"": 125, ""director_p_74.asl"": 125, ""director_p_16.asl"": 125, ""director_p_48.asl"": 125, ""director_p_17.asl"": 125, ""director_p_49.asl"": 125, ""director_p_38.asl"": 125, ""director_p_10.asl"": 125, ""director_p_37.asl"": 125, ""director_p_79.asl"": 125, ""director_p_89.asl"": 125, ""director_p_72.asl"": 125, ""director_p_56.asl"": 125, ""director_p_43.asl"": 125, ""director_p_45.asl"": 125, ""director_p_44.asl"": 125, ""director_p_73.asl"": 125, ""director_p_63.asl"": 125, ""director_p_66.asl"": 125, ""director_p_83.asl"": 125, ""director_p_41.asl"": 125, ""director_p_75.asl"": 125, ""director_p_52.asl"": 125, ""director_p_62.asl"": 125, ""director_p_70.asl"": 125, ""director_p_91.asl"": 125, ""director_p_33.asl"": 125, ""director_p_58.asl"": 125, ""director_p_26.asl"": 125, ""director_p_81.asl"": 125, ""director_p_27.asl"": 125, ""director_p_23.asl"": 125, ""director_p_64.asl"": 125, ""director_p_47.asl"": 125, ""director_p_85.asl"": 125, ""director_p_92.asl"": 125, ""director_p_90.asl"": 125, ""director_p_54.asl"": 125, ""director_p_39.asl"": 125, ""director_p_61.asl"": 125, ""director_p_67.asl"": 125, ""director_p_78.asl"": 125, ""director_p_51.asl"": 125, ""director_p_76.asl"": 125, ""director_p_65.asl"": 125, ""director_p_80.asl"": 125, ""director_p_77.asl"": 125, ""director_p_55.asl"": 125, ""director_p_42.asl"": 125, ""director_p_60.asl"": 125, ""director_p_20.asl"": 125, ""director_p_57.asl"": 125, ""director_p_40.asl"": 125, ""director_p_19.asl"": 125, ""director_p_69.asl"": 125, ""director_p_46.asl"": 125, ""director_p_68.asl"": 125, ""director_p_35.asl"": 125, ""director_p_28.asl"": 125, ""role_p_0_r.asl"": 29, ""role_p_82_r.asl"": 29, ""role_p_15_r.asl"": 29, ""role_p_4_r.asl"": 29, ""role_p_95_r.asl"": 29, ""role_p_36_r.asl"": 29, ""role_p_32_r.asl"": 29, ""role_p_29_r.asl"": 29, ""role_p_18_r.asl"": 29, ""role_p_14_r.asl"": 29, ""role_p_87_r.asl"": 29, ""role_p_94_r.asl"": 29, ""role_p_97_r.asl"": 29, ""role_p_98_r.asl"": 29, ""role_p_96_r.asl"": 29, ""role_p_86_r.asl"": 29, ""role_p_84_r.asl"": 29, ""role_p_99_r.asl"": 29, ""role_p_88_r.asl"": 29, ""role_p_93_r.asl"": 29, ""role_p_30_r.asl"": 29, ""role_p_50_r.asl"": 29, ""role_p_59_r.asl"": 29, ""role_p_53_r.asl"": 29, ""role_p_71_r.asl"": 29, ""role_p_74_r.asl"": 29, ""role_p_16_r.asl"": 29, ""role_p_48_r.asl"": 29, ""role_p_17_r.asl"": 29, ""role_p_49_r.asl"": 29, ""role_p_38_r.asl"": 29, ""role_p_10_r.asl"": 29, ""role_p_37_r.asl"": 29, ""role_p_79_r.asl"": 29, ""role_p_89_r.asl"": 29, ""role_p_72_r.asl"": 29, ""role_p_56_r.asl"": 29, ""role_p_43_r.asl"": 29, ""role_p_45_r.asl"": 29, ""role_p_44_r.asl"": 29, ""role_p_73_r.asl"": 29, ""role_p_63_r.asl"": 29, ""role_p_66_r.asl"": 29, ""role_p_83_r.asl"": 29, ""role_p_41_r.asl"": 29, ""role_p_75_r.asl"": 29, ""role_p_52_r.asl"": 29, ""role_p_62_r.asl"": 29, ""role_p_70_r.asl"": 29, ""role_p_91_r.asl"": 29, ""role_p_33_r.asl"": 29, ""role_p_58_r.asl"": 29, ""role_p_26_r.asl"": 29, ""role_p_81_r.asl"": 29, ""role_p_27_r.asl"": 29, ""role_p_23_r.asl"": 29, ""role_p_64_r.asl"": 29, ""role_p_47_r.asl"": 29, ""role_p_85_r.asl"": 29, ""role_p_92_r.asl"": 29, ""role_p_90_r.asl"": 29, ""role_p_54_r.asl"": 29, ""role_p_39_r.asl"": 29, ""role_p_61_r.asl"": 29, ""role_p_67_r.asl"": 29, ""role_p_78_r.asl"": 29, ""role_p_51_r.asl"": 29, ""role_p_76_r.asl"": 29, ""role_p_65_r.asl"": 29, ""role_p_80_r.asl"": 29, ""role_p_77_r.asl"": 29, ""role_p_55_r.asl"": 29, ""role_p_42_r.asl"": 29, ""role_p_60_r.asl"": 29, ""role_p_20_r.asl"": 29, ""role_p_57_r.asl"": 29, ""role_p_40_r.asl"": 29, ""role_p_19_r.asl"": 29, ""role_p_69_r.asl"": 29, ""role_p_46_r.asl"": 29, ""role_p_68_r.asl"": 29, ""role_p_35_r.asl"": 29, ""role_p_28_r.asl"": 29}",7.765492102065614,0.10429757999736466,0.0021942829989711754,1.0984926223754883,True,0,0
grid_imports,53,Linux 7.2.3-arch1-2,x86_64,24,30.44,3.14.7,10,10,5,2,2,1,2,2,2,0,0,42,1646,34046,166,12782,"{""director_p_0.asl"": 125, ""director_p_82.asl"": 125, ""director_p_15.asl"": 125, ""director_p_4.asl"": 125, ""director_p_95.asl"": 125, ""director_p_36.asl"": 125, ""director_p_32.asl"": 125, ""director_p_29.asl"": 125, ""director_p_18.asl"": 125, ""director_p_14.asl"": 125, ""director_p_87.asl"": 125, ""director_p_94.asl"": 125, ""director_p_97.asl"": 125, ""director_p_98.asl"": 125, ""director_p_96.asl"": 125, ""director_p_86.asl"": 125, ""director_p_84.asl"": 125, ""director_p_99.asl"": 125, ""director_p_88.asl"": 125, ""director_p_93.asl"": 125, ""director_p_30.asl"": 125, ""director_p_50.asl"": 125, ""director_p_59.asl"": 125, ""director_p_53.asl"": 125, ""director_p_71.asl"": 125, ""director_p_74.asl"": 125, ""director_p_16.asl"": 125, ""director_p_48.asl"": 125, ""director_p_17.asl"": 125, ""director_p_49.asl"": 125, ""director_p_38.asl"": 125, ""director_p_10.asl"": 125, ""director_p_37.asl"": 125, ""director_p_79.asl"": 125, ""director_p_89.asl"": 125, ""director_p_72.asl"": 125, ""director_p_56.asl"": 125, ""director_p_43.asl"": 125, ""director_p_45.asl"": 125, ""director_p_44.asl"": 125, ""director_p_73.asl"": 125, ""director_p_63.asl"": 125, ""director_p_66.asl"": 125, ""director_p_83.asl"": 125, ""director_p_41.asl"": 125, ""director_p_75.asl"": 125, ""director_p_52.asl"": 125, ""director_p_62.asl"": 125, ""director_p_70.asl"": 125, ""director_p_91.asl"": 125, ""director_p_33.asl"": 125, ""director_p_58.asl"": 125, ""director_p_26.asl"": 125, ""director_p_81.asl"": 125, ""director_p_27.asl"": 125, ""director_p_23.asl"": 125, ""director_p_64.asl"": 125, ""director_p_47.asl"": 125, ""director_p_85.asl"": 125, ""director_p_92.asl"": 125, ""director_p_90.asl"": 125, ""director_p_54.asl"": 125, ""director_p_39.asl"": 125, ""director_p_61.asl"": 125, ""director_p_67.asl"": 125, ""director_p_78.asl"": 125, ""director_p_51.asl"": 125, ""director_p_76.asl"": 125, ""director_p_65.asl"": 125, ""director_p_80.asl"": 125, ""director_p_77.asl"": 125, ""director_p_55.asl"": 125, ""director_p_42.asl"": 125, ""director_p_60.asl"": 125, ""director_p_20.asl"": 125, ""director_p_57.asl"": 125, ""director_p_40.asl"": 125, ""director_p_19.asl"": 125, ""director_p_69.asl"": 125, ""director_p_46.asl"": 125, ""director_p_68.asl"": 125, ""director_p_35.asl"": 125, ""director_p_28.asl"": 125, ""role_p_0_r.asl"": 29, ""role_p_82_r.asl"": 29, ""role_p_15_r.asl"": 29, ""role_p_4_r.asl"": 29, ""role_p_95_r.asl"": 29, ""role_p_36_r.asl"": 29, ""role_p_32_r.asl"": 29, ""role_p_29_r.asl"": 29, ""role_p_18_r.asl"": 29, ""role_p_14_r.asl"": 29, ""role_p_87_r.asl"": 29, ""role_p_94_r.asl"": 29, ""role_p_97_r.asl"": 29, ""role_p_98_r.asl"": 29, ""role_p_96_r.asl"": 29, ""role_p_86_r.asl"": 29, ""role_p_84_r.asl"": 29, ""role_p_99_r.asl"": 29, ""role_p_88_r.asl"": 29, ""role_p_93_r.asl"": 29, ""role_p_30_r.asl"": 29, ""role_p_50_r.asl"": 29, ""role_p_59_r.asl"": 29, ""role_p_53_r.asl"": 29, ""role_p_71_r.asl"": 29, ""role_p_74_r.asl"": 29, ""role_p_16_r.asl"": 29, ""role_p_48_r.asl"": 29, ""role_p_17_r.asl"": 29, ""role_p_49_r.asl"": 29, ""role_p_38_r.asl"": 29, ""role_p_10_r.asl"": 29, ""role_p_37_r.asl"": 29, ""role_p_79_r.asl"": 29, ""role_p_89_r.asl"": 29, ""role_p_72_r.asl"": 29, ""role_p_56_r.asl"": 29, ""role_p_43_r.asl"": 29, ""role_p_45_r.asl"": 29, ""role_p_44_r.asl"": 29, ""role_p_73_r.asl"": 29, ""role_p_63_r.asl"": 29, ""role_p_66_r.asl"": 29, ""role_p_83_r.asl"": 29, ""role_p_41_r.asl"": 29, ""role_p_75_r.asl"": 29, ""role_p_52_r.asl"": 29, ""role_p_62_r.asl"": 29, ""role_p_70_r.asl"": 29, ""role_p_91_r.asl"": 29, ""role_p_33_r.asl"": 29, ""role_p_58_r.asl"": 29, ""role_p_26_r.asl"": 29, ""role_p_81_r.asl"": 29, ""role_p_27_r.asl"": 29, ""role_p_23_r.asl"": 29, ""role_p_64_r.asl"": 29, ""role_p_47_r.asl"": 29, ""role_p_85_r.asl"": 29, ""role_p_92_r.asl"": 29, ""role_p_90_r.asl"": 29, ""role_p_54_r.asl"": 29, ""role_p_39_r.asl"": 29, ""role_p_61_r.asl"": 29, ""role_p_67_r.asl"": 29, ""role_p_78_r.asl"": 29, ""role_p_51_r.asl"": 29, ""role_p_76_r.asl"": 29, ""role_p_65_r.asl"": 29, ""role_p_80_r.asl"": 29, ""role_p_77_r.asl"": 29, ""role_p_55_r.asl"": 29, ""role_p_42_r.asl"": 29, ""role_p_60_r.asl"": 29, ""role_p_20_r.asl"": 29, ""role_p_57_r.asl"": 29, ""role_p_40_r.asl"": 29, ""role_p_19_r.asl"": 29, ""role_p_69_r.asl"": 29, ""role_p_46_r.asl"": 29, ""role_p_68_r.asl"": 29, ""role_p_35_r.asl"": 29, ""role_p_28_r.asl"": 29}",7.765492102065614,0.10407796100116684,0.0022160039989103097,1.100341796875,True,0,0
grid_imports,54,Linux 7.2.3-arch1-2,x86_64,24,30.44,3.14.7,10,10,5,2,2,1,2,2,2,0,0,42,1646,34046,166,12782,"{""director_p_0.asl"": 125, ""director_p_82.asl"": 125, ""director_p_15.asl"": 125, ""director_p_4.asl"": 125, ""director_p_95.asl"": 125, ""director_p_36.asl"": 125, ""director_p_32.asl"": 125, ""director_p_29.asl"": 125, ""director_p_18.asl"": 125, ""director_p_14.asl"": 125, ""director_p_87.asl"": 125, ""director_p_94.asl"": 125, ""director_p_97.asl"": 125, ""director_p_98.asl"": 125, ""director_p_96.asl"": 125, ""director_p_86.asl"": 125, ""director_p_84.asl"": 125, ""director_p_99.asl"": 125, ""director_p_88.asl"": 125, ""director_p_93.asl"": 125, ""director_p_30.asl"": 125, ""director_p_50.asl"": 125, ""director_p_59.asl"": 125, ""director_p_53.asl"": 125, ""director_p_71.asl"": 125, ""director_p_74.asl"": 125, ""director_p_16.asl"": 125, ""director_p_48.asl"": 125, ""director_p_17.asl"": 125, ""director_p_49.asl"": 125, ""director_p_38.asl"": 125, ""director_p_10.asl"": 125, ""director_p_37.asl"": 125, ""director_p_79.asl"": 125, ""director_p_89.asl"": 125, ""director_p_72.asl"": 125, ""director_p_56.asl"": 125, ""director_p_43.asl"": 125, ""director_p_45.asl"": 125, ""director_p_44.asl"": 125, ""director_p_73.asl"": 125, ""director_p_63.asl"": 125, ""director_p_66.asl"": 125, ""director_p_83.asl"": 125, ""director_p_41.asl"": 125, ""director_p_75.asl"": 125, ""director_p_52.asl"": 125, ""director_p_62.asl"": 125, ""director_p_70.asl"": 125, ""director_p_91.asl"": 125, ""director_p_33.asl"": 125, ""director_p_58.asl"": 125, ""director_p_26.asl"": 125, ""director_p_81.asl"": 125, ""director_p_27.asl"": 125, ""director_p_23.asl"": 125, ""director_p_64.asl"": 125, ""director_p_47.asl"": 125, ""director_p_85.asl"": 125, ""director_p_92.asl"": 125, ""director_p_90.asl"": 125, ""director_p_54.asl"": 125, ""director_p_39.asl"": 125, ""director_p_61.asl"": 125, ""director_p_67.asl"": 125, ""director_p_78.asl"": 125, ""director_p_51.asl"": 125, ""director_p_76.asl"": 125, ""director_p_65.asl"": 125, ""director_p_80.asl"": 125, ""director_p_77.asl"": 125, ""director_p_55.asl"": 125, ""director_p_42.asl"": 125, ""director_p_60.asl"": 125, ""director_p_20.asl"": 125, ""director_p_57.asl"": 125, ""director_p_40.asl"": 125, ""director_p_19.asl"": 125, ""director_p_69.asl"": 125, ""director_p_46.asl"": 125, ""director_p_68.asl"": 125, ""director_p_35.asl"": 125, ""director_p_28.asl"": 125, ""role_p_0_r.asl"": 29, ""role_p_82_r.asl"": 29, ""role_p_15_r.asl"": 29, ""role_p_4_r.asl"": 29, ""role_p_95_r.asl"": 29, ""role_p_36_r.asl"": 29, ""role_p_32_r.asl"": 29, ""role_p_29_r.asl"": 29, ""role_p_18_r.asl"": 29, ""role_p_14_r.asl"": 29, ""role_p_87_r.asl"": 29, ""role_p_94_r.asl"": 29, ""role_p_97_r.asl"": 29, ""role_p_98_r.asl"": 29, ""role_p_96_r.asl"": 29, ""role_p_86_r.asl"": 29, ""role_p_84_r.asl"": 29, ""role_p_99_r.asl"": 29, ""role_p_88_r.asl"": 29, ""role_p_93_r.asl"": 29, ""role_p_30_r.asl"": 29, ""role_p_50_r.asl"": 29, ""role_p_59_r.asl"": 29, ""role_p_53_r.asl"": 29, ""role_p_71_r.asl"": 29, ""role_p_74_r.asl"": 29, ""role_p_16_r.asl"": 29, ""role_p_48_r.asl"": 29, ""role_p_17_r.asl"": 29, ""role_p_49_r.asl"": 29, ""role_p_38_r.asl"": 29, ""role_p_10_r.asl"": 29, ""role_p_37_r.asl"": 29, ""role_p_79_r.asl"": 29, ""role_p_89_r.asl"": 29, ""role_p_72_r.asl"": 29, ""role_p_56_r.asl"": 29, ""role_p_43_r.asl"": 29, ""role_p_45_r.asl"": 29, ""role_p_44_r.asl"": 29, ""role_p_73_r.asl"": 29, ""role_p_63_r.asl"": 29, ""role_p_66_r.asl"": 29, ""role_p_83_r.asl"": 29, ""role_p_41_r.asl"": 29, ""role_p_75_r.asl"": 29, ""role_p_52_r.asl"": 29, ""role_p_62_r.asl"": 29, ""role_p_70_r.asl"": 29, ""role_p_91_r.asl"": 29, ""role_p_33_r.asl"": 29, ""role_p_58_r.asl"": 29, ""role_p_26_r.asl"": 29, ""role_p_81_r.asl"": 29, ""role_p_27_r.asl"": 29, ""role_p_23_r.asl"": 29, ""role_p_64_r.asl"": 29, ""role_p_47_r.asl"": 29, ""role_p_85_r.asl"": 29, ""role_p_92_r.asl"": 29, ""role_p_90_r.asl"": 29, ""role_p_54_r.asl"": 29, ""role_p_39_r.asl"": 29, ""role_p_61_r.asl"": 29, ""role_p_67_r.asl"": 29, ""role_p_78_r.asl"": 29, ""role_p_51_r.asl"": 29, ""role_p_76_r.asl"": 29, ""role_p_65_r.asl"": 29, ""role_p_80_r.asl"": 29, ""role_p_77_r.asl"": 29, ""role_p_55_r.asl"": 29, ""role_p_42_r.asl"": 29, ""role_p_60_r.asl"": 29, ""role_p_20_r.asl"": 29, ""role_p_57_r.asl"": 29, ""role_p_40_r.asl"": 29, ""role_p_19_r.asl"": 29, ""role_p_69_r.asl"": 29, ""role_p_46_r.asl"": 29, ""role_p_68_r.asl"": 29, ""role_p_35_r.asl"": 29, ""role_p_28_r.asl"": 29}",7.765492102065614,0.10614758400333812,0.002235242998722242,1.0960731506347656,True,0,0
grid_imports,55,Linux 7.2.3-arch1-2,x86_64,24,30.44,3.14.7,10,10,5,2,2,1,2,2,2,0,0,42,2876,63561,184,14168,"{""director_p_0.asl"": 125, ""director_p_82.asl"": 125, ""director_p_15.asl"": 125, ""director_p_4.asl"": 125, ""director_p_95.asl"": 125, ""director_p_36.asl"": 125, ""director_p_32.asl"": 125, ""director_p_29.asl"": 125, ""director_p_18.asl"": 125, ""director_p_14.asl"": 125, ""director_p_87.asl"": 125, ""director_p_70.asl"": 125, ""director_p_12.asl"": 125, ""director_p_76.asl"": 125, ""director_p_55.asl"": 125, ""director_p_5.asl"": 125, ""director_p_97.asl"": 125, ""director_p_88.asl"": 125, ""director_p_28.asl"": 125, ""director_p_30.asl"": 125, ""director_p_65.asl"": 125, ""director_p_78.asl"": 125, ""director_p_84.asl"": 125, ""director_p_72.asl"": 125, ""director_p_26.asl"": 125, ""director_p_89.asl"": 125, ""director_p_98.asl"": 125, ""director_p_91.asl"": 125, ""director_p_94.asl"": 125, ""director_p_90.asl"": 125, ""director_p_86.asl"": 125, ""director_p_93.asl"": 125, ""director_p_96.asl"": 125, ""director_p_99.asl"": 125, ""director_p_83.asl"": 125, ""director_p_85.asl"": 125, ""director_p_92.asl"": 125, ""director_p_22.asl"": 125, ""director_p_27.asl"": 125, ""director_p_51.asl"": 125, ""director_p_21.asl"": 125, ""director_p_16.asl"": 125, ""director_p_58.asl"": 125, ""director_p_49.asl"": 125, ""director_p_17.asl"": 125, ""director_p_25.asl"": 125, ""director_p_35.asl"": 125, ""director_p_20.asl"": 125, ""director_p_63.asl"": 125, ""director_p_34.asl"": 125, ""director_p_43.asl"": 125, ""director_p_24.asl"": 125, ""director_p_13.asl"": 125, ""director_p_77.asl"": 125, ""director_p_45.asl"": 125, ""director_p_68.asl"": 125, ""director_p_23.asl"": 125, ""director_p_38.asl"": 125, ""director_p_73.asl"": 125, ""director_p_79.asl"": 125, ""director_p_59.asl"": 125, ""director_p_81.asl"": 125, ""director_p_56.asl"": 125, ""director_p_33.asl"": 125, ""director_p_47.asl"": 125, ""director_p_52.asl"": 125, ""director_p_48.asl"": 125, ""director_p_41.asl"": 125, ""director_p_37.asl"": 125, ""director_p_75.asl"": 125, ""director_p_67.asl"": 125, ""director_p_39.asl"": 125, ""director_p_66.asl"": 125, ""director_p_53.asl"": 125, ""director_p_74.asl"": 125, ""director_p_62.asl"": 125, ""director_p_40.asl"": 125, ""director_p_80.asl"": 125, ""director_p_44.asl"": 125, ""director_p_46.asl"": 125, ""director_p_50.asl"": 125, ""director_p_71.asl"": 125, ""director_p_64.asl"": 125, ""director_p_69.asl"": 125, ""director_p_54.asl"": 125, ""director_p_31.asl"": 125, ""director_p_61.asl"": 125, ""director_p_19.asl"": 125, ""director_p_42.asl"": 125, ""director_p_60.asl"": 125, ""director_p_57.asl"": 125, ""director_p_7.asl"": 125, ""role_p_0_r.asl"": 29, ""role_p_82_r.asl"": 29, ""role_p_15_r.asl"": 29, ""role_p_4_r.asl"": 29, ""role_p_95_r.asl"": 29, ""role_p_36_r.asl"": 29, ""role_p_32_r.asl"": 29, ""role_p_29_r.asl"": 29, ""role_p_18_r.asl"": 29, ""role_p_14_r.asl"": 29, ""role_p_87_r.asl"": 29, ""role_p_70_r.asl"": 29, ""role_p_12_r.asl"": 29, ""role_p_76_r.asl"": 29, ""role_p_55_r.asl"": 29, ""role_p_5_r.asl"": 29, ""role_p_97_r.asl"": 29, ""role_p_88_r.asl"": 29, ""role_p_28_r.asl"": 29, ""role_p_30_r.asl"": 29, ""role_p_65_r.asl"": 29, ""role_p_78_r.asl"": 29, ""role_p_84_r.asl"": 29, ""role_p_72_r.asl"": 29, ""role_p_26_r.asl"": 29, ""role_p_89_r.asl"": 29, ""role_p_98_r.asl"": 29, ""role_p_91_r.asl"": 29, ""role_p_94_r.asl"": 29, ""role_p_90_r.asl"": 29, ""role_p_86_r.asl"": 29, ""role_p_93_r.asl"": 29, ""role_p_96_r.asl"": 29, ""role_p_99_r.asl"": 29, ""role_p_83_r.asl"": 29, ""role_p_85_r.asl"": 29, ""role_p_92_r.asl"": 29, ""role_p_22_r.asl"": 29, ""role_p_27_r.asl"": 29, ""role_p_51_r.asl"": 29, ""role_p_21_r.asl"": 29, ""role_p_16_r.asl"": 29, ""role_p_58_r.asl"": 29, ""role_p_49_r.asl"": 29, ""role_p_17_r.asl"": 29, ""role_p_25_r.asl"": 29, ""role_p_35_r.asl"": 29, ""role_p_20_r.asl"": 29, ""role_p_63_r.asl"": 29, ""role_p_34_r.asl"": 29, ""role_p_43_r.asl"": 29, ""role_p_24_r.asl"": 29, ""role_p_13_r.asl"": 29, ""role_p_77_r.asl"": 29, ""role_p_45_r.asl"": 29, ""role_p_68_r.asl"": 29, ""role_p_23_r.asl"": 29, ""role_p_38_r.asl"": 29, ""role_p_73_r.asl"": 29, ""role_p_79_r.asl"": 29, ""role_p_59_r.asl"": 29, ""role_p_81_r.asl"": 29, ""role_p_56_r.asl"": 29, ""role_p_33_r.asl"": 29, ""role_p_47_r.asl"": 29, ""role_p_52_r.asl"": 29, ""role_p_48_r.asl"": 29, ""role_p_41_r.asl"": 29, ""role_p_37_r.asl"": 29, ""role_p_75_r.asl"": 29, ""role_p_67_r.asl"": 29, ""role_p_39_r.asl"": 29, ""role_p_66_r.asl"": 29, ""role_p_53_r.asl"": 29, ""role_p_74_r.asl"": 29, ""role_p_62_r.asl"": 29, ""role_p_40_r.asl"": 29, ""role_p_80_r.asl"": 29, ""role_p_44_r.asl"": 29, ""role_p_46_r.asl"": 29, ""role_p_50_r.asl"": 29, ""role_p_71_r.asl"": 29, ""role_p_64_r.asl"": 29, ""role_p_69_r.asl"": 29, ""role_p_54_r.asl"": 29, ""role_p_31_r.asl"": 29, ""role_p_61_r.asl"": 29, ""role_p_19_r.asl"": 29, ""role_p_42_r.asl"": 29, ""role_p_60_r.asl"": 29, ""role_p_57_r.asl"": 29, ""role_p_7_r.asl"": 29}",4.926286509040334,0.21641180600272492,0.0024528430003556423,1.561375617980957,True,0,0
grid_imports,56,Linux 7.2.3-arch1-2,x86_64,24,30.44,3.14.7,10,10,5,2,2,1,2,2,2,0,0,42,2876,63561,184,14168,"{""director_p_0.asl"": 125, ""director_p_82.asl"": 125, ""director_p_15.asl"": 125, ""director_p_4.asl"": 125, ""director_p_95.asl"": 125, ""director_p_36.asl"": 125, ""director_p_32.asl"": 125, ""director_p_29.asl"": 125, ""director_p_18.asl"": 125, ""director_p_14.asl"": 125, ""director_p_87.asl"": 125, ""director_p_70.asl"": 125, ""director_p_12.asl"": 125, ""director_p_76.asl"": 125, ""director_p_55.asl"": 125, ""director_p_5.asl"": 125, ""director_p_97.asl"": 125, ""director_p_88.asl"": 125, ""director_p_28.asl"": 125, ""director_p_30.asl"": 125, ""director_p_65.asl"": 125, ""director_p_78.asl"": 125, ""director_p_84.asl"": 125, ""director_p_72.asl"": 125, ""director_p_26.asl"": 125, ""director_p_89.asl"": 125, ""director_p_98.asl"": 125, ""director_p_91.asl"": 125, ""director_p_94.asl"": 125, ""director_p_90.asl"": 125, ""director_p_86.asl"": 125, ""director_p_93.asl"": 125, ""director_p_96.asl"": 125, ""director_p_99.asl"": 125, ""director_p_83.asl"": 125, ""director_p_85.asl"": 125, ""director_p_92.asl"": 125, ""director_p_22.asl"": 125, ""director_p_27.asl"": 125, ""director_p_51.asl"": 125, ""director_p_21.asl"": 125, ""director_p_16.asl"": 125, ""director_p_58.asl"": 125, ""director_p_49.asl"": 125, ""director_p_17.asl"": 125, ""director_p_25.asl"": 125, ""director_p_35.asl"": 125, ""director_p_20.asl"": 125, ""director_p_63.asl"": 125, ""director_p_34.asl"": 125, ""director_p_43.asl"": 125, ""director_p_24.asl"": 125, ""director_p_13.asl"": 125, ""director_p_77.asl"": 125, ""director_p_45.asl"": 125, ""director_p_68.asl"": 125, ""director_p_23.asl"": 125, ""director_p_38.asl"": 125, ""director_p_73.asl"": 125, ""director_p_79.asl"": 125, ""director_p_59.asl"": 125, ""director_p_81.asl"": 125, ""director_p_56.asl"": 125, ""director_p_33.asl"": 125, ""director_p_47.asl"": 125, ""director_p_52.asl"": 125, ""director_p_48.asl"": 125, ""director_p_41.asl"": 125, ""director_p_37.asl"": 125, ""director_p_75.asl"": 125, ""director_p_67.asl"": 125, ""director_p_39.asl"": 125, ""director_p_66.asl"": 125, ""director_p_53.asl"": 125, ""director_p_74.asl"": 125, ""director_p_62.asl"": 125, ""director_p_40.asl"": 125, ""director_p_80.asl"": 125, ""director_p_44.asl"": 125, ""director_p_46.asl"": 125, ""director_p_50.asl"": 125, ""director_p_71.asl"": 125, ""director_p_64.asl"": 125, ""director_p_69.asl"": 125, ""director_p_54.asl"": 125, ""director_p_31.asl"": 125, ""director_p_61.asl"": 125, ""director_p_19.asl"": 125, ""director_p_42.asl"": 125, ""director_p_60.asl"": 125, ""director_p_57.asl"": 125, ""director_p_7.asl"": 125, ""role_p_0_r.asl"": 29, ""role_p_82_r.asl"": 29, ""role_p_15_r.asl"": 29, ""role_p_4_r.asl"": 29, ""role_p_95_r.asl"": 29, ""role_p_36_r.asl"": 29, ""role_p_32_r.asl"": 29, ""role_p_29_r.asl"": 29, ""role_p_18_r.asl"": 29, ""role_p_14_r.asl"": 29, ""role_p_87_r.asl"": 29, ""role_p_70_r.asl"": 29, ""role_p_12_r.asl"": 29, ""role_p_76_r.asl"": 29, ""role_p_55_r.asl"": 29, ""role_p_5_r.asl"": 29, ""role_p_97_r.asl"": 29, ""role_p_88_r.asl"": 29, ""role_p_28_r.asl"": 29, ""role_p_30_r.asl"": 29, ""role_p_65_r.asl"": 29, ""role_p_78_r.asl"": 29, ""role_p_84_r.asl"": 29, ""role_p_72_r.asl"": 29, ""role_p_26_r.asl"": 29, ""role_p_89_r.asl"": 29, ""role_p_98_r.asl"": 29, ""role_p_91_r.asl"": 29, ""role_p_94_r.asl"": 29, ""role_p_90_r.asl"": 29, ""role_p_86_r.asl"": 29, ""role_p_93_r.asl"": 29, ""role_p_96_r.asl"": 29, ""role_p_99_r.asl"": 29, ""role_p_83_r.asl"": 29, ""role_p_85_r.asl"": 29, ""role_p_92_r.asl"": 29, ""role_p_22_r.asl"": 29, ""role_p_27_r.asl"": 29, ""role_p_51_r.asl"": 29, ""role_p_21_r.asl"": 29, ""role_p_16_r.asl"": 29, ""role_p_58_r.asl"": 29, ""role_p_49_r.asl"": 29, ""role_p_17_r.asl"": 29, ""role_p_25_r.asl"": 29, ""role_p_35_r.asl"": 29, ""role_p_20_r.asl"": 29, ""role_p_63_r.asl"": 29, ""role_p_34_r.asl"": 29, ""role_p_43_r.asl"": 29, ""role_p_24_r.asl"": 29, ""role_p_13_r.asl"": 29, ""role_p_77_r.asl"": 29, ""role_p_45_r.asl"": 29, ""role_p_68_r.asl"": 29, ""role_p_23_r.asl"": 29, ""role_p_38_r.asl"": 29, ""role_p_73_r.asl"": 29, ""role_p_79_r.asl"": 29, ""role_p_59_r.asl"": 29, ""role_p_81_r.asl"": 29, ""role_p_56_r.asl"": 29, ""role_p_33_r.asl"": 29, ""role_p_47_r.asl"": 29, ""role_p_52_r.asl"": 29, ""role_p_48_r.asl"": 29, ""role_p_41_r.asl"": 29, ""role_p_37_r.asl"": 29, ""role_p_75_r.asl"": 29, ""role_p_67_r.asl"": 29, ""role_p_39_r.asl"": 29, ""role_p_66_r.asl"": 29, ""role_p_53_r.asl"": 29, ""role_p_74_r.asl"": 29, ""role_p_62_r.asl"": 29, ""role_p_40_r.asl"": 29, ""role_p_80_r.asl"": 29, ""role_p_44_r.asl"": 29, ""role_p_46_r.asl"": 29, ""role_p_50_r.asl"": 29, ""role_p_71_r.asl"": 29, ""role_p_64_r.asl"": 29, ""role_p_69_r.asl"": 29, ""role_p_54_r.asl"": 29, ""role_p_31_r.asl"": 29, ""role_p_61_r.asl"": 29, ""role_p_19_r.asl"": 29, ""role_p_42_r.asl"": 29, ""role_p_60_r.asl"": 29, ""role_p_57_r.asl"": 29, ""role_p_7_r.asl"": 29}",4.926286509040334,0.21542049900017446,0.002439701998810051,1.5602474212646484,True,0,0
grid_imports,57,Linux 7.2.3-arch1-2,x86_64,24,30.44,3.14.7,10,10,5,2,2,1,2,2,2,0,0,42,2876,63561,184,14168,"{""director_p_0.asl"": 125, ""director_p_82.asl"": 125, ""director_p_15.asl"": 125, ""director_p_4.asl"": 125, ""director_p_95.asl"": 125, ""director_p_36.asl"": 125, ""director_p_32.asl"": 125, ""director_p_29.asl"": 125, ""director_p_18.asl"": 125, ""director_p_14.asl"": 125, ""director_p_87.asl"": 125, ""director_p_70.asl"": 125, ""director_p_12.asl"": 125, ""director_p_76.asl"": 125, ""director_p_55.asl"": 125, ""director_p_5.asl"": 125, ""director_p_97.asl"": 125, ""director_p_88.asl"": 125, ""director_p_28.asl"": 125, ""director_p_30.asl"": 125, ""director_p_65.asl"": 125, ""director_p_78.asl"": 125, ""director_p_84.asl"": 125, ""director_p_72.asl"": 125, ""director_p_26.asl"": 125, ""director_p_89.asl"": 125, ""director_p_98.asl"": 125, ""director_p_91.asl"": 125, ""director_p_94.asl"": 125, ""director_p_90.asl"": 125, ""director_p_86.asl"": 125, ""director_p_93.asl"": 125, ""director_p_96.asl"": 125, ""director_p_99.asl"": 125, ""director_p_83.asl"": 125, ""director_p_85.asl"": 125, ""director_p_92.asl"": 125, ""director_p_22.asl"": 125, ""director_p_27.asl"": 125, ""director_p_51.asl"": 125, ""director_p_21.asl"": 125, ""director_p_16.asl"": 125, ""director_p_58.asl"": 125, ""director_p_49.asl"": 125, ""director_p_17.asl"": 125, ""director_p_25.asl"": 125, ""director_p_35.asl"": 125, ""director_p_20.asl"": 125, ""director_p_63.asl"": 125, ""director_p_34.asl"": 125, ""director_p_43.asl"": 125, ""director_p_24.asl"": 125, ""director_p_13.asl"": 125, ""director_p_77.asl"": 125, ""director_p_45.asl"": 125, ""director_p_68.asl"": 125, ""director_p_23.asl"": 125, ""director_p_38.asl"": 125, ""director_p_73.asl"": 125, ""director_p_79.asl"": 125, ""director_p_59.asl"": 125, ""director_p_81.asl"": 125, ""director_p_56.asl"": 125, ""director_p_33.asl"": 125, ""director_p_47.asl"": 125, ""director_p_52.asl"": 125, ""director_p_48.asl"": 125, ""director_p_41.asl"": 125, ""director_p_37.asl"": 125, ""director_p_75.asl"": 125, ""director_p_67.asl"": 125, ""director_p_39.asl"": 125, ""director_p_66.asl"": 125, ""director_p_53.asl"": 125, ""director_p_74.asl"": 125, ""director_p_62.asl"": 125, ""director_p_40.asl"": 125, ""director_p_80.asl"": 125, ""director_p_44.asl"": 125, ""director_p_46.asl"": 125, ""director_p_50.asl"": 125, ""director_p_71.asl"": 125, ""director_p_64.asl"": 125, ""director_p_69.asl"": 125, ""director_p_54.asl"": 125, ""director_p_31.asl"": 125, ""director_p_61.asl"": 125, ""director_p_19.asl"": 125, ""director_p_42.asl"": 125, ""director_p_60.asl"": 125, ""director_p_57.asl"": 125, ""director_p_7.asl"": 125, ""role_p_0_r.asl"": 29, ""role_p_82_r.asl"": 29, ""role_p_15_r.asl"": 29, ""role_p_4_r.asl"": 29, ""role_p_95_r.asl"": 29, ""role_p_36_r.asl"": 29, ""role_p_32_r.asl"": 29, ""role_p_29_r.asl"": 29, ""role_p_18_r.asl"": 29, ""role_p_14_r.asl"": 29, ""role_p_87_r.asl"": 29, ""role_p_70_r.asl"": 29, ""role_p_12_r.asl"": 29, ""role_p_76_r.asl"": 29, ""role_p_55_r.asl"": 29, ""role_p_5_r.asl"": 29, ""role_p_97_r.asl"": 29, ""role_p_88_r.asl"": 29, ""role_p_28_r.asl"": 29, ""role_p_30_r.asl"": 29, ""role_p_65_r.asl"": 29, ""role_p_78_r.asl"": 29, ""role_p_84_r.asl"": 29, ""role_p_72_r.asl"": 29, ""role_p_26_r.asl"": 29, ""role_p_89_r.asl"": 29, ""role_p_98_r.asl"": 29, ""role_p_91_r.asl"": 29, ""role_p_94_r.asl"": 29, ""role_p_90_r.asl"": 29, ""role_p_86_r.asl"": 29, ""role_p_93_r.asl"": 29, ""role_p_96_r.asl"": 29, ""role_p_99_r.asl"": 29, ""role_p_83_r.asl"": 29, ""role_p_85_r.asl"": 29, ""role_p_92_r.asl"": 29, ""role_p_22_r.asl"": 29, ""role_p_27_r.asl"": 29, ""role_p_51_r.asl"": 29, ""role_p_21_r.asl"": 29, ""role_p_16_r.asl"": 29, ""role_p_58_r.asl"": 29, ""role_p_49_r.asl"": 29, ""role_p_17_r.asl"": 29, ""role_p_25_r.asl"": 29, ""role_p_35_r.asl"": 29, ""role_p_20_r.asl"": 29, ""role_p_63_r.asl"": 29, ""role_p_34_r.asl"": 29, ""role_p_43_r.asl"": 29, ""role_p_24_r.asl"": 29, ""role_p_13_r.asl"": 29, ""role_p_77_r.asl"": 29, ""role_p_45_r.asl"": 29, ""role_p_68_r.asl"": 29, ""role_p_23_r.asl"": 29, ""role_p_38_r.asl"": 29, ""role_p_73_r.asl"": 29, ""role_p_79_r.asl"": 29, ""role_p_59_r.asl"": 29, ""role_p_81_r.asl"": 29, ""role_p_56_r.asl"": 29, ""role_p_33_r.asl"": 29, ""role_p_47_r.asl"": 29, ""role_p_52_r.asl"": 29, ""role_p_48_r.asl"": 29, ""role_p_41_r.asl"": 29, ""role_p_37_r.asl"": 29, ""role_p_75_r.asl"": 29, ""role_p_67_r.asl"": 29, ""role_p_39_r.asl"": 29, ""role_p_66_r.asl"": 29, ""role_p_53_r.asl"": 29, ""role_p_74_r.asl"": 29, ""role_p_62_r.asl"": 29, ""role_p_40_r.asl"": 29, ""role_p_80_r.asl"": 29, ""role_p_44_r.asl"": 29, ""role_p_46_r.asl"": 29, ""role_p_50_r.asl"": 29, ""role_p_71_r.asl"": 29, ""role_p_64_r.asl"": 29, ""role_p_69_r.asl"": 29, ""role_p_54_r.asl"": 29, ""role_p_31_r.asl"": 29, ""role_p_61_r.asl"": 29, ""role_p_19_r.asl"": 29, ""role_p_42_r.asl"": 29, ""role_p_60_r.asl"": 29, ""role_p_57_r.asl"": 29, ""role_p_7_r.asl"": 29}",4.926286509040334,0.21405429399965215,0.0024124519986798987,1.5594778060913086,True,0,0
grid_imports,58,Linux 7.2.3-arch1-2,x86_64,24,30.44,3.14.7,10,10,5,2,2,1,2,2,2,0,0,42,2876,63561,184,14168,"{""director_p_0.asl"": 125, ""director_p_82.asl"": 125, ""director_p_15.asl"": 125, ""director_p_4.asl"": 125, ""director_p_95.asl"": 125, ""director_p_36.asl"": 125, ""director_p_32.asl"": 125, ""director_p_29.asl"": 125, ""director_p_18.asl"": 125, ""director_p_14.asl"": 125, ""director_p_87.asl"": 125, ""director_p_70.asl"": 125, ""director_p_12.asl"": 125, ""director_p_76.asl"": 125, ""director_p_55.asl"": 125, ""director_p_5.asl"": 125, ""director_p_97.asl"": 125, ""director_p_88.asl"": 125, ""director_p_28.asl"": 125, ""director_p_30.asl"": 125, ""director_p_65.asl"": 125, ""director_p_78.asl"": 125, ""director_p_84.asl"": 125, ""director_p_72.asl"": 125, ""director_p_26.asl"": 125, ""director_p_89.asl"": 125, ""director_p_98.asl"": 125, ""director_p_91.asl"": 125, ""director_p_94.asl"": 125, ""director_p_90.asl"": 125, ""director_p_86.asl"": 125, ""director_p_93.asl"": 125, ""director_p_96.asl"": 125, ""director_p_99.asl"": 125, ""director_p_83.asl"": 125, ""director_p_85.asl"": 125, ""director_p_92.asl"": 125, ""director_p_22.asl"": 125, ""director_p_27.asl"": 125, ""director_p_51.asl"": 125, ""director_p_21.asl"": 125, ""director_p_16.asl"": 125, ""director_p_58.asl"": 125, ""director_p_49.asl"": 125, ""director_p_17.asl"": 125, ""director_p_25.asl"": 125, ""director_p_35.asl"": 125, ""director_p_20.asl"": 125, ""director_p_63.asl"": 125, ""director_p_34.asl"": 125, ""director_p_43.asl"": 125, ""director_p_24.asl"": 125, ""director_p_13.asl"": 125, ""director_p_77.asl"": 125, ""director_p_45.asl"": 125, ""director_p_68.asl"": 125, ""director_p_23.asl"": 125, ""director_p_38.asl"": 125, ""director_p_73.asl"": 125, ""director_p_79.asl"": 125, ""director_p_59.asl"": 125, ""director_p_81.asl"": 125, ""director_p_56.asl"": 125, ""director_p_33.asl"": 125, ""director_p_47.asl"": 125, ""director_p_52.asl"": 125, ""director_p_48.asl"": 125, ""director_p_41.asl"": 125, ""director_p_37.asl"": 125, ""director_p_75.asl"": 125, ""director_p_67.asl"": 125, ""director_p_39.asl"": 125, ""director_p_66.asl"": 125, ""director_p_53.asl"": 125, ""director_p_74.asl"": 125, ""director_p_62.asl"": 125, ""director_p_40.asl"": 125, ""director_p_80.asl"": 125, ""director_p_44.asl"": 125, ""director_p_46.asl"": 125, ""director_p_50.asl"": 125, ""director_p_71.asl"": 125, ""director_p_64.asl"": 125, ""director_p_69.asl"": 125, ""director_p_54.asl"": 125, ""director_p_31.asl"": 125, ""director_p_61.asl"": 125, ""director_p_19.asl"": 125, ""director_p_42.asl"": 125, ""director_p_60.asl"": 125, ""director_p_57.asl"": 125, ""director_p_7.asl"": 125, ""role_p_0_r.asl"": 29, ""role_p_82_r.asl"": 29, ""role_p_15_r.asl"": 29, ""role_p_4_r.asl"": 29, ""role_p_95_r.asl"": 29, ""role_p_36_r.asl"": 29, ""role_p_32_r.asl"": 29, ""role_p_29_r.asl"": 29, ""role_p_18_r.asl"": 29, ""role_p_14_r.asl"": 29, ""role_p_87_r.asl"": 29, ""role_p_70_r.asl"": 29, ""role_p_12_r.asl"": 29, ""role_p_76_r.asl"": 29, ""role_p_55_r.asl"": 29, ""role_p_5_r.asl"": 29, ""role_p_97_r.asl"": 29, ""role_p_88_r.asl"": 29, ""role_p_28_r.asl"": 29, ""role_p_30_r.asl"": 29, ""role_p_65_r.asl"": 29, ""role_p_78_r.asl"": 29, ""role_p_84_r.asl"": 29, ""role_p_72_r.asl"": 29, ""role_p_26_r.asl"": 29, ""role_p_89_r.asl"": 29, ""role_p_98_r.asl"": 29, ""role_p_91_r.asl"": 29, ""role_p_94_r.asl"": 29, ""role_p_90_r.asl"": 29, ""role_p_86_r.asl"": 29, ""role_p_93_r.asl"": 29, ""role_p_96_r.asl"": 29, ""role_p_99_r.asl"": 29, ""role_p_83_r.asl"": 29, ""role_p_85_r.asl"": 29, ""role_p_92_r.asl"": 29, ""role_p_22_r.asl"": 29, ""role_p_27_r.asl"": 29, ""role_p_51_r.asl"": 29, ""role_p_21_r.asl"": 29, ""role_p_16_r.asl"": 29, ""role_p_58_r.asl"": 29, ""role_p_49_r.asl"": 29, ""role_p_17_r.asl"": 29, ""role_p_25_r.asl"": 29, ""role_p_35_r.asl"": 29, ""role_p_20_r.asl"": 29, ""role_p_63_r.asl"": 29, ""role_p_34_r.asl"": 29, ""role_p_43_r.asl"": 29, ""role_p_24_r.asl"": 29, ""role_p_13_r.asl"": 29, ""role_p_77_r.asl"": 29, ""role_p_45_r.asl"": 29, ""role_p_68_r.asl"": 29, ""role_p_23_r.asl"": 29, ""role_p_38_r.asl"": 29, ""role_p_73_r.asl"": 29, ""role_p_79_r.asl"": 29, ""role_p_59_r.asl"": 29, ""role_p_81_r.asl"": 29, ""role_p_56_r.asl"": 29, ""role_p_33_r.asl"": 29, ""role_p_47_r.asl"": 29, ""role_p_52_r.asl"": 29, ""role_p_48_r.asl"": 29, ""role_p_41_r.asl"": 29, ""role_p_37_r.asl"": 29, ""role_p_75_r.asl"": 29, ""role_p_67_r.asl"": 29, ""role_p_39_r.asl"": 29, ""role_p_66_r.asl"": 29, ""role_p_53_r.asl"": 29, ""role_p_74_r.asl"": 29, ""role_p_62_r.asl"": 29, ""role_p_40_r.asl"": 29, ""role_p_80_r.asl"": 29, ""role_p_44_r.asl"": 29, ""role_p_46_r.asl"": 29, ""role_p_50_r.asl"": 29, ""role_p_71_r.asl"": 29, ""role_p_64_r.asl"": 29, ""role_p_69_r.asl"": 29, ""role_p_54_r.asl"": 29, ""role_p_31_r.asl"": 29, ""role_p_61_r.asl"": 29, ""role_p_19_r.asl"": 29, ""role_p_42_r.asl"": 29, ""role_p_60_r.asl"": 29, ""role_p_57_r.asl"": 29, ""role_p_7_r.asl"": 29}",4.926286509040334,0.21398002299974905,0.0024203520006267354,1.5602807998657227,True,0,0
grid_imports,59,Linux 7.2.3-arch1-2,x86_64,24,30.44,3.14.7,10,10,5,2,2,1,2,2,2,0,0,42,2876,63561,184,14168,"{""director_p_0.asl"": 125, ""director_p_82.asl"": 125, ""director_p_15.asl"": 125, ""director_p_4.asl"": 125, ""director_p_95.asl"": 125, ""director_p_36.asl"": 125, ""director_p_32.asl"": 125, ""director_p_29.asl"": 125, ""director_p_18.asl"": 125, ""director_p_14.asl"": 125, ""director_p_87.asl"": 125, ""director_p_70.asl"": 125, ""director_p_12.asl"": 125, ""director_p_76.asl"": 125, ""director_p_55.asl"": 125, ""director_p_5.asl"": 125, ""director_p_97.asl"": 125, ""director_p_88.asl"": 125, ""director_p_28.asl"": 125, ""director_p_30.asl"": 125, ""director_p_65.asl"": 125, ""director_p_78.asl"": 125, ""director_p_84.asl"": 125, ""director_p_72.asl"": 125, ""director_p_26.asl"": 125, ""director_p_89.asl"": 125, ""director_p_98.asl"": 125, ""director_p_91.asl"": 125, ""director_p_94.asl"": 125, ""director_p_90.asl"": 125, ""director_p_86.asl"": 125, ""director_p_93.asl"": 125, ""director_p_96.asl"": 125, ""director_p_99.asl"": 125, ""director_p_83.asl"": 125, ""director_p_85.asl"": 125, ""director_p_92.asl"": 125, ""director_p_22.asl"": 125, ""director_p_27.asl"": 125, ""director_p_51.asl"": 125, ""director_p_21.asl"": 125, ""director_p_16.asl"": 125, ""director_p_58.asl"": 125, ""director_p_49.asl"": 125, ""director_p_17.asl"": 125, ""director_p_25.asl"": 125, ""director_p_35.asl"": 125, ""director_p_20.asl"": 125, ""director_p_63.asl"": 125, ""director_p_34.asl"": 125, ""director_p_43.asl"": 125, ""director_p_24.asl"": 125, ""director_p_13.asl"": 125, ""director_p_77.asl"": 125, ""director_p_45.asl"": 125, ""director_p_68.asl"": 125, ""director_p_23.asl"": 125, ""director_p_38.asl"": 125, ""director_p_73.asl"": 125, ""director_p_79.asl"": 125, ""director_p_59.asl"": 125, ""director_p_81.asl"": 125, ""director_p_56.asl"": 125, ""director_p_33.asl"": 125, ""director_p_47.asl"": 125, ""director_p_52.asl"": 125, ""director_p_48.asl"": 125, ""director_p_41.asl"": 125, ""director_p_37.asl"": 125, ""director_p_75.asl"": 125, ""director_p_67.asl"": 125, ""director_p_39.asl"": 125, ""director_p_66.asl"": 125, ""director_p_53.asl"": 125, ""director_p_74.asl"": 125, ""director_p_62.asl"": 125, ""director_p_40.asl"": 125, ""director_p_80.asl"": 125, ""director_p_44.asl"": 125, ""director_p_46.asl"": 125, ""director_p_50.asl"": 125, ""director_p_71.asl"": 125, ""director_p_64.asl"": 125, ""director_p_69.asl"": 125, ""director_p_54.asl"": 125, ""director_p_31.asl"": 125, ""director_p_61.asl"": 125, ""director_p_19.asl"": 125, ""director_p_42.asl"": 125, ""director_p_60.asl"": 125, ""director_p_57.asl"": 125, ""director_p_7.asl"": 125, ""role_p_0_r.asl"": 29, ""role_p_82_r.asl"": 29, ""role_p_15_r.asl"": 29, ""role_p_4_r.asl"": 29, ""role_p_95_r.asl"": 29, ""role_p_36_r.asl"": 29, ""role_p_32_r.asl"": 29, ""role_p_29_r.asl"": 29, ""role_p_18_r.asl"": 29, ""role_p_14_r.asl"": 29, ""role_p_87_r.asl"": 29, ""role_p_70_r.asl"": 29, ""role_p_12_r.asl"": 29, ""role_p_76_r.asl"": 29, ""role_p_55_r.asl"": 29, ""role_p_5_r.asl"": 29, ""role_p_97_r.asl"": 29, ""role_p_88_r.asl"": 29, ""role_p_28_r.asl"": 29, ""role_p_30_r.asl"": 29, ""role_p_65_r.asl"": 29, ""role_p_78_r.asl"": 29, ""role_p_84_r.asl"": 29, ""role_p_72_r.asl"": 29, ""role_p_26_r.asl"": 29, ""role_p_89_r.asl"": 29, ""role_p_98_r.asl"": 29, ""role_p_91_r.asl"": 29, ""role_p_94_r.asl"": 29, ""role_p_90_r.asl"": 29, ""role_p_86_r.asl"": 29, ""role_p_93_r.asl"": 29, ""role_p_96_r.asl"": 29, ""role_p_99_r.asl"": 29, ""role_p_83_r.asl"": 29, ""role_p_85_r.asl"": 29, ""role_p_92_r.asl"": 29, ""role_p_22_r.asl"": 29, ""role_p_27_r.asl"": 29, ""role_p_51_r.asl"": 29, ""role_p_21_r.asl"": 29, ""role_p_16_r.asl"": 29, ""role_p_58_r.asl"": 29, ""role_p_49_r.asl"": 29, ""role_p_17_r.asl"": 29, ""role_p_25_r.asl"": 29, ""role_p_35_r.asl"": 29, ""role_p_20_r.asl"": 29, ""role_p_63_r.asl"": 29, ""role_p_34_r.asl"": 29, ""role_p_43_r.asl"": 29, ""role_p_24_r.asl"": 29, ""role_p_13_r.asl"": 29, ""role_p_77_r.asl"": 29, ""role_p_45_r.asl"": 29, ""role_p_68_r.asl"": 29, ""role_p_23_r.asl"": 29, ""role_p_38_r.asl"": 29, ""role_p_73_r.asl"": 29, ""role_p_79_r.asl"": 29, ""role_p_59_r.asl"": 29, ""role_p_81_r.asl"": 29, ""role_p_56_r.asl"": 29, ""role_p_33_r.asl"": 29, ""role_p_47_r.asl"": 29, ""role_p_52_r.asl"": 29, ""role_p_48_r.asl"": 29, ""role_p_41_r.asl"": 29, ""role_p_37_r.asl"": 29, ""role_p_75_r.asl"": 29, ""role_p_67_r.asl"": 29, ""role_p_39_r.asl"": 29, ""role_p_66_r.asl"": 29, ""role_p_53_r.asl"": 29, ""role_p_74_r.asl"": 29, ""role_p_62_r.asl"": 29, ""role_p_40_r.asl"": 29, ""role_p_80_r.asl"": 29, ""role_p_44_r.asl"": 29, ""role_p_46_r.asl"": 29, ""role_p_50_r.asl"": 29, ""role_p_71_r.asl"": 29, ""role_p_64_r.asl"": 29, ""role_p_69_r.asl"": 29, ""role_p_54_r.asl"": 29, ""role_p_31_r.asl"": 29, ""role_p_61_r.asl"": 29, ""role_p_19_r.asl"": 29, ""role_p_42_r.asl"": 29, ""role_p_60_r.asl"": 29, ""role_p_57_r.asl"": 29, ""role_p_7_r.asl"": 29}",4.926286509040334,0.21648611600176082,0.0024518829995940905,1.5604009628295898,True,0,0
grid_imports,60,Linux 7.2.3-arch1-2,x86_64,24,30.44,3.14.7,10,10,5,2,2,1,2,2,2,0,0,42,2000,35117,10,770,"{""director_p_0.asl"": 125, ""director_p_164.asl"": 125, ""director_p_187.asl"": 125, ""director_p_244.asl"": 125, ""director_p_249.asl"": 125, ""role_p_0_r.asl"": 29, ""role_p_164_r.asl"": 29, ""role_p_187_r.asl"": 29, ""role_p_244_r.asl"": 29, ""role_p_249_r.asl"": 29}",0.385,0.00984206999783055,0.00016359900109819137,0.146270751953125,True,0,0
grid_imports,61,Linux 7.2.3-arch1-2,x86_64,24,30.44,3.14.7,10,10,5,2,2,1,2,2,2,0,0,42,2000,35117,10,770,"{""director_p_0.asl"": 125, ""director_p_164.asl"": 125, ""director_p_187.asl"": 125, ""director_p_244.asl"": 125, ""director_p_249.asl"": 125, ""role_p_0_r.asl"": 29, ""role_p_164_r.asl"": 29, ""role_p_187_r.asl"": 29, ""role_p_244_r.asl"": 29, ""role_p_249_r.asl"": 29}",0.385,0.009764810001797741,0.000151680000271881,0.14584064483642578,True,0,0
grid_imports,62,Linux 7.2.3-arch1-2,x86_64,24,30.44,3.14.7,10,10,5,2,2,1,2,2,2,0,0,42,2000,35117,10,770,"{""director_p_0.asl"": 125, ""director_p_164.asl"": 125, ""director_p_187.asl"": 125, ""director_p_244.asl"": 125, ""director_p_249.asl"": 125, ""role_p_0_r.asl"": 29, ""role_p_164_r.asl"": 29, ""role_p_187_r.asl"": 29, ""role_p_244_r.asl"": 29, ""role_p_249_r.asl"": 29}",0.385,0.009760560002177954,0.00015598899699398316,0.14662837982177734,True,0,0
grid_imports,63,Linux 7.2.3-arch1-2,x86_64,24,30.44,3.14.7,10,10,5,2,2,1,2,2,2,0,0,42,2000,35117,10,770,"{""director_p_0.asl"": 125, ""director_p_164.asl"": 125, ""director_p_187.asl"": 125, ""director_p_244.asl"": 125, ""director_p_249.asl"": 125, ""role_p_0_r.asl"": 29, ""role_p_164_r.asl"": 29, ""role_p_187_r.asl"": 29, ""role_p_244_r.asl"": 29, ""role_p_249_r.asl"": 29}",0.385,0.009857308999926317,0.00015055999756441452,0.14584064483642578,True,0,0
grid_imports,64,Linux 7.2.3-arch1-2,x86_64,24,30.44,3.14.7,10,10,5,2,2,1,2,2,2,0,0,42,2000,35117,10,770,"{""director_p_0.asl"": 125, ""director_p_164.asl"": 125, ""director_p_187.asl"": 125, ""director_p_244.asl"": 125, ""director_p_249.asl"": 125, ""role_p_0_r.asl"": 29, ""role_p_164_r.asl"": 29, ""role_p_187_r.asl"": 29, ""role_p_244_r.asl"": 29, ""role_p_249_r.asl"": 29}",0.385,0.009634619997086702,0.00015046000044094399,0.14566802978515625,True,0,0
grid_imports,65,Linux 7.2.3-arch1-2,x86_64,24,30.44,3.14.7,10,10,5,2,2,1,2,2,2,0,0,42,2986,59666,274,21098,"{""director_p_0.asl"": 125, ""director_p_164.asl"": 125, ""director_p_29.asl"": 125, ""director_p_7.asl"": 125, ""director_p_190.asl"": 125, ""director_p_71.asl"": 125, ""director_p_206.asl"": 125, ""director_p_196.asl"": 125, ""director_p_176.asl"": 125, ""director_p_200.asl"": 125, ""director_p_222.asl"": 125, ""director_p_65.asl"": 125, ""director_p_93.asl"": 125, ""director_p_220.asl"": 125, ""director_p_173.asl"": 125, ""director_p_167.asl"": 125, ""director_p_79.asl"": 125, ""director_p_215.asl"": 125, ""director_p_230.asl"": 125, ""director_p_9.asl"": 125, ""director_p_202.asl"": 125, ""director_p_226.asl"": 125, ""director_p_195.asl"": 125, ""director_p_201.asl"": 125, ""director_p_191.asl"": 125, ""director_p_217.asl"": 125, ""director_p_147.asl"": 125, ""director_p_127.asl"": 125, ""director_p_86.asl"": 125, ""director_p_210.asl"": 125, ""director_p_224.asl"": 125, ""director_p_218.asl"": 125, ""director_p_244.asl"": 125, ""director_p_234.asl"": 125, ""director_p_247.asl"": 125, ""director_p_211.asl"": 125, ""director_p_238.asl"": 125, ""director_p_214.asl"": 125, ""director_p_249.asl"": 125, ""director_p_204.asl"": 125, ""director_p_212.asl"": 125, ""director_p_245.asl"": 125, ""director_p_233.asl"": 125, ""director_p_235.asl"": 125, ""director_p_236.asl"": 125, ""director_p_248.asl"": 125, ""director_p_239.asl"": 125, ""director_p_231.asl"": 125, ""director_p_179.asl"": 125, ""director_p_91.asl"": 125, ""director_p_78.asl"": 125, ""director_p_232.asl"": 125, ""director_p_103.asl"": 125, ""director_p_188.asl"": 125, ""director_p_243.asl"": 125, ""director_p_240.asl"": 125, ""director_p_237.asl"": 125, ""director_p_225.asl"": 125, ""director_p_241.asl"": 125, ""director_p_228.asl"": 125, ""director_p_216.asl"": 125, ""director_p_213.asl"": 125, ""director_p_160.asl"": 125, ""director_p_141.asl"": 125, ""director_p_181.asl"": 125, ""director_p_113.asl"": 125, ""director_p_242.asl"": 125, ""director_p_81.asl"": 125, ""director_p_49.asl"": 125, ""director_p_205.asl"": 125, ""director_p_96.asl"": 125, ""director_p_223.asl"": 125, ""director_p_219.asl"": 125, ""director_p_208.asl"": 125, ""director_p_203.asl"": 125, ""director_p_207.asl"": 125, ""director_p_227.asl"": 125, ""director_p_192.asl"": 125, ""director_p_156.asl"": 125, ""director_p_170.asl"": 125, ""director_p_168.asl"": 125, ""director_p_197.asl"": 125, ""director_p_138.asl"": 125, ""director_p_121.asl"": 125, ""director_p_154.asl"": 125, ""director_p_116.asl"": 125, ""director_p_114.asl"": 125, ""director_p_229.asl"": 125, ""director_p_246.asl"": 125, ""director_p_185.asl"": 125, ""director_p_186.asl"": 125, ""director_p_159.asl"": 125, ""director_p_133.asl"": 125, ""director_p_145.asl"": 125, ""director_p_131.asl"": 125, ""director_p_111.asl"": 125, ""director_p_174.asl"": 125, ""director_p_152.asl"": 125, ""director_p_84.asl"": 125, ""director_p_199.asl"": 125, ""director_p_107.asl"": 125, ""director_p_101.asl"": 125, ""director_p_123.asl"": 125, ""director_p_187.asl"": 125, ""director_p_136.asl"": 125, ""director_p_209.asl"": 125, ""director_p_182.asl"": 125, ""director_p_194.asl"": 125, ""director_p_128.asl"": 125, ""director_p_158.asl"": 125, ""director_p_161.asl"": 125, ""director_p_178.asl"": 125, ""director_p_139.asl"": 125, ""director_p_189.asl"": 125, ""director_p_112.asl"": 125, ""director_p_157.asl"": 125, ""director_p_125.asl"": 125, ""director_p_162.asl"": 125, ""director_p_108.asl"": 125, ""director_p_151.asl"": 125, ""director_p_155.asl"": 125, ""director_p_146.asl"": 125, ""director_p_148.asl"": 125, ""director_p_184.asl"": 125, ""director_p_180.asl"": 125, ""director_p_166.asl"": 125, ""director_p_163.asl"": 125, ""director_p_126.asl"": 125, ""director_p_193.asl"": 125, ""director_p_140.asl"": 125, ""director_p_165.asl"": 125, ""director_p_149.asl"": 125, ""director_p_153.asl"": 125, ""director_p_198.asl"": 125, ""director_p_144.asl"": 125, ""director_p_175.asl"": 125, ""director_p_169.asl"": 125, ""role_p_0_r.asl"": 29, ""role_p_164_r.asl"": 29, ""role_p_29_r.asl"": 29, ""role_p_7_r.asl"": 29, ""role_p_190_r.asl"": 29, ""role_p_71_r.asl"": 29, ""role_p_206_r.asl"": 29, ""role_p_196_r.asl"": 29, ""role_p_176_r.asl"": 29, ""role_p_200_r.asl"": 29, ""role_p_222_r.asl"": 29, ""role_p_65_r.asl"": 29, ""role_p_93_r.asl"": 29, ""role_p_220_r.asl"": 29, ""role_p_173_r.asl"": 29, ""role_p_167_r.asl"": 29, ""role_p_79_r.asl"": 29, ""role_p_215_r.asl"": 29, ""role_p_230_r.asl"": 29, ""role_p_9_r.asl"": 29, ""role_p_202_r.asl"": 29, ""role_p_226_r.asl"": 29, ""role_p_195_r.asl"": 29, ""role_p_201_r.asl"": 29, ""role_p_191_r.asl"": 29, ""role_p_217_r.asl"": 29, ""role_p_147_r.asl"": 29, ""role_p_127_r.asl"": 29, ""role_p_86_r.asl"": 29, ""role_p_210_r.asl"": 29, ""role_p_224_r.asl"": 29, ""role_p_218_r.asl"": 29, ""role_p_244_r.asl"": 29, ""role_p_234_r.asl"": 29, ""role_p_247_r.asl"": 29, ""role_p_211_r.asl"": 29, ""role_p_238_r.asl"": 29, ""role_p_214_r.asl"": 29, ""role_p_249_r.asl"": 29, ""role_p_204_r.asl"": 29, ""role_p_212_r.asl"": 29, ""role_p_245_r.asl"": 29, ""role_p_233_r.asl"": 29, ""role_p_235_r.asl"": 29, ""role_p_236_r.asl"": 29, ""role_p_248_r.asl"": 29, ""role_p_239_r.asl"": 29, ""role_p_231_r.asl"": 29, ""role_p_179_r.asl"": 29, ""role_p_91_r.asl"": 29, ""role_p_78_r.asl"": 29, ""role_p_232_r.asl"": 29, ""role_p_103_r.asl"": 29, ""role_p_188_r.asl"": 29, ""role_p_243_r.asl"": 29, ""role_p_240_r.asl"": 29, ""role_p_237_r.asl"": 29, ""role_p_225_r.asl"": 29, ""role_p_241_r.asl"": 29, ""role_p_228_r.asl"": 29, ""role_p_216_r.asl"": 29, ""role_p_213_r.asl"": 29, ""role_p_160_r.asl"": 29, ""role_p_141_r.asl"": 29, ""role_p_181_r.asl"": 29, ""role_p_113_r.asl"": 29, ""role_p_242_r.asl"": 29, ""role_p_81_r.asl"": 29, ""role_p_49_r.asl"": 29, ""role_p_205_r.asl"": 29, ""role_p_96_r.asl"": 29, ""role_p_223_r.asl"": 29, ""role_p_219_r.asl"": 29, ""role_p_208_r.asl"": 29, ""role_p_203_r.asl"": 29, ""role_p_207_r.asl"": 29, ""role_p_227_r.asl"": 29, ""role_p_192_r.asl"": 29, ""role_p_156_r.asl"": 29, ""role_p_170_r.asl"": 29, ""role_p_168_r.asl"": 29, ""role_p_197_r.asl"": 29, ""role_p_138_r.asl"": 29, ""role_p_121_r.asl"": 29, ""role_p_154_r.asl"": 29, ""role_p_116_r.asl"": 29, ""role_p_114_r.asl"": 29, ""role_p_229_r.asl"": 29, ""role_p_246_r.asl"": 29, ""role_p_185_r.asl"": 29, ""role_p_186_r.asl"": 29, ""role_p_159_r.asl"": 29, ""role_p_133_r.asl"": 29, ""role_p_145_r.asl"": 29, ""role_p_131_r.asl"": 29, ""role_p_111_r.asl"": 29, ""role_p_174_r.asl"": 29, ""role_p_152_r.asl"": 29, ""role_p_84_r.asl"": 29, ""role_p_199_r.asl"": 29, ""role_p_107_r.asl"": 29, ""role_p_101_r.asl"": 29, ""role_p_123_r.asl"": 29, ""role_p_187_r.asl"": 29, ""role_p_136_r.asl"": 29, ""role_p_209_r.asl"": 29, ""role_p_182_r.asl"": 29, ""role_p_194_r.asl"": 29, ""role_p_128_r.asl"": 29, ""role_p_158_r.asl"": 29, ""role_p_161_r.asl"": 29, ""role_p_178_r.asl"": 29, ""role_p_139_r.asl"": 29, ""role_p_189_r.asl"": 29, ""role_p_112_r.asl"": 29, ""role_p_157_r.asl"": 29, ""role_p_125_r.asl"": 29, ""role_p_162_r.asl"": 29, ""role_p_108_r.asl"": 29, ""role_p_151_r.asl"": 29, ""role_p_155_r.asl"": 29, ""role_p_146_r.asl"": 29, ""role_p_148_r.asl"": 29, ""role_p_184_r.asl"": 29, ""role_p_180_r.asl"": 29, ""role_p_166_r.asl"": 29, ""role_p_163_r.asl"": 29, ""role_p_126_r.asl"": 29, ""role_p_193_r.asl"": 29, ""role_p_140_r.asl"": 29, ""role_p_165_r.asl"": 29, ""role_p_149_r.asl"": 29, ""role_p_153_r.asl"": 29, ""role_p_198_r.asl"": 29, ""role_p_144_r.asl"": 29, ""role_p_175_r.asl"": 29, ""role_p_169_r.asl"": 29}",7.06563965170797,0.1205467600011616,0.003647538000222994,1.6298332214355469,True,0,0
grid_imports,66,Linux 7.2.3-arch1-2,x86_64,24,30.44,3.14.7,10,10,5,2,2,1,2,2,2,0,0,42,2986,59666,274,21098,"{""director_p_0.asl"": 125, ""director_p_164.asl"": 125, ""director_p_29.asl"": 125, ""director_p_7.asl"": 125, ""director_p_190.asl"": 125, ""director_p_71.asl"": 125, ""director_p_206.asl"": 125, ""director_p_196.asl"": 125, ""director_p_176.asl"": 125, ""director_p_200.asl"": 125, ""director_p_222.asl"": 125, ""director_p_65.asl"": 125, ""director_p_93.asl"": 125, ""director_p_220.asl"": 125, ""director_p_173.asl"": 125, ""director_p_167.asl"": 125, ""director_p_79.asl"": 125, ""director_p_215.asl"": 125, ""director_p_230.asl"": 125, ""director_p_9.asl"": 125, ""director_p_202.asl"": 125, ""director_p_226.asl"": 125, ""director_p_195.asl"": 125, ""director_p_201.asl"": 125, ""director_p_191.asl"": 125, ""director_p_217.asl"": 125, ""director_p_147.asl"": 125, ""director_p_127.asl"": 125, ""director_p_86.asl"": 125, ""director_p_210.asl"": 125, ""director_p_224.asl"": 125, ""director_p_218.asl"": 125, ""director_p_244.asl"": 125, ""director_p_234.asl"": 125, ""director_p_247.asl"": 125, ""director_p_211.asl"": 125, ""director_p_238.asl"": 125, ""director_p_214.asl"": 125, ""director_p_249.asl"": 125, ""director_p_204.asl"": 125, ""director_p_212.asl"": 125, ""director_p_245.asl"": 125, ""director_p_233.asl"": 125, ""director_p_235.asl"": 125, ""director_p_236.asl"": 125, ""director_p_248.asl"": 125, ""director_p_239.asl"": 125, ""director_p_231.asl"": 125, ""director_p_179.asl"": 125, ""director_p_91.asl"": 125, ""director_p_78.asl"": 125, ""director_p_232.asl"": 125, ""director_p_103.asl"": 125, ""director_p_188.asl"": 125, ""director_p_243.asl"": 125, ""director_p_240.asl"": 125, ""director_p_237.asl"": 125, ""director_p_225.asl"": 125, ""director_p_241.asl"": 125, ""director_p_228.asl"": 125, ""director_p_216.asl"": 125, ""director_p_213.asl"": 125, ""director_p_160.asl"": 125, ""director_p_141.asl"": 125, ""director_p_181.asl"": 125, ""director_p_113.asl"": 125, ""director_p_242.asl"": 125, ""director_p_81.asl"": 125, ""director_p_49.asl"": 125, ""director_p_205.asl"": 125, ""director_p_96.asl"": 125, ""director_p_223.asl"": 125, ""director_p_219.asl"": 125, ""director_p_208.asl"": 125, ""director_p_203.asl"": 125, ""director_p_207.asl"": 125, ""director_p_227.asl"": 125, ""director_p_192.asl"": 125, ""director_p_156.asl"": 125, ""director_p_170.asl"": 125, ""director_p_168.asl"": 125, ""director_p_197.asl"": 125, ""director_p_138.asl"": 125, ""director_p_121.asl"": 125, ""director_p_154.asl"": 125, ""director_p_116.asl"": 125, ""director_p_114.asl"": 125, ""director_p_229.asl"": 125, ""director_p_246.asl"": 125, ""director_p_185.asl"": 125, ""director_p_186.asl"": 125, ""director_p_159.asl"": 125, ""director_p_133.asl"": 125, ""director_p_145.asl"": 125, ""director_p_131.asl"": 125, ""director_p_111.asl"": 125, ""director_p_174.asl"": 125, ""director_p_152.asl"": 125, ""director_p_84.asl"": 125, ""director_p_199.asl"": 125, ""director_p_107.asl"": 125, ""director_p_101.asl"": 125, ""director_p_123.asl"": 125, ""director_p_187.asl"": 125, ""director_p_136.asl"": 125, ""director_p_209.asl"": 125, ""director_p_182.asl"": 125, ""director_p_194.asl"": 125, ""director_p_128.asl"": 125, ""director_p_158.asl"": 125, ""director_p_161.asl"": 125, ""director_p_178.asl"": 125, ""director_p_139.asl"": 125, ""director_p_189.asl"": 125, ""director_p_112.asl"": 125, ""director_p_157.asl"": 125, ""director_p_125.asl"": 125, ""director_p_162.asl"": 125, ""director_p_108.asl"": 125, ""director_p_151.asl"": 125, ""director_p_155.asl"": 125, ""director_p_146.asl"": 125, ""director_p_148.asl"": 125, ""director_p_184.asl"": 125, ""director_p_180.asl"": 125, ""director_p_166.asl"": 125, ""director_p_163.asl"": 125, ""director_p_126.asl"": 125, ""director_p_193.asl"": 125, ""director_p_140.asl"": 125, ""director_p_165.asl"": 125, ""director_p_149.asl"": 125, ""director_p_153.asl"": 125, ""director_p_198.asl"": 125, ""director_p_144.asl"": 125, ""director_p_175.asl"": 125, ""director_p_169.asl"": 125, ""role_p_0_r.asl"": 29, ""role_p_164_r.asl"": 29, ""role_p_29_r.asl"": 29, ""role_p_7_r.asl"": 29, ""role_p_190_r.asl"": 29, ""role_p_71_r.asl"": 29, ""role_p_206_r.asl"": 29, ""role_p_196_r.asl"": 29, ""role_p_176_r.asl"": 29, ""role_p_200_r.asl"": 29, ""role_p_222_r.asl"": 29, ""role_p_65_r.asl"": 29, ""role_p_93_r.asl"": 29, ""role_p_220_r.asl"": 29, ""role_p_173_r.asl"": 29, ""role_p_167_r.asl"": 29, ""role_p_79_r.asl"": 29, ""role_p_215_r.asl"": 29, ""role_p_230_r.asl"": 29, ""role_p_9_r.asl"": 29, ""role_p_202_r.asl"": 29, ""role_p_226_r.asl"": 29, ""role_p_195_r.asl"": 29, ""role_p_201_r.asl"": 29, ""role_p_191_r.asl"": 29, ""role_p_217_r.asl"": 29, ""role_p_147_r.asl"": 29, ""role_p_127_r.asl"": 29, ""role_p_86_r.asl"": 29, ""role_p_210_r.asl"": 29, ""role_p_224_r.asl"": 29, ""role_p_218_r.asl"": 29, ""role_p_244_r.asl"": 29, ""role_p_234_r.asl"": 29, ""role_p_247_r.asl"": 29, ""role_p_211_r.asl"": 29, ""role_p_238_r.asl"": 29, ""role_p_214_r.asl"": 29, ""role_p_249_r.asl"": 29, ""role_p_204_r.asl"": 29, ""role_p_212_r.asl"": 29, ""role_p_245_r.asl"": 29, ""role_p_233_r.asl"": 29, ""role_p_235_r.asl"": 29, ""role_p_236_r.asl"": 29, ""role_p_248_r.asl"": 29, ""role_p_239_r.asl"": 29, ""role_p_231_r.asl"": 29, ""role_p_179_r.asl"": 29, ""role_p_91_r.asl"": 29, ""role_p_78_r.asl"": 29, ""role_p_232_r.asl"": 29, ""role_p_103_r.asl"": 29, ""role_p_188_r.asl"": 29, ""role_p_243_r.asl"": 29, ""role_p_240_r.asl"": 29, ""role_p_237_r.asl"": 29, ""role_p_225_r.asl"": 29, ""role_p_241_r.asl"": 29, ""role_p_228_r.asl"": 29, ""role_p_216_r.asl"": 29, ""role_p_213_r.asl"": 29, ""role_p_160_r.asl"": 29, ""role_p_141_r.asl"": 29, ""role_p_181_r.asl"": 29, ""role_p_113_r.asl"": 29, ""role_p_242_r.asl"": 29, ""role_p_81_r.asl"": 29, ""role_p_49_r.asl"": 29, ""role_p_205_r.asl"": 29, ""role_p_96_r.asl"": 29, ""role_p_223_r.asl"": 29, ""role_p_219_r.asl"": 29, ""role_p_208_r.asl"": 29, ""role_p_203_r.asl"": 29, ""role_p_207_r.asl"": 29, ""role_p_227_r.asl"": 29, ""role_p_192_r.asl"": 29, ""role_p_156_r.asl"": 29, ""role_p_170_r.asl"": 29, ""role_p_168_r.asl"": 29, ""role_p_197_r.asl"": 29, ""role_p_138_r.asl"": 29, ""role_p_121_r.asl"": 29, ""role_p_154_r.asl"": 29, ""role_p_116_r.asl"": 29, ""role_p_114_r.asl"": 29, ""role_p_229_r.asl"": 29, ""role_p_246_r.asl"": 29, ""role_p_185_r.asl"": 29, ""role_p_186_r.asl"": 29, ""role_p_159_r.asl"": 29, ""role_p_133_r.asl"": 29, ""role_p_145_r.asl"": 29, ""role_p_131_r.asl"": 29, ""role_p_111_r.asl"": 29, ""role_p_174_r.asl"": 29, ""role_p_152_r.asl"": 29, ""role_p_84_r.asl"": 29, ""role_p_199_r.asl"": 29, ""role_p_107_r.asl"": 29, ""role_p_101_r.asl"": 29, ""role_p_123_r.asl"": 29, ""role_p_187_r.asl"": 29, ""role_p_136_r.asl"": 29, ""role_p_209_r.asl"": 29, ""role_p_182_r.asl"": 29, ""role_p_194_r.asl"": 29, ""role_p_128_r.asl"": 29, ""role_p_158_r.asl"": 29, ""role_p_161_r.asl"": 29, ""role_p_178_r.asl"": 29, ""role_p_139_r.asl"": 29, ""role_p_189_r.asl"": 29, ""role_p_112_r.asl"": 29, ""role_p_157_r.asl"": 29, ""role_p_125_r.asl"": 29, ""role_p_162_r.asl"": 29, ""role_p_108_r.asl"": 29, ""role_p_151_r.asl"": 29, ""role_p_155_r.asl"": 29, ""role_p_146_r.asl"": 29, ""role_p_148_r.asl"": 29, ""role_p_184_r.asl"": 29, ""role_p_180_r.asl"": 29, ""role_p_166_r.asl"": 29, ""role_p_163_r.asl"": 29, ""role_p_126_r.asl"": 29, ""role_p_193_r.asl"": 29, ""role_p_140_r.asl"": 29, ""role_p_165_r.asl"": 29, ""role_p_149_r.asl"": 29, ""role_p_153_r.asl"": 29, ""role_p_198_r.asl"": 29, ""role_p_144_r.asl"": 29, ""role_p_175_r.asl"": 29, ""role_p_169_r.asl"": 29}",7.06563965170797,0.11761462999857031,0.003533379000145942,1.6323118209838867,True,0,0
grid_imports,67,Linux 7.2.3-arch1-2,x86_64,24,30.44,3.14.7,10,10,5,2,2,1,2,2,2,0,0,42,2986,59666,274,21098,"{""director_p_0.asl"": 125, ""director_p_164.asl"": 125, ""director_p_29.asl"": 125, ""director_p_7.asl"": 125, ""director_p_190.asl"": 125, ""director_p_71.asl"": 125, ""director_p_206.asl"": 125, ""director_p_196.asl"": 125, ""director_p_176.asl"": 125, ""director_p_200.asl"": 125, ""director_p_222.asl"": 125, ""director_p_65.asl"": 125, ""director_p_93.asl"": 125, ""director_p_220.asl"": 125, ""director_p_173.asl"": 125, ""director_p_167.asl"": 125, ""director_p_79.asl"": 125, ""director_p_215.asl"": 125, ""director_p_230.asl"": 125, ""director_p_9.asl"": 125, ""director_p_202.asl"": 125, ""director_p_226.asl"": 125, ""director_p_195.asl"": 125, ""director_p_201.asl"": 125, ""director_p_191.asl"": 125, ""director_p_217.asl"": 125, ""director_p_147.asl"": 125, ""director_p_127.asl"": 125, ""director_p_86.asl"": 125, ""director_p_210.asl"": 125, ""director_p_224.asl"": 125, ""director_p_218.asl"": 125, ""director_p_244.asl"": 125, ""director_p_234.asl"": 125, ""director_p_247.asl"": 125, ""director_p_211.asl"": 125, ""director_p_238.asl"": 125, ""director_p_214.asl"": 125, ""director_p_249.asl"": 125, ""director_p_204.asl"": 125, ""director_p_212.asl"": 125, ""director_p_245.asl"": 125, ""director_p_233.asl"": 125, ""director_p_235.asl"": 125, ""director_p_236.asl"": 125, ""director_p_248.asl"": 125, ""director_p_239.asl"": 125, ""director_p_231.asl"": 125, ""director_p_179.asl"": 125, ""director_p_91.asl"": 125, ""director_p_78.asl"": 125, ""director_p_232.asl"": 125, ""director_p_103.asl"": 125, ""director_p_188.asl"": 125, ""director_p_243.asl"": 125, ""director_p_240.asl"": 125, ""director_p_237.asl"": 125, ""director_p_225.asl"": 125, ""director_p_241.asl"": 125, ""director_p_228.asl"": 125, ""director_p_216.asl"": 125, ""director_p_213.asl"": 125, ""director_p_160.asl"": 125, ""director_p_141.asl"": 125, ""director_p_181.asl"": 125, ""director_p_113.asl"": 125, ""director_p_242.asl"": 125, ""director_p_81.asl"": 125, ""director_p_49.asl"": 125, ""director_p_205.asl"": 125, ""director_p_96.asl"": 125, ""director_p_223.asl"": 125, ""director_p_219.asl"": 125, ""director_p_208.asl"": 125, ""director_p_203.asl"": 125, ""director_p_207.asl"": 125, ""director_p_227.asl"": 125, ""director_p_192.asl"": 125, ""director_p_156.asl"": 125, ""director_p_170.asl"": 125, ""director_p_168.asl"": 125, ""director_p_197.asl"": 125, ""director_p_138.asl"": 125, ""director_p_121.asl"": 125, ""director_p_154.asl"": 125, ""director_p_116.asl"": 125, ""director_p_114.asl"": 125, ""director_p_229.asl"": 125, ""director_p_246.asl"": 125, ""director_p_185.asl"": 125, ""director_p_186.asl"": 125, ""director_p_159.asl"": 125, ""director_p_133.asl"": 125, ""director_p_145.asl"": 125, ""director_p_131.asl"": 125, ""director_p_111.asl"": 125, ""director_p_174.asl"": 125, ""director_p_152.asl"": 125, ""director_p_84.asl"": 125, ""director_p_199.asl"": 125, ""director_p_107.asl"": 125, ""director_p_101.asl"": 125, ""director_p_123.asl"": 125, ""director_p_187.asl"": 125, ""director_p_136.asl"": 125, ""director_p_209.asl"": 125, ""director_p_182.asl"": 125, ""director_p_194.asl"": 125, ""director_p_128.asl"": 125, ""director_p_158.asl"": 125, ""director_p_161.asl"": 125, ""director_p_178.asl"": 125, ""director_p_139.asl"": 125, ""director_p_189.asl"": 125, ""director_p_112.asl"": 125, ""director_p_157.asl"": 125, ""director_p_125.asl"": 125, ""director_p_162.asl"": 125, ""director_p_108.asl"": 125, ""director_p_151.asl"": 125, ""director_p_155.asl"": 125, ""director_p_146.asl"": 125, ""director_p_148.asl"": 125, ""director_p_184.asl"": 125, ""director_p_180.asl"": 125, ""director_p_166.asl"": 125, ""director_p_163.asl"": 125, ""director_p_126.asl"": 125, ""director_p_193.asl"": 125, ""director_p_140.asl"": 125, ""director_p_165.asl"": 125, ""director_p_149.asl"": 125, ""director_p_153.asl"": 125, ""director_p_198.asl"": 125, ""director_p_144.asl"": 125, ""director_p_175.asl"": 125, ""director_p_169.asl"": 125, ""role_p_0_r.asl"": 29, ""role_p_164_r.asl"": 29, ""role_p_29_r.asl"": 29, ""role_p_7_r.asl"": 29, ""role_p_190_r.asl"": 29, ""role_p_71_r.asl"": 29, ""role_p_206_r.asl"": 29, ""role_p_196_r.asl"": 29, ""role_p_176_r.asl"": 29, ""role_p_200_r.asl"": 29, ""role_p_222_r.asl"": 29, ""role_p_65_r.asl"": 29, ""role_p_93_r.asl"": 29, ""role_p_220_r.asl"": 29, ""role_p_173_r.asl"": 29, ""role_p_167_r.asl"": 29, ""role_p_79_r.asl"": 29, ""role_p_215_r.asl"": 29, ""role_p_230_r.asl"": 29, ""role_p_9_r.asl"": 29, ""role_p_202_r.asl"": 29, ""role_p_226_r.asl"": 29, ""role_p_195_r.asl"": 29, ""role_p_201_r.asl"": 29, ""role_p_191_r.asl"": 29, ""role_p_217_r.asl"": 29, ""role_p_147_r.asl"": 29, ""role_p_127_r.asl"": 29, ""role_p_86_r.asl"": 29, ""role_p_210_r.asl"": 29, ""role_p_224_r.asl"": 29, ""role_p_218_r.asl"": 29, ""role_p_244_r.asl"": 29, ""role_p_234_r.asl"": 29, ""role_p_247_r.asl"": 29, ""role_p_211_r.asl"": 29, ""role_p_238_r.asl"": 29, ""role_p_214_r.asl"": 29, ""role_p_249_r.asl"": 29, ""role_p_204_r.asl"": 29, ""role_p_212_r.asl"": 29, ""role_p_245_r.asl"": 29, ""role_p_233_r.asl"": 29, ""role_p_235_r.asl"": 29, ""role_p_236_r.asl"": 29, ""role_p_248_r.asl"": 29, ""role_p_239_r.asl"": 29, ""role_p_231_r.asl"": 29, ""role_p_179_r.asl"": 29, ""role_p_91_r.asl"": 29, ""role_p_78_r.asl"": 29, ""role_p_232_r.asl"": 29, ""role_p_103_r.asl"": 29, ""role_p_188_r.asl"": 29, ""role_p_243_r.asl"": 29, ""role_p_240_r.asl"": 29, ""role_p_237_r.asl"": 29, ""role_p_225_r.asl"": 29, ""role_p_241_r.asl"": 29, ""role_p_228_r.asl"": 29, ""role_p_216_r.asl"": 29, ""role_p_213_r.asl"": 29, ""role_p_160_r.asl"": 29, ""role_p_141_r.asl"": 29, ""role_p_181_r.asl"": 29, ""role_p_113_r.asl"": 29, ""role_p_242_r.asl"": 29, ""role_p_81_r.asl"": 29, ""role_p_49_r.asl"": 29, ""role_p_205_r.asl"": 29, ""role_p_96_r.asl"": 29, ""role_p_223_r.asl"": 29, ""role_p_219_r.asl"": 29, ""role_p_208_r.asl"": 29, ""role_p_203_r.asl"": 29, ""role_p_207_r.asl"": 29, ""role_p_227_r.asl"": 29, ""role_p_192_r.asl"": 29, ""role_p_156_r.asl"": 29, ""role_p_170_r.asl"": 29, ""role_p_168_r.asl"": 29, ""role_p_197_r.asl"": 29, ""role_p_138_r.asl"": 29, ""role_p_121_r.asl"": 29, ""role_p_154_r.asl"": 29, ""role_p_116_r.asl"": 29, ""role_p_114_r.asl"": 29, ""role_p_229_r.asl"": 29, ""role_p_246_r.asl"": 29, ""role_p_185_r.asl"": 29, ""role_p_186_r.asl"": 29, ""role_p_159_r.asl"": 29, ""role_p_133_r.asl"": 29, ""role_p_145_r.asl"": 29, ""role_p_131_r.asl"": 29, ""role_p_111_r.asl"": 29, ""role_p_174_r.asl"": 29, ""role_p_152_r.asl"": 29, ""role_p_84_r.asl"": 29, ""role_p_199_r.asl"": 29, ""role_p_107_r.asl"": 29, ""role_p_101_r.asl"": 29, ""role_p_123_r.asl"": 29, ""role_p_187_r.asl"": 29, ""role_p_136_r.asl"": 29, ""role_p_209_r.asl"": 29, ""role_p_182_r.asl"": 29, ""role_p_194_r.asl"": 29, ""role_p_128_r.asl"": 29, ""role_p_158_r.asl"": 29, ""role_p_161_r.asl"": 29, ""role_p_178_r.asl"": 29, ""role_p_139_r.asl"": 29, ""role_p_189_r.asl"": 29, ""role_p_112_r.asl"": 29, ""role_p_157_r.asl"": 29, ""role_p_125_r.asl"": 29, ""role_p_162_r.asl"": 29, ""role_p_108_r.asl"": 29, ""role_p_151_r.asl"": 29, ""role_p_155_r.asl"": 29, ""role_p_146_r.asl"": 29, ""role_p_148_r.asl"": 29, ""role_p_184_r.asl"": 29, ""role_p_180_r.asl"": 29, ""role_p_166_r.asl"": 29, ""role_p_163_r.asl"": 29, ""role_p_126_r.asl"": 29, ""role_p_193_r.asl"": 29, ""role_p_140_r.asl"": 29, ""role_p_165_r.asl"": 29, ""role_p_149_r.asl"": 29, ""role_p_153_r.asl"": 29, ""role_p_198_r.asl"": 29, ""role_p_144_r.asl"": 29, ""role_p_175_r.asl"": 29, ""role_p_169_r.asl"": 29}",7.06563965170797,0.13121740799761028,0.0035380090012040455,1.646510124206543,True,0,0
grid_imports,68,Linux 7.2.3-arch1-2,x86_64,24,30.44,3.14.7,10,10,5,2,2,1,2,2,2,0,0,42,2986,59666,274,21098,"{""director_p_0.asl"": 125, ""director_p_164.asl"": 125, ""director_p_29.asl"": 125, ""director_p_7.asl"": 125, ""director_p_190.asl"": 125, ""director_p_71.asl"": 125, ""director_p_206.asl"": 125, ""director_p_196.asl"": 125, ""director_p_176.asl"": 125, ""director_p_200.asl"": 125, ""director_p_222.asl"": 125, ""director_p_65.asl"": 125, ""director_p_93.asl"": 125, ""director_p_220.asl"": 125, ""director_p_173.asl"": 125, ""director_p_167.asl"": 125, ""director_p_79.asl"": 125, ""director_p_215.asl"": 125, ""director_p_230.asl"": 125, ""director_p_9.asl"": 125, ""director_p_202.asl"": 125, ""director_p_226.asl"": 125, ""director_p_195.asl"": 125, ""director_p_201.asl"": 125, ""director_p_191.asl"": 125, ""director_p_217.asl"": 125, ""director_p_147.asl"": 125, ""director_p_127.asl"": 125, ""director_p_86.asl"": 125, ""director_p_210.asl"": 125, ""director_p_224.asl"": 125, ""director_p_218.asl"": 125, ""director_p_244.asl"": 125, ""director_p_234.asl"": 125, ""director_p_247.asl"": 125, ""director_p_211.asl"": 125, ""director_p_238.asl"": 125, ""director_p_214.asl"": 125, ""director_p_249.asl"": 125, ""director_p_204.asl"": 125, ""director_p_212.asl"": 125, ""director_p_245.asl"": 125, ""director_p_233.asl"": 125, ""director_p_235.asl"": 125, ""director_p_236.asl"": 125, ""director_p_248.asl"": 125, ""director_p_239.asl"": 125, ""director_p_231.asl"": 125, ""director_p_179.asl"": 125, ""director_p_91.asl"": 125, ""director_p_78.asl"": 125, ""director_p_232.asl"": 125, ""director_p_103.asl"": 125, ""director_p_188.asl"": 125, ""director_p_243.asl"": 125, ""director_p_240.asl"": 125, ""director_p_237.asl"": 125, ""director_p_225.asl"": 125, ""director_p_241.asl"": 125, ""director_p_228.asl"": 125, ""director_p_216.asl"": 125, ""director_p_213.asl"": 125, ""director_p_160.asl"": 125, ""director_p_141.asl"": 125, ""director_p_181.asl"": 125, ""director_p_113.asl"": 125, ""director_p_242.asl"": 125, ""director_p_81.asl"": 125, ""director_p_49.asl"": 125, ""director_p_205.asl"": 125, ""director_p_96.asl"": 125, ""director_p_223.asl"": 125, ""director_p_219.asl"": 125, ""director_p_208.asl"": 125, ""director_p_203.asl"": 125, ""director_p_207.asl"": 125, ""director_p_227.asl"": 125, ""director_p_192.asl"": 125, ""director_p_156.asl"": 125, ""director_p_170.asl"": 125, ""director_p_168.asl"": 125, ""director_p_197.asl"": 125, ""director_p_138.asl"": 125, ""director_p_121.asl"": 125, ""director_p_154.asl"": 125, ""director_p_116.asl"": 125, ""director_p_114.asl"": 125, ""director_p_229.asl"": 125, ""director_p_246.asl"": 125, ""director_p_185.asl"": 125, ""director_p_186.asl"": 125, ""director_p_159.asl"": 125, ""director_p_133.asl"": 125, ""director_p_145.asl"": 125, ""director_p_131.asl"": 125, ""director_p_111.asl"": 125, ""director_p_174.asl"": 125, ""director_p_152.asl"": 125, ""director_p_84.asl"": 125, ""director_p_199.asl"": 125, ""director_p_107.asl"": 125, ""director_p_101.asl"": 125, ""director_p_123.asl"": 125, ""director_p_187.asl"": 125, ""director_p_136.asl"": 125, ""director_p_209.asl"": 125, ""director_p_182.asl"": 125, ""director_p_194.asl"": 125, ""director_p_128.asl"": 125, ""director_p_158.asl"": 125, ""director_p_161.asl"": 125, ""director_p_178.asl"": 125, ""director_p_139.asl"": 125, ""director_p_189.asl"": 125, ""director_p_112.asl"": 125, ""director_p_157.asl"": 125, ""director_p_125.asl"": 125, ""director_p_162.asl"": 125, ""director_p_108.asl"": 125, ""director_p_151.asl"": 125, ""director_p_155.asl"": 125, ""director_p_146.asl"": 125, ""director_p_148.asl"": 125, ""director_p_184.asl"": 125, ""director_p_180.asl"": 125, ""director_p_166.asl"": 125, ""director_p_163.asl"": 125, ""director_p_126.asl"": 125, ""director_p_193.asl"": 125, ""director_p_140.asl"": 125, ""director_p_165.asl"": 125, ""director_p_149.asl"": 125, ""director_p_153.asl"": 125, ""director_p_198.asl"": 125, ""director_p_144.asl"": 125, ""director_p_175.asl"": 125, ""director_p_169.asl"": 125, ""role_p_0_r.asl"": 29, ""role_p_164_r.asl"": 29, ""role_p_29_r.asl"": 29, ""role_p_7_r.asl"": 29, ""role_p_190_r.asl"": 29, ""role_p_71_r.asl"": 29, ""role_p_206_r.asl"": 29, ""role_p_196_r.asl"": 29, ""role_p_176_r.asl"": 29, ""role_p_200_r.asl"": 29, ""role_p_222_r.asl"": 29, ""role_p_65_r.asl"": 29, ""role_p_93_r.asl"": 29, ""role_p_220_r.asl"": 29, ""role_p_173_r.asl"": 29, ""role_p_167_r.asl"": 29, ""role_p_79_r.asl"": 29, ""role_p_215_r.asl"": 29, ""role_p_230_r.asl"": 29, ""role_p_9_r.asl"": 29, ""role_p_202_r.asl"": 29, ""role_p_226_r.asl"": 29, ""role_p_195_r.asl"": 29, ""role_p_201_r.asl"": 29, ""role_p_191_r.asl"": 29, ""role_p_217_r.asl"": 29, ""role_p_147_r.asl"": 29, ""role_p_127_r.asl"": 29, ""role_p_86_r.asl"": 29, ""role_p_210_r.asl"": 29, ""role_p_224_r.asl"": 29, ""role_p_218_r.asl"": 29, ""role_p_244_r.asl"": 29, ""role_p_234_r.asl"": 29, ""role_p_247_r.asl"": 29, ""role_p_211_r.asl"": 29, ""role_p_238_r.asl"": 29, ""role_p_214_r.asl"": 29, ""role_p_249_r.asl"": 29, ""role_p_204_r.asl"": 29, ""role_p_212_r.asl"": 29, ""role_p_245_r.asl"": 29, ""role_p_233_r.asl"": 29, ""role_p_235_r.asl"": 29, ""role_p_236_r.asl"": 29, ""role_p_248_r.asl"": 29, ""role_p_239_r.asl"": 29, ""role_p_231_r.asl"": 29, ""role_p_179_r.asl"": 29, ""role_p_91_r.asl"": 29, ""role_p_78_r.asl"": 29, ""role_p_232_r.asl"": 29, ""role_p_103_r.asl"": 29, ""role_p_188_r.asl"": 29, ""role_p_243_r.asl"": 29, ""role_p_240_r.asl"": 29, ""role_p_237_r.asl"": 29, ""role_p_225_r.asl"": 29, ""role_p_241_r.asl"": 29, ""role_p_228_r.asl"": 29, ""role_p_216_r.asl"": 29, ""role_p_213_r.asl"": 29, ""role_p_160_r.asl"": 29, ""role_p_141_r.asl"": 29, ""role_p_181_r.asl"": 29, ""role_p_113_r.asl"": 29, ""role_p_242_r.asl"": 29, ""role_p_81_r.asl"": 29, ""role_p_49_r.asl"": 29, ""role_p_205_r.asl"": 29, ""role_p_96_r.asl"": 29, ""role_p_223_r.asl"": 29, ""role_p_219_r.asl"": 29, ""role_p_208_r.asl"": 29, ""role_p_203_r.asl"": 29, ""role_p_207_r.asl"": 29, ""role_p_227_r.asl"": 29, ""role_p_192_r.asl"": 29, ""role_p_156_r.asl"": 29, ""role_p_170_r.asl"": 29, ""role_p_168_r.asl"": 29, ""role_p_197_r.asl"": 29, ""role_p_138_r.asl"": 29, ""role_p_121_r.asl"": 29, ""role_p_154_r.asl"": 29, ""role_p_116_r.asl"": 29, ""role_p_114_r.asl"": 29, ""role_p_229_r.asl"": 29, ""role_p_246_r.asl"": 29, ""role_p_185_r.asl"": 29, ""role_p_186_r.asl"": 29, ""role_p_159_r.asl"": 29, ""role_p_133_r.asl"": 29, ""role_p_145_r.asl"": 29, ""role_p_131_r.asl"": 29, ""role_p_111_r.asl"": 29, ""role_p_174_r.asl"": 29, ""role_p_152_r.asl"": 29, ""role_p_84_r.asl"": 29, ""role_p_199_r.asl"": 29, ""role_p_107_r.asl"": 29, ""role_p_101_r.asl"": 29, ""role_p_123_r.asl"": 29, ""role_p_187_r.asl"": 29, ""role_p_136_r.asl"": 29, ""role_p_209_r.asl"": 29, ""role_p_182_r.asl"": 29, ""role_p_194_r.asl"": 29, ""role_p_128_r.asl"": 29, ""role_p_158_r.asl"": 29, ""role_p_161_r.asl"": 29, ""role_p_178_r.asl"": 29, ""role_p_139_r.asl"": 29, ""role_p_189_r.asl"": 29, ""role_p_112_r.asl"": 29, ""role_p_157_r.asl"": 29, ""role_p_125_r.asl"": 29, ""role_p_162_r.asl"": 29, ""role_p_108_r.asl"": 29, ""role_p_151_r.asl"": 29, ""role_p_155_r.asl"": 29, ""role_p_146_r.asl"": 29, ""role_p_148_r.asl"": 29, ""role_p_184_r.asl"": 29, ""role_p_180_r.asl"": 29, ""role_p_166_r.asl"": 29, ""role_p_163_r.asl"": 29, ""role_p_126_r.asl"": 29, ""role_p_193_r.asl"": 29, ""role_p_140_r.asl"": 29, ""role_p_165_r.asl"": 29, ""role_p_149_r.asl"": 29, ""role_p_153_r.asl"": 29, ""role_p_198_r.asl"": 29, ""role_p_144_r.asl"": 29, ""role_p_175_r.asl"": 29, ""role_p_169_r.asl"": 29}",7.06563965170797,0.1177430390016525,0.003535828996973578,1.6440792083740234,True,0,0
grid_imports,69,Linux 7.2.3-arch1-2,x86_64,24,30.44,3.14.7,10,10,5,2,2,1,2,2,2,0,0,42,2986,59666,274,21098,"{""director_p_0.asl"": 125, ""director_p_164.asl"": 125, ""director_p_29.asl"": 125, ""director_p_7.asl"": 125, ""director_p_190.asl"": 125, ""director_p_71.asl"": 125, ""director_p_206.asl"": 125, ""director_p_196.asl"": 125, ""director_p_176.asl"": 125, ""director_p_200.asl"": 125, ""director_p_222.asl"": 125, ""director_p_65.asl"": 125, ""director_p_93.asl"": 125, ""director_p_220.asl"": 125, ""director_p_173.asl"": 125, ""director_p_167.asl"": 125, ""director_p_79.asl"": 125, ""director_p_215.asl"": 125, ""director_p_230.asl"": 125, ""director_p_9.asl"": 125, ""director_p_202.asl"": 125, ""director_p_226.asl"": 125, ""director_p_195.asl"": 125, ""director_p_201.asl"": 125, ""director_p_191.asl"": 125, ""director_p_217.asl"": 125, ""director_p_147.asl"": 125, ""director_p_127.asl"": 125, ""director_p_86.asl"": 125, ""director_p_210.asl"": 125, ""director_p_224.asl"": 125, ""director_p_218.asl"": 125, ""director_p_244.asl"": 125, ""director_p_234.asl"": 125, ""director_p_247.asl"": 125, ""director_p_211.asl"": 125, ""director_p_238.asl"": 125, ""director_p_214.asl"": 125, ""director_p_249.asl"": 125, ""director_p_204.asl"": 125, ""director_p_212.asl"": 125, ""director_p_245.asl"": 125, ""director_p_233.asl"": 125, ""director_p_235.asl"": 125, ""director_p_236.asl"": 125, ""director_p_248.asl"": 125, ""director_p_239.asl"": 125, ""director_p_231.asl"": 125, ""director_p_179.asl"": 125, ""director_p_91.asl"": 125, ""director_p_78.asl"": 125, ""director_p_232.asl"": 125, ""director_p_103.asl"": 125, ""director_p_188.asl"": 125, ""director_p_243.asl"": 125, ""director_p_240.asl"": 125, ""director_p_237.asl"": 125, ""director_p_225.asl"": 125, ""director_p_241.asl"": 125, ""director_p_228.asl"": 125, ""director_p_216.asl"": 125, ""director_p_213.asl"": 125, ""director_p_160.asl"": 125, ""director_p_141.asl"": 125, ""director_p_181.asl"": 125, ""director_p_113.asl"": 125, ""director_p_242.asl"": 125, ""director_p_81.asl"": 125, ""director_p_49.asl"": 125, ""director_p_205.asl"": 125, ""director_p_96.asl"": 125, ""director_p_223.asl"": 125, ""director_p_219.asl"": 125, ""director_p_208.asl"": 125, ""director_p_203.asl"": 125, ""director_p_207.asl"": 125, ""director_p_227.asl"": 125, ""director_p_192.asl"": 125, ""director_p_156.asl"": 125, ""director_p_170.asl"": 125, ""director_p_168.asl"": 125, ""director_p_197.asl"": 125, ""director_p_138.asl"": 125, ""director_p_121.asl"": 125, ""director_p_154.asl"": 125, ""director_p_116.asl"": 125, ""director_p_114.asl"": 125, ""director_p_229.asl"": 125, ""director_p_246.asl"": 125, ""director_p_185.asl"": 125, ""director_p_186.asl"": 125, ""director_p_159.asl"": 125, ""director_p_133.asl"": 125, ""director_p_145.asl"": 125, ""director_p_131.asl"": 125, ""director_p_111.asl"": 125, ""director_p_174.asl"": 125, ""director_p_152.asl"": 125, ""director_p_84.asl"": 125, ""director_p_199.asl"": 125, ""director_p_107.asl"": 125, ""director_p_101.asl"": 125, ""director_p_123.asl"": 125, ""director_p_187.asl"": 125, ""director_p_136.asl"": 125, ""director_p_209.asl"": 125, ""director_p_182.asl"": 125, ""director_p_194.asl"": 125, ""director_p_128.asl"": 125, ""director_p_158.asl"": 125, ""director_p_161.asl"": 125, ""director_p_178.asl"": 125, ""director_p_139.asl"": 125, ""director_p_189.asl"": 125, ""director_p_112.asl"": 125, ""director_p_157.asl"": 125, ""director_p_125.asl"": 125, ""director_p_162.asl"": 125, ""director_p_108.asl"": 125, ""director_p_151.asl"": 125, ""director_p_155.asl"": 125, ""director_p_146.asl"": 125, ""director_p_148.asl"": 125, ""director_p_184.asl"": 125, ""director_p_180.asl"": 125, ""director_p_166.asl"": 125, ""director_p_163.asl"": 125, ""director_p_126.asl"": 125, ""director_p_193.asl"": 125, ""director_p_140.asl"": 125, ""director_p_165.asl"": 125, ""director_p_149.asl"": 125, ""director_p_153.asl"": 125, ""director_p_198.asl"": 125, ""director_p_144.asl"": 125, ""director_p_175.asl"": 125, ""director_p_169.asl"": 125, ""role_p_0_r.asl"": 29, ""role_p_164_r.asl"": 29, ""role_p_29_r.asl"": 29, ""role_p_7_r.asl"": 29, ""role_p_190_r.asl"": 29, ""role_p_71_r.asl"": 29, ""role_p_206_r.asl"": 29, ""role_p_196_r.asl"": 29, ""role_p_176_r.asl"": 29, ""role_p_200_r.asl"": 29, ""role_p_222_r.asl"": 29, ""role_p_65_r.asl"": 29, ""role_p_93_r.asl"": 29, ""role_p_220_r.asl"": 29, ""role_p_173_r.asl"": 29, ""role_p_167_r.asl"": 29, ""role_p_79_r.asl"": 29, ""role_p_215_r.asl"": 29, ""role_p_230_r.asl"": 29, ""role_p_9_r.asl"": 29, ""role_p_202_r.asl"": 29, ""role_p_226_r.asl"": 29, ""role_p_195_r.asl"": 29, ""role_p_201_r.asl"": 29, ""role_p_191_r.asl"": 29, ""role_p_217_r.asl"": 29, ""role_p_147_r.asl"": 29, ""role_p_127_r.asl"": 29, ""role_p_86_r.asl"": 29, ""role_p_210_r.asl"": 29, ""role_p_224_r.asl"": 29, ""role_p_218_r.asl"": 29, ""role_p_244_r.asl"": 29, ""role_p_234_r.asl"": 29, ""role_p_247_r.asl"": 29, ""role_p_211_r.asl"": 29, ""role_p_238_r.asl"": 29, ""role_p_214_r.asl"": 29, ""role_p_249_r.asl"": 29, ""role_p_204_r.asl"": 29, ""role_p_212_r.asl"": 29, ""role_p_245_r.asl"": 29, ""role_p_233_r.asl"": 29, ""role_p_235_r.asl"": 29, ""role_p_236_r.asl"": 29, ""role_p_248_r.asl"": 29, ""role_p_239_r.asl"": 29, ""role_p_231_r.asl"": 29, ""role_p_179_r.asl"": 29, ""role_p_91_r.asl"": 29, ""role_p_78_r.asl"": 29, ""role_p_232_r.asl"": 29, ""role_p_103_r.asl"": 29, ""role_p_188_r.asl"": 29, ""role_p_243_r.asl"": 29, ""role_p_240_r.asl"": 29, ""role_p_237_r.asl"": 29, ""role_p_225_r.asl"": 29, ""role_p_241_r.asl"": 29, ""role_p_228_r.asl"": 29, ""role_p_216_r.asl"": 29, ""role_p_213_r.asl"": 29, ""role_p_160_r.asl"": 29, ""role_p_141_r.asl"": 29, ""role_p_181_r.asl"": 29, ""role_p_113_r.asl"": 29, ""role_p_242_r.asl"": 29, ""role_p_81_r.asl"": 29, ""role_p_49_r.asl"": 29, ""role_p_205_r.asl"": 29, ""role_p_96_r.asl"": 29, ""role_p_223_r.asl"": 29, ""role_p_219_r.asl"": 29, ""role_p_208_r.asl"": 29, ""role_p_203_r.asl"": 29, ""role_p_207_r.asl"": 29, ""role_p_227_r.asl"": 29, ""role_p_192_r.asl"": 29, ""role_p_156_r.asl"": 29, ""role_p_170_r.asl"": 29, ""role_p_168_r.asl"": 29, ""role_p_197_r.asl"": 29, ""role_p_138_r.asl"": 29, ""role_p_121_r.asl"": 29, ""role_p_154_r.asl"": 29, ""role_p_116_r.asl"": 29, ""role_p_114_r.asl"": 29, ""role_p_229_r.asl"": 29, ""role_p_246_r.asl"": 29, ""role_p_185_r.asl"": 29, ""role_p_186_r.asl"": 29, ""role_p_159_r.asl"": 29, ""role_p_133_r.asl"": 29, ""role_p_145_r.asl"": 29, ""role_p_131_r.asl"": 29, ""role_p_111_r.asl"": 29, ""role_p_174_r.asl"": 29, ""role_p_152_r.asl"": 29, ""role_p_84_r.asl"": 29, ""role_p_199_r.asl"": 29, ""role_p_107_r.asl"": 29, ""role_p_101_r.asl"": 29, ""role_p_123_r.asl"": 29, ""role_p_187_r.asl"": 29, ""role_p_136_r.asl"": 29, ""role_p_209_r.asl"": 29, ""role_p_182_r.asl"": 29, ""role_p_194_r.asl"": 29, ""role_p_128_r.asl"": 29, ""role_p_158_r.asl"": 29, ""role_p_161_r.asl"": 29, ""role_p_178_r.asl"": 29, ""role_p_139_r.asl"": 29, ""role_p_189_r.asl"": 29, ""role_p_112_r.asl"": 29, ""role_p_157_r.asl"": 29, ""role_p_125_r.asl"": 29, ""role_p_162_r.asl"": 29, ""role_p_108_r.asl"": 29, ""role_p_151_r.asl"": 29, ""role_p_155_r.asl"": 29, ""role_p_146_r.asl"": 29, ""role_p_148_r.asl"": 29, ""role_p_184_r.asl"": 29, ""role_p_180_r.asl"": 29, ""role_p_166_r.asl"": 29, ""role_p_163_r.asl"": 29, ""role_p_126_r.asl"": 29, ""role_p_193_r.asl"": 29, ""role_p_140_r.asl"": 29, ""role_p_165_r.asl"": 29, ""role_p_149_r.asl"": 29, ""role_p_153_r.asl"": 29, ""role_p_198_r.asl"": 29, ""role_p_144_r.asl"": 29, ""role_p_175_r.asl"": 29, ""role_p_169_r.asl"": 29}",7.06563965170797,0.1173419400001876,0.0035363389979465865,1.6265010833740234,True,0,0
grid_imports,70,Linux 7.2.3-arch1-2,x86_64,24,30.44,3.14.7,10,10,5,2,2,1,2,2,2,0,0,42,4196,89802,390,30030,"{""director_p_0.asl"": 125, ""director_p_164.asl"": 125, ""director_p_29.asl"": 125, ""director_p_7.asl"": 125, ""director_p_190.asl"": 125, ""director_p_71.asl"": 125, ""director_p_63.asl"": 125, ""director_p_58.asl"": 125, ""director_p_36.asl"": 125, ""director_p_189.asl"": 125, ""director_p_27.asl"": 125, ""director_p_179.asl"": 125, ""director_p_209.asl"": 125, ""director_p_220.asl"": 125, ""director_p_249.asl"": 125, ""director_p_201.asl"": 125, ""director_p_240.asl"": 125, ""director_p_227.asl"": 125, ""director_p_232.asl"": 125, ""director_p_204.asl"": 125, ""director_p_170.asl"": 125, ""director_p_191.asl"": 125, ""director_p_45.asl"": 125, ""director_p_88.asl"": 125, ""director_p_47.asl"": 125, ""director_p_38.asl"": 125, ""director_p_114.asl"": 125, ""director_p_48.asl"": 125, ""director_p_161.asl"": 125, ""director_p_90.asl"": 125, ""director_p_101.asl"": 125, ""director_p_168.asl"": 125, ""director_p_166.asl"": 125, ""director_p_234.asl"": 125, ""director_p_228.asl"": 125, ""director_p_100.asl"": 125, ""director_p_155.asl"": 125, ""director_p_57.asl"": 125, ""director_p_188.asl"": 125, ""director_p_25.asl"": 125, ""director_p_236.asl"": 125, ""director_p_245.asl"": 125, ""director_p_224.asl"": 125, ""director_p_248.asl"": 125, ""director_p_198.asl"": 125, ""director_p_196.asl"": 125, ""director_p_239.asl"": 125, ""director_p_208.asl"": 125, ""director_p_187.asl"": 125, ""director_p_138.asl"": 125, ""director_p_135.asl"": 125, ""director_p_235.asl"": 125, ""director_p_142.asl"": 125, ""director_p_205.asl"": 125, ""director_p_133.asl"": 125, ""director_p_184.asl"": 125, ""director_p_141.asl"": 125, ""director_p_167.asl"": 125, ""director_p_64.asl"": 125, ""director_p_137.asl"": 125, ""director_p_117.asl"": 125, ""director_p_174.asl"": 125, ""director_p_212.asl"": 125, ""director_p_219.asl"": 125, ""director_p_231.asl"": 125, ""director_p_139.asl"": 125, ""director_p_214.asl"": 125, ""director_p_157.asl"": 125, ""director_p_206.asl"": 125, ""director_p_107.asl"": 125, ""director_p_124.asl"": 125, ""director_p_70.asl"": 125, ""director_p_160.asl"": 125, ""director_p_91.asl"": 125, ""director_p_52.asl"": 125, ""director_p_79.asl"": 125, ""director_p_134.asl"": 125, ""director_p_37.asl"": 125, ""director_p_136.asl"": 125, ""director_p_104.asl"": 125, ""director_p_237.asl"": 125, ""director_p_193.asl"": 125, ""director_p_213.asl"": 125, ""director_p_225.asl"": 125, ""director_p_130.asl"": 125, ""director_p_199.asl"": 125, ""director_p_194.asl"": 125, ""director_p_123.asl"": 125, ""director_p_140.asl"": 125, ""director_p_143.asl"": 125, ""director_p_85.asl"": 125, ""director_p_229.asl"": 125, ""director_p_216.asl"": 125, ""director_p_222.asl"": 125, ""director_p_238.asl"": 125, ""director_p_202.asl"": 125, ""director_p_246.asl"": 125, ""director_p_233.asl"": 125, ""director_p_242.asl"": 125, ""director_p_241.asl"": 125, ""director_p_223.asl"": 125, ""director_p_218.asl"": 125, ""director_p_203.asl"": 125, ""director_p_217.asl"": 125, ""director_p_243.asl"": 125, ""director_p_244.asl"": 125, ""director_p_247.asl"": 125, ""director_p_230.asl"": 125, ""director_p_221.asl"": 125, ""director_p_207.asl"": 125, ""director_p_181.asl"": 125, ""director_p_210.asl"": 125, ""director_p_192.asl"": 125, ""director_p_197.asl"": 125, ""director_p_158.asl"": 125, ""director_p_185.asl"": 125, ""director_p_226.asl"": 125, ""director_p_175.asl"": 125, ""director_p_96.asl"": 125, ""director_p_215.asl"": 125, ""director_p_172.asl"": 125, ""director_p_176.asl"": 125, ""director_p_120.asl"": 125, ""director_p_115.asl"": 125, ""director_p_78.asl"": 125, ""director_p_87.asl"": 125, ""director_p_94.asl"": 125, ""director_p_53.asl"": 125, ""director_p_177.asl"": 125, ""director_p_54.asl"": 125, ""director_p_200.asl"": 125, ""director_p_211.asl"": 125, ""director_p_163.asl"": 125, ""director_p_178.asl"": 125, ""director_p_113.asl"": 125, ""director_p_62.asl"": 125, ""director_p_72.asl"": 125, ""director_p_119.asl"": 125, ""director_p_60.asl"": 125, ""director_p_49.asl"": 125, ""director_p_165.asl"": 125, ""director_p_173.asl"": 125, ""director_p_182.asl"": 125, ""director_p_152.asl"": 125, ""director_p_95.asl"": 125, ""director_p_147.asl"": 125, ""director_p_110.asl"": 125, ""director_p_169.asl"": 125, ""director_p_131.asl"": 125, ""director_p_183.asl"": 125, ""director_p_162.asl"": 125, ""director_p_145.asl"": 125, ""director_p_103.asl"": 125, ""director_p_125.asl"": 125, ""director_p_67.asl"": 125, ""director_p_146.asl"": 125, ""director_p_68.asl"": 125, ""director_p_93.asl"": 125, ""director_p_186.asl"": 125, ""director_p_149.asl"": 125, ""director_p_159.asl"": 125, ""director_p_180.asl"": 125, ""director_p_195.asl"": 125, ""director_p_153.asl"": 125, ""director_p_108.asl"": 125, ""director_p_86.asl"": 125, ""director_p_150.asl"": 125, ""director_p_127.asl"": 125, ""director_p_144.asl"": 125, ""director_p_171.asl"": 125, ""director_p_126.asl"": 125, ""director_p_111.asl"": 125, ""director_p_154.asl"": 125, ""director_p_116.asl"": 125, ""director_p_92.asl"": 125, ""director_p_151.asl"": 125, ""director_p_84.asl"": 125, ""director_p_148.asl"": 125, ""director_p_128.asl"": 125, ""director_p_89.asl"": 125, ""director_p_156.asl"": 125, ""director_p_98.asl"": 125, ""director_p_99.asl"": 125, ""director_p_122.asl"": 125, ""director_p_82.asl"": 125, ""director_p_106.asl"": 125, ""director_p_112.asl"": 125, ""director_p_83.asl"": 125, ""director_p_109.asl"": 125, ""director_p_118.asl"": 125, ""director_p_132.asl"": 125, ""director_p_105.asl"": 125, ""director_p_102.asl"": 125, ""director_p_129.asl"": 125, ""director_p_121.asl"": 125, ""role_p_0_r.asl"": 29, ""role_p_164_r.asl"": 29, ""role_p_29_r.asl"": 29, ""role_p_7_r.asl"": 29, ""role_p_190_r.asl"": 29, ""role_p_71_r.asl"": 29, ""role_p_63_r.asl"": 29, ""role_p_58_r.asl"": 29, ""role_p_36_r.asl"": 29, ""role_p_189_r.asl"": 29, ""role_p_27_r.asl"": 29, ""role_p_179_r.asl"": 29, ""role_p_209_r.asl"": 29, ""role_p_220_r.asl"": 29, ""role_p_249_r.asl"": 29, ""role_p_201_r.asl"": 29, ""role_p_240_r.asl"": 29, ""role_p_227_r.asl"": 29, ""role_p_232_r.asl"": 29, ""role_p_204_r.asl"": 29, ""role_p_170_r.asl"": 29, ""role_p_191_r.asl"": 29, ""role_p_45_r.asl"": 29, ""role_p_88_r.asl"": 29, ""role_p_47_r.asl"": 29, ""role_p_38_r.asl"": 29, ""role_p_114_r.asl"": 29, ""role_p_48_r.asl"": 29, ""role_p_161_r.asl"": 29, ""role_p_90_r.asl"": 29, ""role_p_101_r.asl"": 29, ""role_p_168_r.asl"": 29, ""role_p_166_r.asl"": 29, ""role_p_234_r.asl"": 29, ""role_p_228_r.asl"": 29, ""role_p_100_r.asl"": 29, ""role_p_155_r.asl"": 29, ""role_p_57_r.asl"": 29, ""role_p_188_r.asl"": 29, ""role_p_25_r.asl"": 29, ""role_p_236_r.asl"": 29, ""role_p_245_r.asl"": 29, ""role_p_224_r.asl"": 29, ""role_p_248_r.asl"": 29, ""role_p_198_r.asl"": 29, ""role_p_196_r.asl"": 29, ""role_p_239_r.asl"": 29, ""role_p_208_r.asl"": 29, ""role_p_187_r.asl"": 29, ""role_p_138_r.asl"": 29, ""role_p_135_r.asl"": 29, ""role_p_235_r.asl"": 29, ""role_p_142_r.asl"": 29, ""role_p_205_r.asl"": 29, ""role_p_133_r.asl"": 29, ""role_p_184_r.asl"": 29, ""role_p_141_r.asl"": 29, ""role_p_167_r.asl"": 29, ""role_p_64_r.asl"": 29, ""role_p_137_r.asl"": 29, ""role_p_117_r.asl"": 29, ""role_p_174_r.asl"": 29, ""role_p_212_r.asl"": 29, ""role_p_219_r.asl"": 29, ""role_p_231_r.asl"": 29, ""role_p_139_r.asl"": 29, ""role_p_214_r.asl"": 29, ""role_p_157_r.asl"": 29, ""role_p_206_r.asl"": 29, ""role_p_107_r.asl"": 29, ""role_p_124_r.asl"": 29, ""role_p_70_r.asl"": 29, ""role_p_160_r.asl"": 29, ""role_p_91_r.asl"": 29, ""role_p_52_r.asl"": 29, ""role_p_79_r.asl"": 29, ""role_p_134_r.asl"": 29, ""role_p_37_r.asl"": 29, ""role_p_136_r.asl"": 29, ""role_p_104_r.asl"": 29, ""role_p_237_r.asl"": 29, ""role_p_193_r.asl"": 29, ""role_p_213_r.asl"": 29, ""role_p_225_r.asl"": 29, ""role_p_130_r.asl"": 29, ""role_p_199_r.asl"": 29, ""role_p_194_r.asl"": 29, ""role_p_123_r.asl"": 29, ""role_p_140_r.asl"": 29, ""role_p_143_r.asl"": 29, ""role_p_85_r.asl"": 29, ""role_p_229_r.asl"": 29, ""role_p_216_r.asl"": 29, ""role_p_222_r.asl"": 29, ""role_p_238_r.asl"": 29, ""role_p_202_r.asl"": 29, ""role_p_246_r.asl"": 29, ""role_p_233_r.asl"": 29, ""role_p_242_r.asl"": 29, ""role_p_241_r.asl"": 29, ""role_p_223_r.asl"": 29, ""role_p_218_r.asl"": 29, ""role_p_203_r.asl"": 29, ""role_p_217_r.asl"": 29, ""role_p_243_r.asl"": 29, ""role_p_244_r.asl"": 29, ""role_p_247_r.asl"": 29, ""role_p_230_r.asl"": 29, ""role_p_221_r.asl"": 29, ""role_p_207_r.asl"": 29, ""role_p_181_r.asl"": 29, ""role_p_210_r.asl"": 29, ""role_p_192_r.asl"": 29, ""role_p_197_r.asl"": 29, ""role_p_158_r.asl"": 29, ""role_p_185_r.asl"": 29, ""role_p_226_r.asl"": 29, ""role_p_175_r.asl"": 29, ""role_p_96_r.asl"": 29, ""role_p_215_r.asl"": 29, ""role_p_172_r.asl"": 29, ""role_p_176_r.asl"": 29, ""role_p_120_r.asl"": 29, ""role_p_115_r.asl"": 29, ""role_p_78_r.asl"": 29, ""role_p_87_r.asl"": 29, ""role_p_94_r.asl"": 29, ""role_p_53_r.asl"": 29, ""role_p_177_r.asl"": 29, ""role_p_54_r.asl"": 29, ""role_p_200_r.asl"": 29, ""role_p_211_r.asl"": 29, ""role_p_163_r.asl"": 29, ""role_p_178_r.asl"": 29, ""role_p_113_r.asl"": 29, ""role_p_62_r.asl"": 29, ""role_p_72_r.asl"": 29, ""role_p_119_r.asl"": 29, ""role_p_60_r.asl"": 29, ""role_p_49_r.asl"": 29, ""role_p_165_r.asl"": 29, ""role_p_173_r.asl"": 29, ""role_p_182_r.asl"": 29, ""role_p_152_r.asl"": 29, ""role_p_95_r.asl"": 29, ""role_p_147_r.asl"": 29, ""role_p_110_r.asl"": 29, ""role_p_169_r.asl"": 29, ""role_p_131_r.asl"": 29, ""role_p_183_r.asl"": 29, ""role_p_162_r.asl"": 29, ""role_p_145_r.asl"": 29, ""role_p_103_r.asl"": 29, ""role_p_125_r.asl"": 29, ""role_p_67_r.asl"": 29, ""role_p_146_r.asl"": 29, ""role_p_68_r.asl"": 29, ""role_p_93_r.asl"": 29, ""role_p_186_r.asl"": 29, ""role_p_149_r.asl"": 29, ""role_p_159_r.asl"": 29, ""role_p_180_r.asl"": 29, ""role_p_195_r.asl"": 29, ""role_p_153_r.asl"": 29, ""role_p_108_r.asl"": 29, ""role_p_86_r.asl"": 29, ""role_p_150_r.asl"": 29, ""role_p_127_r.asl"": 29, ""role_p_144_r.asl"": 29, ""role_p_171_r.asl"": 29, ""role_p_126_r.asl"": 29, ""role_p_111_r.asl"": 29, ""role_p_154_r.asl"": 29, ""role_p_116_r.asl"": 29, ""role_p_92_r.asl"": 29, ""role_p_151_r.asl"": 29, ""role_p_84_r.asl"": 29, ""role_p_148_r.asl"": 29, ""role_p_128_r.asl"": 29, ""role_p_89_r.asl"": 29, ""role_p_156_r.asl"": 29, ""role_p_98_r.asl"": 29, ""role_p_99_r.asl"": 29, ""role_p_122_r.asl"": 29, ""role_p_82_r.asl"": 29, ""role_p_106_r.asl"": 29, ""role_p_112_r.asl"": 29, ""role_p_83_r.asl"": 29, ""role_p_109_r.asl"": 29, ""role_p_118_r.asl"": 29, ""role_p_132_r.asl"": 29, ""role_p_105_r.asl"": 29, ""role_p_102_r.asl"": 29, ""role_p_129_r.asl"": 29, ""role_p_121_r.asl"": 29}",7.1568160152526215,0.25248633600131143,0.0051005749992327765,2.6874284744262695,True,0,0
grid_imports,71,Linux 7.2.3-arch1-2,x86_64,24,30.44,3.14.7,10,10,5,2,2,1,2,2,2,0,0,42,4196,89802,390,30030,"{""director_p_0.asl"": 125, ""director_p_164.asl"": 125, ""director_p_29.asl"": 125, ""director_p_7.asl"": 125, ""director_p_190.asl"": 125, ""director_p_71.asl"": 125, ""director_p_63.asl"": 125, ""director_p_58.asl"": 125, ""director_p_36.asl"": 125, ""director_p_189.asl"": 125, ""director_p_27.asl"": 125, ""director_p_179.asl"": 125, ""director_p_209.asl"": 125, ""director_p_220.asl"": 125, ""director_p_249.asl"": 125, ""director_p_201.asl"": 125, ""director_p_240.asl"": 125, ""director_p_227.asl"": 125, ""director_p_232.asl"": 125, ""director_p_204.asl"": 125, ""director_p_170.asl"": 125, ""director_p_191.asl"": 125, ""director_p_45.asl"": 125, ""director_p_88.asl"": 125, ""director_p_47.asl"": 125, ""director_p_38.asl"": 125, ""director_p_114.asl"": 125, ""director_p_48.asl"": 125, ""director_p_161.asl"": 125, ""director_p_90.asl"": 125, ""director_p_101.asl"": 125, ""director_p_168.asl"": 125, ""director_p_166.asl"": 125, ""director_p_234.asl"": 125, ""director_p_228.asl"": 125, ""director_p_100.asl"": 125, ""director_p_155.asl"": 125, ""director_p_57.asl"": 125, ""director_p_188.asl"": 125, ""director_p_25.asl"": 125, ""director_p_236.asl"": 125, ""director_p_245.asl"": 125, ""director_p_224.asl"": 125, ""director_p_248.asl"": 125, ""director_p_198.asl"": 125, ""director_p_196.asl"": 125, ""director_p_239.asl"": 125, ""director_p_208.asl"": 125, ""director_p_187.asl"": 125, ""director_p_138.asl"": 125, ""director_p_135.asl"": 125, ""director_p_235.asl"": 125, ""director_p_142.asl"": 125, ""director_p_205.asl"": 125, ""director_p_133.asl"": 125, ""director_p_184.asl"": 125, ""director_p_141.asl"": 125, ""director_p_167.asl"": 125, ""director_p_64.asl"": 125, ""director_p_137.asl"": 125, ""director_p_117.asl"": 125, ""director_p_174.asl"": 125, ""director_p_212.asl"": 125, ""director_p_219.asl"": 125, ""director_p_231.asl"": 125, ""director_p_139.asl"": 125, ""director_p_214.asl"": 125, ""director_p_157.asl"": 125, ""director_p_206.asl"": 125, ""director_p_107.asl"": 125, ""director_p_124.asl"": 125, ""director_p_70.asl"": 125, ""director_p_160.asl"": 125, ""director_p_91.asl"": 125, ""director_p_52.asl"": 125, ""director_p_79.asl"": 125, ""director_p_134.asl"": 125, ""director_p_37.asl"": 125, ""director_p_136.asl"": 125, ""director_p_104.asl"": 125, ""director_p_237.asl"": 125, ""director_p_193.asl"": 125, ""director_p_213.asl"": 125, ""director_p_225.asl"": 125, ""director_p_130.asl"": 125, ""director_p_199.asl"": 125, ""director_p_194.asl"": 125, ""director_p_123.asl"": 125, ""director_p_140.asl"": 125, ""director_p_143.asl"": 125, ""director_p_85.asl"": 125, ""director_p_229.asl"": 125, ""director_p_216.asl"": 125, ""director_p_222.asl"": 125, ""director_p_238.asl"": 125, ""director_p_202.asl"": 125, ""director_p_246.asl"": 125, ""director_p_233.asl"": 125, ""director_p_242.asl"": 125, ""director_p_241.asl"": 125, ""director_p_223.asl"": 125, ""director_p_218.asl"": 125, ""director_p_203.asl"": 125, ""director_p_217.asl"": 125, ""director_p_243.asl"": 125, ""director_p_244.asl"": 125, ""director_p_247.asl"": 125, ""director_p_230.asl"": 125, ""director_p_221.asl"": 125, ""director_p_207.asl"": 125, ""director_p_181.asl"": 125, ""director_p_210.asl"": 125, ""director_p_192.asl"": 125, ""director_p_197.asl"": 125, ""director_p_158.asl"": 125, ""director_p_185.asl"": 125, ""director_p_226.asl"": 125, ""director_p_175.asl"": 125, ""director_p_96.asl"": 125, ""director_p_215.asl"": 125, ""director_p_172.asl"": 125, ""director_p_176.asl"": 125, ""director_p_120.asl"": 125, ""director_p_115.asl"": 125, ""director_p_78.asl"": 125, ""director_p_87.asl"": 125, ""director_p_94.asl"": 125, ""director_p_53.asl"": 125, ""director_p_177.asl"": 125, ""director_p_54.asl"": 125, ""director_p_200.asl"": 125, ""director_p_211.asl"": 125, ""director_p_163.asl"": 125, ""director_p_178.asl"": 125, ""director_p_113.asl"": 125, ""director_p_62.asl"": 125, ""director_p_72.asl"": 125, ""director_p_119.asl"": 125, ""director_p_60.asl"": 125, ""director_p_49.asl"": 125, ""director_p_165.asl"": 125, ""director_p_173.asl"": 125, ""director_p_182.asl"": 125, ""director_p_152.asl"": 125, ""director_p_95.asl"": 125, ""director_p_147.asl"": 125, ""director_p_110.asl"": 125, ""director_p_169.asl"": 125, ""director_p_131.asl"": 125, ""director_p_183.asl"": 125, ""director_p_162.asl"": 125, ""director_p_145.asl"": 125, ""director_p_103.asl"": 125, ""director_p_125.asl"": 125, ""director_p_67.asl"": 125, ""director_p_146.asl"": 125, ""director_p_68.asl"": 125, ""director_p_93.asl"": 125, ""director_p_186.asl"": 125, ""director_p_149.asl"": 125, ""director_p_159.asl"": 125, ""director_p_180.asl"": 125, ""director_p_195.asl"": 125, ""director_p_153.asl"": 125, ""director_p_108.asl"": 125, ""director_p_86.asl"": 125, ""director_p_150.asl"": 125, ""director_p_127.asl"": 125, ""director_p_144.asl"": 125, ""director_p_171.asl"": 125, ""director_p_126.asl"": 125, ""director_p_111.asl"": 125, ""director_p_154.asl"": 125, ""director_p_116.asl"": 125, ""director_p_92.asl"": 125, ""director_p_151.asl"": 125, ""director_p_84.asl"": 125, ""director_p_148.asl"": 125, ""director_p_128.asl"": 125, ""director_p_89.asl"": 125, ""director_p_156.asl"": 125, ""director_p_98.asl"": 125, ""director_p_99.asl"": 125, ""director_p_122.asl"": 125, ""director_p_82.asl"": 125, ""director_p_106.asl"": 125, ""director_p_112.asl"": 125, ""director_p_83.asl"": 125, ""director_p_109.asl"": 125, ""director_p_118.asl"": 125, ""director_p_132.asl"": 125, ""director_p_105.asl"": 125, ""director_p_102.asl"": 125, ""director_p_129.asl"": 125, ""director_p_121.asl"": 125, ""role_p_0_r.asl"": 29, ""role_p_164_r.asl"": 29, ""role_p_29_r.asl"": 29, ""role_p_7_r.asl"": 29, ""role_p_190_r.asl"": 29, ""role_p_71_r.asl"": 29, ""role_p_63_r.asl"": 29, ""role_p_58_r.asl"": 29, ""role_p_36_r.asl"": 29, ""role_p_189_r.asl"": 29, ""role_p_27_r.asl"": 29, ""role_p_179_r.asl"": 29, ""role_p_209_r.asl"": 29, ""role_p_220_r.asl"": 29, ""role_p_249_r.asl"": 29, ""role_p_201_r.asl"": 29, ""role_p_240_r.asl"": 29, ""role_p_227_r.asl"": 29, ""role_p_232_r.asl"": 29, ""role_p_204_r.asl"": 29, ""role_p_170_r.asl"": 29, ""role_p_191_r.asl"": 29, ""role_p_45_r.asl"": 29, ""role_p_88_r.asl"": 29, ""role_p_47_r.asl"": 29, ""role_p_38_r.asl"": 29, ""role_p_114_r.asl"": 29, ""role_p_48_r.asl"": 29, ""role_p_161_r.asl"": 29, ""role_p_90_r.asl"": 29, ""role_p_101_r.asl"": 29, ""role_p_168_r.asl"": 29, ""role_p_166_r.asl"": 29, ""role_p_234_r.asl"": 29, ""role_p_228_r.asl"": 29, ""role_p_100_r.asl"": 29, ""role_p_155_r.asl"": 29, ""role_p_57_r.asl"": 29, ""role_p_188_r.asl"": 29, ""role_p_25_r.asl"": 29, ""role_p_236_r.asl"": 29, ""role_p_245_r.asl"": 29, ""role_p_224_r.asl"": 29, ""role_p_248_r.asl"": 29, ""role_p_198_r.asl"": 29, ""role_p_196_r.asl"": 29, ""role_p_239_r.asl"": 29, ""role_p_208_r.asl"": 29, ""role_p_187_r.asl"": 29, ""role_p_138_r.asl"": 29, ""role_p_135_r.asl"": 29, ""role_p_235_r.asl"": 29, ""role_p_142_r.asl"": 29, ""role_p_205_r.asl"": 29, ""role_p_133_r.asl"": 29, ""role_p_184_r.asl"": 29, ""role_p_141_r.asl"": 29, ""role_p_167_r.asl"": 29, ""role_p_64_r.asl"": 29, ""role_p_137_r.asl"": 29, ""role_p_117_r.asl"": 29, ""role_p_174_r.asl"": 29, ""role_p_212_r.asl"": 29, ""role_p_219_r.asl"": 29, ""role_p_231_r.asl"": 29, ""role_p_139_r.asl"": 29, ""role_p_214_r.asl"": 29, ""role_p_157_r.asl"": 29, ""role_p_206_r.asl"": 29, ""role_p_107_r.asl"": 29, ""role_p_124_r.asl"": 29, ""role_p_70_r.asl"": 29, ""role_p_160_r.asl"": 29, ""role_p_91_r.asl"": 29, ""role_p_52_r.asl"": 29, ""role_p_79_r.asl"": 29, ""role_p_134_r.asl"": 29, ""role_p_37_r.asl"": 29, ""role_p_136_r.asl"": 29, ""role_p_104_r.asl"": 29, ""role_p_237_r.asl"": 29, ""role_p_193_r.asl"": 29, ""role_p_213_r.asl"": 29, ""role_p_225_r.asl"": 29, ""role_p_130_r.asl"": 29, ""role_p_199_r.asl"": 29, ""role_p_194_r.asl"": 29, ""role_p_123_r.asl"": 29, ""role_p_140_r.asl"": 29, ""role_p_143_r.asl"": 29, ""role_p_85_r.asl"": 29, ""role_p_229_r.asl"": 29, ""role_p_216_r.asl"": 29, ""role_p_222_r.asl"": 29, ""role_p_238_r.asl"": 29, ""role_p_202_r.asl"": 29, ""role_p_246_r.asl"": 29, ""role_p_233_r.asl"": 29, ""role_p_242_r.asl"": 29, ""role_p_241_r.asl"": 29, ""role_p_223_r.asl"": 29, ""role_p_218_r.asl"": 29, ""role_p_203_r.asl"": 29, ""role_p_217_r.asl"": 29, ""role_p_243_r.asl"": 29, ""role_p_244_r.asl"": 29, ""role_p_247_r.asl"": 29, ""role_p_230_r.asl"": 29, ""role_p_221_r.asl"": 29, ""role_p_207_r.asl"": 29, ""role_p_181_r.asl"": 29, ""role_p_210_r.asl"": 29, ""role_p_192_r.asl"": 29, ""role_p_197_r.asl"": 29, ""role_p_158_r.asl"": 29, ""role_p_185_r.asl"": 29, ""role_p_226_r.asl"": 29, ""role_p_175_r.asl"": 29, ""role_p_96_r.asl"": 29, ""role_p_215_r.asl"": 29, ""role_p_172_r.asl"": 29, ""role_p_176_r.asl"": 29, ""role_p_120_r.asl"": 29, ""role_p_115_r.asl"": 29, ""role_p_78_r.asl"": 29, ""role_p_87_r.asl"": 29, ""role_p_94_r.asl"": 29, ""role_p_53_r.asl"": 29, ""role_p_177_r.asl"": 29, ""role_p_54_r.asl"": 29, ""role_p_200_r.asl"": 29, ""role_p_211_r.asl"": 29, ""role_p_163_r.asl"": 29, ""role_p_178_r.asl"": 29, ""role_p_113_r.asl"": 29, ""role_p_62_r.asl"": 29, ""role_p_72_r.asl"": 29, ""role_p_119_r.asl"": 29, ""role_p_60_r.asl"": 29, ""role_p_49_r.asl"": 29, ""role_p_165_r.asl"": 29, ""role_p_173_r.asl"": 29, ""role_p_182_r.asl"": 29, ""role_p_152_r.asl"": 29, ""role_p_95_r.asl"": 29, ""role_p_147_r.asl"": 29, ""role_p_110_r.asl"": 29, ""role_p_169_r.asl"": 29, ""role_p_131_r.asl"": 29, ""role_p_183_r.asl"": 29, ""role_p_162_r.asl"": 29, ""role_p_145_r.asl"": 29, ""role_p_103_r.asl"": 29, ""role_p_125_r.asl"": 29, ""role_p_67_r.asl"": 29, ""role_p_146_r.asl"": 29, ""role_p_68_r.asl"": 29, ""role_p_93_r.asl"": 29, ""role_p_186_r.asl"": 29, ""role_p_149_r.asl"": 29, ""role_p_159_r.asl"": 29, ""role_p_180_r.asl"": 29, ""role_p_195_r.asl"": 29, ""role_p_153_r.asl"": 29, ""role_p_108_r.asl"": 29, ""role_p_86_r.asl"": 29, ""role_p_150_r.asl"": 29, ""role_p_127_r.asl"": 29, ""role_p_144_r.asl"": 29, ""role_p_171_r.asl"": 29, ""role_p_126_r.asl"": 29, ""role_p_111_r.asl"": 29, ""role_p_154_r.asl"": 29, ""role_p_116_r.asl"": 29, ""role_p_92_r.asl"": 29, ""role_p_151_r.asl"": 29, ""role_p_84_r.asl"": 29, ""role_p_148_r.asl"": 29, ""role_p_128_r.asl"": 29, ""role_p_89_r.asl"": 29, ""role_p_156_r.asl"": 29, ""role_p_98_r.asl"": 29, ""role_p_99_r.asl"": 29, ""role_p_122_r.asl"": 29, ""role_p_82_r.asl"": 29, ""role_p_106_r.asl"": 29, ""role_p_112_r.asl"": 29, ""role_p_83_r.asl"": 29, ""role_p_109_r.asl"": 29, ""role_p_118_r.asl"": 29, ""role_p_132_r.asl"": 29, ""role_p_105_r.asl"": 29, ""role_p_102_r.asl"": 29, ""role_p_129_r.asl"": 29, ""role_p_121_r.asl"": 29}",7.1568160152526215,0.2572267319992534,0.005272253998555243,2.614950180053711,True,0,0
grid_imports,72,Linux 7.2.3-arch1-2,x86_64,24,30.44,3.14.7,10,10,5,2,2,1,2,2,2,0,0,42,4196,89802,390,30030,"{""director_p_0.asl"": 125, ""director_p_164.asl"": 125, ""director_p_29.asl"": 125, ""director_p_7.asl"": 125, ""director_p_190.asl"": 125, ""director_p_71.asl"": 125, ""director_p_63.asl"": 125, ""director_p_58.asl"": 125, ""director_p_36.asl"": 125, ""director_p_189.asl"": 125, ""director_p_27.asl"": 125, ""director_p_179.asl"": 125, ""director_p_209.asl"": 125, ""director_p_220.asl"": 125, ""director_p_249.asl"": 125, ""director_p_201.asl"": 125, ""director_p_240.asl"": 125, ""director_p_227.asl"": 125, ""director_p_232.asl"": 125, ""director_p_204.asl"": 125, ""director_p_170.asl"": 125, ""director_p_191.asl"": 125, ""director_p_45.asl"": 125, ""director_p_88.asl"": 125, ""director_p_47.asl"": 125, ""director_p_38.asl"": 125, ""director_p_114.asl"": 125, ""director_p_48.asl"": 125, ""director_p_161.asl"": 125, ""director_p_90.asl"": 125, ""director_p_101.asl"": 125, ""director_p_168.asl"": 125, ""director_p_166.asl"": 125, ""director_p_234.asl"": 125, ""director_p_228.asl"": 125, ""director_p_100.asl"": 125, ""director_p_155.asl"": 125, ""director_p_57.asl"": 125, ""director_p_188.asl"": 125, ""director_p_25.asl"": 125, ""director_p_236.asl"": 125, ""director_p_245.asl"": 125, ""director_p_224.asl"": 125, ""director_p_248.asl"": 125, ""director_p_198.asl"": 125, ""director_p_196.asl"": 125, ""director_p_239.asl"": 125, ""director_p_208.asl"": 125, ""director_p_187.asl"": 125, ""director_p_138.asl"": 125, ""director_p_135.asl"": 125, ""director_p_235.asl"": 125, ""director_p_142.asl"": 125, ""director_p_205.asl"": 125, ""director_p_133.asl"": 125, ""director_p_184.asl"": 125, ""director_p_141.asl"": 125, ""director_p_167.asl"": 125, ""director_p_64.asl"": 125, ""director_p_137.asl"": 125, ""director_p_117.asl"": 125, ""director_p_174.asl"": 125, ""director_p_212.asl"": 125, ""director_p_219.asl"": 125, ""director_p_231.asl"": 125, ""director_p_139.asl"": 125, ""director_p_214.asl"": 125, ""director_p_157.asl"": 125, ""director_p_206.asl"": 125, ""director_p_107.asl"": 125, ""director_p_124.asl"": 125, ""director_p_70.asl"": 125, ""director_p_160.asl"": 125, ""director_p_91.asl"": 125, ""director_p_52.asl"": 125, ""director_p_79.asl"": 125, ""director_p_134.asl"": 125, ""director_p_37.asl"": 125, ""director_p_136.asl"": 125, ""director_p_104.asl"": 125, ""director_p_237.asl"": 125, ""director_p_193.asl"": 125, ""director_p_213.asl"": 125, ""director_p_225.asl"": 125, ""director_p_130.asl"": 125, ""director_p_199.asl"": 125, ""director_p_194.asl"": 125, ""director_p_123.asl"": 125, ""director_p_140.asl"": 125, ""director_p_143.asl"": 125, ""director_p_85.asl"": 125, ""director_p_229.asl"": 125, ""director_p_216.asl"": 125, ""director_p_222.asl"": 125, ""director_p_238.asl"": 125, ""director_p_202.asl"": 125, ""director_p_246.asl"": 125, ""director_p_233.asl"": 125, ""director_p_242.asl"": 125, ""director_p_241.asl"": 125, ""director_p_223.asl"": 125, ""director_p_218.asl"": 125, ""director_p_203.asl"": 125, ""director_p_217.asl"": 125, ""director_p_243.asl"": 125, ""director_p_244.asl"": 125, ""director_p_247.asl"": 125, ""director_p_230.asl"": 125, ""director_p_221.asl"": 125, ""director_p_207.asl"": 125, ""director_p_181.asl"": 125, ""director_p_210.asl"": 125, ""director_p_192.asl"": 125, ""director_p_197.asl"": 125, ""director_p_158.asl"": 125, ""director_p_185.asl"": 125, ""director_p_226.asl"": 125, ""director_p_175.asl"": 125, ""director_p_96.asl"": 125, ""director_p_215.asl"": 125, ""director_p_172.asl"": 125, ""director_p_176.asl"": 125, ""director_p_120.asl"": 125, ""director_p_115.asl"": 125, ""director_p_78.asl"": 125, ""director_p_87.asl"": 125, ""director_p_94.asl"": 125, ""director_p_53.asl"": 125, ""director_p_177.asl"": 125, ""director_p_54.asl"": 125, ""director_p_200.asl"": 125, ""director_p_211.asl"": 125, ""director_p_163.asl"": 125, ""director_p_178.asl"": 125, ""director_p_113.asl"": 125, ""director_p_62.asl"": 125, ""director_p_72.asl"": 125, ""director_p_119.asl"": 125, ""director_p_60.asl"": 125, ""director_p_49.asl"": 125, ""director_p_165.asl"": 125, ""director_p_173.asl"": 125, ""director_p_182.asl"": 125, ""director_p_152.asl"": 125, ""director_p_95.asl"": 125, ""director_p_147.asl"": 125, ""director_p_110.asl"": 125, ""director_p_169.asl"": 125, ""director_p_131.asl"": 125, ""director_p_183.asl"": 125, ""director_p_162.asl"": 125, ""director_p_145.asl"": 125, ""director_p_103.asl"": 125, ""director_p_125.asl"": 125, ""director_p_67.asl"": 125, ""director_p_146.asl"": 125, ""director_p_68.asl"": 125, ""director_p_93.asl"": 125, ""director_p_186.asl"": 125, ""director_p_149.asl"": 125, ""director_p_159.asl"": 125, ""director_p_180.asl"": 125, ""director_p_195.asl"": 125, ""director_p_153.asl"": 125, ""director_p_108.asl"": 125, ""director_p_86.asl"": 125, ""director_p_150.asl"": 125, ""director_p_127.asl"": 125, ""director_p_144.asl"": 125, ""director_p_171.asl"": 125, ""director_p_126.asl"": 125, ""director_p_111.asl"": 125, ""director_p_154.asl"": 125, ""director_p_116.asl"": 125, ""director_p_92.asl"": 125, ""director_p_151.asl"": 125, ""director_p_84.asl"": 125, ""director_p_148.asl"": 125, ""director_p_128.asl"": 125, ""director_p_89.asl"": 125, ""director_p_156.asl"": 125, ""director_p_98.asl"": 125, ""director_p_99.asl"": 125, ""director_p_122.asl"": 125, ""director_p_82.asl"": 125, ""director_p_106.asl"": 125, ""director_p_112.asl"": 125, ""director_p_83.asl"": 125, ""director_p_109.asl"": 125, ""director_p_118.asl"": 125, ""director_p_132.asl"": 125, ""director_p_105.asl"": 125, ""director_p_102.asl"": 125, ""director_p_129.asl"": 125, ""director_p_121.asl"": 125, ""role_p_0_r.asl"": 29, ""role_p_164_r.asl"": 29, ""role_p_29_r.asl"": 29, ""role_p_7_r.asl"": 29, ""role_p_190_r.asl"": 29, ""role_p_71_r.asl"": 29, ""role_p_63_r.asl"": 29, ""role_p_58_r.asl"": 29, ""role_p_36_r.asl"": 29, ""role_p_189_r.asl"": 29, ""role_p_27_r.asl"": 29, ""role_p_179_r.asl"": 29, ""role_p_209_r.asl"": 29, ""role_p_220_r.asl"": 29, ""role_p_249_r.asl"": 29, ""role_p_201_r.asl"": 29, ""role_p_240_r.asl"": 29, ""role_p_227_r.asl"": 29, ""role_p_232_r.asl"": 29, ""role_p_204_r.asl"": 29, ""role_p_170_r.asl"": 29, ""role_p_191_r.asl"": 29, ""role_p_45_r.asl"": 29, ""role_p_88_r.asl"": 29, ""role_p_47_r.asl"": 29, ""role_p_38_r.asl"": 29, ""role_p_114_r.asl"": 29, ""role_p_48_r.asl"": 29, ""role_p_161_r.asl"": 29, ""role_p_90_r.asl"": 29, ""role_p_101_r.asl"": 29, ""role_p_168_r.asl"": 29, ""role_p_166_r.asl"": 29, ""role_p_234_r.asl"": 29, ""role_p_228_r.asl"": 29, ""role_p_100_r.asl"": 29, ""role_p_155_r.asl"": 29, ""role_p_57_r.asl"": 29, ""role_p_188_r.asl"": 29, ""role_p_25_r.asl"": 29, ""role_p_236_r.asl"": 29, ""role_p_245_r.asl"": 29, ""role_p_224_r.asl"": 29, ""role_p_248_r.asl"": 29, ""role_p_198_r.asl"": 29, ""role_p_196_r.asl"": 29, ""role_p_239_r.asl"": 29, ""role_p_208_r.asl"": 29, ""role_p_187_r.asl"": 29, ""role_p_138_r.asl"": 29, ""role_p_135_r.asl"": 29, ""role_p_235_r.asl"": 29, ""role_p_142_r.asl"": 29, ""role_p_205_r.asl"": 29, ""role_p_133_r.asl"": 29, ""role_p_184_r.asl"": 29, ""role_p_141_r.asl"": 29, ""role_p_167_r.asl"": 29, ""role_p_64_r.asl"": 29, ""role_p_137_r.asl"": 29, ""role_p_117_r.asl"": 29, ""role_p_174_r.asl"": 29, ""role_p_212_r.asl"": 29, ""role_p_219_r.asl"": 29, ""role_p_231_r.asl"": 29, ""role_p_139_r.asl"": 29, ""role_p_214_r.asl"": 29, ""role_p_157_r.asl"": 29, ""role_p_206_r.asl"": 29, ""role_p_107_r.asl"": 29, ""role_p_124_r.asl"": 29, ""role_p_70_r.asl"": 29, ""role_p_160_r.asl"": 29, ""role_p_91_r.asl"": 29, ""role_p_52_r.asl"": 29, ""role_p_79_r.asl"": 29, ""role_p_134_r.asl"": 29, ""role_p_37_r.asl"": 29, ""role_p_136_r.asl"": 29, ""role_p_104_r.asl"": 29, ""role_p_237_r.asl"": 29, ""role_p_193_r.asl"": 29, ""role_p_213_r.asl"": 29, ""role_p_225_r.asl"": 29, ""role_p_130_r.asl"": 29, ""role_p_199_r.asl"": 29, ""role_p_194_r.asl"": 29, ""role_p_123_r.asl"": 29, ""role_p_140_r.asl"": 29, ""role_p_143_r.asl"": 29, ""role_p_85_r.asl"": 29, ""role_p_229_r.asl"": 29, ""role_p_216_r.asl"": 29, ""role_p_222_r.asl"": 29, ""role_p_238_r.asl"": 29, ""role_p_202_r.asl"": 29, ""role_p_246_r.asl"": 29, ""role_p_233_r.asl"": 29, ""role_p_242_r.asl"": 29, ""role_p_241_r.asl"": 29, ""role_p_223_r.asl"": 29, ""role_p_218_r.asl"": 29, ""role_p_203_r.asl"": 29, ""role_p_217_r.asl"": 29, ""role_p_243_r.asl"": 29, ""role_p_244_r.asl"": 29, ""role_p_247_r.asl"": 29, ""role_p_230_r.asl"": 29, ""role_p_221_r.asl"": 29, ""role_p_207_r.asl"": 29, ""role_p_181_r.asl"": 29, ""role_p_210_r.asl"": 29, ""role_p_192_r.asl"": 29, ""role_p_197_r.asl"": 29, ""role_p_158_r.asl"": 29, ""role_p_185_r.asl"": 29, ""role_p_226_r.asl"": 29, ""role_p_175_r.asl"": 29, ""role_p_96_r.asl"": 29, ""role_p_215_r.asl"": 29, ""role_p_172_r.asl"": 29, ""role_p_176_r.asl"": 29, ""role_p_120_r.asl"": 29, ""role_p_115_r.asl"": 29, ""role_p_78_r.asl"": 29, ""role_p_87_r.asl"": 29, ""role_p_94_r.asl"": 29, ""role_p_53_r.asl"": 29, ""role_p_177_r.asl"": 29, ""role_p_54_r.asl"": 29, ""role_p_200_r.asl"": 29, ""role_p_211_r.asl"": 29, ""role_p_163_r.asl"": 29, ""role_p_178_r.asl"": 29, ""role_p_113_r.asl"": 29, ""role_p_62_r.asl"": 29, ""role_p_72_r.asl"": 29, ""role_p_119_r.asl"": 29, ""role_p_60_r.asl"": 29, ""role_p_49_r.asl"": 29, ""role_p_165_r.asl"": 29, ""role_p_173_r.asl"": 29, ""role_p_182_r.asl"": 29, ""role_p_152_r.asl"": 29, ""role_p_95_r.asl"": 29, ""role_p_147_r.asl"": 29, ""role_p_110_r.asl"": 29, ""role_p_169_r.asl"": 29, ""role_p_131_r.asl"": 29, ""role_p_183_r.asl"": 29, ""role_p_162_r.asl"": 29, ""role_p_145_r.asl"": 29, ""role_p_103_r.asl"": 29, ""role_p_125_r.asl"": 29, ""role_p_67_r.asl"": 29, ""role_p_146_r.asl"": 29, ""role_p_68_r.asl"": 29, ""role_p_93_r.asl"": 29, ""role_p_186_r.asl"": 29, ""role_p_149_r.asl"": 29, ""role_p_159_r.asl"": 29, ""role_p_180_r.asl"": 29, ""role_p_195_r.asl"": 29, ""role_p_153_r.asl"": 29, ""role_p_108_r.asl"": 29, ""role_p_86_r.asl"": 29, ""role_p_150_r.asl"": 29, ""role_p_127_r.asl"": 29, ""role_p_144_r.asl"": 29, ""role_p_171_r.asl"": 29, ""role_p_126_r.asl"": 29, ""role_p_111_r.asl"": 29, ""role_p_154_r.asl"": 29, ""role_p_116_r.asl"": 29, ""role_p_92_r.asl"": 29, ""role_p_151_r.asl"": 29, ""role_p_84_r.asl"": 29, ""role_p_148_r.asl"": 29, ""role_p_128_r.asl"": 29, ""role_p_89_r.asl"": 29, ""role_p_156_r.asl"": 29, ""role_p_98_r.asl"": 29, ""role_p_99_r.asl"": 29, ""role_p_122_r.asl"": 29, ""role_p_82_r.asl"": 29, ""role_p_106_r.asl"": 29, ""role_p_112_r.asl"": 29, ""role_p_83_r.asl"": 29, ""role_p_109_r.asl"": 29, ""role_p_118_r.asl"": 29, ""role_p_132_r.asl"": 29, ""role_p_105_r.asl"": 29, ""role_p_102_r.asl"": 29, ""role_p_129_r.asl"": 29, ""role_p_121_r.asl"": 29}",7.1568160152526215,0.25264568500278983,0.0051685540020116605,2.6106815338134766,True,0,0
grid_imports,73,Linux 7.2.3-arch1-2,x86_64,24,30.44,3.14.7,10,10,5,2,2,1,2,2,2,0,0,42,4196,89802,390,30030,"{""director_p_0.asl"": 125, ""director_p_164.asl"": 125, ""director_p_29.asl"": 125, ""director_p_7.asl"": 125, ""director_p_190.asl"": 125, ""director_p_71.asl"": 125, ""director_p_63.asl"": 125, ""director_p_58.asl"": 125, ""director_p_36.asl"": 125, ""director_p_189.asl"": 125, ""director_p_27.asl"": 125, ""director_p_179.asl"": 125, ""director_p_209.asl"": 125, ""director_p_220.asl"": 125, ""director_p_249.asl"": 125, ""director_p_201.asl"": 125, ""director_p_240.asl"": 125, ""director_p_227.asl"": 125, ""director_p_232.asl"": 125, ""director_p_204.asl"": 125, ""director_p_170.asl"": 125, ""director_p_191.asl"": 125, ""director_p_45.asl"": 125, ""director_p_88.asl"": 125, ""director_p_47.asl"": 125, ""director_p_38.asl"": 125, ""director_p_114.asl"": 125, ""director_p_48.asl"": 125, ""director_p_161.asl"": 125, ""director_p_90.asl"": 125, ""director_p_101.asl"": 125, ""director_p_168.asl"": 125, ""director_p_166.asl"": 125, ""director_p_234.asl"": 125, ""director_p_228.asl"": 125, ""director_p_100.asl"": 125, ""director_p_155.asl"": 125, ""director_p_57.asl"": 125, ""director_p_188.asl"": 125, ""director_p_25.asl"": 125, ""director_p_236.asl"": 125, ""director_p_245.asl"": 125, ""director_p_224.asl"": 125, ""director_p_248.asl"": 125, ""director_p_198.asl"": 125, ""director_p_196.asl"": 125, ""director_p_239.asl"": 125, ""director_p_208.asl"": 125, ""director_p_187.asl"": 125, ""director_p_138.asl"": 125, ""director_p_135.asl"": 125, ""director_p_235.asl"": 125, ""director_p_142.asl"": 125, ""director_p_205.asl"": 125, ""director_p_133.asl"": 125, ""director_p_184.asl"": 125, ""director_p_141.asl"": 125, ""director_p_167.asl"": 125, ""director_p_64.asl"": 125, ""director_p_137.asl"": 125, ""director_p_117.asl"": 125, ""director_p_174.asl"": 125, ""director_p_212.asl"": 125, ""director_p_219.asl"": 125, ""director_p_231.asl"": 125, ""director_p_139.asl"": 125, ""director_p_214.asl"": 125, ""director_p_157.asl"": 125, ""director_p_206.asl"": 125, ""director_p_107.asl"": 125, ""director_p_124.asl"": 125, ""director_p_70.asl"": 125, ""director_p_160.asl"": 125, ""director_p_91.asl"": 125, ""director_p_52.asl"": 125, ""director_p_79.asl"": 125, ""director_p_134.asl"": 125, ""director_p_37.asl"": 125, ""director_p_136.asl"": 125, ""director_p_104.asl"": 125, ""director_p_237.asl"": 125, ""director_p_193.asl"": 125, ""director_p_213.asl"": 125, ""director_p_225.asl"": 125, ""director_p_130.asl"": 125, ""director_p_199.asl"": 125, ""director_p_194.asl"": 125, ""director_p_123.asl"": 125, ""director_p_140.asl"": 125, ""director_p_143.asl"": 125, ""director_p_85.asl"": 125, ""director_p_229.asl"": 125, ""director_p_216.asl"": 125, ""director_p_222.asl"": 125, ""director_p_238.asl"": 125, ""director_p_202.asl"": 125, ""director_p_246.asl"": 125, ""director_p_233.asl"": 125, ""director_p_242.asl"": 125, ""director_p_241.asl"": 125, ""director_p_223.asl"": 125, ""director_p_218.asl"": 125, ""director_p_203.asl"": 125, ""director_p_217.asl"": 125, ""director_p_243.asl"": 125, ""director_p_244.asl"": 125, ""director_p_247.asl"": 125, ""director_p_230.asl"": 125, ""director_p_221.asl"": 125, ""director_p_207.asl"": 125, ""director_p_181.asl"": 125, ""director_p_210.asl"": 125, ""director_p_192.asl"": 125, ""director_p_197.asl"": 125, ""director_p_158.asl"": 125, ""director_p_185.asl"": 125, ""director_p_226.asl"": 125, ""director_p_175.asl"": 125, ""director_p_96.asl"": 125, ""director_p_215.asl"": 125, ""director_p_172.asl"": 125, ""director_p_176.asl"": 125, ""director_p_120.asl"": 125, ""director_p_115.asl"": 125, ""director_p_78.asl"": 125, ""director_p_87.asl"": 125, ""director_p_94.asl"": 125, ""director_p_53.asl"": 125, ""director_p_177.asl"": 125, ""director_p_54.asl"": 125, ""director_p_200.asl"": 125, ""director_p_211.asl"": 125, ""director_p_163.asl"": 125, ""director_p_178.asl"": 125, ""director_p_113.asl"": 125, ""director_p_62.asl"": 125, ""director_p_72.asl"": 125, ""director_p_119.asl"": 125, ""director_p_60.asl"": 125, ""director_p_49.asl"": 125, ""director_p_165.asl"": 125, ""director_p_173.asl"": 125, ""director_p_182.asl"": 125, ""director_p_152.asl"": 125, ""director_p_95.asl"": 125, ""director_p_147.asl"": 125, ""director_p_110.asl"": 125, ""director_p_169.asl"": 125, ""director_p_131.asl"": 125, ""director_p_183.asl"": 125, ""director_p_162.asl"": 125, ""director_p_145.asl"": 125, ""director_p_103.asl"": 125, ""director_p_125.asl"": 125, ""director_p_67.asl"": 125, ""director_p_146.asl"": 125, ""director_p_68.asl"": 125, ""director_p_93.asl"": 125, ""director_p_186.asl"": 125, ""director_p_149.asl"": 125, ""director_p_159.asl"": 125, ""director_p_180.asl"": 125, ""director_p_195.asl"": 125, ""director_p_153.asl"": 125, ""director_p_108.asl"": 125, ""director_p_86.asl"": 125, ""director_p_150.asl"": 125, ""director_p_127.asl"": 125, ""director_p_144.asl"": 125, ""director_p_171.asl"": 125, ""director_p_126.asl"": 125, ""director_p_111.asl"": 125, ""director_p_154.asl"": 125, ""director_p_116.asl"": 125, ""director_p_92.asl"": 125, ""director_p_151.asl"": 125, ""director_p_84.asl"": 125, ""director_p_148.asl"": 125, ""director_p_128.asl"": 125, ""director_p_89.asl"": 125, ""director_p_156.asl"": 125, ""director_p_98.asl"": 125, ""director_p_99.asl"": 125, ""director_p_122.asl"": 125, ""director_p_82.asl"": 125, ""director_p_106.asl"": 125, ""director_p_112.asl"": 125, ""director_p_83.asl"": 125, ""director_p_109.asl"": 125, ""director_p_118.asl"": 125, ""director_p_132.asl"": 125, ""director_p_105.asl"": 125, ""director_p_102.asl"": 125, ""director_p_129.asl"": 125, ""director_p_121.asl"": 125, ""role_p_0_r.asl"": 29, ""role_p_164_r.asl"": 29, ""role_p_29_r.asl"": 29, ""role_p_7_r.asl"": 29, ""role_p_190_r.asl"": 29, ""role_p_71_r.asl"": 29, ""role_p_63_r.asl"": 29, ""role_p_58_r.asl"": 29, ""role_p_36_r.asl"": 29, ""role_p_189_r.asl"": 29, ""role_p_27_r.asl"": 29, ""role_p_179_r.asl"": 29, ""role_p_209_r.asl"": 29, ""role_p_220_r.asl"": 29, ""role_p_249_r.asl"": 29, ""role_p_201_r.asl"": 29, ""role_p_240_r.asl"": 29, ""role_p_227_r.asl"": 29, ""role_p_232_r.asl"": 29, ""role_p_204_r.asl"": 29, ""role_p_170_r.asl"": 29, ""role_p_191_r.asl"": 29, ""role_p_45_r.asl"": 29, ""role_p_88_r.asl"": 29, ""role_p_47_r.asl"": 29, ""role_p_38_r.asl"": 29, ""role_p_114_r.asl"": 29, ""role_p_48_r.asl"": 29, ""role_p_161_r.asl"": 29, ""role_p_90_r.asl"": 29, ""role_p_101_r.asl"": 29, ""role_p_168_r.asl"": 29, ""role_p_166_r.asl"": 29, ""role_p_234_r.asl"": 29, ""role_p_228_r.asl"": 29, ""role_p_100_r.asl"": 29, ""role_p_155_r.asl"": 29, ""role_p_57_r.asl"": 29, ""role_p_188_r.asl"": 29, ""role_p_25_r.asl"": 29, ""role_p_236_r.asl"": 29, ""role_p_245_r.asl"": 29, ""role_p_224_r.asl"": 29, ""role_p_248_r.asl"": 29, ""role_p_198_r.asl"": 29, ""role_p_196_r.asl"": 29, ""role_p_239_r.asl"": 29, ""role_p_208_r.asl"": 29, ""role_p_187_r.asl"": 29, ""role_p_138_r.asl"": 29, ""role_p_135_r.asl"": 29, ""role_p_235_r.asl"": 29, ""role_p_142_r.asl"": 29, ""role_p_205_r.asl"": 29, ""role_p_133_r.asl"": 29, ""role_p_184_r.asl"": 29, ""role_p_141_r.asl"": 29, ""role_p_167_r.asl"": 29, ""role_p_64_r.asl"": 29, ""role_p_137_r.asl"": 29, ""role_p_117_r.asl"": 29, ""role_p_174_r.asl"": 29, ""role_p_212_r.asl"": 29, ""role_p_219_r.asl"": 29, ""role_p_231_r.asl"": 29, ""role_p_139_r.asl"": 29, ""role_p_214_r.asl"": 29, ""role_p_157_r.asl"": 29, ""role_p_206_r.asl"": 29, ""role_p_107_r.asl"": 29, ""role_p_124_r.asl"": 29, ""role_p_70_r.asl"": 29, ""role_p_160_r.asl"": 29, ""role_p_91_r.asl"": 29, ""role_p_52_r.asl"": 29, ""role_p_79_r.asl"": 29, ""role_p_134_r.asl"": 29, ""role_p_37_r.asl"": 29, ""role_p_136_r.asl"": 29, ""role_p_104_r.asl"": 29, ""role_p_237_r.asl"": 29, ""role_p_193_r.asl"": 29, ""role_p_213_r.asl"": 29, ""role_p_225_r.asl"": 29, ""role_p_130_r.asl"": 29, ""role_p_199_r.asl"": 29, ""role_p_194_r.asl"": 29, ""role_p_123_r.asl"": 29, ""role_p_140_r.asl"": 29, ""role_p_143_r.asl"": 29, ""role_p_85_r.asl"": 29, ""role_p_229_r.asl"": 29, ""role_p_216_r.asl"": 29, ""role_p_222_r.asl"": 29, ""role_p_238_r.asl"": 29, ""role_p_202_r.asl"": 29, ""role_p_246_r.asl"": 29, ""role_p_233_r.asl"": 29, ""role_p_242_r.asl"": 29, ""role_p_241_r.asl"": 29, ""role_p_223_r.asl"": 29, ""role_p_218_r.asl"": 29, ""role_p_203_r.asl"": 29, ""role_p_217_r.asl"": 29, ""role_p_243_r.asl"": 29, ""role_p_244_r.asl"": 29, ""role_p_247_r.asl"": 29, ""role_p_230_r.asl"": 29, ""role_p_221_r.asl"": 29, ""role_p_207_r.asl"": 29, ""role_p_181_r.asl"": 29, ""role_p_210_r.asl"": 29, ""role_p_192_r.asl"": 29, ""role_p_197_r.asl"": 29, ""role_p_158_r.asl"": 29, ""role_p_185_r.asl"": 29, ""role_p_226_r.asl"": 29, ""role_p_175_r.asl"": 29, ""role_p_96_r.asl"": 29, ""role_p_215_r.asl"": 29, ""role_p_172_r.asl"": 29, ""role_p_176_r.asl"": 29, ""role_p_120_r.asl"": 29, ""role_p_115_r.asl"": 29, ""role_p_78_r.asl"": 29, ""role_p_87_r.asl"": 29, ""role_p_94_r.asl"": 29, ""role_p_53_r.asl"": 29, ""role_p_177_r.asl"": 29, ""role_p_54_r.asl"": 29, ""role_p_200_r.asl"": 29, ""role_p_211_r.asl"": 29, ""role_p_163_r.asl"": 29, ""role_p_178_r.asl"": 29, ""role_p_113_r.asl"": 29, ""role_p_62_r.asl"": 29, ""role_p_72_r.asl"": 29, ""role_p_119_r.asl"": 29, ""role_p_60_r.asl"": 29, ""role_p_49_r.asl"": 29, ""role_p_165_r.asl"": 29, ""role_p_173_r.asl"": 29, ""role_p_182_r.asl"": 29, ""role_p_152_r.asl"": 29, ""role_p_95_r.asl"": 29, ""role_p_147_r.asl"": 29, ""role_p_110_r.asl"": 29, ""role_p_169_r.asl"": 29, ""role_p_131_r.asl"": 29, ""role_p_183_r.asl"": 29, ""role_p_162_r.asl"": 29, ""role_p_145_r.asl"": 29, ""role_p_103_r.asl"": 29, ""role_p_125_r.asl"": 29, ""role_p_67_r.asl"": 29, ""role_p_146_r.asl"": 29, ""role_p_68_r.asl"": 29, ""role_p_93_r.asl"": 29, ""role_p_186_r.asl"": 29, ""role_p_149_r.asl"": 29, ""role_p_159_r.asl"": 29, ""role_p_180_r.asl"": 29, ""role_p_195_r.asl"": 29, ""role_p_153_r.asl"": 29, ""role_p_108_r.asl"": 29, ""role_p_86_r.asl"": 29, ""role_p_150_r.asl"": 29, ""role_p_127_r.asl"": 29, ""role_p_144_r.asl"": 29, ""role_p_171_r.asl"": 29, ""role_p_126_r.asl"": 29, ""role_p_111_r.asl"": 29, ""role_p_154_r.asl"": 29, ""role_p_116_r.asl"": 29, ""role_p_92_r.asl"": 29, ""role_p_151_r.asl"": 29, ""role_p_84_r.asl"": 29, ""role_p_148_r.asl"": 29, ""role_p_128_r.asl"": 29, ""role_p_89_r.asl"": 29, ""role_p_156_r.asl"": 29, ""role_p_98_r.asl"": 29, ""role_p_99_r.asl"": 29, ""role_p_122_r.asl"": 29, ""role_p_82_r.asl"": 29, ""role_p_106_r.asl"": 29, ""role_p_112_r.asl"": 29, ""role_p_83_r.asl"": 29, ""role_p_109_r.asl"": 29, ""role_p_118_r.asl"": 29, ""role_p_132_r.asl"": 29, ""role_p_105_r.asl"": 29, ""role_p_102_r.asl"": 29, ""role_p_129_r.asl"": 29, ""role_p_121_r.asl"": 29}",7.1568160152526215,0.25285837500268826,0.005070634000730934,2.6184158325195312,True,0,0
grid_imports,74,Linux 7.2.3-arch1-2,x86_64,24,30.44,3.14.7,10,10,5,2,2,1,2,2,2,0,0,42,4196,89802,390,30030,"{""director_p_0.asl"": 125, ""director_p_164.asl"": 125, ""director_p_29.asl"": 125, ""director_p_7.asl"": 125, ""director_p_190.asl"": 125, ""director_p_71.asl"": 125, ""director_p_63.asl"": 125, ""director_p_58.asl"": 125, ""director_p_36.asl"": 125, ""director_p_189.asl"": 125, ""director_p_27.asl"": 125, ""director_p_179.asl"": 125, ""director_p_209.asl"": 125, ""director_p_220.asl"": 125, ""director_p_249.asl"": 125, ""director_p_201.asl"": 125, ""director_p_240.asl"": 125, ""director_p_227.asl"": 125, ""director_p_232.asl"": 125, ""director_p_204.asl"": 125, ""director_p_170.asl"": 125, ""director_p_191.asl"": 125, ""director_p_45.asl"": 125, ""director_p_88.asl"": 125, ""director_p_47.asl"": 125, ""director_p_38.asl"": 125, ""director_p_114.asl"": 125, ""director_p_48.asl"": 125, ""director_p_161.asl"": 125, ""director_p_90.asl"": 125, ""director_p_101.asl"": 125, ""director_p_168.asl"": 125, ""director_p_166.asl"": 125, ""director_p_234.asl"": 125, ""director_p_228.asl"": 125, ""director_p_100.asl"": 125, ""director_p_155.asl"": 125, ""director_p_57.asl"": 125, ""director_p_188.asl"": 125, ""director_p_25.asl"": 125, ""director_p_236.asl"": 125, ""director_p_245.asl"": 125, ""director_p_224.asl"": 125, ""director_p_248.asl"": 125, ""director_p_198.asl"": 125, ""director_p_196.asl"": 125, ""director_p_239.asl"": 125, ""director_p_208.asl"": 125, ""director_p_187.asl"": 125, ""director_p_138.asl"": 125, ""director_p_135.asl"": 125, ""director_p_235.asl"": 125, ""director_p_142.asl"": 125, ""director_p_205.asl"": 125, ""director_p_133.asl"": 125, ""director_p_184.asl"": 125, ""director_p_141.asl"": 125, ""director_p_167.asl"": 125, ""director_p_64.asl"": 125, ""director_p_137.asl"": 125, ""director_p_117.asl"": 125, ""director_p_174.asl"": 125, ""director_p_212.asl"": 125, ""director_p_219.asl"": 125, ""director_p_231.asl"": 125, ""director_p_139.asl"": 125, ""director_p_214.asl"": 125, ""director_p_157.asl"": 125, ""director_p_206.asl"": 125, ""director_p_107.asl"": 125, ""director_p_124.asl"": 125, ""director_p_70.asl"": 125, ""director_p_160.asl"": 125, ""director_p_91.asl"": 125, ""director_p_52.asl"": 125, ""director_p_79.asl"": 125, ""director_p_134.asl"": 125, ""director_p_37.asl"": 125, ""director_p_136.asl"": 125, ""director_p_104.asl"": 125, ""director_p_237.asl"": 125, ""director_p_193.asl"": 125, ""director_p_213.asl"": 125, ""director_p_225.asl"": 125, ""director_p_130.asl"": 125, ""director_p_199.asl"": 125, ""director_p_194.asl"": 125, ""director_p_123.asl"": 125, ""director_p_140.asl"": 125, ""director_p_143.asl"": 125, ""director_p_85.asl"": 125, ""director_p_229.asl"": 125, ""director_p_216.asl"": 125, ""director_p_222.asl"": 125, ""director_p_238.asl"": 125, ""director_p_202.asl"": 125, ""director_p_246.asl"": 125, ""director_p_233.asl"": 125, ""director_p_242.asl"": 125, ""director_p_241.asl"": 125, ""director_p_223.asl"": 125, ""director_p_218.asl"": 125, ""director_p_203.asl"": 125, ""director_p_217.asl"": 125, ""director_p_243.asl"": 125, ""director_p_244.asl"": 125, ""director_p_247.asl"": 125, ""director_p_230.asl"": 125, ""director_p_221.asl"": 125, ""director_p_207.asl"": 125, ""director_p_181.asl"": 125, ""director_p_210.asl"": 125, ""director_p_192.asl"": 125, ""director_p_197.asl"": 125, ""director_p_158.asl"": 125, ""director_p_185.asl"": 125, ""director_p_226.asl"": 125, ""director_p_175.asl"": 125, ""director_p_96.asl"": 125, ""director_p_215.asl"": 125, ""director_p_172.asl"": 125, ""director_p_176.asl"": 125, ""director_p_120.asl"": 125, ""director_p_115.asl"": 125, ""director_p_78.asl"": 125, ""director_p_87.asl"": 125, ""director_p_94.asl"": 125, ""director_p_53.asl"": 125, ""director_p_177.asl"": 125, ""director_p_54.asl"": 125, ""director_p_200.asl"": 125, ""director_p_211.asl"": 125, ""director_p_163.asl"": 125, ""director_p_178.asl"": 125, ""director_p_113.asl"": 125, ""director_p_62.asl"": 125, ""director_p_72.asl"": 125, ""director_p_119.asl"": 125, ""director_p_60.asl"": 125, ""director_p_49.asl"": 125, ""director_p_165.asl"": 125, ""director_p_173.asl"": 125, ""director_p_182.asl"": 125, ""director_p_152.asl"": 125, ""director_p_95.asl"": 125, ""director_p_147.asl"": 125, ""director_p_110.asl"": 125, ""director_p_169.asl"": 125, ""director_p_131.asl"": 125, ""director_p_183.asl"": 125, ""director_p_162.asl"": 125, ""director_p_145.asl"": 125, ""director_p_103.asl"": 125, ""director_p_125.asl"": 125, ""director_p_67.asl"": 125, ""director_p_146.asl"": 125, ""director_p_68.asl"": 125, ""director_p_93.asl"": 125, ""director_p_186.asl"": 125, ""director_p_149.asl"": 125, ""director_p_159.asl"": 125, ""director_p_180.asl"": 125, ""director_p_195.asl"": 125, ""director_p_153.asl"": 125, ""director_p_108.asl"": 125, ""director_p_86.asl"": 125, ""director_p_150.asl"": 125, ""director_p_127.asl"": 125, ""director_p_144.asl"": 125, ""director_p_171.asl"": 125, ""director_p_126.asl"": 125, ""director_p_111.asl"": 125, ""director_p_154.asl"": 125, ""director_p_116.asl"": 125, ""director_p_92.asl"": 125, ""director_p_151.asl"": 125, ""director_p_84.asl"": 125, ""director_p_148.asl"": 125, ""director_p_128.asl"": 125, ""director_p_89.asl"": 125, ""director_p_156.asl"": 125, ""director_p_98.asl"": 125, ""director_p_99.asl"": 125, ""director_p_122.asl"": 125, ""director_p_82.asl"": 125, ""director_p_106.asl"": 125, ""director_p_112.asl"": 125, ""director_p_83.asl"": 125, ""director_p_109.asl"": 125, ""director_p_118.asl"": 125, ""director_p_132.asl"": 125, ""director_p_105.asl"": 125, ""director_p_102.asl"": 125, ""director_p_129.asl"": 125, ""director_p_121.asl"": 125, ""role_p_0_r.asl"": 29, ""role_p_164_r.asl"": 29, ""role_p_29_r.asl"": 29, ""role_p_7_r.asl"": 29, ""role_p_190_r.asl"": 29, ""role_p_71_r.asl"": 29, ""role_p_63_r.asl"": 29, ""role_p_58_r.asl"": 29, ""role_p_36_r.asl"": 29, ""role_p_189_r.asl"": 29, ""role_p_27_r.asl"": 29, ""role_p_179_r.asl"": 29, ""role_p_209_r.asl"": 29, ""role_p_220_r.asl"": 29, ""role_p_249_r.asl"": 29, ""role_p_201_r.asl"": 29, ""role_p_240_r.asl"": 29, ""role_p_227_r.asl"": 29, ""role_p_232_r.asl"": 29, ""role_p_204_r.asl"": 29, ""role_p_170_r.asl"": 29, ""role_p_191_r.asl"": 29, ""role_p_45_r.asl"": 29, ""role_p_88_r.asl"": 29, ""role_p_47_r.asl"": 29, ""role_p_38_r.asl"": 29, ""role_p_114_r.asl"": 29, ""role_p_48_r.asl"": 29, ""role_p_161_r.asl"": 29, ""role_p_90_r.asl"": 29, ""role_p_101_r.asl"": 29, ""role_p_168_r.asl"": 29, ""role_p_166_r.asl"": 29, ""role_p_234_r.asl"": 29, ""role_p_228_r.asl"": 29, ""role_p_100_r.asl"": 29, ""role_p_155_r.asl"": 29, ""role_p_57_r.asl"": 29, ""role_p_188_r.asl"": 29, ""role_p_25_r.asl"": 29, ""role_p_236_r.asl"": 29, ""role_p_245_r.asl"": 29, ""role_p_224_r.asl"": 29, ""role_p_248_r.asl"": 29, ""role_p_198_r.asl"": 29, ""role_p_196_r.asl"": 29, ""role_p_239_r.asl"": 29, ""role_p_208_r.asl"": 29, ""role_p_187_r.asl"": 29, ""role_p_138_r.asl"": 29, ""role_p_135_r.asl"": 29, ""role_p_235_r.asl"": 29, ""role_p_142_r.asl"": 29, ""role_p_205_r.asl"": 29, ""role_p_133_r.asl"": 29, ""role_p_184_r.asl"": 29, ""role_p_141_r.asl"": 29, ""role_p_167_r.asl"": 29, ""role_p_64_r.asl"": 29, ""role_p_137_r.asl"": 29, ""role_p_117_r.asl"": 29, ""role_p_174_r.asl"": 29, ""role_p_212_r.asl"": 29, ""role_p_219_r.asl"": 29, ""role_p_231_r.asl"": 29, ""role_p_139_r.asl"": 29, ""role_p_214_r.asl"": 29, ""role_p_157_r.asl"": 29, ""role_p_206_r.asl"": 29, ""role_p_107_r.asl"": 29, ""role_p_124_r.asl"": 29, ""role_p_70_r.asl"": 29, ""role_p_160_r.asl"": 29, ""role_p_91_r.asl"": 29, ""role_p_52_r.asl"": 29, ""role_p_79_r.asl"": 29, ""role_p_134_r.asl"": 29, ""role_p_37_r.asl"": 29, ""role_p_136_r.asl"": 29, ""role_p_104_r.asl"": 29, ""role_p_237_r.asl"": 29, ""role_p_193_r.asl"": 29, ""role_p_213_r.asl"": 29, ""role_p_225_r.asl"": 29, ""role_p_130_r.asl"": 29, ""role_p_199_r.asl"": 29, ""role_p_194_r.asl"": 29, ""role_p_123_r.asl"": 29, ""role_p_140_r.asl"": 29, ""role_p_143_r.asl"": 29, ""role_p_85_r.asl"": 29, ""role_p_229_r.asl"": 29, ""role_p_216_r.asl"": 29, ""role_p_222_r.asl"": 29, ""role_p_238_r.asl"": 29, ""role_p_202_r.asl"": 29, ""role_p_246_r.asl"": 29, ""role_p_233_r.asl"": 29, ""role_p_242_r.asl"": 29, ""role_p_241_r.asl"": 29, ""role_p_223_r.asl"": 29, ""role_p_218_r.asl"": 29, ""role_p_203_r.asl"": 29, ""role_p_217_r.asl"": 29, ""role_p_243_r.asl"": 29, ""role_p_244_r.asl"": 29, ""role_p_247_r.asl"": 29, ""role_p_230_r.asl"": 29, ""role_p_221_r.asl"": 29, ""role_p_207_r.asl"": 29, ""role_p_181_r.asl"": 29, ""role_p_210_r.asl"": 29, ""role_p_192_r.asl"": 29, ""role_p_197_r.asl"": 29, ""role_p_158_r.asl"": 29, ""role_p_185_r.asl"": 29, ""role_p_226_r.asl"": 29, ""role_p_175_r.asl"": 29, ""role_p_96_r.asl"": 29, ""role_p_215_r.asl"": 29, ""role_p_172_r.asl"": 29, ""role_p_176_r.asl"": 29, ""role_p_120_r.asl"": 29, ""role_p_115_r.asl"": 29, ""role_p_78_r.asl"": 29, ""role_p_87_r.asl"": 29, ""role_p_94_r.asl"": 29, ""role_p_53_r.asl"": 29, ""role_p_177_r.asl"": 29, ""role_p_54_r.asl"": 29, ""role_p_200_r.asl"": 29, ""role_p_211_r.asl"": 29, ""role_p_163_r.asl"": 29, ""role_p_178_r.asl"": 29, ""role_p_113_r.asl"": 29, ""role_p_62_r.asl"": 29, ""role_p_72_r.asl"": 29, ""role_p_119_r.asl"": 29, ""role_p_60_r.asl"": 29, ""role_p_49_r.asl"": 29, ""role_p_165_r.asl"": 29, ""role_p_173_r.asl"": 29, ""role_p_182_r.asl"": 29, ""role_p_152_r.asl"": 29, ""role_p_95_r.asl"": 29, ""role_p_147_r.asl"": 29, ""role_p_110_r.asl"": 29, ""role_p_169_r.asl"": 29, ""role_p_131_r.asl"": 29, ""role_p_183_r.asl"": 29, ""role_p_162_r.asl"": 29, ""role_p_145_r.asl"": 29, ""role_p_103_r.asl"": 29, ""role_p_125_r.asl"": 29, ""role_p_67_r.asl"": 29, ""role_p_146_r.asl"": 29, ""role_p_68_r.asl"": 29, ""role_p_93_r.asl"": 29, ""role_p_186_r.asl"": 29, ""role_p_149_r.asl"": 29, ""role_p_159_r.asl"": 29, ""role_p_180_r.asl"": 29, ""role_p_195_r.asl"": 29, ""role_p_153_r.asl"": 29, ""role_p_108_r.asl"": 29, ""role_p_86_r.asl"": 29, ""role_p_150_r.asl"": 29, ""role_p_127_r.asl"": 29, ""role_p_144_r.asl"": 29, ""role_p_171_r.asl"": 29, ""role_p_126_r.asl"": 29, ""role_p_111_r.asl"": 29, ""role_p_154_r.asl"": 29, ""role_p_116_r.asl"": 29, ""role_p_92_r.asl"": 29, ""role_p_151_r.asl"": 29, ""role_p_84_r.asl"": 29, ""role_p_148_r.asl"": 29, ""role_p_128_r.asl"": 29, ""role_p_89_r.asl"": 29, ""role_p_156_r.asl"": 29, ""role_p_98_r.asl"": 29, ""role_p_99_r.asl"": 29, ""role_p_122_r.asl"": 29, ""role_p_82_r.asl"": 29, ""role_p_106_r.asl"": 29, ""role_p_112_r.asl"": 29, ""role_p_83_r.asl"": 29, ""role_p_109_r.asl"": 29, ""role_p_118_r.asl"": 29, ""role_p_132_r.asl"": 29, ""role_p_105_r.asl"": 29, ""role_p_102_r.asl"": 29, ""role_p_129_r.asl"": 29, ""role_p_121_r.asl"": 29}",7.1568160152526215,0.25166407900178456,0.0051009939998039044,2.6163721084594727,True,0,0
grid_imports,75,Linux 7.2.3-arch1-2,x86_64,24,30.44,3.14.7,10,10,5,2,2,1,2,2,2,0,0,42,7676,176468,464,35728,"{""director_p_0.asl"": 125, ""director_p_164.asl"": 125, ""director_p_29.asl"": 125, ""director_p_7.asl"": 125, ""director_p_190.asl"": 125, ""director_p_71.asl"": 125, ""director_p_63.asl"": 125, ""director_p_58.asl"": 125, ""director_p_36.asl"": 125, ""director_p_189.asl"": 125, ""director_p_27.asl"": 125, ""director_p_174.asl"": 125, ""director_p_246.asl"": 125, ""director_p_229.asl"": 125, ""director_p_140.asl"": 125, ""director_p_23.asl"": 125, ""director_p_152.asl"": 125, ""director_p_109.asl"": 125, ""director_p_9.asl"": 125, ""director_p_8.asl"": 125, ""director_p_24.asl"": 125, ""director_p_56.asl"": 125, ""director_p_60.asl"": 125, ""director_p_130.asl"": 125, ""director_p_155.asl"": 125, ""director_p_247.asl"": 125, ""director_p_228.asl"": 125, ""director_p_217.asl"": 125, ""director_p_235.asl"": 125, ""director_p_226.asl"": 125, ""director_p_172.asl"": 125, ""director_p_176.asl"": 125, ""director_p_200.asl"": 125, ""director_p_214.asl"": 125, ""director_p_182.asl"": 125, ""director_p_218.asl"": 125, ""director_p_232.asl"": 125, ""director_p_196.asl"": 125, ""director_p_234.asl"": 125, ""director_p_167.asl"": 125, ""director_p_213.asl"": 125, ""director_p_210.asl"": 125, ""director_p_227.asl"": 125, ""director_p_209.asl"": 125, ""director_p_206.asl"": 125, ""director_p_241.asl"": 125, ""director_p_244.asl"": 125, ""director_p_136.asl"": 125, ""director_p_191.asl"": 125, ""director_p_177.asl"": 125, ""director_p_79.asl"": 125, ""director_p_208.asl"": 125, ""director_p_128.asl"": 125, ""director_p_156.asl"": 125, ""director_p_132.asl"": 125, ""director_p_92.asl"": 125, ""director_p_67.asl"": 125, ""director_p_197.asl"": 125, ""director_p_31.asl"": 125, ""director_p_222.asl"": 125, ""director_p_57.asl"": 125, ""director_p_138.asl"": 125, ""director_p_86.asl"": 125, ""director_p_75.asl"": 125, ""director_p_162.asl"": 125, ""director_p_148.asl"": 125, ""director_p_42.asl"": 125, ""director_p_160.asl"": 125, ""director_p_106.asl"": 125, ""director_p_105.asl"": 125, ""director_p_249.asl"": 125, ""director_p_127.asl"": 125, ""director_p_143.asl"": 125, ""director_p_72.asl"": 125, ""director_p_149.asl"": 125, ""director_p_10.asl"": 125, ""director_p_192.asl"": 125, ""director_p_37.asl"": 125, ""director_p_238.asl"": 125, ""director_p_145.asl"": 125, ""director_p_76.asl"": 125, ""director_p_204.asl"": 125, ""director_p_95.asl"": 125, ""director_p_83.asl"": 125, ""director_p_119.asl"": 125, ""director_p_195.asl"": 125, ""director_p_243.asl"": 125, ""director_p_193.asl"": 125, ""director_p_220.asl"": 125, ""director_p_237.asl"": 125, ""director_p_224.asl"": 125, ""director_p_242.asl"": 125, ""director_p_212.asl"": 125, ""director_p_199.asl"": 125, ""director_p_239.asl"": 125, ""director_p_203.asl"": 125, ""director_p_201.asl"": 125, ""director_p_216.asl"": 125, ""director_p_205.asl"": 125, ""director_p_236.asl"": 125, ""director_p_112.asl"": 125, ""director_p_166.asl"": 125, ""director_p_151.asl"": 125, ""director_p_93.asl"": 125, ""director_p_85.asl"": 125, ""director_p_111.asl"": 125, ""director_p_230.asl"": 125, ""director_p_84.asl"": 125, ""director_p_141.asl"": 125, ""director_p_185.asl"": 125, ""director_p_180.asl"": 125, ""director_p_178.asl"": 125, ""director_p_101.asl"": 125, ""director_p_135.asl"": 125, ""director_p_240.asl"": 125, ""director_p_158.asl"": 125, ""director_p_124.asl"": 125, ""director_p_89.asl"": 125, ""director_p_165.asl"": 125, ""director_p_134.asl"": 125, ""director_p_87.asl"": 125, ""director_p_118.asl"": 125, ""director_p_69.asl"": 125, ""director_p_150.asl"": 125, ""director_p_64.asl"": 125, ""director_p_129.asl"": 125, ""director_p_61.asl"": 125, ""director_p_186.asl"": 125, ""director_p_117.asl"": 125, ""director_p_233.asl"": 125, ""director_p_115.asl"": 125, ""director_p_221.asl"": 125, ""director_p_107.asl"": 125, ""director_p_66.asl"": 125, ""director_p_181.asl"": 125, ""director_p_102.asl"": 125, ""director_p_131.asl"": 125, ""director_p_78.asl"": 125, ""director_p_116.asl"": 125, ""director_p_43.asl"": 125, ""director_p_231.asl"": 125, ""director_p_184.asl"": 125, ""director_p_202.asl"": 125, ""director_p_223.asl"": 125, ""director_p_198.asl"": 125, ""director_p_173.asl"": 125, ""director_p_168.asl"": 125, ""director_p_28.asl"": 125, ""director_p_248.asl"": 125, ""director_p_81.asl"": 125, ""director_p_183.asl"": 125, ""director_p_110.asl"": 125, ""director_p_147.asl"": 125, ""director_p_82.asl"": 125, ""director_p_187.asl"": 125, ""director_p_219.asl"": 125, ""director_p_194.asl"": 125, ""director_p_207.asl"": 125, ""director_p_211.asl"": 125, ""director_p_245.asl"": 125, ""director_p_163.asl"": 125, ""director_p_225.asl"": 125, ""director_p_51.asl"": 125, ""director_p_121.asl"": 125, ""director_p_33.asl"": 125, ""director_p_144.asl"": 125, ""director_p_80.asl"": 125, ""director_p_113.asl"": 125, ""director_p_30.asl"": 125, ""director_p_73.asl"": 125, ""director_p_126.asl"": 125, ""director_p_108.asl"": 125, ""director_p_41.asl"": 125, ""director_p_154.asl"": 125, ""director_p_169.asl"": 125, ""director_p_175.asl"": 125, ""director_p_161.asl"": 125, ""director_p_125.asl"": 125, ""director_p_120.asl"": 125, ""director_p_179.asl"": 125, ""director_p_14.asl"": 125, ""director_p_38.asl"": 125, ""director_p_88.asl"": 125, ""director_p_49.asl"": 125, ""director_p_137.asl"": 125, ""director_p_54.asl"": 125, ""director_p_59.asl"": 125, ""director_p_48.asl"": 125, ""director_p_104.asl"": 125, ""director_p_50.asl"": 125, ""director_p_96.asl"": 125, ""director_p_114.asl"": 125, ""director_p_32.asl"": 125, ""director_p_91.asl"": 125, ""director_p_70.asl"": 125, ""director_p_34.asl"": 125, ""director_p_52.asl"": 125, ""director_p_94.asl"": 125, ""director_p_103.asl"": 125, ""director_p_100.asl"": 125, ""director_p_77.asl"": 125, ""director_p_215.asl"": 125, ""director_p_90.asl"": 125, ""director_p_97.asl"": 125, ""director_p_171.asl"": 125, ""director_p_153.asl"": 125, ""director_p_159.asl"": 125, ""director_p_170.asl"": 125, ""director_p_188.asl"": 125, ""director_p_142.asl"": 125, ""director_p_139.asl"": 125, ""director_p_157.asl"": 125, ""director_p_99.asl"": 125, ""director_p_146.asl"": 125, ""director_p_123.asl"": 125, ""director_p_98.asl"": 125, ""director_p_122.asl"": 125, ""director_p_133.asl"": 125, ""director_p_68.asl"": 125, ""director_p_46.asl"": 125, ""director_p_74.asl"": 125, ""director_p_53.asl"": 125, ""director_p_65.asl"": 125, ""director_p_62.asl"": 125, ""director_p_55.asl"": 125, ""director_p_47.asl"": 125, ""director_p_35.asl"": 125, ""director_p_40.asl"": 125, ""director_p_18.asl"": 125, ""director_p_45.asl"": 125, ""director_p_21.asl"": 125, ""director_p_44.asl"": 125, ""role_p_0_r.asl"": 29, ""role_p_164_r.asl"": 29, ""role_p_29_r.asl"": 29, ""role_p_7_r.asl"": 29, ""role_p_190_r.asl"": 29, ""role_p_71_r.asl"": 29, ""role_p_63_r.asl"": 29, ""role_p_58_r.asl"": 29, ""role_p_36_r.asl"": 29, ""role_p_189_r.asl"": 29, ""role_p_27_r.asl"": 29, ""role_p_174_r.asl"": 29, ""role_p_246_r.asl"": 29, ""role_p_229_r.asl"": 29, ""role_p_140_r.asl"": 29, ""role_p_23_r.asl"": 29, ""role_p_152_r.asl"": 29, ""role_p_109_r.asl"": 29, ""role_p_9_r.asl"": 29, ""role_p_8_r.asl"": 29, ""role_p_24_r.asl"": 29, ""role_p_56_r.asl"": 29, ""role_p_60_r.asl"": 29, ""role_p_130_r.asl"": 29, ""role_p_155_r.asl"": 29, ""role_p_247_r.asl"": 29, ""role_p_228_r.asl"": 29, ""role_p_217_r.asl"": 29, ""role_p_235_r.asl"": 29, ""role_p_226_r.asl"": 29, ""role_p_172_r.asl"": 29, ""role_p_176_r.asl"": 29, ""role_p_200_r.asl"": 29, ""role_p_214_r.asl"": 29, ""role_p_182_r.asl"": 29, ""role_p_218_r.asl"": 29, ""role_p_232_r.asl"": 29, ""role_p_196_r.asl"": 29, ""role_p_234_r.asl"": 29, ""role_p_167_r.asl"": 29, ""role_p_213_r.asl"": 29, ""role_p_210_r.asl"": 29, ""role_p_227_r.asl"": 29, ""role_p_209_r.asl"": 29, ""role_p_206_r.asl"": 29, ""role_p_241_r.asl"": 29, ""role_p_244_r.asl"": 29, ""role_p_136_r.asl"": 29, ""role_p_191_r.asl"": 29, ""role_p_177_r.asl"": 29, ""role_p_79_r.asl"": 29, ""role_p_208_r.asl"": 29, ""role_p_128_r.asl"": 29, ""role_p_156_r.asl"": 29, ""role_p_132_r.asl"": 29, ""role_p_92_r.asl"": 29, ""role_p_67_r.asl"": 29, ""role_p_197_r.asl"": 29, ""role_p_31_r.asl"": 29, ""role_p_222_r.asl"": 29, ""role_p_57_r.asl"": 29, ""role_p_138_r.asl"": 29, ""role_p_86_r.asl"": 29, ""role_p_75_r.asl"": 29, ""role_p_162_r.asl"": 29, ""role_p_148_r.asl"": 29, ""role_p_42_r.asl"": 29, ""role_p_160_r.asl"": 29, ""role_p_106_r.asl"": 29, ""role_p_105_r.asl"": 29, ""role_p_249_r.asl"": 29, ""role_p_127_r.asl"": 29, ""role_p_143_r.asl"": 29, ""role_p_72_r.asl"": 29, ""role_p_149_r.asl"": 29, ""role_p_10_r.asl"": 29, ""role_p_192_r.asl"": 29, ""role_p_37_r.asl"": 29, ""role_p_238_r.asl"": 29, ""role_p_145_r.asl"": 29, ""role_p_76_r.asl"": 29, ""role_p_204_r.asl"": 29, ""role_p_95_r.asl"": 29, ""role_p_83_r.asl"": 29, ""role_p_119_r.asl"": 29, ""role_p_195_r.asl"": 29, ""role_p_243_r.asl"": 29, ""role_p_193_r.asl"": 29, ""role_p_220_r.asl"": 29, ""role_p_237_r.asl"": 29, ""role_p_224_r.asl"": 29, ""role_p_242_r.asl"": 29, ""role_p_212_r.asl"": 29, ""role_p_199_r.asl"": 29, ""role_p_239_r.asl"": 29, ""role_p_203_r.asl"": 29, ""role_p_201_r.asl"": 29, ""role_p_216_r.asl"": 29, ""role_p_205_r.asl"": 29, ""role_p_236_r.asl"": 29, ""role_p_112_r.asl"": 29, ""role_p_166_r.asl"": 29, ""role_p_151_r.asl"": 29, ""role_p_93_r.asl"": 29, ""role_p_85_r.asl"": 29, ""role_p_111_r.asl"": 29, ""role_p_230_r.asl"": 29, ""role_p_84_r.asl"": 29, ""role_p_141_r.asl"": 29, ""role_p_185_r.asl"": 29, ""role_p_180_r.asl"": 29, ""role_p_178_r.asl"": 29, ""role_p_101_r.asl"": 29, ""role_p_135_r.asl"": 29, ""role_p_240_r.asl"": 29, ""role_p_158_r.asl"": 29, ""role_p_124_r.asl"": 29, ""role_p_89_r.asl"": 29, ""role_p_165_r.asl"": 29, ""role_p_134_r.asl"": 29, ""role_p_87_r.asl"": 29, ""role_p_118_r.asl"": 29, ""role_p_69_r.asl"": 29, ""role_p_150_r.asl"": 29, ""role_p_64_r.asl"": 29, ""role_p_129_r.asl"": 29, ""role_p_61_r.asl"": 29, ""role_p_186_r.asl"": 29, ""role_p_117_r.asl"": 29, ""role_p_233_r.asl"": 29, ""role_p_115_r.asl"": 29, ""role_p_221_r.asl"": 29, ""role_p_107_r.asl"": 29, ""role_p_66_r.asl"": 29, ""role_p_181_r.asl"": 29, ""role_p_102_r.asl"": 29, ""role_p_131_r.asl"": 29, ""role_p_78_r.asl"": 29, ""role_p_116_r.asl"": 29, ""role_p_43_r.asl"": 29, ""role_p_231_r.asl"": 29, ""role_p_184_r.asl"": 29, ""role_p_202_r.asl"": 29, ""role_p_223_r.asl"": 29, ""role_p_198_r.asl"": 29, ""role_p_173_r.asl"": 29, ""role_p_168_r.asl"": 29, ""role_p_28_r.asl"": 29, ""role_p_248_r.asl"": 29, ""role_p_81_r.asl"": 29, ""role_p_183_r.asl"": 29, ""role_p_110_r.asl"": 29, ""role_p_147_r.asl"": 29, ""role_p_82_r.asl"": 29, ""role_p_187_r.asl"": 29, ""role_p_219_r.asl"": 29, ""role_p_194_r.asl"": 29, ""role_p_207_r.asl"": 29, ""role_p_211_r.asl"": 29, ""role_p_245_r.asl"": 29, ""role_p_163_r.asl"": 29, ""role_p_225_r.asl"": 29, ""role_p_51_r.asl"": 29, ""role_p_121_r.asl"": 29, ""role_p_33_r.asl"": 29, ""role_p_144_r.asl"": 29, ""role_p_80_r.asl"": 29, ""role_p_113_r.asl"": 29, ""role_p_30_r.asl"": 29, ""role_p_73_r.asl"": 29, ""role_p_126_r.asl"": 29, ""role_p_108_r.asl"": 29, ""role_p_41_r.asl"": 29, ""role_p_154_r.asl"": 29, ""role_p_169_r.asl"": 29, ""role_p_175_r.asl"": 29, ""role_p_161_r.asl"": 29, ""role_p_125_r.asl"": 29, ""role_p_120_r.asl"": 29, ""role_p_179_r.asl"": 29, ""role_p_14_r.asl"": 29, ""role_p_38_r.asl"": 29, ""role_p_88_r.asl"": 29, ""role_p_49_r.asl"": 29, ""role_p_137_r.asl"": 29, ""role_p_54_r.asl"": 29, ""role_p_59_r.asl"": 29, ""role_p_48_r.asl"": 29, ""role_p_104_r.asl"": 29, ""role_p_50_r.asl"": 29, ""role_p_96_r.asl"": 29, ""role_p_114_r.asl"": 29, ""role_p_32_r.asl"": 29, ""role_p_91_r.asl"": 29, ""role_p_70_r.asl"": 29, ""role_p_34_r.asl"": 29, ""role_p_52_r.asl"": 29, ""role_p_94_r.asl"": 29, ""role_p_103_r.asl"": 29, ""role_p_100_r.asl"": 29, ""role_p_77_r.asl"": 29, ""role_p_215_r.asl"": 29, ""role_p_90_r.asl"": 29, ""role_p_97_r.asl"": 29, ""role_p_171_r.asl"": 29, ""role_p_153_r.asl"": 29, ""role_p_159_r.asl"": 29, ""role_p_170_r.asl"": 29, ""role_p_188_r.asl"": 29, ""role_p_142_r.asl"": 29, ""role_p_139_r.asl"": 29, ""role_p_157_r.asl"": 29, ""role_p_99_r.asl"": 29, ""role_p_146_r.asl"": 29, ""role_p_123_r.asl"": 29, ""role_p_98_r.asl"": 29, ""role_p_122_r.asl"": 29, ""role_p_133_r.asl"": 29, ""role_p_68_r.asl"": 29, ""role_p_46_r.asl"": 29, ""role_p_74_r.asl"": 29, ""role_p_53_r.asl"": 29, ""role_p_65_r.asl"": 29, ""role_p_62_r.asl"": 29, ""role_p_55_r.asl"": 29, ""role_p_47_r.asl"": 29, ""role_p_35_r.asl"": 29, ""role_p_40_r.asl"": 29, ""role_p_18_r.asl"": 29, ""role_p_45_r.asl"": 29, ""role_p_21_r.asl"": 29, ""role_p_44_r.asl"": 29}",4.65450755601876,0.5953111369999533,0.0061412510003719945,4.190557479858398,True,0,0
grid_imports,76,Linux 7.2.3-arch1-2,x86_64,24,30.44,3.14.7,10,10,5,2,2,1,2,2,2,0,0,42,7676,176468,464,35728,"{""director_p_0.asl"": 125, ""director_p_164.asl"": 125, ""director_p_29.asl"": 125, ""director_p_7.asl"": 125, ""director_p_190.asl"": 125, ""director_p_71.asl"": 125, ""director_p_63.asl"": 125, ""director_p_58.asl"": 125, ""director_p_36.asl"": 125, ""director_p_189.asl"": 125, ""director_p_27.asl"": 125, ""director_p_174.asl"": 125, ""director_p_246.asl"": 125, ""director_p_229.asl"": 125, ""director_p_140.asl"": 125, ""director_p_23.asl"": 125, ""director_p_152.asl"": 125, ""director_p_109.asl"": 125, ""director_p_9.asl"": 125, ""director_p_8.asl"": 125, ""director_p_24.asl"": 125, ""director_p_56.asl"": 125, ""director_p_60.asl"": 125, ""director_p_130.asl"": 125, ""director_p_155.asl"": 125, ""director_p_247.asl"": 125, ""director_p_228.asl"": 125, ""director_p_217.asl"": 125, ""director_p_235.asl"": 125, ""director_p_226.asl"": 125, ""director_p_172.asl"": 125, ""director_p_176.asl"": 125, ""director_p_200.asl"": 125, ""director_p_214.asl"": 125, ""director_p_182.asl"": 125, ""director_p_218.asl"": 125, ""director_p_232.asl"": 125, ""director_p_196.asl"": 125, ""director_p_234.asl"": 125, ""director_p_167.asl"": 125, ""director_p_213.asl"": 125, ""director_p_210.asl"": 125, ""director_p_227.asl"": 125, ""director_p_209.asl"": 125, ""director_p_206.asl"": 125, ""director_p_241.asl"": 125, ""director_p_244.asl"": 125, ""director_p_136.asl"": 125, ""director_p_191.asl"": 125, ""director_p_177.asl"": 125, ""director_p_79.asl"": 125, ""director_p_208.asl"": 125, ""director_p_128.asl"": 125, ""director_p_156.asl"": 125, ""director_p_132.asl"": 125, ""director_p_92.asl"": 125, ""director_p_67.asl"": 125, ""director_p_197.asl"": 125, ""director_p_31.asl"": 125, ""director_p_222.asl"": 125, ""director_p_57.asl"": 125, ""director_p_138.asl"": 125, ""director_p_86.asl"": 125, ""director_p_75.asl"": 125, ""director_p_162.asl"": 125, ""director_p_148.asl"": 125, ""director_p_42.asl"": 125, ""director_p_160.asl"": 125, ""director_p_106.asl"": 125, ""director_p_105.asl"": 125, ""director_p_249.asl"": 125, ""director_p_127.asl"": 125, ""director_p_143.asl"": 125, ""director_p_72.asl"": 125, ""director_p_149.asl"": 125, ""director_p_10.asl"": 125, ""director_p_192.asl"": 125, ""director_p_37.asl"": 125, ""director_p_238.asl"": 125, ""director_p_145.asl"": 125, ""director_p_76.asl"": 125, ""director_p_204.asl"": 125, ""director_p_95.asl"": 125, ""director_p_83.asl"": 125, ""director_p_119.asl"": 125, ""director_p_195.asl"": 125, ""director_p_243.asl"": 125, ""director_p_193.asl"": 125, ""director_p_220.asl"": 125, ""director_p_237.asl"": 125, ""director_p_224.asl"": 125, ""director_p_242.asl"": 125, ""director_p_212.asl"": 125, ""director_p_199.asl"": 125, ""director_p_239.asl"": 125, ""director_p_203.asl"": 125, ""director_p_201.asl"": 125, ""director_p_216.asl"": 125, ""director_p_205.asl"": 125, ""director_p_236.asl"": 125, ""director_p_112.asl"": 125, ""director_p_166.asl"": 125, ""director_p_151.asl"": 125, ""director_p_93.asl"": 125, ""director_p_85.asl"": 125, ""director_p_111.asl"": 125, ""director_p_230.asl"": 125, ""director_p_84.asl"": 125, ""director_p_141.asl"": 125, ""director_p_185.asl"": 125, ""director_p_180.asl"": 125, ""director_p_178.asl"": 125, ""director_p_101.asl"": 125, ""director_p_135.asl"": 125, ""director_p_240.asl"": 125, ""director_p_158.asl"": 125, ""director_p_124.asl"": 125, ""director_p_89.asl"": 125, ""director_p_165.asl"": 125, ""director_p_134.asl"": 125, ""director_p_87.asl"": 125, ""director_p_118.asl"": 125, ""director_p_69.asl"": 125, ""director_p_150.asl"": 125, ""director_p_64.asl"": 125, ""director_p_129.asl"": 125, ""director_p_61.asl"": 125, ""director_p_186.asl"": 125, ""director_p_117.asl"": 125, ""director_p_233.asl"": 125, ""director_p_115.asl"": 125, ""director_p_221.asl"": 125, ""director_p_107.asl"": 125, ""director_p_66.asl"": 125, ""director_p_181.asl"": 125, ""director_p_102.asl"": 125, ""director_p_131.asl"": 125, ""director_p_78.asl"": 125, ""director_p_116.asl"": 125, ""director_p_43.asl"": 125, ""director_p_231.asl"": 125, ""director_p_184.asl"": 125, ""director_p_202.asl"": 125, ""director_p_223.asl"": 125, ""director_p_198.asl"": 125, ""director_p_173.asl"": 125, ""director_p_168.asl"": 125, ""director_p_28.asl"": 125, ""director_p_248.asl"": 125, ""director_p_81.asl"": 125, ""director_p_183.asl"": 125, ""director_p_110.asl"": 125, ""director_p_147.asl"": 125, ""director_p_82.asl"": 125, ""director_p_187.asl"": 125, ""director_p_219.asl"": 125, ""director_p_194.asl"": 125, ""director_p_207.asl"": 125, ""director_p_211.asl"": 125, ""director_p_245.asl"": 125, ""director_p_163.asl"": 125, ""director_p_225.asl"": 125, ""director_p_51.asl"": 125, ""director_p_121.asl"": 125, ""director_p_33.asl"": 125, ""director_p_144.asl"": 125, ""director_p_80.asl"": 125, ""director_p_113.asl"": 125, ""director_p_30.asl"": 125, ""director_p_73.asl"": 125, ""director_p_126.asl"": 125, ""director_p_108.asl"": 125, ""director_p_41.asl"": 125, ""director_p_154.asl"": 125, ""director_p_169.asl"": 125, ""director_p_175.asl"": 125, ""director_p_161.asl"": 125, ""director_p_125.asl"": 125, ""director_p_120.asl"": 125, ""director_p_179.asl"": 125, ""director_p_14.asl"": 125, ""director_p_38.asl"": 125, ""director_p_88.asl"": 125, ""director_p_49.asl"": 125, ""director_p_137.asl"": 125, ""director_p_54.asl"": 125, ""director_p_59.asl"": 125, ""director_p_48.asl"": 125, ""director_p_104.asl"": 125, ""director_p_50.asl"": 125, ""director_p_96.asl"": 125, ""director_p_114.asl"": 125, ""director_p_32.asl"": 125, ""director_p_91.asl"": 125, ""director_p_70.asl"": 125, ""director_p_34.asl"": 125, ""director_p_52.asl"": 125, ""director_p_94.asl"": 125, ""director_p_103.asl"": 125, ""director_p_100.asl"": 125, ""director_p_77.asl"": 125, ""director_p_215.asl"": 125, ""director_p_90.asl"": 125, ""director_p_97.asl"": 125, ""director_p_171.asl"": 125, ""director_p_153.asl"": 125, ""director_p_159.asl"": 125, ""director_p_170.asl"": 125, ""director_p_188.asl"": 125, ""director_p_142.asl"": 125, ""director_p_139.asl"": 125, ""director_p_157.asl"": 125, ""director_p_99.asl"": 125, ""director_p_146.asl"": 125, ""director_p_123.asl"": 125, ""director_p_98.asl"": 125, ""director_p_122.asl"": 125, ""director_p_133.asl"": 125, ""director_p_68.asl"": 125, ""director_p_46.asl"": 125, ""director_p_74.asl"": 125, ""director_p_53.asl"": 125, ""director_p_65.asl"": 125, ""director_p_62.asl"": 125, ""director_p_55.asl"": 125, ""director_p_47.asl"": 125, ""director_p_35.asl"": 125, ""director_p_40.asl"": 125, ""director_p_18.asl"": 125, ""director_p_45.asl"": 125, ""director_p_21.asl"": 125, ""director_p_44.asl"": 125, ""role_p_0_r.asl"": 29, ""role_p_164_r.asl"": 29, ""role_p_29_r.asl"": 29, ""role_p_7_r.asl"": 29, ""role_p_190_r.asl"": 29, ""role_p_71_r.asl"": 29, ""role_p_63_r.asl"": 29, ""role_p_58_r.asl"": 29, ""role_p_36_r.asl"": 29, ""role_p_189_r.asl"": 29, ""role_p_27_r.asl"": 29, ""role_p_174_r.asl"": 29, ""role_p_246_r.asl"": 29, ""role_p_229_r.asl"": 29, ""role_p_140_r.asl"": 29, ""role_p_23_r.asl"": 29, ""role_p_152_r.asl"": 29, ""role_p_109_r.asl"": 29, ""role_p_9_r.asl"": 29, ""role_p_8_r.asl"": 29, ""role_p_24_r.asl"": 29, ""role_p_56_r.asl"": 29, ""role_p_60_r.asl"": 29, ""role_p_130_r.asl"": 29, ""role_p_155_r.asl"": 29, ""role_p_247_r.asl"": 29, ""role_p_228_r.asl"": 29, ""role_p_217_r.asl"": 29, ""role_p_235_r.asl"": 29, ""role_p_226_r.asl"": 29, ""role_p_172_r.asl"": 29, ""role_p_176_r.asl"": 29, ""role_p_200_r.asl"": 29, ""role_p_214_r.asl"": 29, ""role_p_182_r.asl"": 29, ""role_p_218_r.asl"": 29, ""role_p_232_r.asl"": 29, ""role_p_196_r.asl"": 29, ""role_p_234_r.asl"": 29, ""role_p_167_r.asl"": 29, ""role_p_213_r.asl"": 29, ""role_p_210_r.asl"": 29, ""role_p_227_r.asl"": 29, ""role_p_209_r.asl"": 29, ""role_p_206_r.asl"": 29, ""role_p_241_r.asl"": 29, ""role_p_244_r.asl"": 29, ""role_p_136_r.asl"": 29, ""role_p_191_r.asl"": 29, ""role_p_177_r.asl"": 29, ""role_p_79_r.asl"": 29, ""role_p_208_r.asl"": 29, ""role_p_128_r.asl"": 29, ""role_p_156_r.asl"": 29, ""role_p_132_r.asl"": 29, ""role_p_92_r.asl"": 29, ""role_p_67_r.asl"": 29, ""role_p_197_r.asl"": 29, ""role_p_31_r.asl"": 29, ""role_p_222_r.asl"": 29, ""role_p_57_r.asl"": 29, ""role_p_138_r.asl"": 29, ""role_p_86_r.asl"": 29, ""role_p_75_r.asl"": 29, ""role_p_162_r.asl"": 29, ""role_p_148_r.asl"": 29, ""role_p_42_r.asl"": 29, ""role_p_160_r.asl"": 29, ""role_p_106_r.asl"": 29, ""role_p_105_r.asl"": 29, ""role_p_249_r.asl"": 29, ""role_p_127_r.asl"": 29, ""role_p_143_r.asl"": 29, ""role_p_72_r.asl"": 29, ""role_p_149_r.asl"": 29, ""role_p_10_r.asl"": 29, ""role_p_192_r.asl"": 29, ""role_p_37_r.asl"": 29, ""role_p_238_r.asl"": 29, ""role_p_145_r.asl"": 29, ""role_p_76_r.asl"": 29, ""role_p_204_r.asl"": 29, ""role_p_95_r.asl"": 29, ""role_p_83_r.asl"": 29, ""role_p_119_r.asl"": 29, ""role_p_195_r.asl"": 29, ""role_p_243_r.asl"": 29, ""role_p_193_r.asl"": 29, ""role_p_220_r.asl"": 29, ""role_p_237_r.asl"": 29, ""role_p_224_r.asl"": 29, ""role_p_242_r.asl"": 29, ""role_p_212_r.asl"": 29, ""role_p_199_r.asl"": 29, ""role_p_239_r.asl"": 29, ""role_p_203_r.asl"": 29, ""role_p_201_r.asl"": 29, ""role_p_216_r.asl"": 29, ""role_p_205_r.asl"": 29, ""role_p_236_r.asl"": 29, ""role_p_112_r.asl"": 29, ""role_p_166_r.asl"": 29, ""role_p_151_r.asl"": 29, ""role_p_93_r.asl"": 29, ""role_p_85_r.asl"": 29, ""role_p_111_r.asl"": 29, ""role_p_230_r.asl"": 29, ""role_p_84_r.asl"": 29, ""role_p_141_r.asl"": 29, ""role_p_185_r.asl"": 29, ""role_p_180_r.asl"": 29, ""role_p_178_r.asl"": 29, ""role_p_101_r.asl"": 29, ""role_p_135_r.asl"": 29, ""role_p_240_r.asl"": 29, ""role_p_158_r.asl"": 29, ""role_p_124_r.asl"": 29, ""role_p_89_r.asl"": 29, ""role_p_165_r.asl"": 29, ""role_p_134_r.asl"": 29, ""role_p_87_r.asl"": 29, ""role_p_118_r.asl"": 29, ""role_p_69_r.asl"": 29, ""role_p_150_r.asl"": 29, ""role_p_64_r.asl"": 29, ""role_p_129_r.asl"": 29, ""role_p_61_r.asl"": 29, ""role_p_186_r.asl"": 29, ""role_p_117_r.asl"": 29, ""role_p_233_r.asl"": 29, ""role_p_115_r.asl"": 29, ""role_p_221_r.asl"": 29, ""role_p_107_r.asl"": 29, ""role_p_66_r.asl"": 29, ""role_p_181_r.asl"": 29, ""role_p_102_r.asl"": 29, ""role_p_131_r.asl"": 29, ""role_p_78_r.asl"": 29, ""role_p_116_r.asl"": 29, ""role_p_43_r.asl"": 29, ""role_p_231_r.asl"": 29, ""role_p_184_r.asl"": 29, ""role_p_202_r.asl"": 29, ""role_p_223_r.asl"": 29, ""role_p_198_r.asl"": 29, ""role_p_173_r.asl"": 29, ""role_p_168_r.asl"": 29, ""role_p_28_r.asl"": 29, ""role_p_248_r.asl"": 29, ""role_p_81_r.asl"": 29, ""role_p_183_r.asl"": 29, ""role_p_110_r.asl"": 29, ""role_p_147_r.asl"": 29, ""role_p_82_r.asl"": 29, ""role_p_187_r.asl"": 29, ""role_p_219_r.asl"": 29, ""role_p_194_r.asl"": 29, ""role_p_207_r.asl"": 29, ""role_p_211_r.asl"": 29, ""role_p_245_r.asl"": 29, ""role_p_163_r.asl"": 29, ""role_p_225_r.asl"": 29, ""role_p_51_r.asl"": 29, ""role_p_121_r.asl"": 29, ""role_p_33_r.asl"": 29, ""role_p_144_r.asl"": 29, ""role_p_80_r.asl"": 29, ""role_p_113_r.asl"": 29, ""role_p_30_r.asl"": 29, ""role_p_73_r.asl"": 29, ""role_p_126_r.asl"": 29, ""role_p_108_r.asl"": 29, ""role_p_41_r.asl"": 29, ""role_p_154_r.asl"": 29, ""role_p_169_r.asl"": 29, ""role_p_175_r.asl"": 29, ""role_p_161_r.asl"": 29, ""role_p_125_r.asl"": 29, ""role_p_120_r.asl"": 29, ""role_p_179_r.asl"": 29, ""role_p_14_r.asl"": 29, ""role_p_38_r.asl"": 29, ""role_p_88_r.asl"": 29, ""role_p_49_r.asl"": 29, ""role_p_137_r.asl"": 29, ""role_p_54_r.asl"": 29, ""role_p_59_r.asl"": 29, ""role_p_48_r.asl"": 29, ""role_p_104_r.asl"": 29, ""role_p_50_r.asl"": 29, ""role_p_96_r.asl"": 29, ""role_p_114_r.asl"": 29, ""role_p_32_r.asl"": 29, ""role_p_91_r.asl"": 29, ""role_p_70_r.asl"": 29, ""role_p_34_r.asl"": 29, ""role_p_52_r.asl"": 29, ""role_p_94_r.asl"": 29, ""role_p_103_r.asl"": 29, ""role_p_100_r.asl"": 29, ""role_p_77_r.asl"": 29, ""role_p_215_r.asl"": 29, ""role_p_90_r.asl"": 29, ""role_p_97_r.asl"": 29, ""role_p_171_r.asl"": 29, ""role_p_153_r.asl"": 29, ""role_p_159_r.asl"": 29, ""role_p_170_r.asl"": 29, ""role_p_188_r.asl"": 29, ""role_p_142_r.asl"": 29, ""role_p_139_r.asl"": 29, ""role_p_157_r.asl"": 29, ""role_p_99_r.asl"": 29, ""role_p_146_r.asl"": 29, ""role_p_123_r.asl"": 29, ""role_p_98_r.asl"": 29, ""role_p_122_r.asl"": 29, ""role_p_133_r.asl"": 29, ""role_p_68_r.asl"": 29, ""role_p_46_r.asl"": 29, ""role_p_74_r.asl"": 29, ""role_p_53_r.asl"": 29, ""role_p_65_r.asl"": 29, ""role_p_62_r.asl"": 29, ""role_p_55_r.asl"": 29, ""role_p_47_r.asl"": 29, ""role_p_35_r.asl"": 29, ""role_p_40_r.asl"": 29, ""role_p_18_r.asl"": 29, ""role_p_45_r.asl"": 29, ""role_p_21_r.asl"": 29, ""role_p_44_r.asl"": 29}",4.65450755601876,0.6007191210010205,0.006381690000125673,4.140312194824219,True,0,0
grid_imports,77,Linux 7.2.3-arch1-2,x86_64,24,30.44,3.14.7,10,10,5,2,2,1,2,2,2,0,0,42,7676,176468,464,35728,"{""director_p_0.asl"": 125, ""director_p_164.asl"": 125, ""director_p_29.asl"": 125, ""director_p_7.asl"": 125, ""director_p_190.asl"": 125, ""director_p_71.asl"": 125, ""director_p_63.asl"": 125, ""director_p_58.asl"": 125, ""director_p_36.asl"": 125, ""director_p_189.asl"": 125, ""director_p_27.asl"": 125, ""director_p_174.asl"": 125, ""director_p_246.asl"": 125, ""director_p_229.asl"": 125, ""director_p_140.asl"": 125, ""director_p_23.asl"": 125, ""director_p_152.asl"": 125, ""director_p_109.asl"": 125, ""director_p_9.asl"": 125, ""director_p_8.asl"": 125, ""director_p_24.asl"": 125, ""director_p_56.asl"": 125, ""director_p_60.asl"": 125, ""director_p_130.asl"": 125, ""director_p_155.asl"": 125, ""director_p_247.asl"": 125, ""director_p_228.asl"": 125, ""director_p_217.asl"": 125, ""director_p_235.asl"": 125, ""director_p_226.asl"": 125, ""director_p_172.asl"": 125, ""director_p_176.asl"": 125, ""director_p_200.asl"": 125, ""director_p_214.asl"": 125, ""director_p_182.asl"": 125, ""director_p_218.asl"": 125, ""director_p_232.asl"": 125, ""director_p_196.asl"": 125, ""director_p_234.asl"": 125, ""director_p_167.asl"": 125, ""director_p_213.asl"": 125, ""director_p_210.asl"": 125, ""director_p_227.asl"": 125, ""director_p_209.asl"": 125, ""director_p_206.asl"": 125, ""director_p_241.asl"": 125, ""director_p_244.asl"": 125, ""director_p_136.asl"": 125, ""director_p_191.asl"": 125, ""director_p_177.asl"": 125, ""director_p_79.asl"": 125, ""director_p_208.asl"": 125, ""director_p_128.asl"": 125, ""director_p_156.asl"": 125, ""director_p_132.asl"": 125, ""director_p_92.asl"": 125, ""director_p_67.asl"": 125, ""director_p_197.asl"": 125, ""director_p_31.asl"": 125, ""director_p_222.asl"": 125, ""director_p_57.asl"": 125, ""director_p_138.asl"": 125, ""director_p_86.asl"": 125, ""director_p_75.asl"": 125, ""director_p_162.asl"": 125, ""director_p_148.asl"": 125, ""director_p_42.asl"": 125, ""director_p_160.asl"": 125, ""director_p_106.asl"": 125, ""director_p_105.asl"": 125, ""director_p_249.asl"": 125, ""director_p_127.asl"": 125, ""director_p_143.asl"": 125, ""director_p_72.asl"": 125, ""director_p_149.asl"": 125, ""director_p_10.asl"": 125, ""director_p_192.asl"": 125, ""director_p_37.asl"": 125, ""director_p_238.asl"": 125, ""director_p_145.asl"": 125, ""director_p_76.asl"": 125, ""director_p_204.asl"": 125, ""director_p_95.asl"": 125, ""director_p_83.asl"": 125, ""director_p_119.asl"": 125, ""director_p_195.asl"": 125, ""director_p_243.asl"": 125, ""director_p_193.asl"": 125, ""director_p_220.asl"": 125, ""director_p_237.asl"": 125, ""director_p_224.asl"": 125, ""director_p_242.asl"": 125, ""director_p_212.asl"": 125, ""director_p_199.asl"": 125, ""director_p_239.asl"": 125, ""director_p_203.asl"": 125, ""director_p_201.asl"": 125, ""director_p_216.asl"": 125, ""director_p_205.asl"": 125, ""director_p_236.asl"": 125, ""director_p_112.asl"": 125, ""director_p_166.asl"": 125, ""director_p_151.asl"": 125, ""director_p_93.asl"": 125, ""director_p_85.asl"": 125, ""director_p_111.asl"": 125, ""director_p_230.asl"": 125, ""director_p_84.asl"": 125, ""director_p_141.asl"": 125, ""director_p_185.asl"": 125, ""director_p_180.asl"": 125, ""director_p_178.asl"": 125, ""director_p_101.asl"": 125, ""director_p_135.asl"": 125, ""director_p_240.asl"": 125, ""director_p_158.asl"": 125, ""director_p_124.asl"": 125, ""director_p_89.asl"": 125, ""director_p_165.asl"": 125, ""director_p_134.asl"": 125, ""director_p_87.asl"": 125, ""director_p_118.asl"": 125, ""director_p_69.asl"": 125, ""director_p_150.asl"": 125, ""director_p_64.asl"": 125, ""director_p_129.asl"": 125, ""director_p_61.asl"": 125, ""director_p_186.asl"": 125, ""director_p_117.asl"": 125, ""director_p_233.asl"": 125, ""director_p_115.asl"": 125, ""director_p_221.asl"": 125, ""director_p_107.asl"": 125, ""director_p_66.asl"": 125, ""director_p_181.asl"": 125, ""director_p_102.asl"": 125, ""director_p_131.asl"": 125, ""director_p_78.asl"": 125, ""director_p_116.asl"": 125, ""director_p_43.asl"": 125, ""director_p_231.asl"": 125, ""director_p_184.asl"": 125, ""director_p_202.asl"": 125, ""director_p_223.asl"": 125, ""director_p_198.asl"": 125, ""director_p_173.asl"": 125, ""director_p_168.asl"": 125, ""director_p_28.asl"": 125, ""director_p_248.asl"": 125, ""director_p_81.asl"": 125, ""director_p_183.asl"": 125, ""director_p_110.asl"": 125, ""director_p_147.asl"": 125, ""director_p_82.asl"": 125, ""director_p_187.asl"": 125, ""director_p_219.asl"": 125, ""director_p_194.asl"": 125, ""director_p_207.asl"": 125, ""director_p_211.asl"": 125, ""director_p_245.asl"": 125, ""director_p_163.asl"": 125, ""director_p_225.asl"": 125, ""director_p_51.asl"": 125, ""director_p_121.asl"": 125, ""director_p_33.asl"": 125, ""director_p_144.asl"": 125, ""director_p_80.asl"": 125, ""director_p_113.asl"": 125, ""director_p_30.asl"": 125, ""director_p_73.asl"": 125, ""director_p_126.asl"": 125, ""director_p_108.asl"": 125, ""director_p_41.asl"": 125, ""director_p_154.asl"": 125, ""director_p_169.asl"": 125, ""director_p_175.asl"": 125, ""director_p_161.asl"": 125, ""director_p_125.asl"": 125, ""director_p_120.asl"": 125, ""director_p_179.asl"": 125, ""director_p_14.asl"": 125, ""director_p_38.asl"": 125, ""director_p_88.asl"": 125, ""director_p_49.asl"": 125, ""director_p_137.asl"": 125, ""director_p_54.asl"": 125, ""director_p_59.asl"": 125, ""director_p_48.asl"": 125, ""director_p_104.asl"": 125, ""director_p_50.asl"": 125, ""director_p_96.asl"": 125, ""director_p_114.asl"": 125, ""director_p_32.asl"": 125, ""director_p_91.asl"": 125, ""director_p_70.asl"": 125, ""director_p_34.asl"": 125, ""director_p_52.asl"": 125, ""director_p_94.asl"": 125, ""director_p_103.asl"": 125, ""director_p_100.asl"": 125, ""director_p_77.asl"": 125, ""director_p_215.asl"": 125, ""director_p_90.asl"": 125, ""director_p_97.asl"": 125, ""director_p_171.asl"": 125, ""director_p_153.asl"": 125, ""director_p_159.asl"": 125, ""director_p_170.asl"": 125, ""director_p_188.asl"": 125, ""director_p_142.asl"": 125, ""director_p_139.asl"": 125, ""director_p_157.asl"": 125, ""director_p_99.asl"": 125, ""director_p_146.asl"": 125, ""director_p_123.asl"": 125, ""director_p_98.asl"": 125, ""director_p_122.asl"": 125, ""director_p_133.asl"": 125, ""director_p_68.asl"": 125, ""director_p_46.asl"": 125, ""director_p_74.asl"": 125, ""director_p_53.asl"": 125, ""director_p_65.asl"": 125, ""director_p_62.asl"": 125, ""director_p_55.asl"": 125, ""director_p_47.asl"": 125, ""director_p_35.asl"": 125, ""director_p_40.asl"": 125, ""director_p_18.asl"": 125, ""director_p_45.asl"": 125, ""director_p_21.asl"": 125, ""director_p_44.asl"": 125, ""role_p_0_r.asl"": 29, ""role_p_164_r.asl"": 29, ""role_p_29_r.asl"": 29, ""role_p_7_r.asl"": 29, ""role_p_190_r.asl"": 29, ""role_p_71_r.asl"": 29, ""role_p_63_r.asl"": 29, ""role_p_58_r.asl"": 29, ""role_p_36_r.asl"": 29, ""role_p_189_r.asl"": 29, ""role_p_27_r.asl"": 29, ""role_p_174_r.asl"": 29, ""role_p_246_r.asl"": 29, ""role_p_229_r.asl"": 29, ""role_p_140_r.asl"": 29, ""role_p_23_r.asl"": 29, ""role_p_152_r.asl"": 29, ""role_p_109_r.asl"": 29, ""role_p_9_r.asl"": 29, ""role_p_8_r.asl"": 29, ""role_p_24_r.asl"": 29, ""role_p_56_r.asl"": 29, ""role_p_60_r.asl"": 29, ""role_p_130_r.asl"": 29, ""role_p_155_r.asl"": 29, ""role_p_247_r.asl"": 29, ""role_p_228_r.asl"": 29, ""role_p_217_r.asl"": 29, ""role_p_235_r.asl"": 29, ""role_p_226_r.asl"": 29, ""role_p_172_r.asl"": 29, ""role_p_176_r.asl"": 29, ""role_p_200_r.asl"": 29, ""role_p_214_r.asl"": 29, ""role_p_182_r.asl"": 29, ""role_p_218_r.asl"": 29, ""role_p_232_r.asl"": 29, ""role_p_196_r.asl"": 29, ""role_p_234_r.asl"": 29, ""role_p_167_r.asl"": 29, ""role_p_213_r.asl"": 29, ""role_p_210_r.asl"": 29, ""role_p_227_r.asl"": 29, ""role_p_209_r.asl"": 29, ""role_p_206_r.asl"": 29, ""role_p_241_r.asl"": 29, ""role_p_244_r.asl"": 29, ""role_p_136_r.asl"": 29, ""role_p_191_r.asl"": 29, ""role_p_177_r.asl"": 29, ""role_p_79_r.asl"": 29, ""role_p_208_r.asl"": 29, ""role_p_128_r.asl"": 29, ""role_p_156_r.asl"": 29, ""role_p_132_r.asl"": 29, ""role_p_92_r.asl"": 29, ""role_p_67_r.asl"": 29, ""role_p_197_r.asl"": 29, ""role_p_31_r.asl"": 29, ""role_p_222_r.asl"": 29, ""role_p_57_r.asl"": 29, ""role_p_138_r.asl"": 29, ""role_p_86_r.asl"": 29, ""role_p_75_r.asl"": 29, ""role_p_162_r.asl"": 29, ""role_p_148_r.asl"": 29, ""role_p_42_r.asl"": 29, ""role_p_160_r.asl"": 29, ""role_p_106_r.asl"": 29, ""role_p_105_r.asl"": 29, ""role_p_249_r.asl"": 29, ""role_p_127_r.asl"": 29, ""role_p_143_r.asl"": 29, ""role_p_72_r.asl"": 29, ""role_p_149_r.asl"": 29, ""role_p_10_r.asl"": 29, ""role_p_192_r.asl"": 29, ""role_p_37_r.asl"": 29, ""role_p_238_r.asl"": 29, ""role_p_145_r.asl"": 29, ""role_p_76_r.asl"": 29, ""role_p_204_r.asl"": 29, ""role_p_95_r.asl"": 29, ""role_p_83_r.asl"": 29, ""role_p_119_r.asl"": 29, ""role_p_195_r.asl"": 29, ""role_p_243_r.asl"": 29, ""role_p_193_r.asl"": 29, ""role_p_220_r.asl"": 29, ""role_p_237_r.asl"": 29, ""role_p_224_r.asl"": 29, ""role_p_242_r.asl"": 29, ""role_p_212_r.asl"": 29, ""role_p_199_r.asl"": 29, ""role_p_239_r.asl"": 29, ""role_p_203_r.asl"": 29, ""role_p_201_r.asl"": 29, ""role_p_216_r.asl"": 29, ""role_p_205_r.asl"": 29, ""role_p_236_r.asl"": 29, ""role_p_112_r.asl"": 29, ""role_p_166_r.asl"": 29, ""role_p_151_r.asl"": 29, ""role_p_93_r.asl"": 29, ""role_p_85_r.asl"": 29, ""role_p_111_r.asl"": 29, ""role_p_230_r.asl"": 29, ""role_p_84_r.asl"": 29, ""role_p_141_r.asl"": 29, ""role_p_185_r.asl"": 29, ""role_p_180_r.asl"": 29, ""role_p_178_r.asl"": 29, ""role_p_101_r.asl"": 29, ""role_p_135_r.asl"": 29, ""role_p_240_r.asl"": 29, ""role_p_158_r.asl"": 29, ""role_p_124_r.asl"": 29, ""role_p_89_r.asl"": 29, ""role_p_165_r.asl"": 29, ""role_p_134_r.asl"": 29, ""role_p_87_r.asl"": 29, ""role_p_118_r.asl"": 29, ""role_p_69_r.asl"": 29, ""role_p_150_r.asl"": 29, ""role_p_64_r.asl"": 29, ""role_p_129_r.asl"": 29, ""role_p_61_r.asl"": 29, ""role_p_186_r.asl"": 29, ""role_p_117_r.asl"": 29, ""role_p_233_r.asl"": 29, ""role_p_115_r.asl"": 29, ""role_p_221_r.asl"": 29, ""role_p_107_r.asl"": 29, ""role_p_66_r.asl"": 29, ""role_p_181_r.asl"": 29, ""role_p_102_r.asl"": 29, ""role_p_131_r.asl"": 29, ""role_p_78_r.asl"": 29, ""role_p_116_r.asl"": 29, ""role_p_43_r.asl"": 29, ""role_p_231_r.asl"": 29, ""role_p_184_r.asl"": 29, ""role_p_202_r.asl"": 29, ""role_p_223_r.asl"": 29, ""role_p_198_r.asl"": 29, ""role_p_173_r.asl"": 29, ""role_p_168_r.asl"": 29, ""role_p_28_r.asl"": 29, ""role_p_248_r.asl"": 29, ""role_p_81_r.asl"": 29, ""role_p_183_r.asl"": 29, ""role_p_110_r.asl"": 29, ""role_p_147_r.asl"": 29, ""role_p_82_r.asl"": 29, ""role_p_187_r.asl"": 29, ""role_p_219_r.asl"": 29, ""role_p_194_r.asl"": 29, ""role_p_207_r.asl"": 29, ""role_p_211_r.asl"": 29, ""role_p_245_r.asl"": 29, ""role_p_163_r.asl"": 29, ""role_p_225_r.asl"": 29, ""role_p_51_r.asl"": 29, ""role_p_121_r.asl"": 29, ""role_p_33_r.asl"": 29, ""role_p_144_r.asl"": 29, ""role_p_80_r.asl"": 29, ""role_p_113_r.asl"": 29, ""role_p_30_r.asl"": 29, ""role_p_73_r.asl"": 29, ""role_p_126_r.asl"": 29, ""role_p_108_r.asl"": 29, ""role_p_41_r.asl"": 29, ""role_p_154_r.asl"": 29, ""role_p_169_r.asl"": 29, ""role_p_175_r.asl"": 29, ""role_p_161_r.asl"": 29, ""role_p_125_r.asl"": 29, ""role_p_120_r.asl"": 29, ""role_p_179_r.asl"": 29, ""role_p_14_r.asl"": 29, ""role_p_38_r.asl"": 29, ""role_p_88_r.asl"": 29, ""role_p_49_r.asl"": 29, ""role_p_137_r.asl"": 29, ""role_p_54_r.asl"": 29, ""role_p_59_r.asl"": 29, ""role_p_48_r.asl"": 29, ""role_p_104_r.asl"": 29, ""role_p_50_r.asl"": 29, ""role_p_96_r.asl"": 29, ""role_p_114_r.asl"": 29, ""role_p_32_r.asl"": 29, ""role_p_91_r.asl"": 29, ""role_p_70_r.asl"": 29, ""role_p_34_r.asl"": 29, ""role_p_52_r.asl"": 29, ""role_p_94_r.asl"": 29, ""role_p_103_r.asl"": 29, ""role_p_100_r.asl"": 29, ""role_p_77_r.asl"": 29, ""role_p_215_r.asl"": 29, ""role_p_90_r.asl"": 29, ""role_p_97_r.asl"": 29, ""role_p_171_r.asl"": 29, ""role_p_153_r.asl"": 29, ""role_p_159_r.asl"": 29, ""role_p_170_r.asl"": 29, ""role_p_188_r.asl"": 29, ""role_p_142_r.asl"": 29, ""role_p_139_r.asl"": 29, ""role_p_157_r.asl"": 29, ""role_p_99_r.asl"": 29, ""role_p_146_r.asl"": 29, ""role_p_123_r.asl"": 29, ""role_p_98_r.asl"": 29, ""role_p_122_r.asl"": 29, ""role_p_133_r.asl"": 29, ""role_p_68_r.asl"": 29, ""role_p_46_r.asl"": 29, ""role_p_74_r.asl"": 29, ""role_p_53_r.asl"": 29, ""role_p_65_r.asl"": 29, ""role_p_62_r.asl"": 29, ""role_p_55_r.asl"": 29, ""role_p_47_r.asl"": 29, ""role_p_35_r.asl"": 29, ""role_p_40_r.asl"": 29, ""role_p_18_r.asl"": 29, ""role_p_45_r.asl"": 29, ""role_p_21_r.asl"": 29, ""role_p_44_r.asl"": 29}",4.65450755601876,0.6065058140011388,0.006161140998301562,4.140897750854492,True,0,0
grid_imports,78,Linux 7.2.3-arch1-2,x86_64,24,30.44,3.14.7,10,10,5,2,2,1,2,2,2,0,0,42,7676,176468,464,35728,"{""director_p_0.asl"": 125, ""director_p_164.asl"": 125, ""director_p_29.asl"": 125, ""director_p_7.asl"": 125, ""director_p_190.asl"": 125, ""director_p_71.asl"": 125, ""director_p_63.asl"": 125, ""director_p_58.asl"": 125, ""director_p_36.asl"": 125, ""director_p_189.asl"": 125, ""director_p_27.asl"": 125, ""director_p_174.asl"": 125, ""director_p_246.asl"": 125, ""director_p_229.asl"": 125, ""director_p_140.asl"": 125, ""director_p_23.asl"": 125, ""director_p_152.asl"": 125, ""director_p_109.asl"": 125, ""director_p_9.asl"": 125, ""director_p_8.asl"": 125, ""director_p_24.asl"": 125, ""director_p_56.asl"": 125, ""director_p_60.asl"": 125, ""director_p_130.asl"": 125, ""director_p_155.asl"": 125, ""director_p_247.asl"": 125, ""director_p_228.asl"": 125, ""director_p_217.asl"": 125, ""director_p_235.asl"": 125, ""director_p_226.asl"": 125, ""director_p_172.asl"": 125, ""director_p_176.asl"": 125, ""director_p_200.asl"": 125, ""director_p_214.asl"": 125, ""director_p_182.asl"": 125, ""director_p_218.asl"": 125, ""director_p_232.asl"": 125, ""director_p_196.asl"": 125, ""director_p_234.asl"": 125, ""director_p_167.asl"": 125, ""director_p_213.asl"": 125, ""director_p_210.asl"": 125, ""director_p_227.asl"": 125, ""director_p_209.asl"": 125, ""director_p_206.asl"": 125, ""director_p_241.asl"": 125, ""director_p_244.asl"": 125, ""director_p_136.asl"": 125, ""director_p_191.asl"": 125, ""director_p_177.asl"": 125, ""director_p_79.asl"": 125, ""director_p_208.asl"": 125, ""director_p_128.asl"": 125, ""director_p_156.asl"": 125, ""director_p_132.asl"": 125, ""director_p_92.asl"": 125, ""director_p_67.asl"": 125, ""director_p_197.asl"": 125, ""director_p_31.asl"": 125, ""director_p_222.asl"": 125, ""director_p_57.asl"": 125, ""director_p_138.asl"": 125, ""director_p_86.asl"": 125, ""director_p_75.asl"": 125, ""director_p_162.asl"": 125, ""director_p_148.asl"": 125, ""director_p_42.asl"": 125, ""director_p_160.asl"": 125, ""director_p_106.asl"": 125, ""director_p_105.asl"": 125, ""director_p_249.asl"": 125, ""director_p_127.asl"": 125, ""director_p_143.asl"": 125, ""director_p_72.asl"": 125, ""director_p_149.asl"": 125, ""director_p_10.asl"": 125, ""director_p_192.asl"": 125, ""director_p_37.asl"": 125, ""director_p_238.asl"": 125, ""director_p_145.asl"": 125, ""director_p_76.asl"": 125, ""director_p_204.asl"": 125, ""director_p_95.asl"": 125, ""director_p_83.asl"": 125, ""director_p_119.asl"": 125, ""director_p_195.asl"": 125, ""director_p_243.asl"": 125, ""director_p_193.asl"": 125, ""director_p_220.asl"": 125, ""director_p_237.asl"": 125, ""director_p_224.asl"": 125, ""director_p_242.asl"": 125, ""director_p_212.asl"": 125, ""director_p_199.asl"": 125, ""director_p_239.asl"": 125, ""director_p_203.asl"": 125, ""director_p_201.asl"": 125, ""director_p_216.asl"": 125, ""director_p_205.asl"": 125, ""director_p_236.asl"": 125, ""director_p_112.asl"": 125, ""director_p_166.asl"": 125, ""director_p_151.asl"": 125, ""director_p_93.asl"": 125, ""director_p_85.asl"": 125, ""director_p_111.asl"": 125, ""director_p_230.asl"": 125, ""director_p_84.asl"": 125, ""director_p_141.asl"": 125, ""director_p_185.asl"": 125, ""director_p_180.asl"": 125, ""director_p_178.asl"": 125, ""director_p_101.asl"": 125, ""director_p_135.asl"": 125, ""director_p_240.asl"": 125, ""director_p_158.asl"": 125, ""director_p_124.asl"": 125, ""director_p_89.asl"": 125, ""director_p_165.asl"": 125, ""director_p_134.asl"": 125, ""director_p_87.asl"": 125, ""director_p_118.asl"": 125, ""director_p_69.asl"": 125, ""director_p_150.asl"": 125, ""director_p_64.asl"": 125, ""director_p_129.asl"": 125, ""director_p_61.asl"": 125, ""director_p_186.asl"": 125, ""director_p_117.asl"": 125, ""director_p_233.asl"": 125, ""director_p_115.asl"": 125, ""director_p_221.asl"": 125, ""director_p_107.asl"": 125, ""director_p_66.asl"": 125, ""director_p_181.asl"": 125, ""director_p_102.asl"": 125, ""director_p_131.asl"": 125, ""director_p_78.asl"": 125, ""director_p_116.asl"": 125, ""director_p_43.asl"": 125, ""director_p_231.asl"": 125, ""director_p_184.asl"": 125, ""director_p_202.asl"": 125, ""director_p_223.asl"": 125, ""director_p_198.asl"": 125, ""director_p_173.asl"": 125, ""director_p_168.asl"": 125, ""director_p_28.asl"": 125, ""director_p_248.asl"": 125, ""director_p_81.asl"": 125, ""director_p_183.asl"": 125, ""director_p_110.asl"": 125, ""director_p_147.asl"": 125, ""director_p_82.asl"": 125, ""director_p_187.asl"": 125, ""director_p_219.asl"": 125, ""director_p_194.asl"": 125, ""director_p_207.asl"": 125, ""director_p_211.asl"": 125, ""director_p_245.asl"": 125, ""director_p_163.asl"": 125, ""director_p_225.asl"": 125, ""director_p_51.asl"": 125, ""director_p_121.asl"": 125, ""director_p_33.asl"": 125, ""director_p_144.asl"": 125, ""director_p_80.asl"": 125, ""director_p_113.asl"": 125, ""director_p_30.asl"": 125, ""director_p_73.asl"": 125, ""director_p_126.asl"": 125, ""director_p_108.asl"": 125, ""director_p_41.asl"": 125, ""director_p_154.asl"": 125, ""director_p_169.asl"": 125, ""director_p_175.asl"": 125, ""director_p_161.asl"": 125, ""director_p_125.asl"": 125, ""director_p_120.asl"": 125, ""director_p_179.asl"": 125, ""director_p_14.asl"": 125, ""director_p_38.asl"": 125, ""director_p_88.asl"": 125, ""director_p_49.asl"": 125, ""director_p_137.asl"": 125, ""director_p_54.asl"": 125, ""director_p_59.asl"": 125, ""director_p_48.asl"": 125, ""director_p_104.asl"": 125, ""director_p_50.asl"": 125, ""director_p_96.asl"": 125, ""director_p_114.asl"": 125, ""director_p_32.asl"": 125, ""director_p_91.asl"": 125, ""director_p_70.asl"": 125, ""director_p_34.asl"": 125, ""director_p_52.asl"": 125, ""director_p_94.asl"": 125, ""director_p_103.asl"": 125, ""director_p_100.asl"": 125, ""director_p_77.asl"": 125, ""director_p_215.asl"": 125, ""director_p_90.asl"": 125, ""director_p_97.asl"": 125, ""director_p_171.asl"": 125, ""director_p_153.asl"": 125, ""director_p_159.asl"": 125, ""director_p_170.asl"": 125, ""director_p_188.asl"": 125, ""director_p_142.asl"": 125, ""director_p_139.asl"": 125, ""director_p_157.asl"": 125, ""director_p_99.asl"": 125, ""director_p_146.asl"": 125, ""director_p_123.asl"": 125, ""director_p_98.asl"": 125, ""director_p_122.asl"": 125, ""director_p_133.asl"": 125, ""director_p_68.asl"": 125, ""director_p_46.asl"": 125, ""director_p_74.asl"": 125, ""director_p_53.asl"": 125, ""director_p_65.asl"": 125, ""director_p_62.asl"": 125, ""director_p_55.asl"": 125, ""director_p_47.asl"": 125, ""director_p_35.asl"": 125, ""director_p_40.asl"": 125, ""director_p_18.asl"": 125, ""director_p_45.asl"": 125, ""director_p_21.asl"": 125, ""director_p_44.asl"": 125, ""role_p_0_r.asl"": 29, ""role_p_164_r.asl"": 29, ""role_p_29_r.asl"": 29, ""role_p_7_r.asl"": 29, ""role_p_190_r.asl"": 29, ""role_p_71_r.asl"": 29, ""role_p_63_r.asl"": 29, ""role_p_58_r.asl"": 29, ""role_p_36_r.asl"": 29, ""role_p_189_r.asl"": 29, ""role_p_27_r.asl"": 29, ""role_p_174_r.asl"": 29, ""role_p_246_r.asl"": 29, ""role_p_229_r.asl"": 29, ""role_p_140_r.asl"": 29, ""role_p_23_r.asl"": 29, ""role_p_152_r.asl"": 29, ""role_p_109_r.asl"": 29, ""role_p_9_r.asl"": 29, ""role_p_8_r.asl"": 29, ""role_p_24_r.asl"": 29, ""role_p_56_r.asl"": 29, ""role_p_60_r.asl"": 29, ""role_p_130_r.asl"": 29, ""role_p_155_r.asl"": 29, ""role_p_247_r.asl"": 29, ""role_p_228_r.asl"": 29, ""role_p_217_r.asl"": 29, ""role_p_235_r.asl"": 29, ""role_p_226_r.asl"": 29, ""role_p_172_r.asl"": 29, ""role_p_176_r.asl"": 29, ""role_p_200_r.asl"": 29, ""role_p_214_r.asl"": 29, ""role_p_182_r.asl"": 29, ""role_p_218_r.asl"": 29, ""role_p_232_r.asl"": 29, ""role_p_196_r.asl"": 29, ""role_p_234_r.asl"": 29, ""role_p_167_r.asl"": 29, ""role_p_213_r.asl"": 29, ""role_p_210_r.asl"": 29, ""role_p_227_r.asl"": 29, ""role_p_209_r.asl"": 29, ""role_p_206_r.asl"": 29, ""role_p_241_r.asl"": 29, ""role_p_244_r.asl"": 29, ""role_p_136_r.asl"": 29, ""role_p_191_r.asl"": 29, ""role_p_177_r.asl"": 29, ""role_p_79_r.asl"": 29, ""role_p_208_r.asl"": 29, ""role_p_128_r.asl"": 29, ""role_p_156_r.asl"": 29, ""role_p_132_r.asl"": 29, ""role_p_92_r.asl"": 29, ""role_p_67_r.asl"": 29, ""role_p_197_r.asl"": 29, ""role_p_31_r.asl"": 29, ""role_p_222_r.asl"": 29, ""role_p_57_r.asl"": 29, ""role_p_138_r.asl"": 29, ""role_p_86_r.asl"": 29, ""role_p_75_r.asl"": 29, ""role_p_162_r.asl"": 29, ""role_p_148_r.asl"": 29, ""role_p_42_r.asl"": 29, ""role_p_160_r.asl"": 29, ""role_p_106_r.asl"": 29, ""role_p_105_r.asl"": 29, ""role_p_249_r.asl"": 29, ""role_p_127_r.asl"": 29, ""role_p_143_r.asl"": 29, ""role_p_72_r.asl"": 29, ""role_p_149_r.asl"": 29, ""role_p_10_r.asl"": 29, ""role_p_192_r.asl"": 29, ""role_p_37_r.asl"": 29, ""role_p_238_r.asl"": 29, ""role_p_145_r.asl"": 29, ""role_p_76_r.asl"": 29, ""role_p_204_r.asl"": 29, ""role_p_95_r.asl"": 29, ""role_p_83_r.asl"": 29, ""role_p_119_r.asl"": 29, ""role_p_195_r.asl"": 29, ""role_p_243_r.asl"": 29, ""role_p_193_r.asl"": 29, ""role_p_220_r.asl"": 29, ""role_p_237_r.asl"": 29, ""role_p_224_r.asl"": 29, ""role_p_242_r.asl"": 29, ""role_p_212_r.asl"": 29, ""role_p_199_r.asl"": 29, ""role_p_239_r.asl"": 29, ""role_p_203_r.asl"": 29, ""role_p_201_r.asl"": 29, ""role_p_216_r.asl"": 29, ""role_p_205_r.asl"": 29, ""role_p_236_r.asl"": 29, ""role_p_112_r.asl"": 29, ""role_p_166_r.asl"": 29, ""role_p_151_r.asl"": 29, ""role_p_93_r.asl"": 29, ""role_p_85_r.asl"": 29, ""role_p_111_r.asl"": 29, ""role_p_230_r.asl"": 29, ""role_p_84_r.asl"": 29, ""role_p_141_r.asl"": 29, ""role_p_185_r.asl"": 29, ""role_p_180_r.asl"": 29, ""role_p_178_r.asl"": 29, ""role_p_101_r.asl"": 29, ""role_p_135_r.asl"": 29, ""role_p_240_r.asl"": 29, ""role_p_158_r.asl"": 29, ""role_p_124_r.asl"": 29, ""role_p_89_r.asl"": 29, ""role_p_165_r.asl"": 29, ""role_p_134_r.asl"": 29, ""role_p_87_r.asl"": 29, ""role_p_118_r.asl"": 29, ""role_p_69_r.asl"": 29, ""role_p_150_r.asl"": 29, ""role_p_64_r.asl"": 29, ""role_p_129_r.asl"": 29, ""role_p_61_r.asl"": 29, ""role_p_186_r.asl"": 29, ""role_p_117_r.asl"": 29, ""role_p_233_r.asl"": 29, ""role_p_115_r.asl"": 29, ""role_p_221_r.asl"": 29, ""role_p_107_r.asl"": 29, ""role_p_66_r.asl"": 29, ""role_p_181_r.asl"": 29, ""role_p_102_r.asl"": 29, ""role_p_131_r.asl"": 29, ""role_p_78_r.asl"": 29, ""role_p_116_r.asl"": 29, ""role_p_43_r.asl"": 29, ""role_p_231_r.asl"": 29, ""role_p_184_r.asl"": 29, ""role_p_202_r.asl"": 29, ""role_p_223_r.asl"": 29, ""role_p_198_r.asl"": 29, ""role_p_173_r.asl"": 29, ""role_p_168_r.asl"": 29, ""role_p_28_r.asl"": 29, ""role_p_248_r.asl"": 29, ""role_p_81_r.asl"": 29, ""role_p_183_r.asl"": 29, ""role_p_110_r.asl"": 29, ""role_p_147_r.asl"": 29, ""role_p_82_r.asl"": 29, ""role_p_187_r.asl"": 29, ""role_p_219_r.asl"": 29, ""role_p_194_r.asl"": 29, ""role_p_207_r.asl"": 29, ""role_p_211_r.asl"": 29, ""role_p_245_r.asl"": 29, ""role_p_163_r.asl"": 29, ""role_p_225_r.asl"": 29, ""role_p_51_r.asl"": 29, ""role_p_121_r.asl"": 29, ""role_p_33_r.asl"": 29, ""role_p_144_r.asl"": 29, ""role_p_80_r.asl"": 29, ""role_p_113_r.asl"": 29, ""role_p_30_r.asl"": 29, ""role_p_73_r.asl"": 29, ""role_p_126_r.asl"": 29, ""role_p_108_r.asl"": 29, ""role_p_41_r.asl"": 29, ""role_p_154_r.asl"": 29, ""role_p_169_r.asl"": 29, ""role_p_175_r.asl"": 29, ""role_p_161_r.asl"": 29, ""role_p_125_r.asl"": 29, ""role_p_120_r.asl"": 29, ""role_p_179_r.asl"": 29, ""role_p_14_r.asl"": 29, ""role_p_38_r.asl"": 29, ""role_p_88_r.asl"": 29, ""role_p_49_r.asl"": 29, ""role_p_137_r.asl"": 29, ""role_p_54_r.asl"": 29, ""role_p_59_r.asl"": 29, ""role_p_48_r.asl"": 29, ""role_p_104_r.asl"": 29, ""role_p_50_r.asl"": 29, ""role_p_96_r.asl"": 29, ""role_p_114_r.asl"": 29, ""role_p_32_r.asl"": 29, ""role_p_91_r.asl"": 29, ""role_p_70_r.asl"": 29, ""role_p_34_r.asl"": 29, ""role_p_52_r.asl"": 29, ""role_p_94_r.asl"": 29, ""role_p_103_r.asl"": 29, ""role_p_100_r.asl"": 29, ""role_p_77_r.asl"": 29, ""role_p_215_r.asl"": 29, ""role_p_90_r.asl"": 29, ""role_p_97_r.asl"": 29, ""role_p_171_r.asl"": 29, ""role_p_153_r.asl"": 29, ""role_p_159_r.asl"": 29, ""role_p_170_r.asl"": 29, ""role_p_188_r.asl"": 29, ""role_p_142_r.asl"": 29, ""role_p_139_r.asl"": 29, ""role_p_157_r.asl"": 29, ""role_p_99_r.asl"": 29, ""role_p_146_r.asl"": 29, ""role_p_123_r.asl"": 29, ""role_p_98_r.asl"": 29, ""role_p_122_r.asl"": 29, ""role_p_133_r.asl"": 29, ""role_p_68_r.asl"": 29, ""role_p_46_r.asl"": 29, ""role_p_74_r.asl"": 29, ""role_p_53_r.asl"": 29, ""role_p_65_r.asl"": 29, ""role_p_62_r.asl"": 29, ""role_p_55_r.asl"": 29, ""role_p_47_r.asl"": 29, ""role_p_35_r.asl"": 29, ""role_p_40_r.asl"": 29, ""role_p_18_r.asl"": 29, ""role_p_45_r.asl"": 29, ""role_p_21_r.asl"": 29, ""role_p_44_r.asl"": 29}",4.65450755601876,0.5939478320033231,0.006184801000927109,4.140830039978027,True,0,0
grid_imports,79,Linux 7.2.3-arch1-2,x86_64,24,30.44,3.14.7,10,10,5,2,2,1,2,2,2,0,0,42,7676,176468,464,35728,"{""director_p_0.asl"": 125, ""director_p_164.asl"": 125, ""director_p_29.asl"": 125, ""director_p_7.asl"": 125, ""director_p_190.asl"": 125, ""director_p_71.asl"": 125, ""director_p_63.asl"": 125, ""director_p_58.asl"": 125, ""director_p_36.asl"": 125, ""director_p_189.asl"": 125, ""director_p_27.asl"": 125, ""director_p_174.asl"": 125, ""director_p_246.asl"": 125, ""director_p_229.asl"": 125, ""director_p_140.asl"": 125, ""director_p_23.asl"": 125, ""director_p_152.asl"": 125, ""director_p_109.asl"": 125, ""director_p_9.asl"": 125, ""director_p_8.asl"": 125, ""director_p_24.asl"": 125, ""director_p_56.asl"": 125, ""director_p_60.asl"": 125, ""director_p_130.asl"": 125, ""director_p_155.asl"": 125, ""director_p_247.asl"": 125, ""director_p_228.asl"": 125, ""director_p_217.asl"": 125, ""director_p_235.asl"": 125, ""director_p_226.asl"": 125, ""director_p_172.asl"": 125, ""director_p_176.asl"": 125, ""director_p_200.asl"": 125, ""director_p_214.asl"": 125, ""director_p_182.asl"": 125, ""director_p_218.asl"": 125, ""director_p_232.asl"": 125, ""director_p_196.asl"": 125, ""director_p_234.asl"": 125, ""director_p_167.asl"": 125, ""director_p_213.asl"": 125, ""director_p_210.asl"": 125, ""director_p_227.asl"": 125, ""director_p_209.asl"": 125, ""director_p_206.asl"": 125, ""director_p_241.asl"": 125, ""director_p_244.asl"": 125, ""director_p_136.asl"": 125, ""director_p_191.asl"": 125, ""director_p_177.asl"": 125, ""director_p_79.asl"": 125, ""director_p_208.asl"": 125, ""director_p_128.asl"": 125, ""director_p_156.asl"": 125, ""director_p_132.asl"": 125, ""director_p_92.asl"": 125, ""director_p_67.asl"": 125, ""director_p_197.asl"": 125, ""director_p_31.asl"": 125, ""director_p_222.asl"": 125, ""director_p_57.asl"": 125, ""director_p_138.asl"": 125, ""director_p_86.asl"": 125, ""director_p_75.asl"": 125, ""director_p_162.asl"": 125, ""director_p_148.asl"": 125, ""director_p_42.asl"": 125, ""director_p_160.asl"": 125, ""director_p_106.asl"": 125, ""director_p_105.asl"": 125, ""director_p_249.asl"": 125, ""director_p_127.asl"": 125, ""director_p_143.asl"": 125, ""director_p_72.asl"": 125, ""director_p_149.asl"": 125, ""director_p_10.asl"": 125, ""director_p_192.asl"": 125, ""director_p_37.asl"": 125, ""director_p_238.asl"": 125, ""director_p_145.asl"": 125, ""director_p_76.asl"": 125, ""director_p_204.asl"": 125, ""director_p_95.asl"": 125, ""director_p_83.asl"": 125, ""director_p_119.asl"": 125, ""director_p_195.asl"": 125, ""director_p_243.asl"": 125, ""director_p_193.asl"": 125, ""director_p_220.asl"": 125, ""director_p_237.asl"": 125, ""director_p_224.asl"": 125, ""director_p_242.asl"": 125, ""director_p_212.asl"": 125, ""director_p_199.asl"": 125, ""director_p_239.asl"": 125, ""director_p_203.asl"": 125, ""director_p_201.asl"": 125, ""director_p_216.asl"": 125, ""director_p_205.asl"": 125, ""director_p_236.asl"": 125, ""director_p_112.asl"": 125, ""director_p_166.asl"": 125, ""director_p_151.asl"": 125, ""director_p_93.asl"": 125, ""director_p_85.asl"": 125, ""director_p_111.asl"": 125, ""director_p_230.asl"": 125, ""director_p_84.asl"": 125, ""director_p_141.asl"": 125, ""director_p_185.asl"": 125, ""director_p_180.asl"": 125, ""director_p_178.asl"": 125, ""director_p_101.asl"": 125, ""director_p_135.asl"": 125, ""director_p_240.asl"": 125, ""director_p_158.asl"": 125, ""director_p_124.asl"": 125, ""director_p_89.asl"": 125, ""director_p_165.asl"": 125, ""director_p_134.asl"": 125, ""director_p_87.asl"": 125, ""director_p_118.asl"": 125, ""director_p_69.asl"": 125, ""director_p_150.asl"": 125, ""director_p_64.asl"": 125, ""director_p_129.asl"": 125, ""director_p_61.asl"": 125, ""director_p_186.asl"": 125, ""director_p_117.asl"": 125, ""director_p_233.asl"": 125, ""director_p_115.asl"": 125, ""director_p_221.asl"": 125, ""director_p_107.asl"": 125, ""director_p_66.asl"": 125, ""director_p_181.asl"": 125, ""director_p_102.asl"": 125, ""director_p_131.asl"": 125, ""director_p_78.asl"": 125, ""director_p_116.asl"": 125, ""director_p_43.asl"": 125, ""director_p_231.asl"": 125, ""director_p_184.asl"": 125, ""director_p_202.asl"": 125, ""director_p_223.asl"": 125, ""director_p_198.asl"": 125, ""director_p_173.asl"": 125, ""director_p_168.asl"": 125, ""director_p_28.asl"": 125, ""director_p_248.asl"": 125, ""director_p_81.asl"": 125, ""director_p_183.asl"": 125, ""director_p_110.asl"": 125, ""director_p_147.asl"": 125, ""director_p_82.asl"": 125, ""director_p_187.asl"": 125, ""director_p_219.asl"": 125, ""director_p_194.asl"": 125, ""director_p_207.asl"": 125, ""director_p_211.asl"": 125, ""director_p_245.asl"": 125, ""director_p_163.asl"": 125, ""director_p_225.asl"": 125, ""director_p_51.asl"": 125, ""director_p_121.asl"": 125, ""director_p_33.asl"": 125, ""director_p_144.asl"": 125, ""director_p_80.asl"": 125, ""director_p_113.asl"": 125, ""director_p_30.asl"": 125, ""director_p_73.asl"": 125, ""director_p_126.asl"": 125, ""director_p_108.asl"": 125, ""director_p_41.asl"": 125, ""director_p_154.asl"": 125, ""director_p_169.asl"": 125, ""director_p_175.asl"": 125, ""director_p_161.asl"": 125, ""director_p_125.asl"": 125, ""director_p_120.asl"": 125, ""director_p_179.asl"": 125, ""director_p_14.asl"": 125, ""director_p_38.asl"": 125, ""director_p_88.asl"": 125, ""director_p_49.asl"": 125, ""director_p_137.asl"": 125, ""director_p_54.asl"": 125, ""director_p_59.asl"": 125, ""director_p_48.asl"": 125, ""director_p_104.asl"": 125, ""director_p_50.asl"": 125, ""director_p_96.asl"": 125, ""director_p_114.asl"": 125, ""director_p_32.asl"": 125, ""director_p_91.asl"": 125, ""director_p_70.asl"": 125, ""director_p_34.asl"": 125, ""director_p_52.asl"": 125, ""director_p_94.asl"": 125, ""director_p_103.asl"": 125, ""director_p_100.asl"": 125, ""director_p_77.asl"": 125, ""director_p_215.asl"": 125, ""director_p_90.asl"": 125, ""director_p_97.asl"": 125, ""director_p_171.asl"": 125, ""director_p_153.asl"": 125, ""director_p_159.asl"": 125, ""director_p_170.asl"": 125, ""director_p_188.asl"": 125, ""director_p_142.asl"": 125, ""director_p_139.asl"": 125, ""director_p_157.asl"": 125, ""director_p_99.asl"": 125, ""director_p_146.asl"": 125, ""director_p_123.asl"": 125, ""director_p_98.asl"": 125, ""director_p_122.asl"": 125, ""director_p_133.asl"": 125, ""director_p_68.asl"": 125, ""director_p_46.asl"": 125, ""director_p_74.asl"": 125, ""director_p_53.asl"": 125, ""director_p_65.asl"": 125, ""director_p_62.asl"": 125, ""director_p_55.asl"": 125, ""director_p_47.asl"": 125, ""director_p_35.asl"": 125, ""director_p_40.asl"": 125, ""director_p_18.asl"": 125, ""director_p_45.asl"": 125, ""director_p_21.asl"": 125, ""director_p_44.asl"": 125, ""role_p_0_r.asl"": 29, ""role_p_164_r.asl"": 29, ""role_p_29_r.asl"": 29, ""role_p_7_r.asl"": 29, ""role_p_190_r.asl"": 29, ""role_p_71_r.asl"": 29, ""role_p_63_r.asl"": 29, ""role_p_58_r.asl"": 29, ""role_p_36_r.asl"": 29, ""role_p_189_r.asl"": 29, ""role_p_27_r.asl"": 29, ""role_p_174_r.asl"": 29, ""role_p_246_r.asl"": 29, ""role_p_229_r.asl"": 29, ""role_p_140_r.asl"": 29, ""role_p_23_r.asl"": 29, ""role_p_152_r.asl"": 29, ""role_p_109_r.asl"": 29, ""role_p_9_r.asl"": 29, ""role_p_8_r.asl"": 29, ""role_p_24_r.asl"": 29, ""role_p_56_r.asl"": 29, ""role_p_60_r.asl"": 29, ""role_p_130_r.asl"": 29, ""role_p_155_r.asl"": 29, ""role_p_247_r.asl"": 29, ""role_p_228_r.asl"": 29, ""role_p_217_r.asl"": 29, ""role_p_235_r.asl"": 29, ""role_p_226_r.asl"": 29, ""role_p_172_r.asl"": 29, ""role_p_176_r.asl"": 29, ""role_p_200_r.asl"": 29, ""role_p_214_r.asl"": 29, ""role_p_182_r.asl"": 29, ""role_p_218_r.asl"": 29, ""role_p_232_r.asl"": 29, ""role_p_196_r.asl"": 29, ""role_p_234_r.asl"": 29, ""role_p_167_r.asl"": 29, ""role_p_213_r.asl"": 29, ""role_p_210_r.asl"": 29, ""role_p_227_r.asl"": 29, ""role_p_209_r.asl"": 29, ""role_p_206_r.asl"": 29, ""role_p_241_r.asl"": 29, ""role_p_244_r.asl"": 29, ""role_p_136_r.asl"": 29, ""role_p_191_r.asl"": 29, ""role_p_177_r.asl"": 29, ""role_p_79_r.asl"": 29, ""role_p_208_r.asl"": 29, ""role_p_128_r.asl"": 29, ""role_p_156_r.asl"": 29, ""role_p_132_r.asl"": 29, ""role_p_92_r.asl"": 29, ""role_p_67_r.asl"": 29, ""role_p_197_r.asl"": 29, ""role_p_31_r.asl"": 29, ""role_p_222_r.asl"": 29, ""role_p_57_r.asl"": 29, ""role_p_138_r.asl"": 29, ""role_p_86_r.asl"": 29, ""role_p_75_r.asl"": 29, ""role_p_162_r.asl"": 29, ""role_p_148_r.asl"": 29, ""role_p_42_r.asl"": 29, ""role_p_160_r.asl"": 29, ""role_p_106_r.asl"": 29, ""role_p_105_r.asl"": 29, ""role_p_249_r.asl"": 29, ""role_p_127_r.asl"": 29, ""role_p_143_r.asl"": 29, ""role_p_72_r.asl"": 29, ""role_p_149_r.asl"": 29, ""role_p_10_r.asl"": 29, ""role_p_192_r.asl"": 29, ""role_p_37_r.asl"": 29, ""role_p_238_r.asl"": 29, ""role_p_145_r.asl"": 29, ""role_p_76_r.asl"": 29, ""role_p_204_r.asl"": 29, ""role_p_95_r.asl"": 29, ""role_p_83_r.asl"": 29, ""role_p_119_r.asl"": 29, ""role_p_195_r.asl"": 29, ""role_p_243_r.asl"": 29, ""role_p_193_r.asl"": 29, ""role_p_220_r.asl"": 29, ""role_p_237_r.asl"": 29, ""role_p_224_r.asl"": 29, ""role_p_242_r.asl"": 29, ""role_p_212_r.asl"": 29, ""role_p_199_r.asl"": 29, ""role_p_239_r.asl"": 29, ""role_p_203_r.asl"": 29, ""role_p_201_r.asl"": 29, ""role_p_216_r.asl"": 29, ""role_p_205_r.asl"": 29, ""role_p_236_r.asl"": 29, ""role_p_112_r.asl"": 29, ""role_p_166_r.asl"": 29, ""role_p_151_r.asl"": 29, ""role_p_93_r.asl"": 29, ""role_p_85_r.asl"": 29, ""role_p_111_r.asl"": 29, ""role_p_230_r.asl"": 29, ""role_p_84_r.asl"": 29, ""role_p_141_r.asl"": 29, ""role_p_185_r.asl"": 29, ""role_p_180_r.asl"": 29, ""role_p_178_r.asl"": 29, ""role_p_101_r.asl"": 29, ""role_p_135_r.asl"": 29, ""role_p_240_r.asl"": 29, ""role_p_158_r.asl"": 29, ""role_p_124_r.asl"": 29, ""role_p_89_r.asl"": 29, ""role_p_165_r.asl"": 29, ""role_p_134_r.asl"": 29, ""role_p_87_r.asl"": 29, ""role_p_118_r.asl"": 29, ""role_p_69_r.asl"": 29, ""role_p_150_r.asl"": 29, ""role_p_64_r.asl"": 29, ""role_p_129_r.asl"": 29, ""role_p_61_r.asl"": 29, ""role_p_186_r.asl"": 29, ""role_p_117_r.asl"": 29, ""role_p_233_r.asl"": 29, ""role_p_115_r.asl"": 29, ""role_p_221_r.asl"": 29, ""role_p_107_r.asl"": 29, ""role_p_66_r.asl"": 29, ""role_p_181_r.asl"": 29, ""role_p_102_r.asl"": 29, ""role_p_131_r.asl"": 29, ""role_p_78_r.asl"": 29, ""role_p_116_r.asl"": 29, ""role_p_43_r.asl"": 29, ""role_p_231_r.asl"": 29, ""role_p_184_r.asl"": 29, ""role_p_202_r.asl"": 29, ""role_p_223_r.asl"": 29, ""role_p_198_r.asl"": 29, ""role_p_173_r.asl"": 29, ""role_p_168_r.asl"": 29, ""role_p_28_r.asl"": 29, ""role_p_248_r.asl"": 29, ""role_p_81_r.asl"": 29, ""role_p_183_r.asl"": 29, ""role_p_110_r.asl"": 29, ""role_p_147_r.asl"": 29, ""role_p_82_r.asl"": 29, ""role_p_187_r.asl"": 29, ""role_p_219_r.asl"": 29, ""role_p_194_r.asl"": 29, ""role_p_207_r.asl"": 29, ""role_p_211_r.asl"": 29, ""role_p_245_r.asl"": 29, ""role_p_163_r.asl"": 29, ""role_p_225_r.asl"": 29, ""role_p_51_r.asl"": 29, ""role_p_121_r.asl"": 29, ""role_p_33_r.asl"": 29, ""role_p_144_r.asl"": 29, ""role_p_80_r.asl"": 29, ""role_p_113_r.asl"": 29, ""role_p_30_r.asl"": 29, ""role_p_73_r.asl"": 29, ""role_p_126_r.asl"": 29, ""role_p_108_r.asl"": 29, ""role_p_41_r.asl"": 29, ""role_p_154_r.asl"": 29, ""role_p_169_r.asl"": 29, ""role_p_175_r.asl"": 29, ""role_p_161_r.asl"": 29, ""role_p_125_r.asl"": 29, ""role_p_120_r.asl"": 29, ""role_p_179_r.asl"": 29, ""role_p_14_r.asl"": 29, ""role_p_38_r.asl"": 29, ""role_p_88_r.asl"": 29, ""role_p_49_r.asl"": 29, ""role_p_137_r.asl"": 29, ""role_p_54_r.asl"": 29, ""role_p_59_r.asl"": 29, ""role_p_48_r.asl"": 29, ""role_p_104_r.asl"": 29, ""role_p_50_r.asl"": 29, ""role_p_96_r.asl"": 29, ""role_p_114_r.asl"": 29, ""role_p_32_r.asl"": 29, ""role_p_91_r.asl"": 29, ""role_p_70_r.asl"": 29, ""role_p_34_r.asl"": 29, ""role_p_52_r.asl"": 29, ""role_p_94_r.asl"": 29, ""role_p_103_r.asl"": 29, ""role_p_100_r.asl"": 29, ""role_p_77_r.asl"": 29, ""role_p_215_r.asl"": 29, ""role_p_90_r.asl"": 29, ""role_p_97_r.asl"": 29, ""role_p_171_r.asl"": 29, ""role_p_153_r.asl"": 29, ""role_p_159_r.asl"": 29, ""role_p_170_r.asl"": 29, ""role_p_188_r.asl"": 29, ""role_p_142_r.asl"": 29, ""role_p_139_r.asl"": 29, ""role_p_157_r.asl"": 29, ""role_p_99_r.asl"": 29, ""role_p_146_r.asl"": 29, ""role_p_123_r.asl"": 29, ""role_p_98_r.asl"": 29, ""role_p_122_r.asl"": 29, ""role_p_133_r.asl"": 29, ""role_p_68_r.asl"": 29, ""role_p_46_r.asl"": 29, ""role_p_74_r.asl"": 29, ""role_p_53_r.asl"": 29, ""role_p_65_r.asl"": 29, ""role_p_62_r.asl"": 29, ""role_p_55_r.asl"": 29, ""role_p_47_r.asl"": 29, ""role_p_35_r.asl"": 29, ""role_p_40_r.asl"": 29, ""role_p_18_r.asl"": 29, ""role_p_45_r.asl"": 29, ""role_p_21_r.asl"": 29, ""role_p_44_r.asl"": 29}",4.65450755601876,0.6273300009997911,0.006105682001361856,4.098067283630371,True,0,0
