experiment,run_id,sys_os,sys_cpu,sys_cores,sys_ram_gb,sys_python,n_actions,n_events,n_facts,n_playbooks,n_plans_per_playbook,n_branches_per_plan,n_stmts_per_branch,n_roles,n_phases,n_subplot_breadth,n_subplot_depth,seed,input_loc,input_bytes,output_files,output_loc_total,output_loc_per_file,loc_ratio,compile_time_s,io_time_s,peak_ram_mb,success,warning_count,error_count
scale_roles,0,Linux 7.1.9-arch1-2,x86_64,24,30.45,3.14.7,10,10,5,2,2,1,2,1,2,0,0,42,110,2031,4,218,"{""playbook_playbook0.asl"": 26, ""playbook_playbook1.asl"": 26, ""director_mainplot.asl"": 132, ""role_mainplot_role0.asl"": 34}",1.981818181818182,0.00874871899941354,9.533000047667883e-05,0.1997671127319336,True,10,0
scale_roles,1,Linux 7.1.9-arch1-2,x86_64,24,30.45,3.14.7,10,10,5,2,2,1,2,1,2,0,0,42,110,2031,4,218,"{""playbook_playbook0.asl"": 26, ""playbook_playbook1.asl"": 26, ""director_mainplot.asl"": 132, ""role_mainplot_role0.asl"": 34}",1.981818181818182,0.0036712469991471153,8.637000064481981e-05,0.12813854217529297,True,10,0
scale_roles,2,Linux 7.1.9-arch1-2,x86_64,24,30.45,3.14.7,10,10,5,2,2,1,2,1,2,0,0,42,110,2031,4,218,"{""playbook_playbook0.asl"": 26, ""playbook_playbook1.asl"": 26, ""director_mainplot.asl"": 132, ""role_mainplot_role0.asl"": 34}",1.981818181818182,0.003612266998970881,8.264999996754341e-05,0.12449932098388672,True,10,0
scale_roles,3,Linux 7.1.9-arch1-2,x86_64,24,30.45,3.14.7,10,10,5,2,2,1,2,1,2,0,0,42,110,2031,4,218,"{""playbook_playbook0.asl"": 26, ""playbook_playbook1.asl"": 26, ""director_mainplot.asl"": 132, ""role_mainplot_role0.asl"": 34}",1.981818181818182,0.003580497002985794,8.048000017879531e-05,0.12293529510498047,True,10,0
scale_roles,4,Linux 7.1.9-arch1-2,x86_64,24,30.45,3.14.7,10,10,5,2,2,1,2,1,2,0,0,42,110,2031,4,218,"{""playbook_playbook0.asl"": 26, ""playbook_playbook1.asl"": 26, ""director_mainplot.asl"": 132, ""role_mainplot_role0.asl"": 34}",1.981818181818182,0.0035787879969575442,7.969999933266081e-05,0.12172222137451172,True,10,0
scale_roles,5,Linux 7.1.9-arch1-2,x86_64,24,30.45,3.14.7,10,10,5,2,2,1,2,2,2,0,0,42,117,2267,5,258,"{""playbook_playbook0.asl"": 26, ""playbook_playbook1.asl"": 26, ""director_mainplot.asl"": 138, ""role_mainplot_role0.asl"": 34, ""role_mainplot_role1.asl"": 34}",2.2051282051282053,0.004151184999500401,0.00010123999891220592,0.13379383087158203,True,9,0
scale_roles,6,Linux 7.1.9-arch1-2,x86_64,24,30.45,3.14.7,10,10,5,2,2,1,2,2,2,0,0,42,117,2267,5,258,"{""playbook_playbook0.asl"": 26, ""playbook_playbook1.asl"": 26, ""director_mainplot.asl"": 138, ""role_mainplot_role0.asl"": 34, ""role_mainplot_role1.asl"": 34}",2.2051282051282053,0.004000395998446038,9.403999865753576e-05,0.13257312774658203,True,9,0
scale_roles,7,Linux 7.1.9-arch1-2,x86_64,24,30.45,3.14.7,10,10,5,2,2,1,2,2,2,0,0,42,117,2267,5,258,"{""playbook_playbook0.asl"": 26, ""playbook_playbook1.asl"": 26, ""director_mainplot.asl"": 138, ""role_mainplot_role0.asl"": 34, ""role_mainplot_role1.asl"": 34}",2.2051282051282053,0.003995834998931969,9.423000301467255e-05,0.13164997100830078,True,9,0
scale_roles,8,Linux 7.1.9-arch1-2,x86_64,24,30.45,3.14.7,10,10,5,2,2,1,2,2,2,0,0,42,117,2267,5,258,"{""playbook_playbook0.asl"": 26, ""playbook_playbook1.asl"": 26, ""director_mainplot.asl"": 138, ""role_mainplot_role0.asl"": 34, ""role_mainplot_role1.asl"": 34}",2.2051282051282053,0.00400607499977923,9.451000005356036e-05,0.13089466094970703,True,9,0
scale_roles,9,Linux 7.1.9-arch1-2,x86_64,24,30.45,3.14.7,10,10,5,2,2,1,2,2,2,0,0,42,117,2267,5,258,"{""playbook_playbook0.asl"": 26, ""playbook_playbook1.asl"": 26, ""director_mainplot.asl"": 138, ""role_mainplot_role0.asl"": 34, ""role_mainplot_role1.asl"": 34}",2.2051282051282053,0.0039868059975560755,9.507999857305549e-05,0.13045978546142578,True,9,0
scale_roles,10,Linux 7.1.9-arch1-2,x86_64,24,30.45,3.14.7,10,10,5,2,2,1,2,5,2,0,0,42,138,2975,8,378,"{""playbook_playbook0.asl"": 26, ""playbook_playbook1.asl"": 26, ""director_mainplot.asl"": 156, ""role_mainplot_role0.asl"": 34, ""role_mainplot_role1.asl"": 34, ""role_mainplot_role2.asl"": 34, ""role_mainplot_role3.asl"": 34, ""role_mainplot_role4.asl"": 34}",2.739130434782609,0.005053943001257721,0.00013839999883202836,0.16751384735107422,True,9,0
scale_roles,11,Linux 7.1.9-arch1-2,x86_64,24,30.45,3.14.7,10,10,5,2,2,1,2,5,2,0,0,42,138,2975,8,378,"{""playbook_playbook0.asl"": 26, ""playbook_playbook1.asl"": 26, ""director_mainplot.asl"": 156, ""role_mainplot_role0.asl"": 34, ""role_mainplot_role1.asl"": 34, ""role_mainplot_role2.asl"": 34, ""role_mainplot_role3.asl"": 34, ""role_mainplot_role4.asl"": 34}",2.739130434782609,0.005094881998957135,0.00013263000073493458,0.16702556610107422,True,9,0
scale_roles,12,Linux 7.1.9-arch1-2,x86_64,24,30.45,3.14.7,10,10,5,2,2,1,2,5,2,0,0,42,138,2975,8,378,"{""playbook_playbook0.asl"": 26, ""playbook_playbook1.asl"": 26, ""director_mainplot.asl"": 156, ""role_mainplot_role0.asl"": 34, ""role_mainplot_role1.asl"": 34, ""role_mainplot_role2.asl"": 34, ""role_mainplot_role3.asl"": 34, ""role_mainplot_role4.asl"": 34}",2.739130434782609,0.005020272001274861,0.00013435900109470822,0.16666698455810547,True,9,0
scale_roles,13,Linux 7.1.9-arch1-2,x86_64,24,30.45,3.14.7,10,10,5,2,2,1,2,5,2,0,0,42,138,2975,8,378,"{""playbook_playbook0.asl"": 26, ""playbook_playbook1.asl"": 26, ""director_mainplot.asl"": 156, ""role_mainplot_role0.asl"": 34, ""role_mainplot_role1.asl"": 34, ""role_mainplot_role2.asl"": 34, ""role_mainplot_role3.asl"": 34, ""role_mainplot_role4.asl"": 34}",2.739130434782609,0.005056491998402635,0.00013884900181437843,0.16648483276367188,True,9,0
scale_roles,14,Linux 7.1.9-arch1-2,x86_64,24,30.45,3.14.7,10,10,5,2,2,1,2,5,2,0,0,42,138,2975,8,378,"{""playbook_playbook0.asl"": 26, ""playbook_playbook1.asl"": 26, ""director_mainplot.asl"": 156, ""role_mainplot_role0.asl"": 34, ""role_mainplot_role1.asl"": 34, ""role_mainplot_role2.asl"": 34, ""role_mainplot_role3.asl"": 34, ""role_mainplot_role4.asl"": 34}",2.739130434782609,0.00502807199882227,0.0001443900000595022,0.16640853881835938,True,9,0
scale_roles,15,Linux 7.1.9-arch1-2,x86_64,24,30.45,3.14.7,10,10,5,2,2,1,2,10,2,0,0,42,173,4156,13,578,"{""playbook_playbook0.asl"": 26, ""playbook_playbook1.asl"": 26, ""director_mainplot.asl"": 186, ""role_mainplot_role0.asl"": 34, ""role_mainplot_role1.asl"": 34, ""role_mainplot_role2.asl"": 34, ""role_mainplot_role3.asl"": 34, ""role_mainplot_role4.asl"": 34, ""role_mainplot_role5.asl"": 34, ""role_mainplot_role6.asl"": 34, ""role_mainplot_role7.asl"": 34, ""role_mainplot_role8.asl"": 34, ""role_mainplot_role9.asl"": 34}",3.341040462427746,0.0069425060028152075,0.00020656899869209155,0.2265310287475586,True,7,0
scale_roles,16,Linux 7.1.9-arch1-2,x86_64,24,30.45,3.14.7,10,10,5,2,2,1,2,10,2,0,0,42,173,4156,13,578,"{""playbook_playbook0.asl"": 26, ""playbook_playbook1.asl"": 26, ""director_mainplot.asl"": 186, ""role_mainplot_role0.asl"": 34, ""role_mainplot_role1.asl"": 34, ""role_mainplot_role2.asl"": 34, ""role_mainplot_role3.asl"": 34, ""role_mainplot_role4.asl"": 34, ""role_mainplot_role5.asl"": 34, ""role_mainplot_role6.asl"": 34, ""role_mainplot_role7.asl"": 34, ""role_mainplot_role8.asl"": 34, ""role_mainplot_role9.asl"": 34}",3.341040462427746,0.006883075999212451,0.00020126899835304357,0.2265005111694336,True,7,0
scale_roles,17,Linux 7.1.9-arch1-2,x86_64,24,30.45,3.14.7,10,10,5,2,2,1,2,10,2,0,0,42,173,4156,13,578,"{""playbook_playbook0.asl"": 26, ""playbook_playbook1.asl"": 26, ""director_mainplot.asl"": 186, ""role_mainplot_role0.asl"": 34, ""role_mainplot_role1.asl"": 34, ""role_mainplot_role2.asl"": 34, ""role_mainplot_role3.asl"": 34, ""role_mainplot_role4.asl"": 34, ""role_mainplot_role5.asl"": 34, ""role_mainplot_role6.asl"": 34, ""role_mainplot_role7.asl"": 34, ""role_mainplot_role8.asl"": 34, ""role_mainplot_role9.asl"": 34}",3.341040462427746,0.00688378599807038,0.0002037189988186583,0.2264699935913086,True,7,0
scale_roles,18,Linux 7.1.9-arch1-2,x86_64,24,30.45,3.14.7,10,10,5,2,2,1,2,10,2,0,0,42,173,4156,13,578,"{""playbook_playbook0.asl"": 26, ""playbook_playbook1.asl"": 26, ""director_mainplot.asl"": 186, ""role_mainplot_role0.asl"": 34, ""role_mainplot_role1.asl"": 34, ""role_mainplot_role2.asl"": 34, ""role_mainplot_role3.asl"": 34, ""role_mainplot_role4.asl"": 34, ""role_mainplot_role5.asl"": 34, ""role_mainplot_role6.asl"": 34, ""role_mainplot_role7.asl"": 34, ""role_mainplot_role8.asl"": 34, ""role_mainplot_role9.asl"": 34}",3.341040462427746,0.006870555997011252,0.00019794000036199577,0.2264394760131836,True,7,0
scale_roles,19,Linux 7.1.9-arch1-2,x86_64,24,30.45,3.14.7,10,10,5,2,2,1,2,10,2,0,0,42,173,4156,13,578,"{""playbook_playbook0.asl"": 26, ""playbook_playbook1.asl"": 26, ""director_mainplot.asl"": 186, ""role_mainplot_role0.asl"": 34, ""role_mainplot_role1.asl"": 34, ""role_mainplot_role2.asl"": 34, ""role_mainplot_role3.asl"": 34, ""role_mainplot_role4.asl"": 34, ""role_mainplot_role5.asl"": 34, ""role_mainplot_role6.asl"": 34, ""role_mainplot_role7.asl"": 34, ""role_mainplot_role8.asl"": 34, ""role_mainplot_role9.asl"": 34}",3.341040462427746,0.0068694860019604675,0.00020158899860689417,0.2264089584350586,True,7,0
scale_roles,20,Linux 7.1.9-arch1-2,x86_64,24,30.45,3.14.7,10,10,5,2,2,1,2,50,2,0,0,42,453,13796,53,2178,"{""playbook_playbook0.asl"": 26, ""playbook_playbook1.asl"": 26, ""director_mainplot.asl"": 426, ""role_mainplot_role0.asl"": 34, ""role_mainplot_role1.asl"": 34, ""role_mainplot_role2.asl"": 34, ""role_mainplot_role3.asl"": 34, ""role_mainplot_role4.asl"": 34, ""role_mainplot_role5.asl"": 34, ""role_mainplot_role6.asl"": 34, ""role_mainplot_role7.asl"": 34, ""role_mainplot_role8.asl"": 34, ""role_mainplot_role9.asl"": 34, ""role_mainplot_role10.asl"": 34, ""role_mainplot_role11.asl"": 34, ""role_mainplot_role12.asl"": 34, ""role_mainplot_role13.asl"": 34, ""role_mainplot_role14.asl"": 34, ""role_mainplot_role15.asl"": 34, ""role_mainplot_role16.asl"": 34, ""role_mainplot_role17.asl"": 34, ""role_mainplot_role18.asl"": 34, ""role_mainplot_role19.asl"": 34, ""role_mainplot_role20.asl"": 34, ""role_mainplot_role21.asl"": 34, ""role_mainplot_role22.asl"": 34, ""role_mainplot_role23.asl"": 34, ""role_mainplot_role24.asl"": 34, ""role_mainplot_role25.asl"": 34, ""role_mainplot_role26.asl"": 34, ""role_mainplot_role27.asl"": 34, ""role_mainplot_role28.asl"": 34, ""role_mainplot_role29.asl"": 34, ""role_mainplot_role30.asl"": 34, ""role_mainplot_role31.asl"": 34, ""role_mainplot_role32.asl"": 34, ""role_mainplot_role33.asl"": 34, ""role_mainplot_role34.asl"": 34, ""role_mainplot_role35.asl"": 34, ""role_mainplot_role36.asl"": 34, ""role_mainplot_role37.asl"": 34, ""role_mainplot_role38.asl"": 34, ""role_mainplot_role39.asl"": 34, ""role_mainplot_role40.asl"": 34, ""role_mainplot_role41.asl"": 34, ""role_mainplot_role42.asl"": 34, ""role_mainplot_role43.asl"": 34, ""role_mainplot_role44.asl"": 34, ""role_mainplot_role45.asl"": 34, ""role_mainplot_role46.asl"": 34, ""role_mainplot_role47.asl"": 34, ""role_mainplot_role48.asl"": 34, ""role_mainplot_role49.asl"": 34}",4.80794701986755,0.021780253999168053,0.0007259880003402941,0.7128438949584961,True,7,0
scale_roles,21,Linux 7.1.9-arch1-2,x86_64,24,30.45,3.14.7,10,10,5,2,2,1,2,50,2,0,0,42,453,13796,53,2178,"{""playbook_playbook0.asl"": 26, ""playbook_playbook1.asl"": 26, ""director_mainplot.asl"": 426, ""role_mainplot_role0.asl"": 34, ""role_mainplot_role1.asl"": 34, ""role_mainplot_role2.asl"": 34, ""role_mainplot_role3.asl"": 34, ""role_mainplot_role4.asl"": 34, ""role_mainplot_role5.asl"": 34, ""role_mainplot_role6.asl"": 34, ""role_mainplot_role7.asl"": 34, ""role_mainplot_role8.asl"": 34, ""role_mainplot_role9.asl"": 34, ""role_mainplot_role10.asl"": 34, ""role_mainplot_role11.asl"": 34, ""role_mainplot_role12.asl"": 34, ""role_mainplot_role13.asl"": 34, ""role_mainplot_role14.asl"": 34, ""role_mainplot_role15.asl"": 34, ""role_mainplot_role16.asl"": 34, ""role_mainplot_role17.asl"": 34, ""role_mainplot_role18.asl"": 34, ""role_mainplot_role19.asl"": 34, ""role_mainplot_role20.asl"": 34, ""role_mainplot_role21.asl"": 34, ""role_mainplot_role22.asl"": 34, ""role_mainplot_role23.asl"": 34, ""role_mainplot_role24.asl"": 34, ""role_mainplot_role25.asl"": 34, ""role_mainplot_role26.asl"": 34, ""role_mainplot_role27.asl"": 34, ""role_mainplot_role28.asl"": 34, ""role_mainplot_role29.asl"": 34, ""role_mainplot_role30.asl"": 34, ""role_mainplot_role31.asl"": 34, ""role_mainplot_role32.asl"": 34, ""role_mainplot_role33.asl"": 34, ""role_mainplot_role34.asl"": 34, ""role_mainplot_role35.asl"": 34, ""role_mainplot_role36.asl"": 34, ""role_mainplot_role37.asl"": 34, ""role_mainplot_role38.asl"": 34, ""role_mainplot_role39.asl"": 34, ""role_mainplot_role40.asl"": 34, ""role_mainplot_role41.asl"": 34, ""role_mainplot_role42.asl"": 34, ""role_mainplot_role43.asl"": 34, ""role_mainplot_role44.asl"": 34, ""role_mainplot_role45.asl"": 34, ""role_mainplot_role46.asl"": 34, ""role_mainplot_role47.asl"": 34, ""role_mainplot_role48.asl"": 34, ""role_mainplot_role49.asl"": 34}",4.80794701986755,0.02189366200036602,0.000736826998036122,0.7127599716186523,True,7,0
scale_roles,22,Linux 7.1.9-arch1-2,x86_64,24,30.45,3.14.7,10,10,5,2,2,1,2,50,2,0,0,42,453,13796,53,2178,"{""playbook_playbook0.asl"": 26, ""playbook_playbook1.asl"": 26, ""director_mainplot.asl"": 426, ""role_mainplot_role0.asl"": 34, ""role_mainplot_role1.asl"": 34, ""role_mainplot_role2.asl"": 34, ""role_mainplot_role3.asl"": 34, ""role_mainplot_role4.asl"": 34, ""role_mainplot_role5.asl"": 34, ""role_mainplot_role6.asl"": 34, ""role_mainplot_role7.asl"": 34, ""role_mainplot_role8.asl"": 34, ""role_mainplot_role9.asl"": 34, ""role_mainplot_role10.asl"": 34, ""role_mainplot_role11.asl"": 34, ""role_mainplot_role12.asl"": 34, ""role_mainplot_role13.asl"": 34, ""role_mainplot_role14.asl"": 34, ""role_mainplot_role15.asl"": 34, ""role_mainplot_role16.asl"": 34, ""role_mainplot_role17.asl"": 34, ""role_mainplot_role18.asl"": 34, ""role_mainplot_role19.asl"": 34, ""role_mainplot_role20.asl"": 34, ""role_mainplot_role21.asl"": 34, ""role_mainplot_role22.asl"": 34, ""role_mainplot_role23.asl"": 34, ""role_mainplot_role24.asl"": 34, ""role_mainplot_role25.asl"": 34, ""role_mainplot_role26.asl"": 34, ""role_mainplot_role27.asl"": 34, ""role_mainplot_role28.asl"": 34, ""role_mainplot_role29.asl"": 34, ""role_mainplot_role30.asl"": 34, ""role_mainplot_role31.asl"": 34, ""role_mainplot_role32.asl"": 34, ""role_mainplot_role33.asl"": 34, ""role_mainplot_role34.asl"": 34, ""role_mainplot_role35.asl"": 34, ""role_mainplot_role36.asl"": 34, ""role_mainplot_role37.asl"": 34, ""role_mainplot_role38.asl"": 34, ""role_mainplot_role39.asl"": 34, ""role_mainplot_role40.asl"": 34, ""role_mainplot_role41.asl"": 34, ""role_mainplot_role42.asl"": 34, ""role_mainplot_role43.asl"": 34, ""role_mainplot_role44.asl"": 34, ""role_mainplot_role45.asl"": 34, ""role_mainplot_role46.asl"": 34, ""role_mainplot_role47.asl"": 34, ""role_mainplot_role48.asl"": 34, ""role_mainplot_role49.asl"": 34}",4.80794701986755,0.021325994999642717,0.0007244869993883185,0.7127218246459961,True,7,0
scale_roles,23,Linux 7.1.9-arch1-2,x86_64,24,30.45,3.14.7,10,10,5,2,2,1,2,50,2,0,0,42,453,13796,53,2178,"{""playbook_playbook0.asl"": 26, ""playbook_playbook1.asl"": 26, ""director_mainplot.asl"": 426, ""role_mainplot_role0.asl"": 34, ""role_mainplot_role1.asl"": 34, ""role_mainplot_role2.asl"": 34, ""role_mainplot_role3.asl"": 34, ""role_mainplot_role4.asl"": 34, ""role_mainplot_role5.asl"": 34, ""role_mainplot_role6.asl"": 34, ""role_mainplot_role7.asl"": 34, ""role_mainplot_role8.asl"": 34, ""role_mainplot_role9.asl"": 34, ""role_mainplot_role10.asl"": 34, ""role_mainplot_role11.asl"": 34, ""role_mainplot_role12.asl"": 34, ""role_mainplot_role13.asl"": 34, ""role_mainplot_role14.asl"": 34, ""role_mainplot_role15.asl"": 34, ""role_mainplot_role16.asl"": 34, ""role_mainplot_role17.asl"": 34, ""role_mainplot_role18.asl"": 34, ""role_mainplot_role19.asl"": 34, ""role_mainplot_role20.asl"": 34, ""role_mainplot_role21.asl"": 34, ""role_mainplot_role22.asl"": 34, ""role_mainplot_role23.asl"": 34, ""role_mainplot_role24.asl"": 34, ""role_mainplot_role25.asl"": 34, ""role_mainplot_role26.asl"": 34, ""role_mainplot_role27.asl"": 34, ""role_mainplot_role28.asl"": 34, ""role_mainplot_role29.asl"": 34, ""role_mainplot_role30.asl"": 34, ""role_mainplot_role31.asl"": 34, ""role_mainplot_role32.asl"": 34, ""role_mainplot_role33.asl"": 34, ""role_mainplot_role34.asl"": 34, ""role_mainplot_role35.asl"": 34, ""role_mainplot_role36.asl"": 34, ""role_mainplot_role37.asl"": 34, ""role_mainplot_role38.asl"": 34, ""role_mainplot_role39.asl"": 34, ""role_mainplot_role40.asl"": 34, ""role_mainplot_role41.asl"": 34, ""role_mainplot_role42.asl"": 34, ""role_mainplot_role43.asl"": 34, ""role_mainplot_role44.asl"": 34, ""role_mainplot_role45.asl"": 34, ""role_mainplot_role46.asl"": 34, ""role_mainplot_role47.asl"": 34, ""role_mainplot_role48.asl"": 34, ""role_mainplot_role49.asl"": 34}",4.80794701986755,0.02151504399807891,0.000717566999810515,0.7126913070678711,True,7,0
scale_roles,24,Linux 7.1.9-arch1-2,x86_64,24,30.45,3.14.7,10,10,5,2,2,1,2,50,2,0,0,42,453,13796,53,2178,"{""playbook_playbook0.asl"": 26, ""playbook_playbook1.asl"": 26, ""director_mainplot.asl"": 426, ""role_mainplot_role0.asl"": 34, ""role_mainplot_role1.asl"": 34, ""role_mainplot_role2.asl"": 34, ""role_mainplot_role3.asl"": 34, ""role_mainplot_role4.asl"": 34, ""role_mainplot_role5.asl"": 34, ""role_mainplot_role6.asl"": 34, ""role_mainplot_role7.asl"": 34, ""role_mainplot_role8.asl"": 34, ""role_mainplot_role9.asl"": 34, ""role_mainplot_role10.asl"": 34, ""role_mainplot_role11.asl"": 34, ""role_mainplot_role12.asl"": 34, ""role_mainplot_role13.asl"": 34, ""role_mainplot_role14.asl"": 34, ""role_mainplot_role15.asl"": 34, ""role_mainplot_role16.asl"": 34, ""role_mainplot_role17.asl"": 34, ""role_mainplot_role18.asl"": 34, ""role_mainplot_role19.asl"": 34, ""role_mainplot_role20.asl"": 34, ""role_mainplot_role21.asl"": 34, ""role_mainplot_role22.asl"": 34, ""role_mainplot_role23.asl"": 34, ""role_mainplot_role24.asl"": 34, ""role_mainplot_role25.asl"": 34, ""role_mainplot_role26.asl"": 34, ""role_mainplot_role27.asl"": 34, ""role_mainplot_role28.asl"": 34, ""role_mainplot_role29.asl"": 34, ""role_mainplot_role30.asl"": 34, ""role_mainplot_role31.asl"": 34, ""role_mainplot_role32.asl"": 34, ""role_mainplot_role33.asl"": 34, ""role_mainplot_role34.asl"": 34, ""role_mainplot_role35.asl"": 34, ""role_mainplot_role36.asl"": 34, ""role_mainplot_role37.asl"": 34, ""role_mainplot_role38.asl"": 34, ""role_mainplot_role39.asl"": 34, ""role_mainplot_role40.asl"": 34, ""role_mainplot_role41.asl"": 34, ""role_mainplot_role42.asl"": 34, ""role_mainplot_role43.asl"": 34, ""role_mainplot_role44.asl"": 34, ""role_mainplot_role45.asl"": 34, ""role_mainplot_role46.asl"": 34, ""role_mainplot_role47.asl"": 34, ""role_mainplot_role48.asl"": 34, ""role_mainplot_role49.asl"": 34}",4.80794701986755,0.021382605002145283,0.0007303180027520284,0.7126607894897461,True,7,0
scale_roles,25,Linux 7.1.9-arch1-2,x86_64,24,30.45,3.14.7,10,10,5,2,2,1,2,100,2,0,0,42,803,25847,103,4178,"{""playbook_playbook0.asl"": 26, ""playbook_playbook1.asl"": 26, ""director_mainplot.asl"": 726, ""role_mainplot_role0.asl"": 34, ""role_mainplot_role1.asl"": 34, ""role_mainplot_role2.asl"": 34, ""role_mainplot_role3.asl"": 34, ""role_mainplot_role4.asl"": 34, ""role_mainplot_role5.asl"": 34, ""role_mainplot_role6.asl"": 34, ""role_mainplot_role7.asl"": 34, ""role_mainplot_role8.asl"": 34, ""role_mainplot_role9.asl"": 34, ""role_mainplot_role10.asl"": 34, ""role_mainplot_role11.asl"": 34, ""role_mainplot_role12.asl"": 34, ""role_mainplot_role13.asl"": 34, ""role_mainplot_role14.asl"": 34, ""role_mainplot_role15.asl"": 34, ""role_mainplot_role16.asl"": 34, ""role_mainplot_role17.asl"": 34, ""role_mainplot_role18.asl"": 34, ""role_mainplot_role19.asl"": 34, ""role_mainplot_role20.asl"": 34, ""role_mainplot_role21.asl"": 34, ""role_mainplot_role22.asl"": 34, ""role_mainplot_role23.asl"": 34, ""role_mainplot_role24.asl"": 34, ""role_mainplot_role25.asl"": 34, ""role_mainplot_role26.asl"": 34, ""role_mainplot_role27.asl"": 34, ""role_mainplot_role28.asl"": 34, ""role_mainplot_role29.asl"": 34, ""role_mainplot_role30.asl"": 34, ""role_mainplot_role31.asl"": 34, ""role_mainplot_role32.asl"": 34, ""role_mainplot_role33.asl"": 34, ""role_mainplot_role34.asl"": 34, ""role_mainplot_role35.asl"": 34, ""role_mainplot_role36.asl"": 34, ""role_mainplot_role37.asl"": 34, ""role_mainplot_role38.asl"": 34, ""role_mainplot_role39.asl"": 34, ""role_mainplot_role40.asl"": 34, ""role_mainplot_role41.asl"": 34, ""role_mainplot_role42.asl"": 34, ""role_mainplot_role43.asl"": 34, ""role_mainplot_role44.asl"": 34, ""role_mainplot_role45.asl"": 34, ""role_mainplot_role46.asl"": 34, ""role_mainplot_role47.asl"": 34, ""role_mainplot_role48.asl"": 34, ""role_mainplot_role49.asl"": 34, ""role_mainplot_role50.asl"": 34, ""role_mainplot_role51.asl"": 34, ""role_mainplot_role52.asl"": 34, ""role_mainplot_role53.asl"": 34, ""role_mainplot_role54.asl"": 34, ""role_mainplot_role55.asl"": 34, ""role_mainplot_role56.asl"": 34, ""role_mainplot_role57.asl"": 34, ""role_mainplot_role58.asl"": 34, ""role_mainplot_role59.asl"": 34, ""role_mainplot_role60.asl"": 34, ""role_mainplot_role61.asl"": 34, ""role_mainplot_role62.asl"": 34, ""role_mainplot_role63.asl"": 34, ""role_mainplot_role64.asl"": 34, ""role_mainplot_role65.asl"": 34, ""role_mainplot_role66.asl"": 34, ""role_mainplot_role67.asl"": 34, ""role_mainplot_role68.asl"": 34, ""role_mainplot_role69.asl"": 34, ""role_mainplot_role70.asl"": 34, ""role_mainplot_role71.asl"": 34, ""role_mainplot_role72.asl"": 34, ""role_mainplot_role73.asl"": 34, ""role_mainplot_role74.asl"": 34, ""role_mainplot_role75.asl"": 34, ""role_mainplot_role76.asl"": 34, ""role_mainplot_role77.asl"": 34, ""role_mainplot_role78.asl"": 34, ""role_mainplot_role79.asl"": 34, ""role_mainplot_role80.asl"": 34, ""role_mainplot_role81.asl"": 34, ""role_mainplot_role82.asl"": 34, ""role_mainplot_role83.asl"": 34, ""role_mainplot_role84.asl"": 34, ""role_mainplot_role85.asl"": 34, ""role_mainplot_role86.asl"": 34, ""role_mainplot_role87.asl"": 34, ""role_mainplot_role88.asl"": 34, ""role_mainplot_role89.asl"": 34, ""role_mainplot_role90.asl"": 34, ""role_mainplot_role91.asl"": 34, ""role_mainplot_role92.asl"": 34, ""role_mainplot_role93.asl"": 34, ""role_mainplot_role94.asl"": 34, ""role_mainplot_role95.asl"": 34, ""role_mainplot_role96.asl"": 34, ""role_mainplot_role97.asl"": 34, ""role_mainplot_role98.asl"": 34, ""role_mainplot_role99.asl"": 34}",5.202988792029888,0.04205722199912998,0.0013730450009461492,1.3244819641113281,True,7,0
scale_roles,26,Linux 7.1.9-arch1-2,x86_64,24,30.45,3.14.7,10,10,5,2,2,1,2,100,2,0,0,42,803,25847,103,4178,"{""playbook_playbook0.asl"": 26, ""playbook_playbook1.asl"": 26, ""director_mainplot.asl"": 726, ""role_mainplot_role0.asl"": 34, ""role_mainplot_role1.asl"": 34, ""role_mainplot_role2.asl"": 34, ""role_mainplot_role3.asl"": 34, ""role_mainplot_role4.asl"": 34, ""role_mainplot_role5.asl"": 34, ""role_mainplot_role6.asl"": 34, ""role_mainplot_role7.asl"": 34, ""role_mainplot_role8.asl"": 34, ""role_mainplot_role9.asl"": 34, ""role_mainplot_role10.asl"": 34, ""role_mainplot_role11.asl"": 34, ""role_mainplot_role12.asl"": 34, ""role_mainplot_role13.asl"": 34, ""role_mainplot_role14.asl"": 34, ""role_mainplot_role15.asl"": 34, ""role_mainplot_role16.asl"": 34, ""role_mainplot_role17.asl"": 34, ""role_mainplot_role18.asl"": 34, ""role_mainplot_role19.asl"": 34, ""role_mainplot_role20.asl"": 34, ""role_mainplot_role21.asl"": 34, ""role_mainplot_role22.asl"": 34, ""role_mainplot_role23.asl"": 34, ""role_mainplot_role24.asl"": 34, ""role_mainplot_role25.asl"": 34, ""role_mainplot_role26.asl"": 34, ""role_mainplot_role27.asl"": 34, ""role_mainplot_role28.asl"": 34, ""role_mainplot_role29.asl"": 34, ""role_mainplot_role30.asl"": 34, ""role_mainplot_role31.asl"": 34, ""role_mainplot_role32.asl"": 34, ""role_mainplot_role33.asl"": 34, ""role_mainplot_role34.asl"": 34, ""role_mainplot_role35.asl"": 34, ""role_mainplot_role36.asl"": 34, ""role_mainplot_role37.asl"": 34, ""role_mainplot_role38.asl"": 34, ""role_mainplot_role39.asl"": 34, ""role_mainplot_role40.asl"": 34, ""role_mainplot_role41.asl"": 34, ""role_mainplot_role42.asl"": 34, ""role_mainplot_role43.asl"": 34, ""role_mainplot_role44.asl"": 34, ""role_mainplot_role45.asl"": 34, ""role_mainplot_role46.asl"": 34, ""role_mainplot_role47.asl"": 34, ""role_mainplot_role48.asl"": 34, ""role_mainplot_role49.asl"": 34, ""role_mainplot_role50.asl"": 34, ""role_mainplot_role51.asl"": 34, ""role_mainplot_role52.asl"": 34, ""role_mainplot_role53.asl"": 34, ""role_mainplot_role54.asl"": 34, ""role_mainplot_role55.asl"": 34, ""role_mainplot_role56.asl"": 34, ""role_mainplot_role57.asl"": 34, ""role_mainplot_role58.asl"": 34, ""role_mainplot_role59.asl"": 34, ""role_mainplot_role60.asl"": 34, ""role_mainplot_role61.asl"": 34, ""role_mainplot_role62.asl"": 34, ""role_mainplot_role63.asl"": 34, ""role_mainplot_role64.asl"": 34, ""role_mainplot_role65.asl"": 34, ""role_mainplot_role66.asl"": 34, ""role_mainplot_role67.asl"": 34, ""role_mainplot_role68.asl"": 34, ""role_mainplot_role69.asl"": 34, ""role_mainplot_role70.asl"": 34, ""role_mainplot_role71.asl"": 34, ""role_mainplot_role72.asl"": 34, ""role_mainplot_role73.asl"": 34, ""role_mainplot_role74.asl"": 34, ""role_mainplot_role75.asl"": 34, ""role_mainplot_role76.asl"": 34, ""role_mainplot_role77.asl"": 34, ""role_mainplot_role78.asl"": 34, ""role_mainplot_role79.asl"": 34, ""role_mainplot_role80.asl"": 34, ""role_mainplot_role81.asl"": 34, ""role_mainplot_role82.asl"": 34, ""role_mainplot_role83.asl"": 34, ""role_mainplot_role84.asl"": 34, ""role_mainplot_role85.asl"": 34, ""role_mainplot_role86.asl"": 34, ""role_mainplot_role87.asl"": 34, ""role_mainplot_role88.asl"": 34, ""role_mainplot_role89.asl"": 34, ""role_mainplot_role90.asl"": 34, ""role_mainplot_role91.asl"": 34, ""role_mainplot_role92.asl"": 34, ""role_mainplot_role93.asl"": 34, ""role_mainplot_role94.asl"": 34, ""role_mainplot_role95.asl"": 34, ""role_mainplot_role96.asl"": 34, ""role_mainplot_role97.asl"": 34, ""role_mainplot_role98.asl"": 34, ""role_mainplot_role99.asl"": 34}",5.202988792029888,0.03920635100075742,0.0013686750025954098,1.3244590759277344,True,7,0
scale_roles,27,Linux 7.1.9-arch1-2,x86_64,24,30.45,3.14.7,10,10,5,2,2,1,2,100,2,0,0,42,803,25847,103,4178,"{""playbook_playbook0.asl"": 26, ""playbook_playbook1.asl"": 26, ""director_mainplot.asl"": 726, ""role_mainplot_role0.asl"": 34, ""role_mainplot_role1.asl"": 34, ""role_mainplot_role2.asl"": 34, ""role_mainplot_role3.asl"": 34, ""role_mainplot_role4.asl"": 34, ""role_mainplot_role5.asl"": 34, ""role_mainplot_role6.asl"": 34, ""role_mainplot_role7.asl"": 34, ""role_mainplot_role8.asl"": 34, ""role_mainplot_role9.asl"": 34, ""role_mainplot_role10.asl"": 34, ""role_mainplot_role11.asl"": 34, ""role_mainplot_role12.asl"": 34, ""role_mainplot_role13.asl"": 34, ""role_mainplot_role14.asl"": 34, ""role_mainplot_role15.asl"": 34, ""role_mainplot_role16.asl"": 34, ""role_mainplot_role17.asl"": 34, ""role_mainplot_role18.asl"": 34, ""role_mainplot_role19.asl"": 34, ""role_mainplot_role20.asl"": 34, ""role_mainplot_role21.asl"": 34, ""role_mainplot_role22.asl"": 34, ""role_mainplot_role23.asl"": 34, ""role_mainplot_role24.asl"": 34, ""role_mainplot_role25.asl"": 34, ""role_mainplot_role26.asl"": 34, ""role_mainplot_role27.asl"": 34, ""role_mainplot_role28.asl"": 34, ""role_mainplot_role29.asl"": 34, ""role_mainplot_role30.asl"": 34, ""role_mainplot_role31.asl"": 34, ""role_mainplot_role32.asl"": 34, ""role_mainplot_role33.asl"": 34, ""role_mainplot_role34.asl"": 34, ""role_mainplot_role35.asl"": 34, ""role_mainplot_role36.asl"": 34, ""role_mainplot_role37.asl"": 34, ""role_mainplot_role38.asl"": 34, ""role_mainplot_role39.asl"": 34, ""role_mainplot_role40.asl"": 34, ""role_mainplot_role41.asl"": 34, ""role_mainplot_role42.asl"": 34, ""role_mainplot_role43.asl"": 34, ""role_mainplot_role44.asl"": 34, ""role_mainplot_role45.asl"": 34, ""role_mainplot_role46.asl"": 34, ""role_mainplot_role47.asl"": 34, ""role_mainplot_role48.asl"": 34, ""role_mainplot_role49.asl"": 34, ""role_mainplot_role50.asl"": 34, ""role_mainplot_role51.asl"": 34, ""role_mainplot_role52.asl"": 34, ""role_mainplot_role53.asl"": 34, ""role_mainplot_role54.asl"": 34, ""role_mainplot_role55.asl"": 34, ""role_mainplot_role56.asl"": 34, ""role_mainplot_role57.asl"": 34, ""role_mainplot_role58.asl"": 34, ""role_mainplot_role59.asl"": 34, ""role_mainplot_role60.asl"": 34, ""role_mainplot_role61.asl"": 34, ""role_mainplot_role62.asl"": 34, ""role_mainplot_role63.asl"": 34, ""role_mainplot_role64.asl"": 34, ""role_mainplot_role65.asl"": 34, ""role_mainplot_role66.asl"": 34, ""role_mainplot_role67.asl"": 34, ""role_mainplot_role68.asl"": 34, ""role_mainplot_role69.asl"": 34, ""role_mainplot_role70.asl"": 34, ""role_mainplot_role71.asl"": 34, ""role_mainplot_role72.asl"": 34, ""role_mainplot_role73.asl"": 34, ""role_mainplot_role74.asl"": 34, ""role_mainplot_role75.asl"": 34, ""role_mainplot_role76.asl"": 34, ""role_mainplot_role77.asl"": 34, ""role_mainplot_role78.asl"": 34, ""role_mainplot_role79.asl"": 34, ""role_mainplot_role80.asl"": 34, ""role_mainplot_role81.asl"": 34, ""role_mainplot_role82.asl"": 34, ""role_mainplot_role83.asl"": 34, ""role_mainplot_role84.asl"": 34, ""role_mainplot_role85.asl"": 34, ""role_mainplot_role86.asl"": 34, ""role_mainplot_role87.asl"": 34, ""role_mainplot_role88.asl"": 34, ""role_mainplot_role89.asl"": 34, ""role_mainplot_role90.asl"": 34, ""role_mainplot_role91.asl"": 34, ""role_mainplot_role92.asl"": 34, ""role_mainplot_role93.asl"": 34, ""role_mainplot_role94.asl"": 34, ""role_mainplot_role95.asl"": 34, ""role_mainplot_role96.asl"": 34, ""role_mainplot_role97.asl"": 34, ""role_mainplot_role98.asl"": 34, ""role_mainplot_role99.asl"": 34}",5.202988792029888,0.03916649200255051,0.0013690659980056807,1.3244514465332031,True,7,0
scale_roles,28,Linux 7.1.9-arch1-2,x86_64,24,30.45,3.14.7,10,10,5,2,2,1,2,100,2,0,0,42,803,25847,103,4178,"{""playbook_playbook0.asl"": 26, ""playbook_playbook1.asl"": 26, ""director_mainplot.asl"": 726, ""role_mainplot_role0.asl"": 34, ""role_mainplot_role1.asl"": 34, ""role_mainplot_role2.asl"": 34, ""role_mainplot_role3.asl"": 34, ""role_mainplot_role4.asl"": 34, ""role_mainplot_role5.asl"": 34, ""role_mainplot_role6.asl"": 34, ""role_mainplot_role7.asl"": 34, ""role_mainplot_role8.asl"": 34, ""role_mainplot_role9.asl"": 34, ""role_mainplot_role10.asl"": 34, ""role_mainplot_role11.asl"": 34, ""role_mainplot_role12.asl"": 34, ""role_mainplot_role13.asl"": 34, ""role_mainplot_role14.asl"": 34, ""role_mainplot_role15.asl"": 34, ""role_mainplot_role16.asl"": 34, ""role_mainplot_role17.asl"": 34, ""role_mainplot_role18.asl"": 34, ""role_mainplot_role19.asl"": 34, ""role_mainplot_role20.asl"": 34, ""role_mainplot_role21.asl"": 34, ""role_mainplot_role22.asl"": 34, ""role_mainplot_role23.asl"": 34, ""role_mainplot_role24.asl"": 34, ""role_mainplot_role25.asl"": 34, ""role_mainplot_role26.asl"": 34, ""role_mainplot_role27.asl"": 34, ""role_mainplot_role28.asl"": 34, ""role_mainplot_role29.asl"": 34, ""role_mainplot_role30.asl"": 34, ""role_mainplot_role31.asl"": 34, ""role_mainplot_role32.asl"": 34, ""role_mainplot_role33.asl"": 34, ""role_mainplot_role34.asl"": 34, ""role_mainplot_role35.asl"": 34, ""role_mainplot_role36.asl"": 34, ""role_mainplot_role37.asl"": 34, ""role_mainplot_role38.asl"": 34, ""role_mainplot_role39.asl"": 34, ""role_mainplot_role40.asl"": 34, ""role_mainplot_role41.asl"": 34, ""role_mainplot_role42.asl"": 34, ""role_mainplot_role43.asl"": 34, ""role_mainplot_role44.asl"": 34, ""role_mainplot_role45.asl"": 34, ""role_mainplot_role46.asl"": 34, ""role_mainplot_role47.asl"": 34, ""role_mainplot_role48.asl"": 34, ""role_mainplot_role49.asl"": 34, ""role_mainplot_role50.asl"": 34, ""role_mainplot_role51.asl"": 34, ""role_mainplot_role52.asl"": 34, ""role_mainplot_role53.asl"": 34, ""role_mainplot_role54.asl"": 34, ""role_mainplot_role55.asl"": 34, ""role_mainplot_role56.asl"": 34, ""role_mainplot_role57.asl"": 34, ""role_mainplot_role58.asl"": 34, ""role_mainplot_role59.asl"": 34, ""role_mainplot_role60.asl"": 34, ""role_mainplot_role61.asl"": 34, ""role_mainplot_role62.asl"": 34, ""role_mainplot_role63.asl"": 34, ""role_mainplot_role64.asl"": 34, ""role_mainplot_role65.asl"": 34, ""role_mainplot_role66.asl"": 34, ""role_mainplot_role67.asl"": 34, ""role_mainplot_role68.asl"": 34, ""role_mainplot_role69.asl"": 34, ""role_mainplot_role70.asl"": 34, ""role_mainplot_role71.asl"": 34, ""role_mainplot_role72.asl"": 34, ""role_mainplot_role73.asl"": 34, ""role_mainplot_role74.asl"": 34, ""role_mainplot_role75.asl"": 34, ""role_mainplot_role76.asl"": 34, ""role_mainplot_role77.asl"": 34, ""role_mainplot_role78.asl"": 34, ""role_mainplot_role79.asl"": 34, ""role_mainplot_role80.asl"": 34, ""role_mainplot_role81.asl"": 34, ""role_mainplot_role82.asl"": 34, ""role_mainplot_role83.asl"": 34, ""role_mainplot_role84.asl"": 34, ""role_mainplot_role85.asl"": 34, ""role_mainplot_role86.asl"": 34, ""role_mainplot_role87.asl"": 34, ""role_mainplot_role88.asl"": 34, ""role_mainplot_role89.asl"": 34, ""role_mainplot_role90.asl"": 34, ""role_mainplot_role91.asl"": 34, ""role_mainplot_role92.asl"": 34, ""role_mainplot_role93.asl"": 34, ""role_mainplot_role94.asl"": 34, ""role_mainplot_role95.asl"": 34, ""role_mainplot_role96.asl"": 34, ""role_mainplot_role97.asl"": 34, ""role_mainplot_role98.asl"": 34, ""role_mainplot_role99.asl"": 34}",5.202988792029888,0.03968316999817034,0.0013698250004381407,1.3244514465332031,True,7,0
scale_roles,29,Linux 7.1.9-arch1-2,x86_64,24,30.45,3.14.7,10,10,5,2,2,1,2,100,2,0,0,42,803,25847,103,4178,"{""playbook_playbook0.asl"": 26, ""playbook_playbook1.asl"": 26, ""director_mainplot.asl"": 726, ""role_mainplot_role0.asl"": 34, ""role_mainplot_role1.asl"": 34, ""role_mainplot_role2.asl"": 34, ""role_mainplot_role3.asl"": 34, ""role_mainplot_role4.asl"": 34, ""role_mainplot_role5.asl"": 34, ""role_mainplot_role6.asl"": 34, ""role_mainplot_role7.asl"": 34, ""role_mainplot_role8.asl"": 34, ""role_mainplot_role9.asl"": 34, ""role_mainplot_role10.asl"": 34, ""role_mainplot_role11.asl"": 34, ""role_mainplot_role12.asl"": 34, ""role_mainplot_role13.asl"": 34, ""role_mainplot_role14.asl"": 34, ""role_mainplot_role15.asl"": 34, ""role_mainplot_role16.asl"": 34, ""role_mainplot_role17.asl"": 34, ""role_mainplot_role18.asl"": 34, ""role_mainplot_role19.asl"": 34, ""role_mainplot_role20.asl"": 34, ""role_mainplot_role21.asl"": 34, ""role_mainplot_role22.asl"": 34, ""role_mainplot_role23.asl"": 34, ""role_mainplot_role24.asl"": 34, ""role_mainplot_role25.asl"": 34, ""role_mainplot_role26.asl"": 34, ""role_mainplot_role27.asl"": 34, ""role_mainplot_role28.asl"": 34, ""role_mainplot_role29.asl"": 34, ""role_mainplot_role30.asl"": 34, ""role_mainplot_role31.asl"": 34, ""role_mainplot_role32.asl"": 34, ""role_mainplot_role33.asl"": 34, ""role_mainplot_role34.asl"": 34, ""role_mainplot_role35.asl"": 34, ""role_mainplot_role36.asl"": 34, ""role_mainplot_role37.asl"": 34, ""role_mainplot_role38.asl"": 34, ""role_mainplot_role39.asl"": 34, ""role_mainplot_role40.asl"": 34, ""role_mainplot_role41.asl"": 34, ""role_mainplot_role42.asl"": 34, ""role_mainplot_role43.asl"": 34, ""role_mainplot_role44.asl"": 34, ""role_mainplot_role45.asl"": 34, ""role_mainplot_role46.asl"": 34, ""role_mainplot_role47.asl"": 34, ""role_mainplot_role48.asl"": 34, ""role_mainplot_role49.asl"": 34, ""role_mainplot_role50.asl"": 34, ""role_mainplot_role51.asl"": 34, ""role_mainplot_role52.asl"": 34, ""role_mainplot_role53.asl"": 34, ""role_mainplot_role54.asl"": 34, ""role_mainplot_role55.asl"": 34, ""role_mainplot_role56.asl"": 34, ""role_mainplot_role57.asl"": 34, ""role_mainplot_role58.asl"": 34, ""role_mainplot_role59.asl"": 34, ""role_mainplot_role60.asl"": 34, ""role_mainplot_role61.asl"": 34, ""role_mainplot_role62.asl"": 34, ""role_mainplot_role63.asl"": 34, ""role_mainplot_role64.asl"": 34, ""role_mainplot_role65.asl"": 34, ""role_mainplot_role66.asl"": 34, ""role_mainplot_role67.asl"": 34, ""role_mainplot_role68.asl"": 34, ""role_mainplot_role69.asl"": 34, ""role_mainplot_role70.asl"": 34, ""role_mainplot_role71.asl"": 34, ""role_mainplot_role72.asl"": 34, ""role_mainplot_role73.asl"": 34, ""role_mainplot_role74.asl"": 34, ""role_mainplot_role75.asl"": 34, ""role_mainplot_role76.asl"": 34, ""role_mainplot_role77.asl"": 34, ""role_mainplot_role78.asl"": 34, ""role_mainplot_role79.asl"": 34, ""role_mainplot_role80.asl"": 34, ""role_mainplot_role81.asl"": 34, ""role_mainplot_role82.asl"": 34, ""role_mainplot_role83.asl"": 34, ""role_mainplot_role84.asl"": 34, ""role_mainplot_role85.asl"": 34, ""role_mainplot_role86.asl"": 34, ""role_mainplot_role87.asl"": 34, ""role_mainplot_role88.asl"": 34, ""role_mainplot_role89.asl"": 34, ""role_mainplot_role90.asl"": 34, ""role_mainplot_role91.asl"": 34, ""role_mainplot_role92.asl"": 34, ""role_mainplot_role93.asl"": 34, ""role_mainplot_role94.asl"": 34, ""role_mainplot_role95.asl"": 34, ""role_mainplot_role96.asl"": 34, ""role_mainplot_role97.asl"": 34, ""role_mainplot_role98.asl"": 34, ""role_mainplot_role99.asl"": 34}",5.202988792029888,0.039292761000979226,0.0013696650021302048,1.3244514465332031,True,7,0
scale_roles,30,Linux 7.1.9-arch1-2,x86_64,24,30.45,3.14.7,10,10,5,2,2,1,2,250,2,0,0,42,1853,62747,253,10178,"{""playbook_playbook0.asl"": 26, ""playbook_playbook1.asl"": 26, ""director_mainplot.asl"": 1626, ""role_mainplot_role0.asl"": 34, ""role_mainplot_role1.asl"": 34, ""role_mainplot_role2.asl"": 34, ""role_mainplot_role3.asl"": 34, ""role_mainplot_role4.asl"": 34, ""role_mainplot_role5.asl"": 34, ""role_mainplot_role6.asl"": 34, ""role_mainplot_role7.asl"": 34, ""role_mainplot_role8.asl"": 34, ""role_mainplot_role9.asl"": 34, ""role_mainplot_role10.asl"": 34, ""role_mainplot_role11.asl"": 34, ""role_mainplot_role12.asl"": 34, ""role_mainplot_role13.asl"": 34, ""role_mainplot_role14.asl"": 34, ""role_mainplot_role15.asl"": 34, ""role_mainplot_role16.asl"": 34, ""role_mainplot_role17.asl"": 34, ""role_mainplot_role18.asl"": 34, ""role_mainplot_role19.asl"": 34, ""role_mainplot_role20.asl"": 34, ""role_mainplot_role21.asl"": 34, ""role_mainplot_role22.asl"": 34, ""role_mainplot_role23.asl"": 34, ""role_mainplot_role24.asl"": 34, ""role_mainplot_role25.asl"": 34, ""role_mainplot_role26.asl"": 34, ""role_mainplot_role27.asl"": 34, ""role_mainplot_role28.asl"": 34, ""role_mainplot_role29.asl"": 34, ""role_mainplot_role30.asl"": 34, ""role_mainplot_role31.asl"": 34, ""role_mainplot_role32.asl"": 34, ""role_mainplot_role33.asl"": 34, ""role_mainplot_role34.asl"": 34, ""role_mainplot_role35.asl"": 34, ""role_mainplot_role36.asl"": 34, ""role_mainplot_role37.asl"": 34, ""role_mainplot_role38.asl"": 34, ""role_mainplot_role39.asl"": 34, ""role_mainplot_role40.asl"": 34, ""role_mainplot_role41.asl"": 34, ""role_mainplot_role42.asl"": 34, ""role_mainplot_role43.asl"": 34, ""role_mainplot_role44.asl"": 34, ""role_mainplot_role45.asl"": 34, ""role_mainplot_role46.asl"": 34, ""role_mainplot_role47.asl"": 34, ""role_mainplot_role48.asl"": 34, ""role_mainplot_role49.asl"": 34, ""role_mainplot_role50.asl"": 34, ""role_mainplot_role51.asl"": 34, ""role_mainplot_role52.asl"": 34, ""role_mainplot_role53.asl"": 34, ""role_mainplot_role54.asl"": 34, ""role_mainplot_role55.asl"": 34, ""role_mainplot_role56.asl"": 34, ""role_mainplot_role57.asl"": 34, ""role_mainplot_role58.asl"": 34, ""role_mainplot_role59.asl"": 34, ""role_mainplot_role60.asl"": 34, ""role_mainplot_role61.asl"": 34, ""role_mainplot_role62.asl"": 34, ""role_mainplot_role63.asl"": 34, ""role_mainplot_role64.asl"": 34, ""role_mainplot_role65.asl"": 34, ""role_mainplot_role66.asl"": 34, ""role_mainplot_role67.asl"": 34, ""role_mainplot_role68.asl"": 34, ""role_mainplot_role69.asl"": 34, ""role_mainplot_role70.asl"": 34, ""role_mainplot_role71.asl"": 34, ""role_mainplot_role72.asl"": 34, ""role_mainplot_role73.asl"": 34, ""role_mainplot_role74.asl"": 34, ""role_mainplot_role75.asl"": 34, ""role_mainplot_role76.asl"": 34, ""role_mainplot_role77.asl"": 34, ""role_mainplot_role78.asl"": 34, ""role_mainplot_role79.asl"": 34, ""role_mainplot_role80.asl"": 34, ""role_mainplot_role81.asl"": 34, ""role_mainplot_role82.asl"": 34, ""role_mainplot_role83.asl"": 34, ""role_mainplot_role84.asl"": 34, ""role_mainplot_role85.asl"": 34, ""role_mainplot_role86.asl"": 34, ""role_mainplot_role87.asl"": 34, ""role_mainplot_role88.asl"": 34, ""role_mainplot_role89.asl"": 34, ""role_mainplot_role90.asl"": 34, ""role_mainplot_role91.asl"": 34, ""role_mainplot_role92.asl"": 34, ""role_mainplot_role93.asl"": 34, ""role_mainplot_role94.asl"": 34, ""role_mainplot_role95.asl"": 34, ""role_mainplot_role96.asl"": 34, ""role_mainplot_role97.asl"": 34, ""role_mainplot_role98.asl"": 34, ""role_mainplot_role99.asl"": 34, ""role_mainplot_role100.asl"": 34, ""role_mainplot_role101.asl"": 34, ""role_mainplot_role102.asl"": 34, ""role_mainplot_role103.asl"": 34, ""role_mainplot_role104.asl"": 34, ""role_mainplot_role105.asl"": 34, ""role_mainplot_role106.asl"": 34, ""role_mainplot_role107.asl"": 34, ""role_mainplot_role108.asl"": 34, ""role_mainplot_role109.asl"": 34, ""role_mainplot_role110.asl"": 34, ""role_mainplot_role111.asl"": 34, ""role_mainplot_role112.asl"": 34, ""role_mainplot_role113.asl"": 34, ""role_mainplot_role114.asl"": 34, ""role_mainplot_role115.asl"": 34, ""role_mainplot_role116.asl"": 34, ""role_mainplot_role117.asl"": 34, ""role_mainplot_role118.asl"": 34, ""role_mainplot_role119.asl"": 34, ""role_mainplot_role120.asl"": 34, ""role_mainplot_role121.asl"": 34, ""role_mainplot_role122.asl"": 34, ""role_mainplot_role123.asl"": 34, ""role_mainplot_role124.asl"": 34, ""role_mainplot_role125.asl"": 34, ""role_mainplot_role126.asl"": 34, ""role_mainplot_role127.asl"": 34, ""role_mainplot_role128.asl"": 34, ""role_mainplot_role129.asl"": 34, ""role_mainplot_role130.asl"": 34, ""role_mainplot_role131.asl"": 34, ""role_mainplot_role132.asl"": 34, ""role_mainplot_role133.asl"": 34, ""role_mainplot_role134.asl"": 34, ""role_mainplot_role135.asl"": 34, ""role_mainplot_role136.asl"": 34, ""role_mainplot_role137.asl"": 34, ""role_mainplot_role138.asl"": 34, ""role_mainplot_role139.asl"": 34, ""role_mainplot_role140.asl"": 34, ""role_mainplot_role141.asl"": 34, ""role_mainplot_role142.asl"": 34, ""role_mainplot_role143.asl"": 34, ""role_mainplot_role144.asl"": 34, ""role_mainplot_role145.asl"": 34, ""role_mainplot_role146.asl"": 34, ""role_mainplot_role147.asl"": 34, ""role_mainplot_role148.asl"": 34, ""role_mainplot_role149.asl"": 34, ""role_mainplot_role150.asl"": 34, ""role_mainplot_role151.asl"": 34, ""role_mainplot_role152.asl"": 34, ""role_mainplot_role153.asl"": 34, ""role_mainplot_role154.asl"": 34, ""role_mainplot_role155.asl"": 34, ""role_mainplot_role156.asl"": 34, ""role_mainplot_role157.asl"": 34, ""role_mainplot_role158.asl"": 34, ""role_mainplot_role159.asl"": 34, ""role_mainplot_role160.asl"": 34, ""role_mainplot_role161.asl"": 34, ""role_mainplot_role162.asl"": 34, ""role_mainplot_role163.asl"": 34, ""role_mainplot_role164.asl"": 34, ""role_mainplot_role165.asl"": 34, ""role_mainplot_role166.asl"": 34, ""role_mainplot_role167.asl"": 34, ""role_mainplot_role168.asl"": 34, ""role_mainplot_role169.asl"": 34, ""role_mainplot_role170.asl"": 34, ""role_mainplot_role171.asl"": 34, ""role_mainplot_role172.asl"": 34, ""role_mainplot_role173.asl"": 34, ""role_mainplot_role174.asl"": 34, ""role_mainplot_role175.asl"": 34, ""role_mainplot_role176.asl"": 34, ""role_mainplot_role177.asl"": 34, ""role_mainplot_role178.asl"": 34, ""role_mainplot_role179.asl"": 34, ""role_mainplot_role180.asl"": 34, ""role_mainplot_role181.asl"": 34, ""role_mainplot_role182.asl"": 34, ""role_mainplot_role183.asl"": 34, ""role_mainplot_role184.asl"": 34, ""role_mainplot_role185.asl"": 34, ""role_mainplot_role186.asl"": 34, ""role_mainplot_role187.asl"": 34, ""role_mainplot_role188.asl"": 34, ""role_mainplot_role189.asl"": 34, ""role_mainplot_role190.asl"": 34, ""role_mainplot_role191.asl"": 34, ""role_mainplot_role192.asl"": 34, ""role_mainplot_role193.asl"": 34, ""role_mainplot_role194.asl"": 34, ""role_mainplot_role195.asl"": 34, ""role_mainplot_role196.asl"": 34, ""role_mainplot_role197.asl"": 34, ""role_mainplot_role198.asl"": 34, ""role_mainplot_role199.asl"": 34, ""role_mainplot_role200.asl"": 34, ""role_mainplot_role201.asl"": 34, ""role_mainplot_role202.asl"": 34, ""role_mainplot_role203.asl"": 34, ""role_mainplot_role204.asl"": 34, ""role_mainplot_role205.asl"": 34, ""role_mainplot_role206.asl"": 34, ""role_mainplot_role207.asl"": 34, ""role_mainplot_role208.asl"": 34, ""role_mainplot_role209.asl"": 34, ""role_mainplot_role210.asl"": 34, ""role_mainplot_role211.asl"": 34, ""role_mainplot_role212.asl"": 34, ""role_mainplot_role213.asl"": 34, ""role_mainplot_role214.asl"": 34, ""role_mainplot_role215.asl"": 34, ""role_mainplot_role216.asl"": 34, ""role_mainplot_role217.asl"": 34, ""role_mainplot_role218.asl"": 34, ""role_mainplot_role219.asl"": 34, ""role_mainplot_role220.asl"": 34, ""role_mainplot_role221.asl"": 34, ""role_mainplot_role222.asl"": 34, ""role_mainplot_role223.asl"": 34, ""role_mainplot_role224.asl"": 34, ""role_mainplot_role225.asl"": 34, ""role_mainplot_role226.asl"": 34, ""role_mainplot_role227.asl"": 34, ""role_mainplot_role228.asl"": 34, ""role_mainplot_role229.asl"": 34, ""role_mainplot_role230.asl"": 34, ""role_mainplot_role231.asl"": 34, ""role_mainplot_role232.asl"": 34, ""role_mainplot_role233.asl"": 34, ""role_mainplot_role234.asl"": 34, ""role_mainplot_role235.asl"": 34, ""role_mainplot_role236.asl"": 34, ""role_mainplot_role237.asl"": 34, ""role_mainplot_role238.asl"": 34, ""role_mainplot_role239.asl"": 34, ""role_mainplot_role240.asl"": 34, ""role_mainplot_role241.asl"": 34, ""role_mainplot_role242.asl"": 34, ""role_mainplot_role243.asl"": 34, ""role_mainplot_role244.asl"": 34, ""role_mainplot_role245.asl"": 34, ""role_mainplot_role246.asl"": 34, ""role_mainplot_role247.asl"": 34, ""role_mainplot_role248.asl"": 34, ""role_mainplot_role249.asl"": 34}",5.4927145169994605,0.09449233700070181,0.0033507179978187196,3.1637191772460938,True,7,0
scale_roles,31,Linux 7.1.9-arch1-2,x86_64,24,30.45,3.14.7,10,10,5,2,2,1,2,250,2,0,0,42,1853,62747,253,10178,"{""playbook_playbook0.asl"": 26, ""playbook_playbook1.asl"": 26, ""director_mainplot.asl"": 1626, ""role_mainplot_role0.asl"": 34, ""role_mainplot_role1.asl"": 34, ""role_mainplot_role2.asl"": 34, ""role_mainplot_role3.asl"": 34, ""role_mainplot_role4.asl"": 34, ""role_mainplot_role5.asl"": 34, ""role_mainplot_role6.asl"": 34, ""role_mainplot_role7.asl"": 34, ""role_mainplot_role8.asl"": 34, ""role_mainplot_role9.asl"": 34, ""role_mainplot_role10.asl"": 34, ""role_mainplot_role11.asl"": 34, ""role_mainplot_role12.asl"": 34, ""role_mainplot_role13.asl"": 34, ""role_mainplot_role14.asl"": 34, ""role_mainplot_role15.asl"": 34, ""role_mainplot_role16.asl"": 34, ""role_mainplot_role17.asl"": 34, ""role_mainplot_role18.asl"": 34, ""role_mainplot_role19.asl"": 34, ""role_mainplot_role20.asl"": 34, ""role_mainplot_role21.asl"": 34, ""role_mainplot_role22.asl"": 34, ""role_mainplot_role23.asl"": 34, ""role_mainplot_role24.asl"": 34, ""role_mainplot_role25.asl"": 34, ""role_mainplot_role26.asl"": 34, ""role_mainplot_role27.asl"": 34, ""role_mainplot_role28.asl"": 34, ""role_mainplot_role29.asl"": 34, ""role_mainplot_role30.asl"": 34, ""role_mainplot_role31.asl"": 34, ""role_mainplot_role32.asl"": 34, ""role_mainplot_role33.asl"": 34, ""role_mainplot_role34.asl"": 34, ""role_mainplot_role35.asl"": 34, ""role_mainplot_role36.asl"": 34, ""role_mainplot_role37.asl"": 34, ""role_mainplot_role38.asl"": 34, ""role_mainplot_role39.asl"": 34, ""role_mainplot_role40.asl"": 34, ""role_mainplot_role41.asl"": 34, ""role_mainplot_role42.asl"": 34, ""role_mainplot_role43.asl"": 34, ""role_mainplot_role44.asl"": 34, ""role_mainplot_role45.asl"": 34, ""role_mainplot_role46.asl"": 34, ""role_mainplot_role47.asl"": 34, ""role_mainplot_role48.asl"": 34, ""role_mainplot_role49.asl"": 34, ""role_mainplot_role50.asl"": 34, ""role_mainplot_role51.asl"": 34, ""role_mainplot_role52.asl"": 34, ""role_mainplot_role53.asl"": 34, ""role_mainplot_role54.asl"": 34, ""role_mainplot_role55.asl"": 34, ""role_mainplot_role56.asl"": 34, ""role_mainplot_role57.asl"": 34, ""role_mainplot_role58.asl"": 34, ""role_mainplot_role59.asl"": 34, ""role_mainplot_role60.asl"": 34, ""role_mainplot_role61.asl"": 34, ""role_mainplot_role62.asl"": 34, ""role_mainplot_role63.asl"": 34, ""role_mainplot_role64.asl"": 34, ""role_mainplot_role65.asl"": 34, ""role_mainplot_role66.asl"": 34, ""role_mainplot_role67.asl"": 34, ""role_mainplot_role68.asl"": 34, ""role_mainplot_role69.asl"": 34, ""role_mainplot_role70.asl"": 34, ""role_mainplot_role71.asl"": 34, ""role_mainplot_role72.asl"": 34, ""role_mainplot_role73.asl"": 34, ""role_mainplot_role74.asl"": 34, ""role_mainplot_role75.asl"": 34, ""role_mainplot_role76.asl"": 34, ""role_mainplot_role77.asl"": 34, ""role_mainplot_role78.asl"": 34, ""role_mainplot_role79.asl"": 34, ""role_mainplot_role80.asl"": 34, ""role_mainplot_role81.asl"": 34, ""role_mainplot_role82.asl"": 34, ""role_mainplot_role83.asl"": 34, ""role_mainplot_role84.asl"": 34, ""role_mainplot_role85.asl"": 34, ""role_mainplot_role86.asl"": 34, ""role_mainplot_role87.asl"": 34, ""role_mainplot_role88.asl"": 34, ""role_mainplot_role89.asl"": 34, ""role_mainplot_role90.asl"": 34, ""role_mainplot_role91.asl"": 34, ""role_mainplot_role92.asl"": 34, ""role_mainplot_role93.asl"": 34, ""role_mainplot_role94.asl"": 34, ""role_mainplot_role95.asl"": 34, ""role_mainplot_role96.asl"": 34, ""role_mainplot_role97.asl"": 34, ""role_mainplot_role98.asl"": 34, ""role_mainplot_role99.asl"": 34, ""role_mainplot_role100.asl"": 34, ""role_mainplot_role101.asl"": 34, ""role_mainplot_role102.asl"": 34, ""role_mainplot_role103.asl"": 34, ""role_mainplot_role104.asl"": 34, ""role_mainplot_role105.asl"": 34, ""role_mainplot_role106.asl"": 34, ""role_mainplot_role107.asl"": 34, ""role_mainplot_role108.asl"": 34, ""role_mainplot_role109.asl"": 34, ""role_mainplot_role110.asl"": 34, ""role_mainplot_role111.asl"": 34, ""role_mainplot_role112.asl"": 34, ""role_mainplot_role113.asl"": 34, ""role_mainplot_role114.asl"": 34, ""role_mainplot_role115.asl"": 34, ""role_mainplot_role116.asl"": 34, ""role_mainplot_role117.asl"": 34, ""role_mainplot_role118.asl"": 34, ""role_mainplot_role119.asl"": 34, ""role_mainplot_role120.asl"": 34, ""role_mainplot_role121.asl"": 34, ""role_mainplot_role122.asl"": 34, ""role_mainplot_role123.asl"": 34, ""role_mainplot_role124.asl"": 34, ""role_mainplot_role125.asl"": 34, ""role_mainplot_role126.asl"": 34, ""role_mainplot_role127.asl"": 34, ""role_mainplot_role128.asl"": 34, ""role_mainplot_role129.asl"": 34, ""role_mainplot_role130.asl"": 34, ""role_mainplot_role131.asl"": 34, ""role_mainplot_role132.asl"": 34, ""role_mainplot_role133.asl"": 34, ""role_mainplot_role134.asl"": 34, ""role_mainplot_role135.asl"": 34, ""role_mainplot_role136.asl"": 34, ""role_mainplot_role137.asl"": 34, ""role_mainplot_role138.asl"": 34, ""role_mainplot_role139.asl"": 34, ""role_mainplot_role140.asl"": 34, ""role_mainplot_role141.asl"": 34, ""role_mainplot_role142.asl"": 34, ""role_mainplot_role143.asl"": 34, ""role_mainplot_role144.asl"": 34, ""role_mainplot_role145.asl"": 34, ""role_mainplot_role146.asl"": 34, ""role_mainplot_role147.asl"": 34, ""role_mainplot_role148.asl"": 34, ""role_mainplot_role149.asl"": 34, ""role_mainplot_role150.asl"": 34, ""role_mainplot_role151.asl"": 34, ""role_mainplot_role152.asl"": 34, ""role_mainplot_role153.asl"": 34, ""role_mainplot_role154.asl"": 34, ""role_mainplot_role155.asl"": 34, ""role_mainplot_role156.asl"": 34, ""role_mainplot_role157.asl"": 34, ""role_mainplot_role158.asl"": 34, ""role_mainplot_role159.asl"": 34, ""role_mainplot_role160.asl"": 34, ""role_mainplot_role161.asl"": 34, ""role_mainplot_role162.asl"": 34, ""role_mainplot_role163.asl"": 34, ""role_mainplot_role164.asl"": 34, ""role_mainplot_role165.asl"": 34, ""role_mainplot_role166.asl"": 34, ""role_mainplot_role167.asl"": 34, ""role_mainplot_role168.asl"": 34, ""role_mainplot_role169.asl"": 34, ""role_mainplot_role170.asl"": 34, ""role_mainplot_role171.asl"": 34, ""role_mainplot_role172.asl"": 34, ""role_mainplot_role173.asl"": 34, ""role_mainplot_role174.asl"": 34, ""role_mainplot_role175.asl"": 34, ""role_mainplot_role176.asl"": 34, ""role_mainplot_role177.asl"": 34, ""role_mainplot_role178.asl"": 34, ""role_mainplot_role179.asl"": 34, ""role_mainplot_role180.asl"": 34, ""role_mainplot_role181.asl"": 34, ""role_mainplot_role182.asl"": 34, ""role_mainplot_role183.asl"": 34, ""role_mainplot_role184.asl"": 34, ""role_mainplot_role185.asl"": 34, ""role_mainplot_role186.asl"": 34, ""role_mainplot_role187.asl"": 34, ""role_mainplot_role188.asl"": 34, ""role_mainplot_role189.asl"": 34, ""role_mainplot_role190.asl"": 34, ""role_mainplot_role191.asl"": 34, ""role_mainplot_role192.asl"": 34, ""role_mainplot_role193.asl"": 34, ""role_mainplot_role194.asl"": 34, ""role_mainplot_role195.asl"": 34, ""role_mainplot_role196.asl"": 34, ""role_mainplot_role197.asl"": 34, ""role_mainplot_role198.asl"": 34, ""role_mainplot_role199.asl"": 34, ""role_mainplot_role200.asl"": 34, ""role_mainplot_role201.asl"": 34, ""role_mainplot_role202.asl"": 34, ""role_mainplot_role203.asl"": 34, ""role_mainplot_role204.asl"": 34, ""role_mainplot_role205.asl"": 34, ""role_mainplot_role206.asl"": 34, ""role_mainplot_role207.asl"": 34, ""role_mainplot_role208.asl"": 34, ""role_mainplot_role209.asl"": 34, ""role_mainplot_role210.asl"": 34, ""role_mainplot_role211.asl"": 34, ""role_mainplot_role212.asl"": 34, ""role_mainplot_role213.asl"": 34, ""role_mainplot_role214.asl"": 34, ""role_mainplot_role215.asl"": 34, ""role_mainplot_role216.asl"": 34, ""role_mainplot_role217.asl"": 34, ""role_mainplot_role218.asl"": 34, ""role_mainplot_role219.asl"": 34, ""role_mainplot_role220.asl"": 34, ""role_mainplot_role221.asl"": 34, ""role_mainplot_role222.asl"": 34, ""role_mainplot_role223.asl"": 34, ""role_mainplot_role224.asl"": 34, ""role_mainplot_role225.asl"": 34, ""role_mainplot_role226.asl"": 34, ""role_mainplot_role227.asl"": 34, ""role_mainplot_role228.asl"": 34, ""role_mainplot_role229.asl"": 34, ""role_mainplot_role230.asl"": 34, ""role_mainplot_role231.asl"": 34, ""role_mainplot_role232.asl"": 34, ""role_mainplot_role233.asl"": 34, ""role_mainplot_role234.asl"": 34, ""role_mainplot_role235.asl"": 34, ""role_mainplot_role236.asl"": 34, ""role_mainplot_role237.asl"": 34, ""role_mainplot_role238.asl"": 34, ""role_mainplot_role239.asl"": 34, ""role_mainplot_role240.asl"": 34, ""role_mainplot_role241.asl"": 34, ""role_mainplot_role242.asl"": 34, ""role_mainplot_role243.asl"": 34, ""role_mainplot_role244.asl"": 34, ""role_mainplot_role245.asl"": 34, ""role_mainplot_role246.asl"": 34, ""role_mainplot_role247.asl"": 34, ""role_mainplot_role248.asl"": 34, ""role_mainplot_role249.asl"": 34}",5.4927145169994605,0.09240165499795694,0.003200848997948924,3.1637191772460938,True,7,0
scale_roles,32,Linux 7.1.9-arch1-2,x86_64,24,30.45,3.14.7,10,10,5,2,2,1,2,250,2,0,0,42,1853,62747,253,10178,"{""playbook_playbook0.asl"": 26, ""playbook_playbook1.asl"": 26, ""director_mainplot.asl"": 1626, ""role_mainplot_role0.asl"": 34, ""role_mainplot_role1.asl"": 34, ""role_mainplot_role2.asl"": 34, ""role_mainplot_role3.asl"": 34, ""role_mainplot_role4.asl"": 34, ""role_mainplot_role5.asl"": 34, ""role_mainplot_role6.asl"": 34, ""role_mainplot_role7.asl"": 34, ""role_mainplot_role8.asl"": 34, ""role_mainplot_role9.asl"": 34, ""role_mainplot_role10.asl"": 34, ""role_mainplot_role11.asl"": 34, ""role_mainplot_role12.asl"": 34, ""role_mainplot_role13.asl"": 34, ""role_mainplot_role14.asl"": 34, ""role_mainplot_role15.asl"": 34, ""role_mainplot_role16.asl"": 34, ""role_mainplot_role17.asl"": 34, ""role_mainplot_role18.asl"": 34, ""role_mainplot_role19.asl"": 34, ""role_mainplot_role20.asl"": 34, ""role_mainplot_role21.asl"": 34, ""role_mainplot_role22.asl"": 34, ""role_mainplot_role23.asl"": 34, ""role_mainplot_role24.asl"": 34, ""role_mainplot_role25.asl"": 34, ""role_mainplot_role26.asl"": 34, ""role_mainplot_role27.asl"": 34, ""role_mainplot_role28.asl"": 34, ""role_mainplot_role29.asl"": 34, ""role_mainplot_role30.asl"": 34, ""role_mainplot_role31.asl"": 34, ""role_mainplot_role32.asl"": 34, ""role_mainplot_role33.asl"": 34, ""role_mainplot_role34.asl"": 34, ""role_mainplot_role35.asl"": 34, ""role_mainplot_role36.asl"": 34, ""role_mainplot_role37.asl"": 34, ""role_mainplot_role38.asl"": 34, ""role_mainplot_role39.asl"": 34, ""role_mainplot_role40.asl"": 34, ""role_mainplot_role41.asl"": 34, ""role_mainplot_role42.asl"": 34, ""role_mainplot_role43.asl"": 34, ""role_mainplot_role44.asl"": 34, ""role_mainplot_role45.asl"": 34, ""role_mainplot_role46.asl"": 34, ""role_mainplot_role47.asl"": 34, ""role_mainplot_role48.asl"": 34, ""role_mainplot_role49.asl"": 34, ""role_mainplot_role50.asl"": 34, ""role_mainplot_role51.asl"": 34, ""role_mainplot_role52.asl"": 34, ""role_mainplot_role53.asl"": 34, ""role_mainplot_role54.asl"": 34, ""role_mainplot_role55.asl"": 34, ""role_mainplot_role56.asl"": 34, ""role_mainplot_role57.asl"": 34, ""role_mainplot_role58.asl"": 34, ""role_mainplot_role59.asl"": 34, ""role_mainplot_role60.asl"": 34, ""role_mainplot_role61.asl"": 34, ""role_mainplot_role62.asl"": 34, ""role_mainplot_role63.asl"": 34, ""role_mainplot_role64.asl"": 34, ""role_mainplot_role65.asl"": 34, ""role_mainplot_role66.asl"": 34, ""role_mainplot_role67.asl"": 34, ""role_mainplot_role68.asl"": 34, ""role_mainplot_role69.asl"": 34, ""role_mainplot_role70.asl"": 34, ""role_mainplot_role71.asl"": 34, ""role_mainplot_role72.asl"": 34, ""role_mainplot_role73.asl"": 34, ""role_mainplot_role74.asl"": 34, ""role_mainplot_role75.asl"": 34, ""role_mainplot_role76.asl"": 34, ""role_mainplot_role77.asl"": 34, ""role_mainplot_role78.asl"": 34, ""role_mainplot_role79.asl"": 34, ""role_mainplot_role80.asl"": 34, ""role_mainplot_role81.asl"": 34, ""role_mainplot_role82.asl"": 34, ""role_mainplot_role83.asl"": 34, ""role_mainplot_role84.asl"": 34, ""role_mainplot_role85.asl"": 34, ""role_mainplot_role86.asl"": 34, ""role_mainplot_role87.asl"": 34, ""role_mainplot_role88.asl"": 34, ""role_mainplot_role89.asl"": 34, ""role_mainplot_role90.asl"": 34, ""role_mainplot_role91.asl"": 34, ""role_mainplot_role92.asl"": 34, ""role_mainplot_role93.asl"": 34, ""role_mainplot_role94.asl"": 34, ""role_mainplot_role95.asl"": 34, ""role_mainplot_role96.asl"": 34, ""role_mainplot_role97.asl"": 34, ""role_mainplot_role98.asl"": 34, ""role_mainplot_role99.asl"": 34, ""role_mainplot_role100.asl"": 34, ""role_mainplot_role101.asl"": 34, ""role_mainplot_role102.asl"": 34, ""role_mainplot_role103.asl"": 34, ""role_mainplot_role104.asl"": 34, ""role_mainplot_role105.asl"": 34, ""role_mainplot_role106.asl"": 34, ""role_mainplot_role107.asl"": 34, ""role_mainplot_role108.asl"": 34, ""role_mainplot_role109.asl"": 34, ""role_mainplot_role110.asl"": 34, ""role_mainplot_role111.asl"": 34, ""role_mainplot_role112.asl"": 34, ""role_mainplot_role113.asl"": 34, ""role_mainplot_role114.asl"": 34, ""role_mainplot_role115.asl"": 34, ""role_mainplot_role116.asl"": 34, ""role_mainplot_role117.asl"": 34, ""role_mainplot_role118.asl"": 34, ""role_mainplot_role119.asl"": 34, ""role_mainplot_role120.asl"": 34, ""role_mainplot_role121.asl"": 34, ""role_mainplot_role122.asl"": 34, ""role_mainplot_role123.asl"": 34, ""role_mainplot_role124.asl"": 34, ""role_mainplot_role125.asl"": 34, ""role_mainplot_role126.asl"": 34, ""role_mainplot_role127.asl"": 34, ""role_mainplot_role128.asl"": 34, ""role_mainplot_role129.asl"": 34, ""role_mainplot_role130.asl"": 34, ""role_mainplot_role131.asl"": 34, ""role_mainplot_role132.asl"": 34, ""role_mainplot_role133.asl"": 34, ""role_mainplot_role134.asl"": 34, ""role_mainplot_role135.asl"": 34, ""role_mainplot_role136.asl"": 34, ""role_mainplot_role137.asl"": 34, ""role_mainplot_role138.asl"": 34, ""role_mainplot_role139.asl"": 34, ""role_mainplot_role140.asl"": 34, ""role_mainplot_role141.asl"": 34, ""role_mainplot_role142.asl"": 34, ""role_mainplot_role143.asl"": 34, ""role_mainplot_role144.asl"": 34, ""role_mainplot_role145.asl"": 34, ""role_mainplot_role146.asl"": 34, ""role_mainplot_role147.asl"": 34, ""role_mainplot_role148.asl"": 34, ""role_mainplot_role149.asl"": 34, ""role_mainplot_role150.asl"": 34, ""role_mainplot_role151.asl"": 34, ""role_mainplot_role152.asl"": 34, ""role_mainplot_role153.asl"": 34, ""role_mainplot_role154.asl"": 34, ""role_mainplot_role155.asl"": 34, ""role_mainplot_role156.asl"": 34, ""role_mainplot_role157.asl"": 34, ""role_mainplot_role158.asl"": 34, ""role_mainplot_role159.asl"": 34, ""role_mainplot_role160.asl"": 34, ""role_mainplot_role161.asl"": 34, ""role_mainplot_role162.asl"": 34, ""role_mainplot_role163.asl"": 34, ""role_mainplot_role164.asl"": 34, ""role_mainplot_role165.asl"": 34, ""role_mainplot_role166.asl"": 34, ""role_mainplot_role167.asl"": 34, ""role_mainplot_role168.asl"": 34, ""role_mainplot_role169.asl"": 34, ""role_mainplot_role170.asl"": 34, ""role_mainplot_role171.asl"": 34, ""role_mainplot_role172.asl"": 34, ""role_mainplot_role173.asl"": 34, ""role_mainplot_role174.asl"": 34, ""role_mainplot_role175.asl"": 34, ""role_mainplot_role176.asl"": 34, ""role_mainplot_role177.asl"": 34, ""role_mainplot_role178.asl"": 34, ""role_mainplot_role179.asl"": 34, ""role_mainplot_role180.asl"": 34, ""role_mainplot_role181.asl"": 34, ""role_mainplot_role182.asl"": 34, ""role_mainplot_role183.asl"": 34, ""role_mainplot_role184.asl"": 34, ""role_mainplot_role185.asl"": 34, ""role_mainplot_role186.asl"": 34, ""role_mainplot_role187.asl"": 34, ""role_mainplot_role188.asl"": 34, ""role_mainplot_role189.asl"": 34, ""role_mainplot_role190.asl"": 34, ""role_mainplot_role191.asl"": 34, ""role_mainplot_role192.asl"": 34, ""role_mainplot_role193.asl"": 34, ""role_mainplot_role194.asl"": 34, ""role_mainplot_role195.asl"": 34, ""role_mainplot_role196.asl"": 34, ""role_mainplot_role197.asl"": 34, ""role_mainplot_role198.asl"": 34, ""role_mainplot_role199.asl"": 34, ""role_mainplot_role200.asl"": 34, ""role_mainplot_role201.asl"": 34, ""role_mainplot_role202.asl"": 34, ""role_mainplot_role203.asl"": 34, ""role_mainplot_role204.asl"": 34, ""role_mainplot_role205.asl"": 34, ""role_mainplot_role206.asl"": 34, ""role_mainplot_role207.asl"": 34, ""role_mainplot_role208.asl"": 34, ""role_mainplot_role209.asl"": 34, ""role_mainplot_role210.asl"": 34, ""role_mainplot_role211.asl"": 34, ""role_mainplot_role212.asl"": 34, ""role_mainplot_role213.asl"": 34, ""role_mainplot_role214.asl"": 34, ""role_mainplot_role215.asl"": 34, ""role_mainplot_role216.asl"": 34, ""role_mainplot_role217.asl"": 34, ""role_mainplot_role218.asl"": 34, ""role_mainplot_role219.asl"": 34, ""role_mainplot_role220.asl"": 34, ""role_mainplot_role221.asl"": 34, ""role_mainplot_role222.asl"": 34, ""role_mainplot_role223.asl"": 34, ""role_mainplot_role224.asl"": 34, ""role_mainplot_role225.asl"": 34, ""role_mainplot_role226.asl"": 34, ""role_mainplot_role227.asl"": 34, ""role_mainplot_role228.asl"": 34, ""role_mainplot_role229.asl"": 34, ""role_mainplot_role230.asl"": 34, ""role_mainplot_role231.asl"": 34, ""role_mainplot_role232.asl"": 34, ""role_mainplot_role233.asl"": 34, ""role_mainplot_role234.asl"": 34, ""role_mainplot_role235.asl"": 34, ""role_mainplot_role236.asl"": 34, ""role_mainplot_role237.asl"": 34, ""role_mainplot_role238.asl"": 34, ""role_mainplot_role239.asl"": 34, ""role_mainplot_role240.asl"": 34, ""role_mainplot_role241.asl"": 34, ""role_mainplot_role242.asl"": 34, ""role_mainplot_role243.asl"": 34, ""role_mainplot_role244.asl"": 34, ""role_mainplot_role245.asl"": 34, ""role_mainplot_role246.asl"": 34, ""role_mainplot_role247.asl"": 34, ""role_mainplot_role248.asl"": 34, ""role_mainplot_role249.asl"": 34}",5.4927145169994605,0.08985018299790681,0.0031931189987517428,3.1637191772460938,True,7,0
scale_roles,33,Linux 7.1.9-arch1-2,x86_64,24,30.45,3.14.7,10,10,5,2,2,1,2,250,2,0,0,42,1853,62747,253,10178,"{""playbook_playbook0.asl"": 26, ""playbook_playbook1.asl"": 26, ""director_mainplot.asl"": 1626, ""role_mainplot_role0.asl"": 34, ""role_mainplot_role1.asl"": 34, ""role_mainplot_role2.asl"": 34, ""role_mainplot_role3.asl"": 34, ""role_mainplot_role4.asl"": 34, ""role_mainplot_role5.asl"": 34, ""role_mainplot_role6.asl"": 34, ""role_mainplot_role7.asl"": 34, ""role_mainplot_role8.asl"": 34, ""role_mainplot_role9.asl"": 34, ""role_mainplot_role10.asl"": 34, ""role_mainplot_role11.asl"": 34, ""role_mainplot_role12.asl"": 34, ""role_mainplot_role13.asl"": 34, ""role_mainplot_role14.asl"": 34, ""role_mainplot_role15.asl"": 34, ""role_mainplot_role16.asl"": 34, ""role_mainplot_role17.asl"": 34, ""role_mainplot_role18.asl"": 34, ""role_mainplot_role19.asl"": 34, ""role_mainplot_role20.asl"": 34, ""role_mainplot_role21.asl"": 34, ""role_mainplot_role22.asl"": 34, ""role_mainplot_role23.asl"": 34, ""role_mainplot_role24.asl"": 34, ""role_mainplot_role25.asl"": 34, ""role_mainplot_role26.asl"": 34, ""role_mainplot_role27.asl"": 34, ""role_mainplot_role28.asl"": 34, ""role_mainplot_role29.asl"": 34, ""role_mainplot_role30.asl"": 34, ""role_mainplot_role31.asl"": 34, ""role_mainplot_role32.asl"": 34, ""role_mainplot_role33.asl"": 34, ""role_mainplot_role34.asl"": 34, ""role_mainplot_role35.asl"": 34, ""role_mainplot_role36.asl"": 34, ""role_mainplot_role37.asl"": 34, ""role_mainplot_role38.asl"": 34, ""role_mainplot_role39.asl"": 34, ""role_mainplot_role40.asl"": 34, ""role_mainplot_role41.asl"": 34, ""role_mainplot_role42.asl"": 34, ""role_mainplot_role43.asl"": 34, ""role_mainplot_role44.asl"": 34, ""role_mainplot_role45.asl"": 34, ""role_mainplot_role46.asl"": 34, ""role_mainplot_role47.asl"": 34, ""role_mainplot_role48.asl"": 34, ""role_mainplot_role49.asl"": 34, ""role_mainplot_role50.asl"": 34, ""role_mainplot_role51.asl"": 34, ""role_mainplot_role52.asl"": 34, ""role_mainplot_role53.asl"": 34, ""role_mainplot_role54.asl"": 34, ""role_mainplot_role55.asl"": 34, ""role_mainplot_role56.asl"": 34, ""role_mainplot_role57.asl"": 34, ""role_mainplot_role58.asl"": 34, ""role_mainplot_role59.asl"": 34, ""role_mainplot_role60.asl"": 34, ""role_mainplot_role61.asl"": 34, ""role_mainplot_role62.asl"": 34, ""role_mainplot_role63.asl"": 34, ""role_mainplot_role64.asl"": 34, ""role_mainplot_role65.asl"": 34, ""role_mainplot_role66.asl"": 34, ""role_mainplot_role67.asl"": 34, ""role_mainplot_role68.asl"": 34, ""role_mainplot_role69.asl"": 34, ""role_mainplot_role70.asl"": 34, ""role_mainplot_role71.asl"": 34, ""role_mainplot_role72.asl"": 34, ""role_mainplot_role73.asl"": 34, ""role_mainplot_role74.asl"": 34, ""role_mainplot_role75.asl"": 34, ""role_mainplot_role76.asl"": 34, ""role_mainplot_role77.asl"": 34, ""role_mainplot_role78.asl"": 34, ""role_mainplot_role79.asl"": 34, ""role_mainplot_role80.asl"": 34, ""role_mainplot_role81.asl"": 34, ""role_mainplot_role82.asl"": 34, ""role_mainplot_role83.asl"": 34, ""role_mainplot_role84.asl"": 34, ""role_mainplot_role85.asl"": 34, ""role_mainplot_role86.asl"": 34, ""role_mainplot_role87.asl"": 34, ""role_mainplot_role88.asl"": 34, ""role_mainplot_role89.asl"": 34, ""role_mainplot_role90.asl"": 34, ""role_mainplot_role91.asl"": 34, ""role_mainplot_role92.asl"": 34, ""role_mainplot_role93.asl"": 34, ""role_mainplot_role94.asl"": 34, ""role_mainplot_role95.asl"": 34, ""role_mainplot_role96.asl"": 34, ""role_mainplot_role97.asl"": 34, ""role_mainplot_role98.asl"": 34, ""role_mainplot_role99.asl"": 34, ""role_mainplot_role100.asl"": 34, ""role_mainplot_role101.asl"": 34, ""role_mainplot_role102.asl"": 34, ""role_mainplot_role103.asl"": 34, ""role_mainplot_role104.asl"": 34, ""role_mainplot_role105.asl"": 34, ""role_mainplot_role106.asl"": 34, ""role_mainplot_role107.asl"": 34, ""role_mainplot_role108.asl"": 34, ""role_mainplot_role109.asl"": 34, ""role_mainplot_role110.asl"": 34, ""role_mainplot_role111.asl"": 34, ""role_mainplot_role112.asl"": 34, ""role_mainplot_role113.asl"": 34, ""role_mainplot_role114.asl"": 34, ""role_mainplot_role115.asl"": 34, ""role_mainplot_role116.asl"": 34, ""role_mainplot_role117.asl"": 34, ""role_mainplot_role118.asl"": 34, ""role_mainplot_role119.asl"": 34, ""role_mainplot_role120.asl"": 34, ""role_mainplot_role121.asl"": 34, ""role_mainplot_role122.asl"": 34, ""role_mainplot_role123.asl"": 34, ""role_mainplot_role124.asl"": 34, ""role_mainplot_role125.asl"": 34, ""role_mainplot_role126.asl"": 34, ""role_mainplot_role127.asl"": 34, ""role_mainplot_role128.asl"": 34, ""role_mainplot_role129.asl"": 34, ""role_mainplot_role130.asl"": 34, ""role_mainplot_role131.asl"": 34, ""role_mainplot_role132.asl"": 34, ""role_mainplot_role133.asl"": 34, ""role_mainplot_role134.asl"": 34, ""role_mainplot_role135.asl"": 34, ""role_mainplot_role136.asl"": 34, ""role_mainplot_role137.asl"": 34, ""role_mainplot_role138.asl"": 34, ""role_mainplot_role139.asl"": 34, ""role_mainplot_role140.asl"": 34, ""role_mainplot_role141.asl"": 34, ""role_mainplot_role142.asl"": 34, ""role_mainplot_role143.asl"": 34, ""role_mainplot_role144.asl"": 34, ""role_mainplot_role145.asl"": 34, ""role_mainplot_role146.asl"": 34, ""role_mainplot_role147.asl"": 34, ""role_mainplot_role148.asl"": 34, ""role_mainplot_role149.asl"": 34, ""role_mainplot_role150.asl"": 34, ""role_mainplot_role151.asl"": 34, ""role_mainplot_role152.asl"": 34, ""role_mainplot_role153.asl"": 34, ""role_mainplot_role154.asl"": 34, ""role_mainplot_role155.asl"": 34, ""role_mainplot_role156.asl"": 34, ""role_mainplot_role157.asl"": 34, ""role_mainplot_role158.asl"": 34, ""role_mainplot_role159.asl"": 34, ""role_mainplot_role160.asl"": 34, ""role_mainplot_role161.asl"": 34, ""role_mainplot_role162.asl"": 34, ""role_mainplot_role163.asl"": 34, ""role_mainplot_role164.asl"": 34, ""role_mainplot_role165.asl"": 34, ""role_mainplot_role166.asl"": 34, ""role_mainplot_role167.asl"": 34, ""role_mainplot_role168.asl"": 34, ""role_mainplot_role169.asl"": 34, ""role_mainplot_role170.asl"": 34, ""role_mainplot_role171.asl"": 34, ""role_mainplot_role172.asl"": 34, ""role_mainplot_role173.asl"": 34, ""role_mainplot_role174.asl"": 34, ""role_mainplot_role175.asl"": 34, ""role_mainplot_role176.asl"": 34, ""role_mainplot_role177.asl"": 34, ""role_mainplot_role178.asl"": 34, ""role_mainplot_role179.asl"": 34, ""role_mainplot_role180.asl"": 34, ""role_mainplot_role181.asl"": 34, ""role_mainplot_role182.asl"": 34, ""role_mainplot_role183.asl"": 34, ""role_mainplot_role184.asl"": 34, ""role_mainplot_role185.asl"": 34, ""role_mainplot_role186.asl"": 34, ""role_mainplot_role187.asl"": 34, ""role_mainplot_role188.asl"": 34, ""role_mainplot_role189.asl"": 34, ""role_mainplot_role190.asl"": 34, ""role_mainplot_role191.asl"": 34, ""role_mainplot_role192.asl"": 34, ""role_mainplot_role193.asl"": 34, ""role_mainplot_role194.asl"": 34, ""role_mainplot_role195.asl"": 34, ""role_mainplot_role196.asl"": 34, ""role_mainplot_role197.asl"": 34, ""role_mainplot_role198.asl"": 34, ""role_mainplot_role199.asl"": 34, ""role_mainplot_role200.asl"": 34, ""role_mainplot_role201.asl"": 34, ""role_mainplot_role202.asl"": 34, ""role_mainplot_role203.asl"": 34, ""role_mainplot_role204.asl"": 34, ""role_mainplot_role205.asl"": 34, ""role_mainplot_role206.asl"": 34, ""role_mainplot_role207.asl"": 34, ""role_mainplot_role208.asl"": 34, ""role_mainplot_role209.asl"": 34, ""role_mainplot_role210.asl"": 34, ""role_mainplot_role211.asl"": 34, ""role_mainplot_role212.asl"": 34, ""role_mainplot_role213.asl"": 34, ""role_mainplot_role214.asl"": 34, ""role_mainplot_role215.asl"": 34, ""role_mainplot_role216.asl"": 34, ""role_mainplot_role217.asl"": 34, ""role_mainplot_role218.asl"": 34, ""role_mainplot_role219.asl"": 34, ""role_mainplot_role220.asl"": 34, ""role_mainplot_role221.asl"": 34, ""role_mainplot_role222.asl"": 34, ""role_mainplot_role223.asl"": 34, ""role_mainplot_role224.asl"": 34, ""role_mainplot_role225.asl"": 34, ""role_mainplot_role226.asl"": 34, ""role_mainplot_role227.asl"": 34, ""role_mainplot_role228.asl"": 34, ""role_mainplot_role229.asl"": 34, ""role_mainplot_role230.asl"": 34, ""role_mainplot_role231.asl"": 34, ""role_mainplot_role232.asl"": 34, ""role_mainplot_role233.asl"": 34, ""role_mainplot_role234.asl"": 34, ""role_mainplot_role235.asl"": 34, ""role_mainplot_role236.asl"": 34, ""role_mainplot_role237.asl"": 34, ""role_mainplot_role238.asl"": 34, ""role_mainplot_role239.asl"": 34, ""role_mainplot_role240.asl"": 34, ""role_mainplot_role241.asl"": 34, ""role_mainplot_role242.asl"": 34, ""role_mainplot_role243.asl"": 34, ""role_mainplot_role244.asl"": 34, ""role_mainplot_role245.asl"": 34, ""role_mainplot_role246.asl"": 34, ""role_mainplot_role247.asl"": 34, ""role_mainplot_role248.asl"": 34, ""role_mainplot_role249.asl"": 34}",5.4927145169994605,0.08889672700024676,0.0032065879968286026,3.1637191772460938,True,7,0
scale_roles,34,Linux 7.1.9-arch1-2,x86_64,24,30.45,3.14.7,10,10,5,2,2,1,2,250,2,0,0,42,1853,62747,253,10178,"{""playbook_playbook0.asl"": 26, ""playbook_playbook1.asl"": 26, ""director_mainplot.asl"": 1626, ""role_mainplot_role0.asl"": 34, ""role_mainplot_role1.asl"": 34, ""role_mainplot_role2.asl"": 34, ""role_mainplot_role3.asl"": 34, ""role_mainplot_role4.asl"": 34, ""role_mainplot_role5.asl"": 34, ""role_mainplot_role6.asl"": 34, ""role_mainplot_role7.asl"": 34, ""role_mainplot_role8.asl"": 34, ""role_mainplot_role9.asl"": 34, ""role_mainplot_role10.asl"": 34, ""role_mainplot_role11.asl"": 34, ""role_mainplot_role12.asl"": 34, ""role_mainplot_role13.asl"": 34, ""role_mainplot_role14.asl"": 34, ""role_mainplot_role15.asl"": 34, ""role_mainplot_role16.asl"": 34, ""role_mainplot_role17.asl"": 34, ""role_mainplot_role18.asl"": 34, ""role_mainplot_role19.asl"": 34, ""role_mainplot_role20.asl"": 34, ""role_mainplot_role21.asl"": 34, ""role_mainplot_role22.asl"": 34, ""role_mainplot_role23.asl"": 34, ""role_mainplot_role24.asl"": 34, ""role_mainplot_role25.asl"": 34, ""role_mainplot_role26.asl"": 34, ""role_mainplot_role27.asl"": 34, ""role_mainplot_role28.asl"": 34, ""role_mainplot_role29.asl"": 34, ""role_mainplot_role30.asl"": 34, ""role_mainplot_role31.asl"": 34, ""role_mainplot_role32.asl"": 34, ""role_mainplot_role33.asl"": 34, ""role_mainplot_role34.asl"": 34, ""role_mainplot_role35.asl"": 34, ""role_mainplot_role36.asl"": 34, ""role_mainplot_role37.asl"": 34, ""role_mainplot_role38.asl"": 34, ""role_mainplot_role39.asl"": 34, ""role_mainplot_role40.asl"": 34, ""role_mainplot_role41.asl"": 34, ""role_mainplot_role42.asl"": 34, ""role_mainplot_role43.asl"": 34, ""role_mainplot_role44.asl"": 34, ""role_mainplot_role45.asl"": 34, ""role_mainplot_role46.asl"": 34, ""role_mainplot_role47.asl"": 34, ""role_mainplot_role48.asl"": 34, ""role_mainplot_role49.asl"": 34, ""role_mainplot_role50.asl"": 34, ""role_mainplot_role51.asl"": 34, ""role_mainplot_role52.asl"": 34, ""role_mainplot_role53.asl"": 34, ""role_mainplot_role54.asl"": 34, ""role_mainplot_role55.asl"": 34, ""role_mainplot_role56.asl"": 34, ""role_mainplot_role57.asl"": 34, ""role_mainplot_role58.asl"": 34, ""role_mainplot_role59.asl"": 34, ""role_mainplot_role60.asl"": 34, ""role_mainplot_role61.asl"": 34, ""role_mainplot_role62.asl"": 34, ""role_mainplot_role63.asl"": 34, ""role_mainplot_role64.asl"": 34, ""role_mainplot_role65.asl"": 34, ""role_mainplot_role66.asl"": 34, ""role_mainplot_role67.asl"": 34, ""role_mainplot_role68.asl"": 34, ""role_mainplot_role69.asl"": 34, ""role_mainplot_role70.asl"": 34, ""role_mainplot_role71.asl"": 34, ""role_mainplot_role72.asl"": 34, ""role_mainplot_role73.asl"": 34, ""role_mainplot_role74.asl"": 34, ""role_mainplot_role75.asl"": 34, ""role_mainplot_role76.asl"": 34, ""role_mainplot_role77.asl"": 34, ""role_mainplot_role78.asl"": 34, ""role_mainplot_role79.asl"": 34, ""role_mainplot_role80.asl"": 34, ""role_mainplot_role81.asl"": 34, ""role_mainplot_role82.asl"": 34, ""role_mainplot_role83.asl"": 34, ""role_mainplot_role84.asl"": 34, ""role_mainplot_role85.asl"": 34, ""role_mainplot_role86.asl"": 34, ""role_mainplot_role87.asl"": 34, ""role_mainplot_role88.asl"": 34, ""role_mainplot_role89.asl"": 34, ""role_mainplot_role90.asl"": 34, ""role_mainplot_role91.asl"": 34, ""role_mainplot_role92.asl"": 34, ""role_mainplot_role93.asl"": 34, ""role_mainplot_role94.asl"": 34, ""role_mainplot_role95.asl"": 34, ""role_mainplot_role96.asl"": 34, ""role_mainplot_role97.asl"": 34, ""role_mainplot_role98.asl"": 34, ""role_mainplot_role99.asl"": 34, ""role_mainplot_role100.asl"": 34, ""role_mainplot_role101.asl"": 34, ""role_mainplot_role102.asl"": 34, ""role_mainplot_role103.asl"": 34, ""role_mainplot_role104.asl"": 34, ""role_mainplot_role105.asl"": 34, ""role_mainplot_role106.asl"": 34, ""role_mainplot_role107.asl"": 34, ""role_mainplot_role108.asl"": 34, ""role_mainplot_role109.asl"": 34, ""role_mainplot_role110.asl"": 34, ""role_mainplot_role111.asl"": 34, ""role_mainplot_role112.asl"": 34, ""role_mainplot_role113.asl"": 34, ""role_mainplot_role114.asl"": 34, ""role_mainplot_role115.asl"": 34, ""role_mainplot_role116.asl"": 34, ""role_mainplot_role117.asl"": 34, ""role_mainplot_role118.asl"": 34, ""role_mainplot_role119.asl"": 34, ""role_mainplot_role120.asl"": 34, ""role_mainplot_role121.asl"": 34, ""role_mainplot_role122.asl"": 34, ""role_mainplot_role123.asl"": 34, ""role_mainplot_role124.asl"": 34, ""role_mainplot_role125.asl"": 34, ""role_mainplot_role126.asl"": 34, ""role_mainplot_role127.asl"": 34, ""role_mainplot_role128.asl"": 34, ""role_mainplot_role129.asl"": 34, ""role_mainplot_role130.asl"": 34, ""role_mainplot_role131.asl"": 34, ""role_mainplot_role132.asl"": 34, ""role_mainplot_role133.asl"": 34, ""role_mainplot_role134.asl"": 34, ""role_mainplot_role135.asl"": 34, ""role_mainplot_role136.asl"": 34, ""role_mainplot_role137.asl"": 34, ""role_mainplot_role138.asl"": 34, ""role_mainplot_role139.asl"": 34, ""role_mainplot_role140.asl"": 34, ""role_mainplot_role141.asl"": 34, ""role_mainplot_role142.asl"": 34, ""role_mainplot_role143.asl"": 34, ""role_mainplot_role144.asl"": 34, ""role_mainplot_role145.asl"": 34, ""role_mainplot_role146.asl"": 34, ""role_mainplot_role147.asl"": 34, ""role_mainplot_role148.asl"": 34, ""role_mainplot_role149.asl"": 34, ""role_mainplot_role150.asl"": 34, ""role_mainplot_role151.asl"": 34, ""role_mainplot_role152.asl"": 34, ""role_mainplot_role153.asl"": 34, ""role_mainplot_role154.asl"": 34, ""role_mainplot_role155.asl"": 34, ""role_mainplot_role156.asl"": 34, ""role_mainplot_role157.asl"": 34, ""role_mainplot_role158.asl"": 34, ""role_mainplot_role159.asl"": 34, ""role_mainplot_role160.asl"": 34, ""role_mainplot_role161.asl"": 34, ""role_mainplot_role162.asl"": 34, ""role_mainplot_role163.asl"": 34, ""role_mainplot_role164.asl"": 34, ""role_mainplot_role165.asl"": 34, ""role_mainplot_role166.asl"": 34, ""role_mainplot_role167.asl"": 34, ""role_mainplot_role168.asl"": 34, ""role_mainplot_role169.asl"": 34, ""role_mainplot_role170.asl"": 34, ""role_mainplot_role171.asl"": 34, ""role_mainplot_role172.asl"": 34, ""role_mainplot_role173.asl"": 34, ""role_mainplot_role174.asl"": 34, ""role_mainplot_role175.asl"": 34, ""role_mainplot_role176.asl"": 34, ""role_mainplot_role177.asl"": 34, ""role_mainplot_role178.asl"": 34, ""role_mainplot_role179.asl"": 34, ""role_mainplot_role180.asl"": 34, ""role_mainplot_role181.asl"": 34, ""role_mainplot_role182.asl"": 34, ""role_mainplot_role183.asl"": 34, ""role_mainplot_role184.asl"": 34, ""role_mainplot_role185.asl"": 34, ""role_mainplot_role186.asl"": 34, ""role_mainplot_role187.asl"": 34, ""role_mainplot_role188.asl"": 34, ""role_mainplot_role189.asl"": 34, ""role_mainplot_role190.asl"": 34, ""role_mainplot_role191.asl"": 34, ""role_mainplot_role192.asl"": 34, ""role_mainplot_role193.asl"": 34, ""role_mainplot_role194.asl"": 34, ""role_mainplot_role195.asl"": 34, ""role_mainplot_role196.asl"": 34, ""role_mainplot_role197.asl"": 34, ""role_mainplot_role198.asl"": 34, ""role_mainplot_role199.asl"": 34, ""role_mainplot_role200.asl"": 34, ""role_mainplot_role201.asl"": 34, ""role_mainplot_role202.asl"": 34, ""role_mainplot_role203.asl"": 34, ""role_mainplot_role204.asl"": 34, ""role_mainplot_role205.asl"": 34, ""role_mainplot_role206.asl"": 34, ""role_mainplot_role207.asl"": 34, ""role_mainplot_role208.asl"": 34, ""role_mainplot_role209.asl"": 34, ""role_mainplot_role210.asl"": 34, ""role_mainplot_role211.asl"": 34, ""role_mainplot_role212.asl"": 34, ""role_mainplot_role213.asl"": 34, ""role_mainplot_role214.asl"": 34, ""role_mainplot_role215.asl"": 34, ""role_mainplot_role216.asl"": 34, ""role_mainplot_role217.asl"": 34, ""role_mainplot_role218.asl"": 34, ""role_mainplot_role219.asl"": 34, ""role_mainplot_role220.asl"": 34, ""role_mainplot_role221.asl"": 34, ""role_mainplot_role222.asl"": 34, ""role_mainplot_role223.asl"": 34, ""role_mainplot_role224.asl"": 34, ""role_mainplot_role225.asl"": 34, ""role_mainplot_role226.asl"": 34, ""role_mainplot_role227.asl"": 34, ""role_mainplot_role228.asl"": 34, ""role_mainplot_role229.asl"": 34, ""role_mainplot_role230.asl"": 34, ""role_mainplot_role231.asl"": 34, ""role_mainplot_role232.asl"": 34, ""role_mainplot_role233.asl"": 34, ""role_mainplot_role234.asl"": 34, ""role_mainplot_role235.asl"": 34, ""role_mainplot_role236.asl"": 34, ""role_mainplot_role237.asl"": 34, ""role_mainplot_role238.asl"": 34, ""role_mainplot_role239.asl"": 34, ""role_mainplot_role240.asl"": 34, ""role_mainplot_role241.asl"": 34, ""role_mainplot_role242.asl"": 34, ""role_mainplot_role243.asl"": 34, ""role_mainplot_role244.asl"": 34, ""role_mainplot_role245.asl"": 34, ""role_mainplot_role246.asl"": 34, ""role_mainplot_role247.asl"": 34, ""role_mainplot_role248.asl"": 34, ""role_mainplot_role249.asl"": 34}",5.4927145169994605,0.08875321699815686,0.003188119000697043,3.1637191772460938,True,7,0
scale_roles,35,Linux 7.1.9-arch1-2,x86_64,24,30.45,3.14.7,10,10,5,2,2,1,2,500,2,0,0,42,3603,124247,503,20178,"{""playbook_playbook0.asl"": 26, ""playbook_playbook1.asl"": 26, ""director_mainplot.asl"": 3126, ""role_mainplot_role0.asl"": 34, ""role_mainplot_role1.asl"": 34, ""role_mainplot_role2.asl"": 34, ""role_mainplot_role3.asl"": 34, ""role_mainplot_role4.asl"": 34, ""role_mainplot_role5.asl"": 34, ""role_mainplot_role6.asl"": 34, ""role_mainplot_role7.asl"": 34, ""role_mainplot_role8.asl"": 34, ""role_mainplot_role9.asl"": 34, ""role_mainplot_role10.asl"": 34, ""role_mainplot_role11.asl"": 34, ""role_mainplot_role12.asl"": 34, ""role_mainplot_role13.asl"": 34, ""role_mainplot_role14.asl"": 34, ""role_mainplot_role15.asl"": 34, ""role_mainplot_role16.asl"": 34, ""role_mainplot_role17.asl"": 34, ""role_mainplot_role18.asl"": 34, ""role_mainplot_role19.asl"": 34, ""role_mainplot_role20.asl"": 34, ""role_mainplot_role21.asl"": 34, ""role_mainplot_role22.asl"": 34, ""role_mainplot_role23.asl"": 34, ""role_mainplot_role24.asl"": 34, ""role_mainplot_role25.asl"": 34, ""role_mainplot_role26.asl"": 34, ""role_mainplot_role27.asl"": 34, ""role_mainplot_role28.asl"": 34, ""role_mainplot_role29.asl"": 34, ""role_mainplot_role30.asl"": 34, ""role_mainplot_role31.asl"": 34, ""role_mainplot_role32.asl"": 34, ""role_mainplot_role33.asl"": 34, ""role_mainplot_role34.asl"": 34, ""role_mainplot_role35.asl"": 34, ""role_mainplot_role36.asl"": 34, ""role_mainplot_role37.asl"": 34, ""role_mainplot_role38.asl"": 34, ""role_mainplot_role39.asl"": 34, ""role_mainplot_role40.asl"": 34, ""role_mainplot_role41.asl"": 34, ""role_mainplot_role42.asl"": 34, ""role_mainplot_role43.asl"": 34, ""role_mainplot_role44.asl"": 34, ""role_mainplot_role45.asl"": 34, ""role_mainplot_role46.asl"": 34, ""role_mainplot_role47.asl"": 34, ""role_mainplot_role48.asl"": 34, ""role_mainplot_role49.asl"": 34, ""role_mainplot_role50.asl"": 34, ""role_mainplot_role51.asl"": 34, ""role_mainplot_role52.asl"": 34, ""role_mainplot_role53.asl"": 34, ""role_mainplot_role54.asl"": 34, ""role_mainplot_role55.asl"": 34, ""role_mainplot_role56.asl"": 34, ""role_mainplot_role57.asl"": 34, ""role_mainplot_role58.asl"": 34, ""role_mainplot_role59.asl"": 34, ""role_mainplot_role60.asl"": 34, ""role_mainplot_role61.asl"": 34, ""role_mainplot_role62.asl"": 34, ""role_mainplot_role63.asl"": 34, ""role_mainplot_role64.asl"": 34, ""role_mainplot_role65.asl"": 34, ""role_mainplot_role66.asl"": 34, ""role_mainplot_role67.asl"": 34, ""role_mainplot_role68.asl"": 34, ""role_mainplot_role69.asl"": 34, ""role_mainplot_role70.asl"": 34, ""role_mainplot_role71.asl"": 34, ""role_mainplot_role72.asl"": 34, ""role_mainplot_role73.asl"": 34, ""role_mainplot_role74.asl"": 34, ""role_mainplot_role75.asl"": 34, ""role_mainplot_role76.asl"": 34, ""role_mainplot_role77.asl"": 34, ""role_mainplot_role78.asl"": 34, ""role_mainplot_role79.asl"": 34, ""role_mainplot_role80.asl"": 34, ""role_mainplot_role81.asl"": 34, ""role_mainplot_role82.asl"": 34, ""role_mainplot_role83.asl"": 34, ""role_mainplot_role84.asl"": 34, ""role_mainplot_role85.asl"": 34, ""role_mainplot_role86.asl"": 34, ""role_mainplot_role87.asl"": 34, ""role_mainplot_role88.asl"": 34, ""role_mainplot_role89.asl"": 34, ""role_mainplot_role90.asl"": 34, ""role_mainplot_role91.asl"": 34, ""role_mainplot_role92.asl"": 34, ""role_mainplot_role93.asl"": 34, ""role_mainplot_role94.asl"": 34, ""role_mainplot_role95.asl"": 34, ""role_mainplot_role96.asl"": 34, ""role_mainplot_role97.asl"": 34, ""role_mainplot_role98.asl"": 34, ""role_mainplot_role99.asl"": 34, ""role_mainplot_role100.asl"": 34, ""role_mainplot_role101.asl"": 34, ""role_mainplot_role102.asl"": 34, ""role_mainplot_role103.asl"": 34, ""role_mainplot_role104.asl"": 34, ""role_mainplot_role105.asl"": 34, ""role_mainplot_role106.asl"": 34, ""role_mainplot_role107.asl"": 34, ""role_mainplot_role108.asl"": 34, ""role_mainplot_role109.asl"": 34, ""role_mainplot_role110.asl"": 34, ""role_mainplot_role111.asl"": 34, ""role_mainplot_role112.asl"": 34, ""role_mainplot_role113.asl"": 34, ""role_mainplot_role114.asl"": 34, ""role_mainplot_role115.asl"": 34, ""role_mainplot_role116.asl"": 34, ""role_mainplot_role117.asl"": 34, ""role_mainplot_role118.asl"": 34, ""role_mainplot_role119.asl"": 34, ""role_mainplot_role120.asl"": 34, ""role_mainplot_role121.asl"": 34, ""role_mainplot_role122.asl"": 34, ""role_mainplot_role123.asl"": 34, ""role_mainplot_role124.asl"": 34, ""role_mainplot_role125.asl"": 34, ""role_mainplot_role126.asl"": 34, ""role_mainplot_role127.asl"": 34, ""role_mainplot_role128.asl"": 34, ""role_mainplot_role129.asl"": 34, ""role_mainplot_role130.asl"": 34, ""role_mainplot_role131.asl"": 34, ""role_mainplot_role132.asl"": 34, ""role_mainplot_role133.asl"": 34, ""role_mainplot_role134.asl"": 34, ""role_mainplot_role135.asl"": 34, ""role_mainplot_role136.asl"": 34, ""role_mainplot_role137.asl"": 34, ""role_mainplot_role138.asl"": 34, ""role_mainplot_role139.asl"": 34, ""role_mainplot_role140.asl"": 34, ""role_mainplot_role141.asl"": 34, ""role_mainplot_role142.asl"": 34, ""role_mainplot_role143.asl"": 34, ""role_mainplot_role144.asl"": 34, ""role_mainplot_role145.asl"": 34, ""role_mainplot_role146.asl"": 34, ""role_mainplot_role147.asl"": 34, ""role_mainplot_role148.asl"": 34, ""role_mainplot_role149.asl"": 34, ""role_mainplot_role150.asl"": 34, ""role_mainplot_role151.asl"": 34, ""role_mainplot_role152.asl"": 34, ""role_mainplot_role153.asl"": 34, ""role_mainplot_role154.asl"": 34, ""role_mainplot_role155.asl"": 34, ""role_mainplot_role156.asl"": 34, ""role_mainplot_role157.asl"": 34, ""role_mainplot_role158.asl"": 34, ""role_mainplot_role159.asl"": 34, ""role_mainplot_role160.asl"": 34, ""role_mainplot_role161.asl"": 34, ""role_mainplot_role162.asl"": 34, ""role_mainplot_role163.asl"": 34, ""role_mainplot_role164.asl"": 34, ""role_mainplot_role165.asl"": 34, ""role_mainplot_role166.asl"": 34, ""role_mainplot_role167.asl"": 34, ""role_mainplot_role168.asl"": 34, ""role_mainplot_role169.asl"": 34, ""role_mainplot_role170.asl"": 34, ""role_mainplot_role171.asl"": 34, ""role_mainplot_role172.asl"": 34, ""role_mainplot_role173.asl"": 34, ""role_mainplot_role174.asl"": 34, ""role_mainplot_role175.asl"": 34, ""role_mainplot_role176.asl"": 34, ""role_mainplot_role177.asl"": 34, ""role_mainplot_role178.asl"": 34, ""role_mainplot_role179.asl"": 34, ""role_mainplot_role180.asl"": 34, ""role_mainplot_role181.asl"": 34, ""role_mainplot_role182.asl"": 34, ""role_mainplot_role183.asl"": 34, ""role_mainplot_role184.asl"": 34, ""role_mainplot_role185.asl"": 34, ""role_mainplot_role186.asl"": 34, ""role_mainplot_role187.asl"": 34, ""role_mainplot_role188.asl"": 34, ""role_mainplot_role189.asl"": 34, ""role_mainplot_role190.asl"": 34, ""role_mainplot_role191.asl"": 34, ""role_mainplot_role192.asl"": 34, ""role_mainplot_role193.asl"": 34, ""role_mainplot_role194.asl"": 34, ""role_mainplot_role195.asl"": 34, ""role_mainplot_role196.asl"": 34, ""role_mainplot_role197.asl"": 34, ""role_mainplot_role198.asl"": 34, ""role_mainplot_role199.asl"": 34, ""role_mainplot_role200.asl"": 34, ""role_mainplot_role201.asl"": 34, ""role_mainplot_role202.asl"": 34, ""role_mainplot_role203.asl"": 34, ""role_mainplot_role204.asl"": 34, ""role_mainplot_role205.asl"": 34, ""role_mainplot_role206.asl"": 34, ""role_mainplot_role207.asl"": 34, ""role_mainplot_role208.asl"": 34, ""role_mainplot_role209.asl"": 34, ""role_mainplot_role210.asl"": 34, ""role_mainplot_role211.asl"": 34, ""role_mainplot_role212.asl"": 34, ""role_mainplot_role213.asl"": 34, ""role_mainplot_role214.asl"": 34, ""role_mainplot_role215.asl"": 34, ""role_mainplot_role216.asl"": 34, ""role_mainplot_role217.asl"": 34, ""role_mainplot_role218.asl"": 34, ""role_mainplot_role219.asl"": 34, ""role_mainplot_role220.asl"": 34, ""role_mainplot_role221.asl"": 34, ""role_mainplot_role222.asl"": 34, ""role_mainplot_role223.asl"": 34, ""role_mainplot_role224.asl"": 34, ""role_mainplot_role225.asl"": 34, ""role_mainplot_role226.asl"": 34, ""role_mainplot_role227.asl"": 34, ""role_mainplot_role228.asl"": 34, ""role_mainplot_role229.asl"": 34, ""role_mainplot_role230.asl"": 34, ""role_mainplot_role231.asl"": 34, ""role_mainplot_role232.asl"": 34, ""role_mainplot_role233.asl"": 34, ""role_mainplot_role234.asl"": 34, ""role_mainplot_role235.asl"": 34, ""role_mainplot_role236.asl"": 34, ""role_mainplot_role237.asl"": 34, ""role_mainplot_role238.asl"": 34, ""role_mainplot_role239.asl"": 34, ""role_mainplot_role240.asl"": 34, ""role_mainplot_role241.asl"": 34, ""role_mainplot_role242.asl"": 34, ""role_mainplot_role243.asl"": 34, ""role_mainplot_role244.asl"": 34, ""role_mainplot_role245.asl"": 34, ""role_mainplot_role246.asl"": 34, ""role_mainplot_role247.asl"": 34, ""role_mainplot_role248.asl"": 34, ""role_mainplot_role249.asl"": 34, ""role_mainplot_role250.asl"": 34, ""role_mainplot_role251.asl"": 34, ""role_mainplot_role252.asl"": 34, ""role_mainplot_role253.asl"": 34, ""role_mainplot_role254.asl"": 34, ""role_mainplot_role255.asl"": 34, ""role_mainplot_role256.asl"": 34, ""role_mainplot_role257.asl"": 34, ""role_mainplot_role258.asl"": 34, ""role_mainplot_role259.asl"": 34, ""role_mainplot_role260.asl"": 34, ""role_mainplot_role261.asl"": 34, ""role_mainplot_role262.asl"": 34, ""role_mainplot_role263.asl"": 34, ""role_mainplot_role264.asl"": 34, ""role_mainplot_role265.asl"": 34, ""role_mainplot_role266.asl"": 34, ""role_mainplot_role267.asl"": 34, ""role_mainplot_role268.asl"": 34, ""role_mainplot_role269.asl"": 34, ""role_mainplot_role270.asl"": 34, ""role_mainplot_role271.asl"": 34, ""role_mainplot_role272.asl"": 34, ""role_mainplot_role273.asl"": 34, ""role_mainplot_role274.asl"": 34, ""role_mainplot_role275.asl"": 34, ""role_mainplot_role276.asl"": 34, ""role_mainplot_role277.asl"": 34, ""role_mainplot_role278.asl"": 34, ""role_mainplot_role279.asl"": 34, ""role_mainplot_role280.asl"": 34, ""role_mainplot_role281.asl"": 34, ""role_mainplot_role282.asl"": 34, ""role_mainplot_role283.asl"": 34, ""role_mainplot_role284.asl"": 34, ""role_mainplot_role285.asl"": 34, ""role_mainplot_role286.asl"": 34, ""role_mainplot_role287.asl"": 34, ""role_mainplot_role288.asl"": 34, ""role_mainplot_role289.asl"": 34, ""role_mainplot_role290.asl"": 34, ""role_mainplot_role291.asl"": 34, ""role_mainplot_role292.asl"": 34, ""role_mainplot_role293.asl"": 34, ""role_mainplot_role294.asl"": 34, ""role_mainplot_role295.asl"": 34, ""role_mainplot_role296.asl"": 34, ""role_mainplot_role297.asl"": 34, ""role_mainplot_role298.asl"": 34, ""role_mainplot_role299.asl"": 34, ""role_mainplot_role300.asl"": 34, ""role_mainplot_role301.asl"": 34, ""role_mainplot_role302.asl"": 34, ""role_mainplot_role303.asl"": 34, ""role_mainplot_role304.asl"": 34, ""role_mainplot_role305.asl"": 34, ""role_mainplot_role306.asl"": 34, ""role_mainplot_role307.asl"": 34, ""role_mainplot_role308.asl"": 34, ""role_mainplot_role309.asl"": 34, ""role_mainplot_role310.asl"": 34, ""role_mainplot_role311.asl"": 34, ""role_mainplot_role312.asl"": 34, ""role_mainplot_role313.asl"": 34, ""role_mainplot_role314.asl"": 34, ""role_mainplot_role315.asl"": 34, ""role_mainplot_role316.asl"": 34, ""role_mainplot_role317.asl"": 34, ""role_mainplot_role318.asl"": 34, ""role_mainplot_role319.asl"": 34, ""role_mainplot_role320.asl"": 34, ""role_mainplot_role321.asl"": 34, ""role_mainplot_role322.asl"": 34, ""role_mainplot_role323.asl"": 34, ""role_mainplot_role324.asl"": 34, ""role_mainplot_role325.asl"": 34, ""role_mainplot_role326.asl"": 34, ""role_mainplot_role327.asl"": 34, ""role_mainplot_role328.asl"": 34, ""role_mainplot_role329.asl"": 34, ""role_mainplot_role330.asl"": 34, ""role_mainplot_role331.asl"": 34, ""role_mainplot_role332.asl"": 34, ""role_mainplot_role333.asl"": 34, ""role_mainplot_role334.asl"": 34, ""role_mainplot_role335.asl"": 34, ""role_mainplot_role336.asl"": 34, ""role_mainplot_role337.asl"": 34, ""role_mainplot_role338.asl"": 34, ""role_mainplot_role339.asl"": 34, ""role_mainplot_role340.asl"": 34, ""role_mainplot_role341.asl"": 34, ""role_mainplot_role342.asl"": 34, ""role_mainplot_role343.asl"": 34, ""role_mainplot_role344.asl"": 34, ""role_mainplot_role345.asl"": 34, ""role_mainplot_role346.asl"": 34, ""role_mainplot_role347.asl"": 34, ""role_mainplot_role348.asl"": 34, ""role_mainplot_role349.asl"": 34, ""role_mainplot_role350.asl"": 34, ""role_mainplot_role351.asl"": 34, ""role_mainplot_role352.asl"": 34, ""role_mainplot_role353.asl"": 34, ""role_mainplot_role354.asl"": 34, ""role_mainplot_role355.asl"": 34, ""role_mainplot_role356.asl"": 34, ""role_mainplot_role357.asl"": 34, ""role_mainplot_role358.asl"": 34, ""role_mainplot_role359.asl"": 34, ""role_mainplot_role360.asl"": 34, ""role_mainplot_role361.asl"": 34, ""role_mainplot_role362.asl"": 34, ""role_mainplot_role363.asl"": 34, ""role_mainplot_role364.asl"": 34, ""role_mainplot_role365.asl"": 34, ""role_mainplot_role366.asl"": 34, ""role_mainplot_role367.asl"": 34, ""role_mainplot_role368.asl"": 34, ""role_mainplot_role369.asl"": 34, ""role_mainplot_role370.asl"": 34, ""role_mainplot_role371.asl"": 34, ""role_mainplot_role372.asl"": 34, ""role_mainplot_role373.asl"": 34, ""role_mainplot_role374.asl"": 34, ""role_mainplot_role375.asl"": 34, ""role_mainplot_role376.asl"": 34, ""role_mainplot_role377.asl"": 34, ""role_mainplot_role378.asl"": 34, ""role_mainplot_role379.asl"": 34, ""role_mainplot_role380.asl"": 34, ""role_mainplot_role381.asl"": 34, ""role_mainplot_role382.asl"": 34, ""role_mainplot_role383.asl"": 34, ""role_mainplot_role384.asl"": 34, ""role_mainplot_role385.asl"": 34, ""role_mainplot_role386.asl"": 34, ""role_mainplot_role387.asl"": 34, ""role_mainplot_role388.asl"": 34, ""role_mainplot_role389.asl"": 34, ""role_mainplot_role390.asl"": 34, ""role_mainplot_role391.asl"": 34, ""role_mainplot_role392.asl"": 34, ""role_mainplot_role393.asl"": 34, ""role_mainplot_role394.asl"": 34, ""role_mainplot_role395.asl"": 34, ""role_mainplot_role396.asl"": 34, ""role_mainplot_role397.asl"": 34, ""role_mainplot_role398.asl"": 34, ""role_mainplot_role399.asl"": 34, ""role_mainplot_role400.asl"": 34, ""role_mainplot_role401.asl"": 34, ""role_mainplot_role402.asl"": 34, ""role_mainplot_role403.asl"": 34, ""role_mainplot_role404.asl"": 34, ""role_mainplot_role405.asl"": 34, ""role_mainplot_role406.asl"": 34, ""role_mainplot_role407.asl"": 34, ""role_mainplot_role408.asl"": 34, ""role_mainplot_role409.asl"": 34, ""role_mainplot_role410.asl"": 34, ""role_mainplot_role411.asl"": 34, ""role_mainplot_role412.asl"": 34, ""role_mainplot_role413.asl"": 34, ""role_mainplot_role414.asl"": 34, ""role_mainplot_role415.asl"": 34, ""role_mainplot_role416.asl"": 34, ""role_mainplot_role417.asl"": 34, ""role_mainplot_role418.asl"": 34, ""role_mainplot_role419.asl"": 34, ""role_mainplot_role420.asl"": 34, ""role_mainplot_role421.asl"": 34, ""role_mainplot_role422.asl"": 34, ""role_mainplot_role423.asl"": 34, ""role_mainplot_role424.asl"": 34, ""role_mainplot_role425.asl"": 34, ""role_mainplot_role426.asl"": 34, ""role_mainplot_role427.asl"": 34, ""role_mainplot_role428.asl"": 34, ""role_mainplot_role429.asl"": 34, ""role_mainplot_role430.asl"": 34, ""role_mainplot_role431.asl"": 34, ""role_mainplot_role432.asl"": 34, ""role_mainplot_role433.asl"": 34, ""role_mainplot_role434.asl"": 34, ""role_mainplot_role435.asl"": 34, ""role_mainplot_role436.asl"": 34, ""role_mainplot_role437.asl"": 34, ""role_mainplot_role438.asl"": 34, ""role_mainplot_role439.asl"": 34, ""role_mainplot_role440.asl"": 34, ""role_mainplot_role441.asl"": 34, ""role_mainplot_role442.asl"": 34, ""role_mainplot_role443.asl"": 34, ""role_mainplot_role444.asl"": 34, ""role_mainplot_role445.asl"": 34, ""role_mainplot_role446.asl"": 34, ""role_mainplot_role447.asl"": 34, ""role_mainplot_role448.asl"": 34, ""role_mainplot_role449.asl"": 34, ""role_mainplot_role450.asl"": 34, ""role_mainplot_role451.asl"": 34, ""role_mainplot_role452.asl"": 34, ""role_mainplot_role453.asl"": 34, ""role_mainplot_role454.asl"": 34, ""role_mainplot_role455.asl"": 34, ""role_mainplot_role456.asl"": 34, ""role_mainplot_role457.asl"": 34, ""role_mainplot_role458.asl"": 34, ""role_mainplot_role459.asl"": 34, ""role_mainplot_role460.asl"": 34, ""role_mainplot_role461.asl"": 34, ""role_mainplot_role462.asl"": 34, ""role_mainplot_role463.asl"": 34, ""role_mainplot_role464.asl"": 34, ""role_mainplot_role465.asl"": 34, ""role_mainplot_role466.asl"": 34, ""role_mainplot_role467.asl"": 34, ""role_mainplot_role468.asl"": 34, ""role_mainplot_role469.asl"": 34, ""role_mainplot_role470.asl"": 34, ""role_mainplot_role471.asl"": 34, ""role_mainplot_role472.asl"": 34, ""role_mainplot_role473.asl"": 34, ""role_mainplot_role474.asl"": 34, ""role_mainplot_role475.asl"": 34, ""role_mainplot_role476.asl"": 34, ""role_mainplot_role477.asl"": 34, ""role_mainplot_role478.asl"": 34, ""role_mainplot_role479.asl"": 34, ""role_mainplot_role480.asl"": 34, ""role_mainplot_role481.asl"": 34, ""role_mainplot_role482.asl"": 34, ""role_mainplot_role483.asl"": 34, ""role_mainplot_role484.asl"": 34, ""role_mainplot_role485.asl"": 34, ""role_mainplot_role486.asl"": 34, ""role_mainplot_role487.asl"": 34, ""role_mainplot_role488.asl"": 34, ""role_mainplot_role489.asl"": 34, ""role_mainplot_role490.asl"": 34, ""role_mainplot_role491.asl"": 34, ""role_mainplot_role492.asl"": 34, ""role_mainplot_role493.asl"": 34, ""role_mainplot_role494.asl"": 34, ""role_mainplot_role495.asl"": 34, ""role_mainplot_role496.asl"": 34, ""role_mainplot_role497.asl"": 34, ""role_mainplot_role498.asl"": 34, ""role_mainplot_role499.asl"": 34}",5.6003330557868445,0.17973005599924363,0.006357566999213304,6.227886199951172,True,7,0
scale_roles,36,Linux 7.1.9-arch1-2,x86_64,24,30.45,3.14.7,10,10,5,2,2,1,2,500,2,0,0,42,3603,124247,503,20178,"{""playbook_playbook0.asl"": 26, ""playbook_playbook1.asl"": 26, ""director_mainplot.asl"": 3126, ""role_mainplot_role0.asl"": 34, ""role_mainplot_role1.asl"": 34, ""role_mainplot_role2.asl"": 34, ""role_mainplot_role3.asl"": 34, ""role_mainplot_role4.asl"": 34, ""role_mainplot_role5.asl"": 34, ""role_mainplot_role6.asl"": 34, ""role_mainplot_role7.asl"": 34, ""role_mainplot_role8.asl"": 34, ""role_mainplot_role9.asl"": 34, ""role_mainplot_role10.asl"": 34, ""role_mainplot_role11.asl"": 34, ""role_mainplot_role12.asl"": 34, ""role_mainplot_role13.asl"": 34, ""role_mainplot_role14.asl"": 34, ""role_mainplot_role15.asl"": 34, ""role_mainplot_role16.asl"": 34, ""role_mainplot_role17.asl"": 34, ""role_mainplot_role18.asl"": 34, ""role_mainplot_role19.asl"": 34, ""role_mainplot_role20.asl"": 34, ""role_mainplot_role21.asl"": 34, ""role_mainplot_role22.asl"": 34, ""role_mainplot_role23.asl"": 34, ""role_mainplot_role24.asl"": 34, ""role_mainplot_role25.asl"": 34, ""role_mainplot_role26.asl"": 34, ""role_mainplot_role27.asl"": 34, ""role_mainplot_role28.asl"": 34, ""role_mainplot_role29.asl"": 34, ""role_mainplot_role30.asl"": 34, ""role_mainplot_role31.asl"": 34, ""role_mainplot_role32.asl"": 34, ""role_mainplot_role33.asl"": 34, ""role_mainplot_role34.asl"": 34, ""role_mainplot_role35.asl"": 34, ""role_mainplot_role36.asl"": 34, ""role_mainplot_role37.asl"": 34, ""role_mainplot_role38.asl"": 34, ""role_mainplot_role39.asl"": 34, ""role_mainplot_role40.asl"": 34, ""role_mainplot_role41.asl"": 34, ""role_mainplot_role42.asl"": 34, ""role_mainplot_role43.asl"": 34, ""role_mainplot_role44.asl"": 34, ""role_mainplot_role45.asl"": 34, ""role_mainplot_role46.asl"": 34, ""role_mainplot_role47.asl"": 34, ""role_mainplot_role48.asl"": 34, ""role_mainplot_role49.asl"": 34, ""role_mainplot_role50.asl"": 34, ""role_mainplot_role51.asl"": 34, ""role_mainplot_role52.asl"": 34, ""role_mainplot_role53.asl"": 34, ""role_mainplot_role54.asl"": 34, ""role_mainplot_role55.asl"": 34, ""role_mainplot_role56.asl"": 34, ""role_mainplot_role57.asl"": 34, ""role_mainplot_role58.asl"": 34, ""role_mainplot_role59.asl"": 34, ""role_mainplot_role60.asl"": 34, ""role_mainplot_role61.asl"": 34, ""role_mainplot_role62.asl"": 34, ""role_mainplot_role63.asl"": 34, ""role_mainplot_role64.asl"": 34, ""role_mainplot_role65.asl"": 34, ""role_mainplot_role66.asl"": 34, ""role_mainplot_role67.asl"": 34, ""role_mainplot_role68.asl"": 34, ""role_mainplot_role69.asl"": 34, ""role_mainplot_role70.asl"": 34, ""role_mainplot_role71.asl"": 34, ""role_mainplot_role72.asl"": 34, ""role_mainplot_role73.asl"": 34, ""role_mainplot_role74.asl"": 34, ""role_mainplot_role75.asl"": 34, ""role_mainplot_role76.asl"": 34, ""role_mainplot_role77.asl"": 34, ""role_mainplot_role78.asl"": 34, ""role_mainplot_role79.asl"": 34, ""role_mainplot_role80.asl"": 34, ""role_mainplot_role81.asl"": 34, ""role_mainplot_role82.asl"": 34, ""role_mainplot_role83.asl"": 34, ""role_mainplot_role84.asl"": 34, ""role_mainplot_role85.asl"": 34, ""role_mainplot_role86.asl"": 34, ""role_mainplot_role87.asl"": 34, ""role_mainplot_role88.asl"": 34, ""role_mainplot_role89.asl"": 34, ""role_mainplot_role90.asl"": 34, ""role_mainplot_role91.asl"": 34, ""role_mainplot_role92.asl"": 34, ""role_mainplot_role93.asl"": 34, ""role_mainplot_role94.asl"": 34, ""role_mainplot_role95.asl"": 34, ""role_mainplot_role96.asl"": 34, ""role_mainplot_role97.asl"": 34, ""role_mainplot_role98.asl"": 34, ""role_mainplot_role99.asl"": 34, ""role_mainplot_role100.asl"": 34, ""role_mainplot_role101.asl"": 34, ""role_mainplot_role102.asl"": 34, ""role_mainplot_role103.asl"": 34, ""role_mainplot_role104.asl"": 34, ""role_mainplot_role105.asl"": 34, ""role_mainplot_role106.asl"": 34, ""role_mainplot_role107.asl"": 34, ""role_mainplot_role108.asl"": 34, ""role_mainplot_role109.asl"": 34, ""role_mainplot_role110.asl"": 34, ""role_mainplot_role111.asl"": 34, ""role_mainplot_role112.asl"": 34, ""role_mainplot_role113.asl"": 34, ""role_mainplot_role114.asl"": 34, ""role_mainplot_role115.asl"": 34, ""role_mainplot_role116.asl"": 34, ""role_mainplot_role117.asl"": 34, ""role_mainplot_role118.asl"": 34, ""role_mainplot_role119.asl"": 34, ""role_mainplot_role120.asl"": 34, ""role_mainplot_role121.asl"": 34, ""role_mainplot_role122.asl"": 34, ""role_mainplot_role123.asl"": 34, ""role_mainplot_role124.asl"": 34, ""role_mainplot_role125.asl"": 34, ""role_mainplot_role126.asl"": 34, ""role_mainplot_role127.asl"": 34, ""role_mainplot_role128.asl"": 34, ""role_mainplot_role129.asl"": 34, ""role_mainplot_role130.asl"": 34, ""role_mainplot_role131.asl"": 34, ""role_mainplot_role132.asl"": 34, ""role_mainplot_role133.asl"": 34, ""role_mainplot_role134.asl"": 34, ""role_mainplot_role135.asl"": 34, ""role_mainplot_role136.asl"": 34, ""role_mainplot_role137.asl"": 34, ""role_mainplot_role138.asl"": 34, ""role_mainplot_role139.asl"": 34, ""role_mainplot_role140.asl"": 34, ""role_mainplot_role141.asl"": 34, ""role_mainplot_role142.asl"": 34, ""role_mainplot_role143.asl"": 34, ""role_mainplot_role144.asl"": 34, ""role_mainplot_role145.asl"": 34, ""role_mainplot_role146.asl"": 34, ""role_mainplot_role147.asl"": 34, ""role_mainplot_role148.asl"": 34, ""role_mainplot_role149.asl"": 34, ""role_mainplot_role150.asl"": 34, ""role_mainplot_role151.asl"": 34, ""role_mainplot_role152.asl"": 34, ""role_mainplot_role153.asl"": 34, ""role_mainplot_role154.asl"": 34, ""role_mainplot_role155.asl"": 34, ""role_mainplot_role156.asl"": 34, ""role_mainplot_role157.asl"": 34, ""role_mainplot_role158.asl"": 34, ""role_mainplot_role159.asl"": 34, ""role_mainplot_role160.asl"": 34, ""role_mainplot_role161.asl"": 34, ""role_mainplot_role162.asl"": 34, ""role_mainplot_role163.asl"": 34, ""role_mainplot_role164.asl"": 34, ""role_mainplot_role165.asl"": 34, ""role_mainplot_role166.asl"": 34, ""role_mainplot_role167.asl"": 34, ""role_mainplot_role168.asl"": 34, ""role_mainplot_role169.asl"": 34, ""role_mainplot_role170.asl"": 34, ""role_mainplot_role171.asl"": 34, ""role_mainplot_role172.asl"": 34, ""role_mainplot_role173.asl"": 34, ""role_mainplot_role174.asl"": 34, ""role_mainplot_role175.asl"": 34, ""role_mainplot_role176.asl"": 34, ""role_mainplot_role177.asl"": 34, ""role_mainplot_role178.asl"": 34, ""role_mainplot_role179.asl"": 34, ""role_mainplot_role180.asl"": 34, ""role_mainplot_role181.asl"": 34, ""role_mainplot_role182.asl"": 34, ""role_mainplot_role183.asl"": 34, ""role_mainplot_role184.asl"": 34, ""role_mainplot_role185.asl"": 34, ""role_mainplot_role186.asl"": 34, ""role_mainplot_role187.asl"": 34, ""role_mainplot_role188.asl"": 34, ""role_mainplot_role189.asl"": 34, ""role_mainplot_role190.asl"": 34, ""role_mainplot_role191.asl"": 34, ""role_mainplot_role192.asl"": 34, ""role_mainplot_role193.asl"": 34, ""role_mainplot_role194.asl"": 34, ""role_mainplot_role195.asl"": 34, ""role_mainplot_role196.asl"": 34, ""role_mainplot_role197.asl"": 34, ""role_mainplot_role198.asl"": 34, ""role_mainplot_role199.asl"": 34, ""role_mainplot_role200.asl"": 34, ""role_mainplot_role201.asl"": 34, ""role_mainplot_role202.asl"": 34, ""role_mainplot_role203.asl"": 34, ""role_mainplot_role204.asl"": 34, ""role_mainplot_role205.asl"": 34, ""role_mainplot_role206.asl"": 34, ""role_mainplot_role207.asl"": 34, ""role_mainplot_role208.asl"": 34, ""role_mainplot_role209.asl"": 34, ""role_mainplot_role210.asl"": 34, ""role_mainplot_role211.asl"": 34, ""role_mainplot_role212.asl"": 34, ""role_mainplot_role213.asl"": 34, ""role_mainplot_role214.asl"": 34, ""role_mainplot_role215.asl"": 34, ""role_mainplot_role216.asl"": 34, ""role_mainplot_role217.asl"": 34, ""role_mainplot_role218.asl"": 34, ""role_mainplot_role219.asl"": 34, ""role_mainplot_role220.asl"": 34, ""role_mainplot_role221.asl"": 34, ""role_mainplot_role222.asl"": 34, ""role_mainplot_role223.asl"": 34, ""role_mainplot_role224.asl"": 34, ""role_mainplot_role225.asl"": 34, ""role_mainplot_role226.asl"": 34, ""role_mainplot_role227.asl"": 34, ""role_mainplot_role228.asl"": 34, ""role_mainplot_role229.asl"": 34, ""role_mainplot_role230.asl"": 34, ""role_mainplot_role231.asl"": 34, ""role_mainplot_role232.asl"": 34, ""role_mainplot_role233.asl"": 34, ""role_mainplot_role234.asl"": 34, ""role_mainplot_role235.asl"": 34, ""role_mainplot_role236.asl"": 34, ""role_mainplot_role237.asl"": 34, ""role_mainplot_role238.asl"": 34, ""role_mainplot_role239.asl"": 34, ""role_mainplot_role240.asl"": 34, ""role_mainplot_role241.asl"": 34, ""role_mainplot_role242.asl"": 34, ""role_mainplot_role243.asl"": 34, ""role_mainplot_role244.asl"": 34, ""role_mainplot_role245.asl"": 34, ""role_mainplot_role246.asl"": 34, ""role_mainplot_role247.asl"": 34, ""role_mainplot_role248.asl"": 34, ""role_mainplot_role249.asl"": 34, ""role_mainplot_role250.asl"": 34, ""role_mainplot_role251.asl"": 34, ""role_mainplot_role252.asl"": 34, ""role_mainplot_role253.asl"": 34, ""role_mainplot_role254.asl"": 34, ""role_mainplot_role255.asl"": 34, ""role_mainplot_role256.asl"": 34, ""role_mainplot_role257.asl"": 34, ""role_mainplot_role258.asl"": 34, ""role_mainplot_role259.asl"": 34, ""role_mainplot_role260.asl"": 34, ""role_mainplot_role261.asl"": 34, ""role_mainplot_role262.asl"": 34, ""role_mainplot_role263.asl"": 34, ""role_mainplot_role264.asl"": 34, ""role_mainplot_role265.asl"": 34, ""role_mainplot_role266.asl"": 34, ""role_mainplot_role267.asl"": 34, ""role_mainplot_role268.asl"": 34, ""role_mainplot_role269.asl"": 34, ""role_mainplot_role270.asl"": 34, ""role_mainplot_role271.asl"": 34, ""role_mainplot_role272.asl"": 34, ""role_mainplot_role273.asl"": 34, ""role_mainplot_role274.asl"": 34, ""role_mainplot_role275.asl"": 34, ""role_mainplot_role276.asl"": 34, ""role_mainplot_role277.asl"": 34, ""role_mainplot_role278.asl"": 34, ""role_mainplot_role279.asl"": 34, ""role_mainplot_role280.asl"": 34, ""role_mainplot_role281.asl"": 34, ""role_mainplot_role282.asl"": 34, ""role_mainplot_role283.asl"": 34, ""role_mainplot_role284.asl"": 34, ""role_mainplot_role285.asl"": 34, ""role_mainplot_role286.asl"": 34, ""role_mainplot_role287.asl"": 34, ""role_mainplot_role288.asl"": 34, ""role_mainplot_role289.asl"": 34, ""role_mainplot_role290.asl"": 34, ""role_mainplot_role291.asl"": 34, ""role_mainplot_role292.asl"": 34, ""role_mainplot_role293.asl"": 34, ""role_mainplot_role294.asl"": 34, ""role_mainplot_role295.asl"": 34, ""role_mainplot_role296.asl"": 34, ""role_mainplot_role297.asl"": 34, ""role_mainplot_role298.asl"": 34, ""role_mainplot_role299.asl"": 34, ""role_mainplot_role300.asl"": 34, ""role_mainplot_role301.asl"": 34, ""role_mainplot_role302.asl"": 34, ""role_mainplot_role303.asl"": 34, ""role_mainplot_role304.asl"": 34, ""role_mainplot_role305.asl"": 34, ""role_mainplot_role306.asl"": 34, ""role_mainplot_role307.asl"": 34, ""role_mainplot_role308.asl"": 34, ""role_mainplot_role309.asl"": 34, ""role_mainplot_role310.asl"": 34, ""role_mainplot_role311.asl"": 34, ""role_mainplot_role312.asl"": 34, ""role_mainplot_role313.asl"": 34, ""role_mainplot_role314.asl"": 34, ""role_mainplot_role315.asl"": 34, ""role_mainplot_role316.asl"": 34, ""role_mainplot_role317.asl"": 34, ""role_mainplot_role318.asl"": 34, ""role_mainplot_role319.asl"": 34, ""role_mainplot_role320.asl"": 34, ""role_mainplot_role321.asl"": 34, ""role_mainplot_role322.asl"": 34, ""role_mainplot_role323.asl"": 34, ""role_mainplot_role324.asl"": 34, ""role_mainplot_role325.asl"": 34, ""role_mainplot_role326.asl"": 34, ""role_mainplot_role327.asl"": 34, ""role_mainplot_role328.asl"": 34, ""role_mainplot_role329.asl"": 34, ""role_mainplot_role330.asl"": 34, ""role_mainplot_role331.asl"": 34, ""role_mainplot_role332.asl"": 34, ""role_mainplot_role333.asl"": 34, ""role_mainplot_role334.asl"": 34, ""role_mainplot_role335.asl"": 34, ""role_mainplot_role336.asl"": 34, ""role_mainplot_role337.asl"": 34, ""role_mainplot_role338.asl"": 34, ""role_mainplot_role339.asl"": 34, ""role_mainplot_role340.asl"": 34, ""role_mainplot_role341.asl"": 34, ""role_mainplot_role342.asl"": 34, ""role_mainplot_role343.asl"": 34, ""role_mainplot_role344.asl"": 34, ""role_mainplot_role345.asl"": 34, ""role_mainplot_role346.asl"": 34, ""role_mainplot_role347.asl"": 34, ""role_mainplot_role348.asl"": 34, ""role_mainplot_role349.asl"": 34, ""role_mainplot_role350.asl"": 34, ""role_mainplot_role351.asl"": 34, ""role_mainplot_role352.asl"": 34, ""role_mainplot_role353.asl"": 34, ""role_mainplot_role354.asl"": 34, ""role_mainplot_role355.asl"": 34, ""role_mainplot_role356.asl"": 34, ""role_mainplot_role357.asl"": 34, ""role_mainplot_role358.asl"": 34, ""role_mainplot_role359.asl"": 34, ""role_mainplot_role360.asl"": 34, ""role_mainplot_role361.asl"": 34, ""role_mainplot_role362.asl"": 34, ""role_mainplot_role363.asl"": 34, ""role_mainplot_role364.asl"": 34, ""role_mainplot_role365.asl"": 34, ""role_mainplot_role366.asl"": 34, ""role_mainplot_role367.asl"": 34, ""role_mainplot_role368.asl"": 34, ""role_mainplot_role369.asl"": 34, ""role_mainplot_role370.asl"": 34, ""role_mainplot_role371.asl"": 34, ""role_mainplot_role372.asl"": 34, ""role_mainplot_role373.asl"": 34, ""role_mainplot_role374.asl"": 34, ""role_mainplot_role375.asl"": 34, ""role_mainplot_role376.asl"": 34, ""role_mainplot_role377.asl"": 34, ""role_mainplot_role378.asl"": 34, ""role_mainplot_role379.asl"": 34, ""role_mainplot_role380.asl"": 34, ""role_mainplot_role381.asl"": 34, ""role_mainplot_role382.asl"": 34, ""role_mainplot_role383.asl"": 34, ""role_mainplot_role384.asl"": 34, ""role_mainplot_role385.asl"": 34, ""role_mainplot_role386.asl"": 34, ""role_mainplot_role387.asl"": 34, ""role_mainplot_role388.asl"": 34, ""role_mainplot_role389.asl"": 34, ""role_mainplot_role390.asl"": 34, ""role_mainplot_role391.asl"": 34, ""role_mainplot_role392.asl"": 34, ""role_mainplot_role393.asl"": 34, ""role_mainplot_role394.asl"": 34, ""role_mainplot_role395.asl"": 34, ""role_mainplot_role396.asl"": 34, ""role_mainplot_role397.asl"": 34, ""role_mainplot_role398.asl"": 34, ""role_mainplot_role399.asl"": 34, ""role_mainplot_role400.asl"": 34, ""role_mainplot_role401.asl"": 34, ""role_mainplot_role402.asl"": 34, ""role_mainplot_role403.asl"": 34, ""role_mainplot_role404.asl"": 34, ""role_mainplot_role405.asl"": 34, ""role_mainplot_role406.asl"": 34, ""role_mainplot_role407.asl"": 34, ""role_mainplot_role408.asl"": 34, ""role_mainplot_role409.asl"": 34, ""role_mainplot_role410.asl"": 34, ""role_mainplot_role411.asl"": 34, ""role_mainplot_role412.asl"": 34, ""role_mainplot_role413.asl"": 34, ""role_mainplot_role414.asl"": 34, ""role_mainplot_role415.asl"": 34, ""role_mainplot_role416.asl"": 34, ""role_mainplot_role417.asl"": 34, ""role_mainplot_role418.asl"": 34, ""role_mainplot_role419.asl"": 34, ""role_mainplot_role420.asl"": 34, ""role_mainplot_role421.asl"": 34, ""role_mainplot_role422.asl"": 34, ""role_mainplot_role423.asl"": 34, ""role_mainplot_role424.asl"": 34, ""role_mainplot_role425.asl"": 34, ""role_mainplot_role426.asl"": 34, ""role_mainplot_role427.asl"": 34, ""role_mainplot_role428.asl"": 34, ""role_mainplot_role429.asl"": 34, ""role_mainplot_role430.asl"": 34, ""role_mainplot_role431.asl"": 34, ""role_mainplot_role432.asl"": 34, ""role_mainplot_role433.asl"": 34, ""role_mainplot_role434.asl"": 34, ""role_mainplot_role435.asl"": 34, ""role_mainplot_role436.asl"": 34, ""role_mainplot_role437.asl"": 34, ""role_mainplot_role438.asl"": 34, ""role_mainplot_role439.asl"": 34, ""role_mainplot_role440.asl"": 34, ""role_mainplot_role441.asl"": 34, ""role_mainplot_role442.asl"": 34, ""role_mainplot_role443.asl"": 34, ""role_mainplot_role444.asl"": 34, ""role_mainplot_role445.asl"": 34, ""role_mainplot_role446.asl"": 34, ""role_mainplot_role447.asl"": 34, ""role_mainplot_role448.asl"": 34, ""role_mainplot_role449.asl"": 34, ""role_mainplot_role450.asl"": 34, ""role_mainplot_role451.asl"": 34, ""role_mainplot_role452.asl"": 34, ""role_mainplot_role453.asl"": 34, ""role_mainplot_role454.asl"": 34, ""role_mainplot_role455.asl"": 34, ""role_mainplot_role456.asl"": 34, ""role_mainplot_role457.asl"": 34, ""role_mainplot_role458.asl"": 34, ""role_mainplot_role459.asl"": 34, ""role_mainplot_role460.asl"": 34, ""role_mainplot_role461.asl"": 34, ""role_mainplot_role462.asl"": 34, ""role_mainplot_role463.asl"": 34, ""role_mainplot_role464.asl"": 34, ""role_mainplot_role465.asl"": 34, ""role_mainplot_role466.asl"": 34, ""role_mainplot_role467.asl"": 34, ""role_mainplot_role468.asl"": 34, ""role_mainplot_role469.asl"": 34, ""role_mainplot_role470.asl"": 34, ""role_mainplot_role471.asl"": 34, ""role_mainplot_role472.asl"": 34, ""role_mainplot_role473.asl"": 34, ""role_mainplot_role474.asl"": 34, ""role_mainplot_role475.asl"": 34, ""role_mainplot_role476.asl"": 34, ""role_mainplot_role477.asl"": 34, ""role_mainplot_role478.asl"": 34, ""role_mainplot_role479.asl"": 34, ""role_mainplot_role480.asl"": 34, ""role_mainplot_role481.asl"": 34, ""role_mainplot_role482.asl"": 34, ""role_mainplot_role483.asl"": 34, ""role_mainplot_role484.asl"": 34, ""role_mainplot_role485.asl"": 34, ""role_mainplot_role486.asl"": 34, ""role_mainplot_role487.asl"": 34, ""role_mainplot_role488.asl"": 34, ""role_mainplot_role489.asl"": 34, ""role_mainplot_role490.asl"": 34, ""role_mainplot_role491.asl"": 34, ""role_mainplot_role492.asl"": 34, ""role_mainplot_role493.asl"": 34, ""role_mainplot_role494.asl"": 34, ""role_mainplot_role495.asl"": 34, ""role_mainplot_role496.asl"": 34, ""role_mainplot_role497.asl"": 34, ""role_mainplot_role498.asl"": 34, ""role_mainplot_role499.asl"": 34}",5.6003330557868445,0.17762412400043104,0.006376917997840792,6.227886199951172,True,7,0
scale_roles,37,Linux 7.1.9-arch1-2,x86_64,24,30.45,3.14.7,10,10,5,2,2,1,2,500,2,0,0,42,3603,124247,503,20178,"{""playbook_playbook0.asl"": 26, ""playbook_playbook1.asl"": 26, ""director_mainplot.asl"": 3126, ""role_mainplot_role0.asl"": 34, ""role_mainplot_role1.asl"": 34, ""role_mainplot_role2.asl"": 34, ""role_mainplot_role3.asl"": 34, ""role_mainplot_role4.asl"": 34, ""role_mainplot_role5.asl"": 34, ""role_mainplot_role6.asl"": 34, ""role_mainplot_role7.asl"": 34, ""role_mainplot_role8.asl"": 34, ""role_mainplot_role9.asl"": 34, ""role_mainplot_role10.asl"": 34, ""role_mainplot_role11.asl"": 34, ""role_mainplot_role12.asl"": 34, ""role_mainplot_role13.asl"": 34, ""role_mainplot_role14.asl"": 34, ""role_mainplot_role15.asl"": 34, ""role_mainplot_role16.asl"": 34, ""role_mainplot_role17.asl"": 34, ""role_mainplot_role18.asl"": 34, ""role_mainplot_role19.asl"": 34, ""role_mainplot_role20.asl"": 34, ""role_mainplot_role21.asl"": 34, ""role_mainplot_role22.asl"": 34, ""role_mainplot_role23.asl"": 34, ""role_mainplot_role24.asl"": 34, ""role_mainplot_role25.asl"": 34, ""role_mainplot_role26.asl"": 34, ""role_mainplot_role27.asl"": 34, ""role_mainplot_role28.asl"": 34, ""role_mainplot_role29.asl"": 34, ""role_mainplot_role30.asl"": 34, ""role_mainplot_role31.asl"": 34, ""role_mainplot_role32.asl"": 34, ""role_mainplot_role33.asl"": 34, ""role_mainplot_role34.asl"": 34, ""role_mainplot_role35.asl"": 34, ""role_mainplot_role36.asl"": 34, ""role_mainplot_role37.asl"": 34, ""role_mainplot_role38.asl"": 34, ""role_mainplot_role39.asl"": 34, ""role_mainplot_role40.asl"": 34, ""role_mainplot_role41.asl"": 34, ""role_mainplot_role42.asl"": 34, ""role_mainplot_role43.asl"": 34, ""role_mainplot_role44.asl"": 34, ""role_mainplot_role45.asl"": 34, ""role_mainplot_role46.asl"": 34, ""role_mainplot_role47.asl"": 34, ""role_mainplot_role48.asl"": 34, ""role_mainplot_role49.asl"": 34, ""role_mainplot_role50.asl"": 34, ""role_mainplot_role51.asl"": 34, ""role_mainplot_role52.asl"": 34, ""role_mainplot_role53.asl"": 34, ""role_mainplot_role54.asl"": 34, ""role_mainplot_role55.asl"": 34, ""role_mainplot_role56.asl"": 34, ""role_mainplot_role57.asl"": 34, ""role_mainplot_role58.asl"": 34, ""role_mainplot_role59.asl"": 34, ""role_mainplot_role60.asl"": 34, ""role_mainplot_role61.asl"": 34, ""role_mainplot_role62.asl"": 34, ""role_mainplot_role63.asl"": 34, ""role_mainplot_role64.asl"": 34, ""role_mainplot_role65.asl"": 34, ""role_mainplot_role66.asl"": 34, ""role_mainplot_role67.asl"": 34, ""role_mainplot_role68.asl"": 34, ""role_mainplot_role69.asl"": 34, ""role_mainplot_role70.asl"": 34, ""role_mainplot_role71.asl"": 34, ""role_mainplot_role72.asl"": 34, ""role_mainplot_role73.asl"": 34, ""role_mainplot_role74.asl"": 34, ""role_mainplot_role75.asl"": 34, ""role_mainplot_role76.asl"": 34, ""role_mainplot_role77.asl"": 34, ""role_mainplot_role78.asl"": 34, ""role_mainplot_role79.asl"": 34, ""role_mainplot_role80.asl"": 34, ""role_mainplot_role81.asl"": 34, ""role_mainplot_role82.asl"": 34, ""role_mainplot_role83.asl"": 34, ""role_mainplot_role84.asl"": 34, ""role_mainplot_role85.asl"": 34, ""role_mainplot_role86.asl"": 34, ""role_mainplot_role87.asl"": 34, ""role_mainplot_role88.asl"": 34, ""role_mainplot_role89.asl"": 34, ""role_mainplot_role90.asl"": 34, ""role_mainplot_role91.asl"": 34, ""role_mainplot_role92.asl"": 34, ""role_mainplot_role93.asl"": 34, ""role_mainplot_role94.asl"": 34, ""role_mainplot_role95.asl"": 34, ""role_mainplot_role96.asl"": 34, ""role_mainplot_role97.asl"": 34, ""role_mainplot_role98.asl"": 34, ""role_mainplot_role99.asl"": 34, ""role_mainplot_role100.asl"": 34, ""role_mainplot_role101.asl"": 34, ""role_mainplot_role102.asl"": 34, ""role_mainplot_role103.asl"": 34, ""role_mainplot_role104.asl"": 34, ""role_mainplot_role105.asl"": 34, ""role_mainplot_role106.asl"": 34, ""role_mainplot_role107.asl"": 34, ""role_mainplot_role108.asl"": 34, ""role_mainplot_role109.asl"": 34, ""role_mainplot_role110.asl"": 34, ""role_mainplot_role111.asl"": 34, ""role_mainplot_role112.asl"": 34, ""role_mainplot_role113.asl"": 34, ""role_mainplot_role114.asl"": 34, ""role_mainplot_role115.asl"": 34, ""role_mainplot_role116.asl"": 34, ""role_mainplot_role117.asl"": 34, ""role_mainplot_role118.asl"": 34, ""role_mainplot_role119.asl"": 34, ""role_mainplot_role120.asl"": 34, ""role_mainplot_role121.asl"": 34, ""role_mainplot_role122.asl"": 34, ""role_mainplot_role123.asl"": 34, ""role_mainplot_role124.asl"": 34, ""role_mainplot_role125.asl"": 34, ""role_mainplot_role126.asl"": 34, ""role_mainplot_role127.asl"": 34, ""role_mainplot_role128.asl"": 34, ""role_mainplot_role129.asl"": 34, ""role_mainplot_role130.asl"": 34, ""role_mainplot_role131.asl"": 34, ""role_mainplot_role132.asl"": 34, ""role_mainplot_role133.asl"": 34, ""role_mainplot_role134.asl"": 34, ""role_mainplot_role135.asl"": 34, ""role_mainplot_role136.asl"": 34, ""role_mainplot_role137.asl"": 34, ""role_mainplot_role138.asl"": 34, ""role_mainplot_role139.asl"": 34, ""role_mainplot_role140.asl"": 34, ""role_mainplot_role141.asl"": 34, ""role_mainplot_role142.asl"": 34, ""role_mainplot_role143.asl"": 34, ""role_mainplot_role144.asl"": 34, ""role_mainplot_role145.asl"": 34, ""role_mainplot_role146.asl"": 34, ""role_mainplot_role147.asl"": 34, ""role_mainplot_role148.asl"": 34, ""role_mainplot_role149.asl"": 34, ""role_mainplot_role150.asl"": 34, ""role_mainplot_role151.asl"": 34, ""role_mainplot_role152.asl"": 34, ""role_mainplot_role153.asl"": 34, ""role_mainplot_role154.asl"": 34, ""role_mainplot_role155.asl"": 34, ""role_mainplot_role156.asl"": 34, ""role_mainplot_role157.asl"": 34, ""role_mainplot_role158.asl"": 34, ""role_mainplot_role159.asl"": 34, ""role_mainplot_role160.asl"": 34, ""role_mainplot_role161.asl"": 34, ""role_mainplot_role162.asl"": 34, ""role_mainplot_role163.asl"": 34, ""role_mainplot_role164.asl"": 34, ""role_mainplot_role165.asl"": 34, ""role_mainplot_role166.asl"": 34, ""role_mainplot_role167.asl"": 34, ""role_mainplot_role168.asl"": 34, ""role_mainplot_role169.asl"": 34, ""role_mainplot_role170.asl"": 34, ""role_mainplot_role171.asl"": 34, ""role_mainplot_role172.asl"": 34, ""role_mainplot_role173.asl"": 34, ""role_mainplot_role174.asl"": 34, ""role_mainplot_role175.asl"": 34, ""role_mainplot_role176.asl"": 34, ""role_mainplot_role177.asl"": 34, ""role_mainplot_role178.asl"": 34, ""role_mainplot_role179.asl"": 34, ""role_mainplot_role180.asl"": 34, ""role_mainplot_role181.asl"": 34, ""role_mainplot_role182.asl"": 34, ""role_mainplot_role183.asl"": 34, ""role_mainplot_role184.asl"": 34, ""role_mainplot_role185.asl"": 34, ""role_mainplot_role186.asl"": 34, ""role_mainplot_role187.asl"": 34, ""role_mainplot_role188.asl"": 34, ""role_mainplot_role189.asl"": 34, ""role_mainplot_role190.asl"": 34, ""role_mainplot_role191.asl"": 34, ""role_mainplot_role192.asl"": 34, ""role_mainplot_role193.asl"": 34, ""role_mainplot_role194.asl"": 34, ""role_mainplot_role195.asl"": 34, ""role_mainplot_role196.asl"": 34, ""role_mainplot_role197.asl"": 34, ""role_mainplot_role198.asl"": 34, ""role_mainplot_role199.asl"": 34, ""role_mainplot_role200.asl"": 34, ""role_mainplot_role201.asl"": 34, ""role_mainplot_role202.asl"": 34, ""role_mainplot_role203.asl"": 34, ""role_mainplot_role204.asl"": 34, ""role_mainplot_role205.asl"": 34, ""role_mainplot_role206.asl"": 34, ""role_mainplot_role207.asl"": 34, ""role_mainplot_role208.asl"": 34, ""role_mainplot_role209.asl"": 34, ""role_mainplot_role210.asl"": 34, ""role_mainplot_role211.asl"": 34, ""role_mainplot_role212.asl"": 34, ""role_mainplot_role213.asl"": 34, ""role_mainplot_role214.asl"": 34, ""role_mainplot_role215.asl"": 34, ""role_mainplot_role216.asl"": 34, ""role_mainplot_role217.asl"": 34, ""role_mainplot_role218.asl"": 34, ""role_mainplot_role219.asl"": 34, ""role_mainplot_role220.asl"": 34, ""role_mainplot_role221.asl"": 34, ""role_mainplot_role222.asl"": 34, ""role_mainplot_role223.asl"": 34, ""role_mainplot_role224.asl"": 34, ""role_mainplot_role225.asl"": 34, ""role_mainplot_role226.asl"": 34, ""role_mainplot_role227.asl"": 34, ""role_mainplot_role228.asl"": 34, ""role_mainplot_role229.asl"": 34, ""role_mainplot_role230.asl"": 34, ""role_mainplot_role231.asl"": 34, ""role_mainplot_role232.asl"": 34, ""role_mainplot_role233.asl"": 34, ""role_mainplot_role234.asl"": 34, ""role_mainplot_role235.asl"": 34, ""role_mainplot_role236.asl"": 34, ""role_mainplot_role237.asl"": 34, ""role_mainplot_role238.asl"": 34, ""role_mainplot_role239.asl"": 34, ""role_mainplot_role240.asl"": 34, ""role_mainplot_role241.asl"": 34, ""role_mainplot_role242.asl"": 34, ""role_mainplot_role243.asl"": 34, ""role_mainplot_role244.asl"": 34, ""role_mainplot_role245.asl"": 34, ""role_mainplot_role246.asl"": 34, ""role_mainplot_role247.asl"": 34, ""role_mainplot_role248.asl"": 34, ""role_mainplot_role249.asl"": 34, ""role_mainplot_role250.asl"": 34, ""role_mainplot_role251.asl"": 34, ""role_mainplot_role252.asl"": 34, ""role_mainplot_role253.asl"": 34, ""role_mainplot_role254.asl"": 34, ""role_mainplot_role255.asl"": 34, ""role_mainplot_role256.asl"": 34, ""role_mainplot_role257.asl"": 34, ""role_mainplot_role258.asl"": 34, ""role_mainplot_role259.asl"": 34, ""role_mainplot_role260.asl"": 34, ""role_mainplot_role261.asl"": 34, ""role_mainplot_role262.asl"": 34, ""role_mainplot_role263.asl"": 34, ""role_mainplot_role264.asl"": 34, ""role_mainplot_role265.asl"": 34, ""role_mainplot_role266.asl"": 34, ""role_mainplot_role267.asl"": 34, ""role_mainplot_role268.asl"": 34, ""role_mainplot_role269.asl"": 34, ""role_mainplot_role270.asl"": 34, ""role_mainplot_role271.asl"": 34, ""role_mainplot_role272.asl"": 34, ""role_mainplot_role273.asl"": 34, ""role_mainplot_role274.asl"": 34, ""role_mainplot_role275.asl"": 34, ""role_mainplot_role276.asl"": 34, ""role_mainplot_role277.asl"": 34, ""role_mainplot_role278.asl"": 34, ""role_mainplot_role279.asl"": 34, ""role_mainplot_role280.asl"": 34, ""role_mainplot_role281.asl"": 34, ""role_mainplot_role282.asl"": 34, ""role_mainplot_role283.asl"": 34, ""role_mainplot_role284.asl"": 34, ""role_mainplot_role285.asl"": 34, ""role_mainplot_role286.asl"": 34, ""role_mainplot_role287.asl"": 34, ""role_mainplot_role288.asl"": 34, ""role_mainplot_role289.asl"": 34, ""role_mainplot_role290.asl"": 34, ""role_mainplot_role291.asl"": 34, ""role_mainplot_role292.asl"": 34, ""role_mainplot_role293.asl"": 34, ""role_mainplot_role294.asl"": 34, ""role_mainplot_role295.asl"": 34, ""role_mainplot_role296.asl"": 34, ""role_mainplot_role297.asl"": 34, ""role_mainplot_role298.asl"": 34, ""role_mainplot_role299.asl"": 34, ""role_mainplot_role300.asl"": 34, ""role_mainplot_role301.asl"": 34, ""role_mainplot_role302.asl"": 34, ""role_mainplot_role303.asl"": 34, ""role_mainplot_role304.asl"": 34, ""role_mainplot_role305.asl"": 34, ""role_mainplot_role306.asl"": 34, ""role_mainplot_role307.asl"": 34, ""role_mainplot_role308.asl"": 34, ""role_mainplot_role309.asl"": 34, ""role_mainplot_role310.asl"": 34, ""role_mainplot_role311.asl"": 34, ""role_mainplot_role312.asl"": 34, ""role_mainplot_role313.asl"": 34, ""role_mainplot_role314.asl"": 34, ""role_mainplot_role315.asl"": 34, ""role_mainplot_role316.asl"": 34, ""role_mainplot_role317.asl"": 34, ""role_mainplot_role318.asl"": 34, ""role_mainplot_role319.asl"": 34, ""role_mainplot_role320.asl"": 34, ""role_mainplot_role321.asl"": 34, ""role_mainplot_role322.asl"": 34, ""role_mainplot_role323.asl"": 34, ""role_mainplot_role324.asl"": 34, ""role_mainplot_role325.asl"": 34, ""role_mainplot_role326.asl"": 34, ""role_mainplot_role327.asl"": 34, ""role_mainplot_role328.asl"": 34, ""role_mainplot_role329.asl"": 34, ""role_mainplot_role330.asl"": 34, ""role_mainplot_role331.asl"": 34, ""role_mainplot_role332.asl"": 34, ""role_mainplot_role333.asl"": 34, ""role_mainplot_role334.asl"": 34, ""role_mainplot_role335.asl"": 34, ""role_mainplot_role336.asl"": 34, ""role_mainplot_role337.asl"": 34, ""role_mainplot_role338.asl"": 34, ""role_mainplot_role339.asl"": 34, ""role_mainplot_role340.asl"": 34, ""role_mainplot_role341.asl"": 34, ""role_mainplot_role342.asl"": 34, ""role_mainplot_role343.asl"": 34, ""role_mainplot_role344.asl"": 34, ""role_mainplot_role345.asl"": 34, ""role_mainplot_role346.asl"": 34, ""role_mainplot_role347.asl"": 34, ""role_mainplot_role348.asl"": 34, ""role_mainplot_role349.asl"": 34, ""role_mainplot_role350.asl"": 34, ""role_mainplot_role351.asl"": 34, ""role_mainplot_role352.asl"": 34, ""role_mainplot_role353.asl"": 34, ""role_mainplot_role354.asl"": 34, ""role_mainplot_role355.asl"": 34, ""role_mainplot_role356.asl"": 34, ""role_mainplot_role357.asl"": 34, ""role_mainplot_role358.asl"": 34, ""role_mainplot_role359.asl"": 34, ""role_mainplot_role360.asl"": 34, ""role_mainplot_role361.asl"": 34, ""role_mainplot_role362.asl"": 34, ""role_mainplot_role363.asl"": 34, ""role_mainplot_role364.asl"": 34, ""role_mainplot_role365.asl"": 34, ""role_mainplot_role366.asl"": 34, ""role_mainplot_role367.asl"": 34, ""role_mainplot_role368.asl"": 34, ""role_mainplot_role369.asl"": 34, ""role_mainplot_role370.asl"": 34, ""role_mainplot_role371.asl"": 34, ""role_mainplot_role372.asl"": 34, ""role_mainplot_role373.asl"": 34, ""role_mainplot_role374.asl"": 34, ""role_mainplot_role375.asl"": 34, ""role_mainplot_role376.asl"": 34, ""role_mainplot_role377.asl"": 34, ""role_mainplot_role378.asl"": 34, ""role_mainplot_role379.asl"": 34, ""role_mainplot_role380.asl"": 34, ""role_mainplot_role381.asl"": 34, ""role_mainplot_role382.asl"": 34, ""role_mainplot_role383.asl"": 34, ""role_mainplot_role384.asl"": 34, ""role_mainplot_role385.asl"": 34, ""role_mainplot_role386.asl"": 34, ""role_mainplot_role387.asl"": 34, ""role_mainplot_role388.asl"": 34, ""role_mainplot_role389.asl"": 34, ""role_mainplot_role390.asl"": 34, ""role_mainplot_role391.asl"": 34, ""role_mainplot_role392.asl"": 34, ""role_mainplot_role393.asl"": 34, ""role_mainplot_role394.asl"": 34, ""role_mainplot_role395.asl"": 34, ""role_mainplot_role396.asl"": 34, ""role_mainplot_role397.asl"": 34, ""role_mainplot_role398.asl"": 34, ""role_mainplot_role399.asl"": 34, ""role_mainplot_role400.asl"": 34, ""role_mainplot_role401.asl"": 34, ""role_mainplot_role402.asl"": 34, ""role_mainplot_role403.asl"": 34, ""role_mainplot_role404.asl"": 34, ""role_mainplot_role405.asl"": 34, ""role_mainplot_role406.asl"": 34, ""role_mainplot_role407.asl"": 34, ""role_mainplot_role408.asl"": 34, ""role_mainplot_role409.asl"": 34, ""role_mainplot_role410.asl"": 34, ""role_mainplot_role411.asl"": 34, ""role_mainplot_role412.asl"": 34, ""role_mainplot_role413.asl"": 34, ""role_mainplot_role414.asl"": 34, ""role_mainplot_role415.asl"": 34, ""role_mainplot_role416.asl"": 34, ""role_mainplot_role417.asl"": 34, ""role_mainplot_role418.asl"": 34, ""role_mainplot_role419.asl"": 34, ""role_mainplot_role420.asl"": 34, ""role_mainplot_role421.asl"": 34, ""role_mainplot_role422.asl"": 34, ""role_mainplot_role423.asl"": 34, ""role_mainplot_role424.asl"": 34, ""role_mainplot_role425.asl"": 34, ""role_mainplot_role426.asl"": 34, ""role_mainplot_role427.asl"": 34, ""role_mainplot_role428.asl"": 34, ""role_mainplot_role429.asl"": 34, ""role_mainplot_role430.asl"": 34, ""role_mainplot_role431.asl"": 34, ""role_mainplot_role432.asl"": 34, ""role_mainplot_role433.asl"": 34, ""role_mainplot_role434.asl"": 34, ""role_mainplot_role435.asl"": 34, ""role_mainplot_role436.asl"": 34, ""role_mainplot_role437.asl"": 34, ""role_mainplot_role438.asl"": 34, ""role_mainplot_role439.asl"": 34, ""role_mainplot_role440.asl"": 34, ""role_mainplot_role441.asl"": 34, ""role_mainplot_role442.asl"": 34, ""role_mainplot_role443.asl"": 34, ""role_mainplot_role444.asl"": 34, ""role_mainplot_role445.asl"": 34, ""role_mainplot_role446.asl"": 34, ""role_mainplot_role447.asl"": 34, ""role_mainplot_role448.asl"": 34, ""role_mainplot_role449.asl"": 34, ""role_mainplot_role450.asl"": 34, ""role_mainplot_role451.asl"": 34, ""role_mainplot_role452.asl"": 34, ""role_mainplot_role453.asl"": 34, ""role_mainplot_role454.asl"": 34, ""role_mainplot_role455.asl"": 34, ""role_mainplot_role456.asl"": 34, ""role_mainplot_role457.asl"": 34, ""role_mainplot_role458.asl"": 34, ""role_mainplot_role459.asl"": 34, ""role_mainplot_role460.asl"": 34, ""role_mainplot_role461.asl"": 34, ""role_mainplot_role462.asl"": 34, ""role_mainplot_role463.asl"": 34, ""role_mainplot_role464.asl"": 34, ""role_mainplot_role465.asl"": 34, ""role_mainplot_role466.asl"": 34, ""role_mainplot_role467.asl"": 34, ""role_mainplot_role468.asl"": 34, ""role_mainplot_role469.asl"": 34, ""role_mainplot_role470.asl"": 34, ""role_mainplot_role471.asl"": 34, ""role_mainplot_role472.asl"": 34, ""role_mainplot_role473.asl"": 34, ""role_mainplot_role474.asl"": 34, ""role_mainplot_role475.asl"": 34, ""role_mainplot_role476.asl"": 34, ""role_mainplot_role477.asl"": 34, ""role_mainplot_role478.asl"": 34, ""role_mainplot_role479.asl"": 34, ""role_mainplot_role480.asl"": 34, ""role_mainplot_role481.asl"": 34, ""role_mainplot_role482.asl"": 34, ""role_mainplot_role483.asl"": 34, ""role_mainplot_role484.asl"": 34, ""role_mainplot_role485.asl"": 34, ""role_mainplot_role486.asl"": 34, ""role_mainplot_role487.asl"": 34, ""role_mainplot_role488.asl"": 34, ""role_mainplot_role489.asl"": 34, ""role_mainplot_role490.asl"": 34, ""role_mainplot_role491.asl"": 34, ""role_mainplot_role492.asl"": 34, ""role_mainplot_role493.asl"": 34, ""role_mainplot_role494.asl"": 34, ""role_mainplot_role495.asl"": 34, ""role_mainplot_role496.asl"": 34, ""role_mainplot_role497.asl"": 34, ""role_mainplot_role498.asl"": 34, ""role_mainplot_role499.asl"": 34}",5.6003330557868445,0.1898814209998818,0.006368836999172345,6.228870391845703,True,7,0
scale_roles,38,Linux 7.1.9-arch1-2,x86_64,24,30.45,3.14.7,10,10,5,2,2,1,2,500,2,0,0,42,3603,124247,503,20178,"{""playbook_playbook0.asl"": 26, ""playbook_playbook1.asl"": 26, ""director_mainplot.asl"": 3126, ""role_mainplot_role0.asl"": 34, ""role_mainplot_role1.asl"": 34, ""role_mainplot_role2.asl"": 34, ""role_mainplot_role3.asl"": 34, ""role_mainplot_role4.asl"": 34, ""role_mainplot_role5.asl"": 34, ""role_mainplot_role6.asl"": 34, ""role_mainplot_role7.asl"": 34, ""role_mainplot_role8.asl"": 34, ""role_mainplot_role9.asl"": 34, ""role_mainplot_role10.asl"": 34, ""role_mainplot_role11.asl"": 34, ""role_mainplot_role12.asl"": 34, ""role_mainplot_role13.asl"": 34, ""role_mainplot_role14.asl"": 34, ""role_mainplot_role15.asl"": 34, ""role_mainplot_role16.asl"": 34, ""role_mainplot_role17.asl"": 34, ""role_mainplot_role18.asl"": 34, ""role_mainplot_role19.asl"": 34, ""role_mainplot_role20.asl"": 34, ""role_mainplot_role21.asl"": 34, ""role_mainplot_role22.asl"": 34, ""role_mainplot_role23.asl"": 34, ""role_mainplot_role24.asl"": 34, ""role_mainplot_role25.asl"": 34, ""role_mainplot_role26.asl"": 34, ""role_mainplot_role27.asl"": 34, ""role_mainplot_role28.asl"": 34, ""role_mainplot_role29.asl"": 34, ""role_mainplot_role30.asl"": 34, ""role_mainplot_role31.asl"": 34, ""role_mainplot_role32.asl"": 34, ""role_mainplot_role33.asl"": 34, ""role_mainplot_role34.asl"": 34, ""role_mainplot_role35.asl"": 34, ""role_mainplot_role36.asl"": 34, ""role_mainplot_role37.asl"": 34, ""role_mainplot_role38.asl"": 34, ""role_mainplot_role39.asl"": 34, ""role_mainplot_role40.asl"": 34, ""role_mainplot_role41.asl"": 34, ""role_mainplot_role42.asl"": 34, ""role_mainplot_role43.asl"": 34, ""role_mainplot_role44.asl"": 34, ""role_mainplot_role45.asl"": 34, ""role_mainplot_role46.asl"": 34, ""role_mainplot_role47.asl"": 34, ""role_mainplot_role48.asl"": 34, ""role_mainplot_role49.asl"": 34, ""role_mainplot_role50.asl"": 34, ""role_mainplot_role51.asl"": 34, ""role_mainplot_role52.asl"": 34, ""role_mainplot_role53.asl"": 34, ""role_mainplot_role54.asl"": 34, ""role_mainplot_role55.asl"": 34, ""role_mainplot_role56.asl"": 34, ""role_mainplot_role57.asl"": 34, ""role_mainplot_role58.asl"": 34, ""role_mainplot_role59.asl"": 34, ""role_mainplot_role60.asl"": 34, ""role_mainplot_role61.asl"": 34, ""role_mainplot_role62.asl"": 34, ""role_mainplot_role63.asl"": 34, ""role_mainplot_role64.asl"": 34, ""role_mainplot_role65.asl"": 34, ""role_mainplot_role66.asl"": 34, ""role_mainplot_role67.asl"": 34, ""role_mainplot_role68.asl"": 34, ""role_mainplot_role69.asl"": 34, ""role_mainplot_role70.asl"": 34, ""role_mainplot_role71.asl"": 34, ""role_mainplot_role72.asl"": 34, ""role_mainplot_role73.asl"": 34, ""role_mainplot_role74.asl"": 34, ""role_mainplot_role75.asl"": 34, ""role_mainplot_role76.asl"": 34, ""role_mainplot_role77.asl"": 34, ""role_mainplot_role78.asl"": 34, ""role_mainplot_role79.asl"": 34, ""role_mainplot_role80.asl"": 34, ""role_mainplot_role81.asl"": 34, ""role_mainplot_role82.asl"": 34, ""role_mainplot_role83.asl"": 34, ""role_mainplot_role84.asl"": 34, ""role_mainplot_role85.asl"": 34, ""role_mainplot_role86.asl"": 34, ""role_mainplot_role87.asl"": 34, ""role_mainplot_role88.asl"": 34, ""role_mainplot_role89.asl"": 34, ""role_mainplot_role90.asl"": 34, ""role_mainplot_role91.asl"": 34, ""role_mainplot_role92.asl"": 34, ""role_mainplot_role93.asl"": 34, ""role_mainplot_role94.asl"": 34, ""role_mainplot_role95.asl"": 34, ""role_mainplot_role96.asl"": 34, ""role_mainplot_role97.asl"": 34, ""role_mainplot_role98.asl"": 34, ""role_mainplot_role99.asl"": 34, ""role_mainplot_role100.asl"": 34, ""role_mainplot_role101.asl"": 34, ""role_mainplot_role102.asl"": 34, ""role_mainplot_role103.asl"": 34, ""role_mainplot_role104.asl"": 34, ""role_mainplot_role105.asl"": 34, ""role_mainplot_role106.asl"": 34, ""role_mainplot_role107.asl"": 34, ""role_mainplot_role108.asl"": 34, ""role_mainplot_role109.asl"": 34, ""role_mainplot_role110.asl"": 34, ""role_mainplot_role111.asl"": 34, ""role_mainplot_role112.asl"": 34, ""role_mainplot_role113.asl"": 34, ""role_mainplot_role114.asl"": 34, ""role_mainplot_role115.asl"": 34, ""role_mainplot_role116.asl"": 34, ""role_mainplot_role117.asl"": 34, ""role_mainplot_role118.asl"": 34, ""role_mainplot_role119.asl"": 34, ""role_mainplot_role120.asl"": 34, ""role_mainplot_role121.asl"": 34, ""role_mainplot_role122.asl"": 34, ""role_mainplot_role123.asl"": 34, ""role_mainplot_role124.asl"": 34, ""role_mainplot_role125.asl"": 34, ""role_mainplot_role126.asl"": 34, ""role_mainplot_role127.asl"": 34, ""role_mainplot_role128.asl"": 34, ""role_mainplot_role129.asl"": 34, ""role_mainplot_role130.asl"": 34, ""role_mainplot_role131.asl"": 34, ""role_mainplot_role132.asl"": 34, ""role_mainplot_role133.asl"": 34, ""role_mainplot_role134.asl"": 34, ""role_mainplot_role135.asl"": 34, ""role_mainplot_role136.asl"": 34, ""role_mainplot_role137.asl"": 34, ""role_mainplot_role138.asl"": 34, ""role_mainplot_role139.asl"": 34, ""role_mainplot_role140.asl"": 34, ""role_mainplot_role141.asl"": 34, ""role_mainplot_role142.asl"": 34, ""role_mainplot_role143.asl"": 34, ""role_mainplot_role144.asl"": 34, ""role_mainplot_role145.asl"": 34, ""role_mainplot_role146.asl"": 34, ""role_mainplot_role147.asl"": 34, ""role_mainplot_role148.asl"": 34, ""role_mainplot_role149.asl"": 34, ""role_mainplot_role150.asl"": 34, ""role_mainplot_role151.asl"": 34, ""role_mainplot_role152.asl"": 34, ""role_mainplot_role153.asl"": 34, ""role_mainplot_role154.asl"": 34, ""role_mainplot_role155.asl"": 34, ""role_mainplot_role156.asl"": 34, ""role_mainplot_role157.asl"": 34, ""role_mainplot_role158.asl"": 34, ""role_mainplot_role159.asl"": 34, ""role_mainplot_role160.asl"": 34, ""role_mainplot_role161.asl"": 34, ""role_mainplot_role162.asl"": 34, ""role_mainplot_role163.asl"": 34, ""role_mainplot_role164.asl"": 34, ""role_mainplot_role165.asl"": 34, ""role_mainplot_role166.asl"": 34, ""role_mainplot_role167.asl"": 34, ""role_mainplot_role168.asl"": 34, ""role_mainplot_role169.asl"": 34, ""role_mainplot_role170.asl"": 34, ""role_mainplot_role171.asl"": 34, ""role_mainplot_role172.asl"": 34, ""role_mainplot_role173.asl"": 34, ""role_mainplot_role174.asl"": 34, ""role_mainplot_role175.asl"": 34, ""role_mainplot_role176.asl"": 34, ""role_mainplot_role177.asl"": 34, ""role_mainplot_role178.asl"": 34, ""role_mainplot_role179.asl"": 34, ""role_mainplot_role180.asl"": 34, ""role_mainplot_role181.asl"": 34, ""role_mainplot_role182.asl"": 34, ""role_mainplot_role183.asl"": 34, ""role_mainplot_role184.asl"": 34, ""role_mainplot_role185.asl"": 34, ""role_mainplot_role186.asl"": 34, ""role_mainplot_role187.asl"": 34, ""role_mainplot_role188.asl"": 34, ""role_mainplot_role189.asl"": 34, ""role_mainplot_role190.asl"": 34, ""role_mainplot_role191.asl"": 34, ""role_mainplot_role192.asl"": 34, ""role_mainplot_role193.asl"": 34, ""role_mainplot_role194.asl"": 34, ""role_mainplot_role195.asl"": 34, ""role_mainplot_role196.asl"": 34, ""role_mainplot_role197.asl"": 34, ""role_mainplot_role198.asl"": 34, ""role_mainplot_role199.asl"": 34, ""role_mainplot_role200.asl"": 34, ""role_mainplot_role201.asl"": 34, ""role_mainplot_role202.asl"": 34, ""role_mainplot_role203.asl"": 34, ""role_mainplot_role204.asl"": 34, ""role_mainplot_role205.asl"": 34, ""role_mainplot_role206.asl"": 34, ""role_mainplot_role207.asl"": 34, ""role_mainplot_role208.asl"": 34, ""role_mainplot_role209.asl"": 34, ""role_mainplot_role210.asl"": 34, ""role_mainplot_role211.asl"": 34, ""role_mainplot_role212.asl"": 34, ""role_mainplot_role213.asl"": 34, ""role_mainplot_role214.asl"": 34, ""role_mainplot_role215.asl"": 34, ""role_mainplot_role216.asl"": 34, ""role_mainplot_role217.asl"": 34, ""role_mainplot_role218.asl"": 34, ""role_mainplot_role219.asl"": 34, ""role_mainplot_role220.asl"": 34, ""role_mainplot_role221.asl"": 34, ""role_mainplot_role222.asl"": 34, ""role_mainplot_role223.asl"": 34, ""role_mainplot_role224.asl"": 34, ""role_mainplot_role225.asl"": 34, ""role_mainplot_role226.asl"": 34, ""role_mainplot_role227.asl"": 34, ""role_mainplot_role228.asl"": 34, ""role_mainplot_role229.asl"": 34, ""role_mainplot_role230.asl"": 34, ""role_mainplot_role231.asl"": 34, ""role_mainplot_role232.asl"": 34, ""role_mainplot_role233.asl"": 34, ""role_mainplot_role234.asl"": 34, ""role_mainplot_role235.asl"": 34, ""role_mainplot_role236.asl"": 34, ""role_mainplot_role237.asl"": 34, ""role_mainplot_role238.asl"": 34, ""role_mainplot_role239.asl"": 34, ""role_mainplot_role240.asl"": 34, ""role_mainplot_role241.asl"": 34, ""role_mainplot_role242.asl"": 34, ""role_mainplot_role243.asl"": 34, ""role_mainplot_role244.asl"": 34, ""role_mainplot_role245.asl"": 34, ""role_mainplot_role246.asl"": 34, ""role_mainplot_role247.asl"": 34, ""role_mainplot_role248.asl"": 34, ""role_mainplot_role249.asl"": 34, ""role_mainplot_role250.asl"": 34, ""role_mainplot_role251.asl"": 34, ""role_mainplot_role252.asl"": 34, ""role_mainplot_role253.asl"": 34, ""role_mainplot_role254.asl"": 34, ""role_mainplot_role255.asl"": 34, ""role_mainplot_role256.asl"": 34, ""role_mainplot_role257.asl"": 34, ""role_mainplot_role258.asl"": 34, ""role_mainplot_role259.asl"": 34, ""role_mainplot_role260.asl"": 34, ""role_mainplot_role261.asl"": 34, ""role_mainplot_role262.asl"": 34, ""role_mainplot_role263.asl"": 34, ""role_mainplot_role264.asl"": 34, ""role_mainplot_role265.asl"": 34, ""role_mainplot_role266.asl"": 34, ""role_mainplot_role267.asl"": 34, ""role_mainplot_role268.asl"": 34, ""role_mainplot_role269.asl"": 34, ""role_mainplot_role270.asl"": 34, ""role_mainplot_role271.asl"": 34, ""role_mainplot_role272.asl"": 34, ""role_mainplot_role273.asl"": 34, ""role_mainplot_role274.asl"": 34, ""role_mainplot_role275.asl"": 34, ""role_mainplot_role276.asl"": 34, ""role_mainplot_role277.asl"": 34, ""role_mainplot_role278.asl"": 34, ""role_mainplot_role279.asl"": 34, ""role_mainplot_role280.asl"": 34, ""role_mainplot_role281.asl"": 34, ""role_mainplot_role282.asl"": 34, ""role_mainplot_role283.asl"": 34, ""role_mainplot_role284.asl"": 34, ""role_mainplot_role285.asl"": 34, ""role_mainplot_role286.asl"": 34, ""role_mainplot_role287.asl"": 34, ""role_mainplot_role288.asl"": 34, ""role_mainplot_role289.asl"": 34, ""role_mainplot_role290.asl"": 34, ""role_mainplot_role291.asl"": 34, ""role_mainplot_role292.asl"": 34, ""role_mainplot_role293.asl"": 34, ""role_mainplot_role294.asl"": 34, ""role_mainplot_role295.asl"": 34, ""role_mainplot_role296.asl"": 34, ""role_mainplot_role297.asl"": 34, ""role_mainplot_role298.asl"": 34, ""role_mainplot_role299.asl"": 34, ""role_mainplot_role300.asl"": 34, ""role_mainplot_role301.asl"": 34, ""role_mainplot_role302.asl"": 34, ""role_mainplot_role303.asl"": 34, ""role_mainplot_role304.asl"": 34, ""role_mainplot_role305.asl"": 34, ""role_mainplot_role306.asl"": 34, ""role_mainplot_role307.asl"": 34, ""role_mainplot_role308.asl"": 34, ""role_mainplot_role309.asl"": 34, ""role_mainplot_role310.asl"": 34, ""role_mainplot_role311.asl"": 34, ""role_mainplot_role312.asl"": 34, ""role_mainplot_role313.asl"": 34, ""role_mainplot_role314.asl"": 34, ""role_mainplot_role315.asl"": 34, ""role_mainplot_role316.asl"": 34, ""role_mainplot_role317.asl"": 34, ""role_mainplot_role318.asl"": 34, ""role_mainplot_role319.asl"": 34, ""role_mainplot_role320.asl"": 34, ""role_mainplot_role321.asl"": 34, ""role_mainplot_role322.asl"": 34, ""role_mainplot_role323.asl"": 34, ""role_mainplot_role324.asl"": 34, ""role_mainplot_role325.asl"": 34, ""role_mainplot_role326.asl"": 34, ""role_mainplot_role327.asl"": 34, ""role_mainplot_role328.asl"": 34, ""role_mainplot_role329.asl"": 34, ""role_mainplot_role330.asl"": 34, ""role_mainplot_role331.asl"": 34, ""role_mainplot_role332.asl"": 34, ""role_mainplot_role333.asl"": 34, ""role_mainplot_role334.asl"": 34, ""role_mainplot_role335.asl"": 34, ""role_mainplot_role336.asl"": 34, ""role_mainplot_role337.asl"": 34, ""role_mainplot_role338.asl"": 34, ""role_mainplot_role339.asl"": 34, ""role_mainplot_role340.asl"": 34, ""role_mainplot_role341.asl"": 34, ""role_mainplot_role342.asl"": 34, ""role_mainplot_role343.asl"": 34, ""role_mainplot_role344.asl"": 34, ""role_mainplot_role345.asl"": 34, ""role_mainplot_role346.asl"": 34, ""role_mainplot_role347.asl"": 34, ""role_mainplot_role348.asl"": 34, ""role_mainplot_role349.asl"": 34, ""role_mainplot_role350.asl"": 34, ""role_mainplot_role351.asl"": 34, ""role_mainplot_role352.asl"": 34, ""role_mainplot_role353.asl"": 34, ""role_mainplot_role354.asl"": 34, ""role_mainplot_role355.asl"": 34, ""role_mainplot_role356.asl"": 34, ""role_mainplot_role357.asl"": 34, ""role_mainplot_role358.asl"": 34, ""role_mainplot_role359.asl"": 34, ""role_mainplot_role360.asl"": 34, ""role_mainplot_role361.asl"": 34, ""role_mainplot_role362.asl"": 34, ""role_mainplot_role363.asl"": 34, ""role_mainplot_role364.asl"": 34, ""role_mainplot_role365.asl"": 34, ""role_mainplot_role366.asl"": 34, ""role_mainplot_role367.asl"": 34, ""role_mainplot_role368.asl"": 34, ""role_mainplot_role369.asl"": 34, ""role_mainplot_role370.asl"": 34, ""role_mainplot_role371.asl"": 34, ""role_mainplot_role372.asl"": 34, ""role_mainplot_role373.asl"": 34, ""role_mainplot_role374.asl"": 34, ""role_mainplot_role375.asl"": 34, ""role_mainplot_role376.asl"": 34, ""role_mainplot_role377.asl"": 34, ""role_mainplot_role378.asl"": 34, ""role_mainplot_role379.asl"": 34, ""role_mainplot_role380.asl"": 34, ""role_mainplot_role381.asl"": 34, ""role_mainplot_role382.asl"": 34, ""role_mainplot_role383.asl"": 34, ""role_mainplot_role384.asl"": 34, ""role_mainplot_role385.asl"": 34, ""role_mainplot_role386.asl"": 34, ""role_mainplot_role387.asl"": 34, ""role_mainplot_role388.asl"": 34, ""role_mainplot_role389.asl"": 34, ""role_mainplot_role390.asl"": 34, ""role_mainplot_role391.asl"": 34, ""role_mainplot_role392.asl"": 34, ""role_mainplot_role393.asl"": 34, ""role_mainplot_role394.asl"": 34, ""role_mainplot_role395.asl"": 34, ""role_mainplot_role396.asl"": 34, ""role_mainplot_role397.asl"": 34, ""role_mainplot_role398.asl"": 34, ""role_mainplot_role399.asl"": 34, ""role_mainplot_role400.asl"": 34, ""role_mainplot_role401.asl"": 34, ""role_mainplot_role402.asl"": 34, ""role_mainplot_role403.asl"": 34, ""role_mainplot_role404.asl"": 34, ""role_mainplot_role405.asl"": 34, ""role_mainplot_role406.asl"": 34, ""role_mainplot_role407.asl"": 34, ""role_mainplot_role408.asl"": 34, ""role_mainplot_role409.asl"": 34, ""role_mainplot_role410.asl"": 34, ""role_mainplot_role411.asl"": 34, ""role_mainplot_role412.asl"": 34, ""role_mainplot_role413.asl"": 34, ""role_mainplot_role414.asl"": 34, ""role_mainplot_role415.asl"": 34, ""role_mainplot_role416.asl"": 34, ""role_mainplot_role417.asl"": 34, ""role_mainplot_role418.asl"": 34, ""role_mainplot_role419.asl"": 34, ""role_mainplot_role420.asl"": 34, ""role_mainplot_role421.asl"": 34, ""role_mainplot_role422.asl"": 34, ""role_mainplot_role423.asl"": 34, ""role_mainplot_role424.asl"": 34, ""role_mainplot_role425.asl"": 34, ""role_mainplot_role426.asl"": 34, ""role_mainplot_role427.asl"": 34, ""role_mainplot_role428.asl"": 34, ""role_mainplot_role429.asl"": 34, ""role_mainplot_role430.asl"": 34, ""role_mainplot_role431.asl"": 34, ""role_mainplot_role432.asl"": 34, ""role_mainplot_role433.asl"": 34, ""role_mainplot_role434.asl"": 34, ""role_mainplot_role435.asl"": 34, ""role_mainplot_role436.asl"": 34, ""role_mainplot_role437.asl"": 34, ""role_mainplot_role438.asl"": 34, ""role_mainplot_role439.asl"": 34, ""role_mainplot_role440.asl"": 34, ""role_mainplot_role441.asl"": 34, ""role_mainplot_role442.asl"": 34, ""role_mainplot_role443.asl"": 34, ""role_mainplot_role444.asl"": 34, ""role_mainplot_role445.asl"": 34, ""role_mainplot_role446.asl"": 34, ""role_mainplot_role447.asl"": 34, ""role_mainplot_role448.asl"": 34, ""role_mainplot_role449.asl"": 34, ""role_mainplot_role450.asl"": 34, ""role_mainplot_role451.asl"": 34, ""role_mainplot_role452.asl"": 34, ""role_mainplot_role453.asl"": 34, ""role_mainplot_role454.asl"": 34, ""role_mainplot_role455.asl"": 34, ""role_mainplot_role456.asl"": 34, ""role_mainplot_role457.asl"": 34, ""role_mainplot_role458.asl"": 34, ""role_mainplot_role459.asl"": 34, ""role_mainplot_role460.asl"": 34, ""role_mainplot_role461.asl"": 34, ""role_mainplot_role462.asl"": 34, ""role_mainplot_role463.asl"": 34, ""role_mainplot_role464.asl"": 34, ""role_mainplot_role465.asl"": 34, ""role_mainplot_role466.asl"": 34, ""role_mainplot_role467.asl"": 34, ""role_mainplot_role468.asl"": 34, ""role_mainplot_role469.asl"": 34, ""role_mainplot_role470.asl"": 34, ""role_mainplot_role471.asl"": 34, ""role_mainplot_role472.asl"": 34, ""role_mainplot_role473.asl"": 34, ""role_mainplot_role474.asl"": 34, ""role_mainplot_role475.asl"": 34, ""role_mainplot_role476.asl"": 34, ""role_mainplot_role477.asl"": 34, ""role_mainplot_role478.asl"": 34, ""role_mainplot_role479.asl"": 34, ""role_mainplot_role480.asl"": 34, ""role_mainplot_role481.asl"": 34, ""role_mainplot_role482.asl"": 34, ""role_mainplot_role483.asl"": 34, ""role_mainplot_role484.asl"": 34, ""role_mainplot_role485.asl"": 34, ""role_mainplot_role486.asl"": 34, ""role_mainplot_role487.asl"": 34, ""role_mainplot_role488.asl"": 34, ""role_mainplot_role489.asl"": 34, ""role_mainplot_role490.asl"": 34, ""role_mainplot_role491.asl"": 34, ""role_mainplot_role492.asl"": 34, ""role_mainplot_role493.asl"": 34, ""role_mainplot_role494.asl"": 34, ""role_mainplot_role495.asl"": 34, ""role_mainplot_role496.asl"": 34, ""role_mainplot_role497.asl"": 34, ""role_mainplot_role498.asl"": 34, ""role_mainplot_role499.asl"": 34}",5.6003330557868445,0.1790262700014864,0.006372748001012951,6.228076934814453,True,7,0
scale_roles,39,Linux 7.1.9-arch1-2,x86_64,24,30.45,3.14.7,10,10,5,2,2,1,2,500,2,0,0,42,3603,124247,503,20178,"{""playbook_playbook0.asl"": 26, ""playbook_playbook1.asl"": 26, ""director_mainplot.asl"": 3126, ""role_mainplot_role0.asl"": 34, ""role_mainplot_role1.asl"": 34, ""role_mainplot_role2.asl"": 34, ""role_mainplot_role3.asl"": 34, ""role_mainplot_role4.asl"": 34, ""role_mainplot_role5.asl"": 34, ""role_mainplot_role6.asl"": 34, ""role_mainplot_role7.asl"": 34, ""role_mainplot_role8.asl"": 34, ""role_mainplot_role9.asl"": 34, ""role_mainplot_role10.asl"": 34, ""role_mainplot_role11.asl"": 34, ""role_mainplot_role12.asl"": 34, ""role_mainplot_role13.asl"": 34, ""role_mainplot_role14.asl"": 34, ""role_mainplot_role15.asl"": 34, ""role_mainplot_role16.asl"": 34, ""role_mainplot_role17.asl"": 34, ""role_mainplot_role18.asl"": 34, ""role_mainplot_role19.asl"": 34, ""role_mainplot_role20.asl"": 34, ""role_mainplot_role21.asl"": 34, ""role_mainplot_role22.asl"": 34, ""role_mainplot_role23.asl"": 34, ""role_mainplot_role24.asl"": 34, ""role_mainplot_role25.asl"": 34, ""role_mainplot_role26.asl"": 34, ""role_mainplot_role27.asl"": 34, ""role_mainplot_role28.asl"": 34, ""role_mainplot_role29.asl"": 34, ""role_mainplot_role30.asl"": 34, ""role_mainplot_role31.asl"": 34, ""role_mainplot_role32.asl"": 34, ""role_mainplot_role33.asl"": 34, ""role_mainplot_role34.asl"": 34, ""role_mainplot_role35.asl"": 34, ""role_mainplot_role36.asl"": 34, ""role_mainplot_role37.asl"": 34, ""role_mainplot_role38.asl"": 34, ""role_mainplot_role39.asl"": 34, ""role_mainplot_role40.asl"": 34, ""role_mainplot_role41.asl"": 34, ""role_mainplot_role42.asl"": 34, ""role_mainplot_role43.asl"": 34, ""role_mainplot_role44.asl"": 34, ""role_mainplot_role45.asl"": 34, ""role_mainplot_role46.asl"": 34, ""role_mainplot_role47.asl"": 34, ""role_mainplot_role48.asl"": 34, ""role_mainplot_role49.asl"": 34, ""role_mainplot_role50.asl"": 34, ""role_mainplot_role51.asl"": 34, ""role_mainplot_role52.asl"": 34, ""role_mainplot_role53.asl"": 34, ""role_mainplot_role54.asl"": 34, ""role_mainplot_role55.asl"": 34, ""role_mainplot_role56.asl"": 34, ""role_mainplot_role57.asl"": 34, ""role_mainplot_role58.asl"": 34, ""role_mainplot_role59.asl"": 34, ""role_mainplot_role60.asl"": 34, ""role_mainplot_role61.asl"": 34, ""role_mainplot_role62.asl"": 34, ""role_mainplot_role63.asl"": 34, ""role_mainplot_role64.asl"": 34, ""role_mainplot_role65.asl"": 34, ""role_mainplot_role66.asl"": 34, ""role_mainplot_role67.asl"": 34, ""role_mainplot_role68.asl"": 34, ""role_mainplot_role69.asl"": 34, ""role_mainplot_role70.asl"": 34, ""role_mainplot_role71.asl"": 34, ""role_mainplot_role72.asl"": 34, ""role_mainplot_role73.asl"": 34, ""role_mainplot_role74.asl"": 34, ""role_mainplot_role75.asl"": 34, ""role_mainplot_role76.asl"": 34, ""role_mainplot_role77.asl"": 34, ""role_mainplot_role78.asl"": 34, ""role_mainplot_role79.asl"": 34, ""role_mainplot_role80.asl"": 34, ""role_mainplot_role81.asl"": 34, ""role_mainplot_role82.asl"": 34, ""role_mainplot_role83.asl"": 34, ""role_mainplot_role84.asl"": 34, ""role_mainplot_role85.asl"": 34, ""role_mainplot_role86.asl"": 34, ""role_mainplot_role87.asl"": 34, ""role_mainplot_role88.asl"": 34, ""role_mainplot_role89.asl"": 34, ""role_mainplot_role90.asl"": 34, ""role_mainplot_role91.asl"": 34, ""role_mainplot_role92.asl"": 34, ""role_mainplot_role93.asl"": 34, ""role_mainplot_role94.asl"": 34, ""role_mainplot_role95.asl"": 34, ""role_mainplot_role96.asl"": 34, ""role_mainplot_role97.asl"": 34, ""role_mainplot_role98.asl"": 34, ""role_mainplot_role99.asl"": 34, ""role_mainplot_role100.asl"": 34, ""role_mainplot_role101.asl"": 34, ""role_mainplot_role102.asl"": 34, ""role_mainplot_role103.asl"": 34, ""role_mainplot_role104.asl"": 34, ""role_mainplot_role105.asl"": 34, ""role_mainplot_role106.asl"": 34, ""role_mainplot_role107.asl"": 34, ""role_mainplot_role108.asl"": 34, ""role_mainplot_role109.asl"": 34, ""role_mainplot_role110.asl"": 34, ""role_mainplot_role111.asl"": 34, ""role_mainplot_role112.asl"": 34, ""role_mainplot_role113.asl"": 34, ""role_mainplot_role114.asl"": 34, ""role_mainplot_role115.asl"": 34, ""role_mainplot_role116.asl"": 34, ""role_mainplot_role117.asl"": 34, ""role_mainplot_role118.asl"": 34, ""role_mainplot_role119.asl"": 34, ""role_mainplot_role120.asl"": 34, ""role_mainplot_role121.asl"": 34, ""role_mainplot_role122.asl"": 34, ""role_mainplot_role123.asl"": 34, ""role_mainplot_role124.asl"": 34, ""role_mainplot_role125.asl"": 34, ""role_mainplot_role126.asl"": 34, ""role_mainplot_role127.asl"": 34, ""role_mainplot_role128.asl"": 34, ""role_mainplot_role129.asl"": 34, ""role_mainplot_role130.asl"": 34, ""role_mainplot_role131.asl"": 34, ""role_mainplot_role132.asl"": 34, ""role_mainplot_role133.asl"": 34, ""role_mainplot_role134.asl"": 34, ""role_mainplot_role135.asl"": 34, ""role_mainplot_role136.asl"": 34, ""role_mainplot_role137.asl"": 34, ""role_mainplot_role138.asl"": 34, ""role_mainplot_role139.asl"": 34, ""role_mainplot_role140.asl"": 34, ""role_mainplot_role141.asl"": 34, ""role_mainplot_role142.asl"": 34, ""role_mainplot_role143.asl"": 34, ""role_mainplot_role144.asl"": 34, ""role_mainplot_role145.asl"": 34, ""role_mainplot_role146.asl"": 34, ""role_mainplot_role147.asl"": 34, ""role_mainplot_role148.asl"": 34, ""role_mainplot_role149.asl"": 34, ""role_mainplot_role150.asl"": 34, ""role_mainplot_role151.asl"": 34, ""role_mainplot_role152.asl"": 34, ""role_mainplot_role153.asl"": 34, ""role_mainplot_role154.asl"": 34, ""role_mainplot_role155.asl"": 34, ""role_mainplot_role156.asl"": 34, ""role_mainplot_role157.asl"": 34, ""role_mainplot_role158.asl"": 34, ""role_mainplot_role159.asl"": 34, ""role_mainplot_role160.asl"": 34, ""role_mainplot_role161.asl"": 34, ""role_mainplot_role162.asl"": 34, ""role_mainplot_role163.asl"": 34, ""role_mainplot_role164.asl"": 34, ""role_mainplot_role165.asl"": 34, ""role_mainplot_role166.asl"": 34, ""role_mainplot_role167.asl"": 34, ""role_mainplot_role168.asl"": 34, ""role_mainplot_role169.asl"": 34, ""role_mainplot_role170.asl"": 34, ""role_mainplot_role171.asl"": 34, ""role_mainplot_role172.asl"": 34, ""role_mainplot_role173.asl"": 34, ""role_mainplot_role174.asl"": 34, ""role_mainplot_role175.asl"": 34, ""role_mainplot_role176.asl"": 34, ""role_mainplot_role177.asl"": 34, ""role_mainplot_role178.asl"": 34, ""role_mainplot_role179.asl"": 34, ""role_mainplot_role180.asl"": 34, ""role_mainplot_role181.asl"": 34, ""role_mainplot_role182.asl"": 34, ""role_mainplot_role183.asl"": 34, ""role_mainplot_role184.asl"": 34, ""role_mainplot_role185.asl"": 34, ""role_mainplot_role186.asl"": 34, ""role_mainplot_role187.asl"": 34, ""role_mainplot_role188.asl"": 34, ""role_mainplot_role189.asl"": 34, ""role_mainplot_role190.asl"": 34, ""role_mainplot_role191.asl"": 34, ""role_mainplot_role192.asl"": 34, ""role_mainplot_role193.asl"": 34, ""role_mainplot_role194.asl"": 34, ""role_mainplot_role195.asl"": 34, ""role_mainplot_role196.asl"": 34, ""role_mainplot_role197.asl"": 34, ""role_mainplot_role198.asl"": 34, ""role_mainplot_role199.asl"": 34, ""role_mainplot_role200.asl"": 34, ""role_mainplot_role201.asl"": 34, ""role_mainplot_role202.asl"": 34, ""role_mainplot_role203.asl"": 34, ""role_mainplot_role204.asl"": 34, ""role_mainplot_role205.asl"": 34, ""role_mainplot_role206.asl"": 34, ""role_mainplot_role207.asl"": 34, ""role_mainplot_role208.asl"": 34, ""role_mainplot_role209.asl"": 34, ""role_mainplot_role210.asl"": 34, ""role_mainplot_role211.asl"": 34, ""role_mainplot_role212.asl"": 34, ""role_mainplot_role213.asl"": 34, ""role_mainplot_role214.asl"": 34, ""role_mainplot_role215.asl"": 34, ""role_mainplot_role216.asl"": 34, ""role_mainplot_role217.asl"": 34, ""role_mainplot_role218.asl"": 34, ""role_mainplot_role219.asl"": 34, ""role_mainplot_role220.asl"": 34, ""role_mainplot_role221.asl"": 34, ""role_mainplot_role222.asl"": 34, ""role_mainplot_role223.asl"": 34, ""role_mainplot_role224.asl"": 34, ""role_mainplot_role225.asl"": 34, ""role_mainplot_role226.asl"": 34, ""role_mainplot_role227.asl"": 34, ""role_mainplot_role228.asl"": 34, ""role_mainplot_role229.asl"": 34, ""role_mainplot_role230.asl"": 34, ""role_mainplot_role231.asl"": 34, ""role_mainplot_role232.asl"": 34, ""role_mainplot_role233.asl"": 34, ""role_mainplot_role234.asl"": 34, ""role_mainplot_role235.asl"": 34, ""role_mainplot_role236.asl"": 34, ""role_mainplot_role237.asl"": 34, ""role_mainplot_role238.asl"": 34, ""role_mainplot_role239.asl"": 34, ""role_mainplot_role240.asl"": 34, ""role_mainplot_role241.asl"": 34, ""role_mainplot_role242.asl"": 34, ""role_mainplot_role243.asl"": 34, ""role_mainplot_role244.asl"": 34, ""role_mainplot_role245.asl"": 34, ""role_mainplot_role246.asl"": 34, ""role_mainplot_role247.asl"": 34, ""role_mainplot_role248.asl"": 34, ""role_mainplot_role249.asl"": 34, ""role_mainplot_role250.asl"": 34, ""role_mainplot_role251.asl"": 34, ""role_mainplot_role252.asl"": 34, ""role_mainplot_role253.asl"": 34, ""role_mainplot_role254.asl"": 34, ""role_mainplot_role255.asl"": 34, ""role_mainplot_role256.asl"": 34, ""role_mainplot_role257.asl"": 34, ""role_mainplot_role258.asl"": 34, ""role_mainplot_role259.asl"": 34, ""role_mainplot_role260.asl"": 34, ""role_mainplot_role261.asl"": 34, ""role_mainplot_role262.asl"": 34, ""role_mainplot_role263.asl"": 34, ""role_mainplot_role264.asl"": 34, ""role_mainplot_role265.asl"": 34, ""role_mainplot_role266.asl"": 34, ""role_mainplot_role267.asl"": 34, ""role_mainplot_role268.asl"": 34, ""role_mainplot_role269.asl"": 34, ""role_mainplot_role270.asl"": 34, ""role_mainplot_role271.asl"": 34, ""role_mainplot_role272.asl"": 34, ""role_mainplot_role273.asl"": 34, ""role_mainplot_role274.asl"": 34, ""role_mainplot_role275.asl"": 34, ""role_mainplot_role276.asl"": 34, ""role_mainplot_role277.asl"": 34, ""role_mainplot_role278.asl"": 34, ""role_mainplot_role279.asl"": 34, ""role_mainplot_role280.asl"": 34, ""role_mainplot_role281.asl"": 34, ""role_mainplot_role282.asl"": 34, ""role_mainplot_role283.asl"": 34, ""role_mainplot_role284.asl"": 34, ""role_mainplot_role285.asl"": 34, ""role_mainplot_role286.asl"": 34, ""role_mainplot_role287.asl"": 34, ""role_mainplot_role288.asl"": 34, ""role_mainplot_role289.asl"": 34, ""role_mainplot_role290.asl"": 34, ""role_mainplot_role291.asl"": 34, ""role_mainplot_role292.asl"": 34, ""role_mainplot_role293.asl"": 34, ""role_mainplot_role294.asl"": 34, ""role_mainplot_role295.asl"": 34, ""role_mainplot_role296.asl"": 34, ""role_mainplot_role297.asl"": 34, ""role_mainplot_role298.asl"": 34, ""role_mainplot_role299.asl"": 34, ""role_mainplot_role300.asl"": 34, ""role_mainplot_role301.asl"": 34, ""role_mainplot_role302.asl"": 34, ""role_mainplot_role303.asl"": 34, ""role_mainplot_role304.asl"": 34, ""role_mainplot_role305.asl"": 34, ""role_mainplot_role306.asl"": 34, ""role_mainplot_role307.asl"": 34, ""role_mainplot_role308.asl"": 34, ""role_mainplot_role309.asl"": 34, ""role_mainplot_role310.asl"": 34, ""role_mainplot_role311.asl"": 34, ""role_mainplot_role312.asl"": 34, ""role_mainplot_role313.asl"": 34, ""role_mainplot_role314.asl"": 34, ""role_mainplot_role315.asl"": 34, ""role_mainplot_role316.asl"": 34, ""role_mainplot_role317.asl"": 34, ""role_mainplot_role318.asl"": 34, ""role_mainplot_role319.asl"": 34, ""role_mainplot_role320.asl"": 34, ""role_mainplot_role321.asl"": 34, ""role_mainplot_role322.asl"": 34, ""role_mainplot_role323.asl"": 34, ""role_mainplot_role324.asl"": 34, ""role_mainplot_role325.asl"": 34, ""role_mainplot_role326.asl"": 34, ""role_mainplot_role327.asl"": 34, ""role_mainplot_role328.asl"": 34, ""role_mainplot_role329.asl"": 34, ""role_mainplot_role330.asl"": 34, ""role_mainplot_role331.asl"": 34, ""role_mainplot_role332.asl"": 34, ""role_mainplot_role333.asl"": 34, ""role_mainplot_role334.asl"": 34, ""role_mainplot_role335.asl"": 34, ""role_mainplot_role336.asl"": 34, ""role_mainplot_role337.asl"": 34, ""role_mainplot_role338.asl"": 34, ""role_mainplot_role339.asl"": 34, ""role_mainplot_role340.asl"": 34, ""role_mainplot_role341.asl"": 34, ""role_mainplot_role342.asl"": 34, ""role_mainplot_role343.asl"": 34, ""role_mainplot_role344.asl"": 34, ""role_mainplot_role345.asl"": 34, ""role_mainplot_role346.asl"": 34, ""role_mainplot_role347.asl"": 34, ""role_mainplot_role348.asl"": 34, ""role_mainplot_role349.asl"": 34, ""role_mainplot_role350.asl"": 34, ""role_mainplot_role351.asl"": 34, ""role_mainplot_role352.asl"": 34, ""role_mainplot_role353.asl"": 34, ""role_mainplot_role354.asl"": 34, ""role_mainplot_role355.asl"": 34, ""role_mainplot_role356.asl"": 34, ""role_mainplot_role357.asl"": 34, ""role_mainplot_role358.asl"": 34, ""role_mainplot_role359.asl"": 34, ""role_mainplot_role360.asl"": 34, ""role_mainplot_role361.asl"": 34, ""role_mainplot_role362.asl"": 34, ""role_mainplot_role363.asl"": 34, ""role_mainplot_role364.asl"": 34, ""role_mainplot_role365.asl"": 34, ""role_mainplot_role366.asl"": 34, ""role_mainplot_role367.asl"": 34, ""role_mainplot_role368.asl"": 34, ""role_mainplot_role369.asl"": 34, ""role_mainplot_role370.asl"": 34, ""role_mainplot_role371.asl"": 34, ""role_mainplot_role372.asl"": 34, ""role_mainplot_role373.asl"": 34, ""role_mainplot_role374.asl"": 34, ""role_mainplot_role375.asl"": 34, ""role_mainplot_role376.asl"": 34, ""role_mainplot_role377.asl"": 34, ""role_mainplot_role378.asl"": 34, ""role_mainplot_role379.asl"": 34, ""role_mainplot_role380.asl"": 34, ""role_mainplot_role381.asl"": 34, ""role_mainplot_role382.asl"": 34, ""role_mainplot_role383.asl"": 34, ""role_mainplot_role384.asl"": 34, ""role_mainplot_role385.asl"": 34, ""role_mainplot_role386.asl"": 34, ""role_mainplot_role387.asl"": 34, ""role_mainplot_role388.asl"": 34, ""role_mainplot_role389.asl"": 34, ""role_mainplot_role390.asl"": 34, ""role_mainplot_role391.asl"": 34, ""role_mainplot_role392.asl"": 34, ""role_mainplot_role393.asl"": 34, ""role_mainplot_role394.asl"": 34, ""role_mainplot_role395.asl"": 34, ""role_mainplot_role396.asl"": 34, ""role_mainplot_role397.asl"": 34, ""role_mainplot_role398.asl"": 34, ""role_mainplot_role399.asl"": 34, ""role_mainplot_role400.asl"": 34, ""role_mainplot_role401.asl"": 34, ""role_mainplot_role402.asl"": 34, ""role_mainplot_role403.asl"": 34, ""role_mainplot_role404.asl"": 34, ""role_mainplot_role405.asl"": 34, ""role_mainplot_role406.asl"": 34, ""role_mainplot_role407.asl"": 34, ""role_mainplot_role408.asl"": 34, ""role_mainplot_role409.asl"": 34, ""role_mainplot_role410.asl"": 34, ""role_mainplot_role411.asl"": 34, ""role_mainplot_role412.asl"": 34, ""role_mainplot_role413.asl"": 34, ""role_mainplot_role414.asl"": 34, ""role_mainplot_role415.asl"": 34, ""role_mainplot_role416.asl"": 34, ""role_mainplot_role417.asl"": 34, ""role_mainplot_role418.asl"": 34, ""role_mainplot_role419.asl"": 34, ""role_mainplot_role420.asl"": 34, ""role_mainplot_role421.asl"": 34, ""role_mainplot_role422.asl"": 34, ""role_mainplot_role423.asl"": 34, ""role_mainplot_role424.asl"": 34, ""role_mainplot_role425.asl"": 34, ""role_mainplot_role426.asl"": 34, ""role_mainplot_role427.asl"": 34, ""role_mainplot_role428.asl"": 34, ""role_mainplot_role429.asl"": 34, ""role_mainplot_role430.asl"": 34, ""role_mainplot_role431.asl"": 34, ""role_mainplot_role432.asl"": 34, ""role_mainplot_role433.asl"": 34, ""role_mainplot_role434.asl"": 34, ""role_mainplot_role435.asl"": 34, ""role_mainplot_role436.asl"": 34, ""role_mainplot_role437.asl"": 34, ""role_mainplot_role438.asl"": 34, ""role_mainplot_role439.asl"": 34, ""role_mainplot_role440.asl"": 34, ""role_mainplot_role441.asl"": 34, ""role_mainplot_role442.asl"": 34, ""role_mainplot_role443.asl"": 34, ""role_mainplot_role444.asl"": 34, ""role_mainplot_role445.asl"": 34, ""role_mainplot_role446.asl"": 34, ""role_mainplot_role447.asl"": 34, ""role_mainplot_role448.asl"": 34, ""role_mainplot_role449.asl"": 34, ""role_mainplot_role450.asl"": 34, ""role_mainplot_role451.asl"": 34, ""role_mainplot_role452.asl"": 34, ""role_mainplot_role453.asl"": 34, ""role_mainplot_role454.asl"": 34, ""role_mainplot_role455.asl"": 34, ""role_mainplot_role456.asl"": 34, ""role_mainplot_role457.asl"": 34, ""role_mainplot_role458.asl"": 34, ""role_mainplot_role459.asl"": 34, ""role_mainplot_role460.asl"": 34, ""role_mainplot_role461.asl"": 34, ""role_mainplot_role462.asl"": 34, ""role_mainplot_role463.asl"": 34, ""role_mainplot_role464.asl"": 34, ""role_mainplot_role465.asl"": 34, ""role_mainplot_role466.asl"": 34, ""role_mainplot_role467.asl"": 34, ""role_mainplot_role468.asl"": 34, ""role_mainplot_role469.asl"": 34, ""role_mainplot_role470.asl"": 34, ""role_mainplot_role471.asl"": 34, ""role_mainplot_role472.asl"": 34, ""role_mainplot_role473.asl"": 34, ""role_mainplot_role474.asl"": 34, ""role_mainplot_role475.asl"": 34, ""role_mainplot_role476.asl"": 34, ""role_mainplot_role477.asl"": 34, ""role_mainplot_role478.asl"": 34, ""role_mainplot_role479.asl"": 34, ""role_mainplot_role480.asl"": 34, ""role_mainplot_role481.asl"": 34, ""role_mainplot_role482.asl"": 34, ""role_mainplot_role483.asl"": 34, ""role_mainplot_role484.asl"": 34, ""role_mainplot_role485.asl"": 34, ""role_mainplot_role486.asl"": 34, ""role_mainplot_role487.asl"": 34, ""role_mainplot_role488.asl"": 34, ""role_mainplot_role489.asl"": 34, ""role_mainplot_role490.asl"": 34, ""role_mainplot_role491.asl"": 34, ""role_mainplot_role492.asl"": 34, ""role_mainplot_role493.asl"": 34, ""role_mainplot_role494.asl"": 34, ""role_mainplot_role495.asl"": 34, ""role_mainplot_role496.asl"": 34, ""role_mainplot_role497.asl"": 34, ""role_mainplot_role498.asl"": 34, ""role_mainplot_role499.asl"": 34}",5.6003330557868445,0.17757878499833168,0.006329897998512024,6.227886199951172,True,7,0
scale_roles,40,Linux 7.1.9-arch1-2,x86_64,24,30.45,3.14.7,10,10,5,2,2,1,2,1000,2,0,0,42,7103,247248,1003,40178,"{""playbook_playbook0.asl"": 26, ""playbook_playbook1.asl"": 26, ""director_mainplot.asl"": 6126, ""role_mainplot_role0.asl"": 34, ""role_mainplot_role1.asl"": 34, ""role_mainplot_role2.asl"": 34, ""role_mainplot_role3.asl"": 34, ""role_mainplot_role4.asl"": 34, ""role_mainplot_role5.asl"": 34, ""role_mainplot_role6.asl"": 34, ""role_mainplot_role7.asl"": 34, ""role_mainplot_role8.asl"": 34, ""role_mainplot_role9.asl"": 34, ""role_mainplot_role10.asl"": 34, ""role_mainplot_role11.asl"": 34, ""role_mainplot_role12.asl"": 34, ""role_mainplot_role13.asl"": 34, ""role_mainplot_role14.asl"": 34, ""role_mainplot_role15.asl"": 34, ""role_mainplot_role16.asl"": 34, ""role_mainplot_role17.asl"": 34, ""role_mainplot_role18.asl"": 34, ""role_mainplot_role19.asl"": 34, ""role_mainplot_role20.asl"": 34, ""role_mainplot_role21.asl"": 34, ""role_mainplot_role22.asl"": 34, ""role_mainplot_role23.asl"": 34, ""role_mainplot_role24.asl"": 34, ""role_mainplot_role25.asl"": 34, ""role_mainplot_role26.asl"": 34, ""role_mainplot_role27.asl"": 34, ""role_mainplot_role28.asl"": 34, ""role_mainplot_role29.asl"": 34, ""role_mainplot_role30.asl"": 34, ""role_mainplot_role31.asl"": 34, ""role_mainplot_role32.asl"": 34, ""role_mainplot_role33.asl"": 34, ""role_mainplot_role34.asl"": 34, ""role_mainplot_role35.asl"": 34, ""role_mainplot_role36.asl"": 34, ""role_mainplot_role37.asl"": 34, ""role_mainplot_role38.asl"": 34, ""role_mainplot_role39.asl"": 34, ""role_mainplot_role40.asl"": 34, ""role_mainplot_role41.asl"": 34, ""role_mainplot_role42.asl"": 34, ""role_mainplot_role43.asl"": 34, ""role_mainplot_role44.asl"": 34, ""role_mainplot_role45.asl"": 34, ""role_mainplot_role46.asl"": 34, ""role_mainplot_role47.asl"": 34, ""role_mainplot_role48.asl"": 34, ""role_mainplot_role49.asl"": 34, ""role_mainplot_role50.asl"": 34, ""role_mainplot_role51.asl"": 34, ""role_mainplot_role52.asl"": 34, ""role_mainplot_role53.asl"": 34, ""role_mainplot_role54.asl"": 34, ""role_mainplot_role55.asl"": 34, ""role_mainplot_role56.asl"": 34, ""role_mainplot_role57.asl"": 34, ""role_mainplot_role58.asl"": 34, ""role_mainplot_role59.asl"": 34, ""role_mainplot_role60.asl"": 34, ""role_mainplot_role61.asl"": 34, ""role_mainplot_role62.asl"": 34, ""role_mainplot_role63.asl"": 34, ""role_mainplot_role64.asl"": 34, ""role_mainplot_role65.asl"": 34, ""role_mainplot_role66.asl"": 34, ""role_mainplot_role67.asl"": 34, ""role_mainplot_role68.asl"": 34, ""role_mainplot_role69.asl"": 34, ""role_mainplot_role70.asl"": 34, ""role_mainplot_role71.asl"": 34, ""role_mainplot_role72.asl"": 34, ""role_mainplot_role73.asl"": 34, ""role_mainplot_role74.asl"": 34, ""role_mainplot_role75.asl"": 34, ""role_mainplot_role76.asl"": 34, ""role_mainplot_role77.asl"": 34, ""role_mainplot_role78.asl"": 34, ""role_mainplot_role79.asl"": 34, ""role_mainplot_role80.asl"": 34, ""role_mainplot_role81.asl"": 34, ""role_mainplot_role82.asl"": 34, ""role_mainplot_role83.asl"": 34, ""role_mainplot_role84.asl"": 34, ""role_mainplot_role85.asl"": 34, ""role_mainplot_role86.asl"": 34, ""role_mainplot_role87.asl"": 34, ""role_mainplot_role88.asl"": 34, ""role_mainplot_role89.asl"": 34, ""role_mainplot_role90.asl"": 34, ""role_mainplot_role91.asl"": 34, ""role_mainplot_role92.asl"": 34, ""role_mainplot_role93.asl"": 34, ""role_mainplot_role94.asl"": 34, ""role_mainplot_role95.asl"": 34, ""role_mainplot_role96.asl"": 34, ""role_mainplot_role97.asl"": 34, ""role_mainplot_role98.asl"": 34, ""role_mainplot_role99.asl"": 34, ""role_mainplot_role100.asl"": 34, ""role_mainplot_role101.asl"": 34, ""role_mainplot_role102.asl"": 34, ""role_mainplot_role103.asl"": 34, ""role_mainplot_role104.asl"": 34, ""role_mainplot_role105.asl"": 34, ""role_mainplot_role106.asl"": 34, ""role_mainplot_role107.asl"": 34, ""role_mainplot_role108.asl"": 34, ""role_mainplot_role109.asl"": 34, ""role_mainplot_role110.asl"": 34, ""role_mainplot_role111.asl"": 34, ""role_mainplot_role112.asl"": 34, ""role_mainplot_role113.asl"": 34, ""role_mainplot_role114.asl"": 34, ""role_mainplot_role115.asl"": 34, ""role_mainplot_role116.asl"": 34, ""role_mainplot_role117.asl"": 34, ""role_mainplot_role118.asl"": 34, ""role_mainplot_role119.asl"": 34, ""role_mainplot_role120.asl"": 34, ""role_mainplot_role121.asl"": 34, ""role_mainplot_role122.asl"": 34, ""role_mainplot_role123.asl"": 34, ""role_mainplot_role124.asl"": 34, ""role_mainplot_role125.asl"": 34, ""role_mainplot_role126.asl"": 34, ""role_mainplot_role127.asl"": 34, ""role_mainplot_role128.asl"": 34, ""role_mainplot_role129.asl"": 34, ""role_mainplot_role130.asl"": 34, ""role_mainplot_role131.asl"": 34, ""role_mainplot_role132.asl"": 34, ""role_mainplot_role133.asl"": 34, ""role_mainplot_role134.asl"": 34, ""role_mainplot_role135.asl"": 34, ""role_mainplot_role136.asl"": 34, ""role_mainplot_role137.asl"": 34, ""role_mainplot_role138.asl"": 34, ""role_mainplot_role139.asl"": 34, ""role_mainplot_role140.asl"": 34, ""role_mainplot_role141.asl"": 34, ""role_mainplot_role142.asl"": 34, ""role_mainplot_role143.asl"": 34, ""role_mainplot_role144.asl"": 34, ""role_mainplot_role145.asl"": 34, ""role_mainplot_role146.asl"": 34, ""role_mainplot_role147.asl"": 34, ""role_mainplot_role148.asl"": 34, ""role_mainplot_role149.asl"": 34, ""role_mainplot_role150.asl"": 34, ""role_mainplot_role151.asl"": 34, ""role_mainplot_role152.asl"": 34, ""role_mainplot_role153.asl"": 34, ""role_mainplot_role154.asl"": 34, ""role_mainplot_role155.asl"": 34, ""role_mainplot_role156.asl"": 34, ""role_mainplot_role157.asl"": 34, ""role_mainplot_role158.asl"": 34, ""role_mainplot_role159.asl"": 34, ""role_mainplot_role160.asl"": 34, ""role_mainplot_role161.asl"": 34, ""role_mainplot_role162.asl"": 34, ""role_mainplot_role163.asl"": 34, ""role_mainplot_role164.asl"": 34, ""role_mainplot_role165.asl"": 34, ""role_mainplot_role166.asl"": 34, ""role_mainplot_role167.asl"": 34, ""role_mainplot_role168.asl"": 34, ""role_mainplot_role169.asl"": 34, ""role_mainplot_role170.asl"": 34, ""role_mainplot_role171.asl"": 34, ""role_mainplot_role172.asl"": 34, ""role_mainplot_role173.asl"": 34, ""role_mainplot_role174.asl"": 34, ""role_mainplot_role175.asl"": 34, ""role_mainplot_role176.asl"": 34, ""role_mainplot_role177.asl"": 34, ""role_mainplot_role178.asl"": 34, ""role_mainplot_role179.asl"": 34, ""role_mainplot_role180.asl"": 34, ""role_mainplot_role181.asl"": 34, ""role_mainplot_role182.asl"": 34, ""role_mainplot_role183.asl"": 34, ""role_mainplot_role184.asl"": 34, ""role_mainplot_role185.asl"": 34, ""role_mainplot_role186.asl"": 34, ""role_mainplot_role187.asl"": 34, ""role_mainplot_role188.asl"": 34, ""role_mainplot_role189.asl"": 34, ""role_mainplot_role190.asl"": 34, ""role_mainplot_role191.asl"": 34, ""role_mainplot_role192.asl"": 34, ""role_mainplot_role193.asl"": 34, ""role_mainplot_role194.asl"": 34, ""role_mainplot_role195.asl"": 34, ""role_mainplot_role196.asl"": 34, ""role_mainplot_role197.asl"": 34, ""role_mainplot_role198.asl"": 34, ""role_mainplot_role199.asl"": 34, ""role_mainplot_role200.asl"": 34, ""role_mainplot_role201.asl"": 34, ""role_mainplot_role202.asl"": 34, ""role_mainplot_role203.asl"": 34, ""role_mainplot_role204.asl"": 34, ""role_mainplot_role205.asl"": 34, ""role_mainplot_role206.asl"": 34, ""role_mainplot_role207.asl"": 34, ""role_mainplot_role208.asl"": 34, ""role_mainplot_role209.asl"": 34, ""role_mainplot_role210.asl"": 34, ""role_mainplot_role211.asl"": 34, ""role_mainplot_role212.asl"": 34, ""role_mainplot_role213.asl"": 34, ""role_mainplot_role214.asl"": 34, ""role_mainplot_role215.asl"": 34, ""role_mainplot_role216.asl"": 34, ""role_mainplot_role217.asl"": 34, ""role_mainplot_role218.asl"": 34, ""role_mainplot_role219.asl"": 34, ""role_mainplot_role220.asl"": 34, ""role_mainplot_role221.asl"": 34, ""role_mainplot_role222.asl"": 34, ""role_mainplot_role223.asl"": 34, ""role_mainplot_role224.asl"": 34, ""role_mainplot_role225.asl"": 34, ""role_mainplot_role226.asl"": 34, ""role_mainplot_role227.asl"": 34, ""role_mainplot_role228.asl"": 34, ""role_mainplot_role229.asl"": 34, ""role_mainplot_role230.asl"": 34, ""role_mainplot_role231.asl"": 34, ""role_mainplot_role232.asl"": 34, ""role_mainplot_role233.asl"": 34, ""role_mainplot_role234.asl"": 34, ""role_mainplot_role235.asl"": 34, ""role_mainplot_role236.asl"": 34, ""role_mainplot_role237.asl"": 34, ""role_mainplot_role238.asl"": 34, ""role_mainplot_role239.asl"": 34, ""role_mainplot_role240.asl"": 34, ""role_mainplot_role241.asl"": 34, ""role_mainplot_role242.asl"": 34, ""role_mainplot_role243.asl"": 34, ""role_mainplot_role244.asl"": 34, ""role_mainplot_role245.asl"": 34, ""role_mainplot_role246.asl"": 34, ""role_mainplot_role247.asl"": 34, ""role_mainplot_role248.asl"": 34, ""role_mainplot_role249.asl"": 34, ""role_mainplot_role250.asl"": 34, ""role_mainplot_role251.asl"": 34, ""role_mainplot_role252.asl"": 34, ""role_mainplot_role253.asl"": 34, ""role_mainplot_role254.asl"": 34, ""role_mainplot_role255.asl"": 34, ""role_mainplot_role256.asl"": 34, ""role_mainplot_role257.asl"": 34, ""role_mainplot_role258.asl"": 34, ""role_mainplot_role259.asl"": 34, ""role_mainplot_role260.asl"": 34, ""role_mainplot_role261.asl"": 34, ""role_mainplot_role262.asl"": 34, ""role_mainplot_role263.asl"": 34, ""role_mainplot_role264.asl"": 34, ""role_mainplot_role265.asl"": 34, ""role_mainplot_role266.asl"": 34, ""role_mainplot_role267.asl"": 34, ""role_mainplot_role268.asl"": 34, ""role_mainplot_role269.asl"": 34, ""role_mainplot_role270.asl"": 34, ""role_mainplot_role271.asl"": 34, ""role_mainplot_role272.asl"": 34, ""role_mainplot_role273.asl"": 34, ""role_mainplot_role274.asl"": 34, ""role_mainplot_role275.asl"": 34, ""role_mainplot_role276.asl"": 34, ""role_mainplot_role277.asl"": 34, ""role_mainplot_role278.asl"": 34, ""role_mainplot_role279.asl"": 34, ""role_mainplot_role280.asl"": 34, ""role_mainplot_role281.asl"": 34, ""role_mainplot_role282.asl"": 34, ""role_mainplot_role283.asl"": 34, ""role_mainplot_role284.asl"": 34, ""role_mainplot_role285.asl"": 34, ""role_mainplot_role286.asl"": 34, ""role_mainplot_role287.asl"": 34, ""role_mainplot_role288.asl"": 34, ""role_mainplot_role289.asl"": 34, ""role_mainplot_role290.asl"": 34, ""role_mainplot_role291.asl"": 34, ""role_mainplot_role292.asl"": 34, ""role_mainplot_role293.asl"": 34, ""role_mainplot_role294.asl"": 34, ""role_mainplot_role295.asl"": 34, ""role_mainplot_role296.asl"": 34, ""role_mainplot_role297.asl"": 34, ""role_mainplot_role298.asl"": 34, ""role_mainplot_role299.asl"": 34, ""role_mainplot_role300.asl"": 34, ""role_mainplot_role301.asl"": 34, ""role_mainplot_role302.asl"": 34, ""role_mainplot_role303.asl"": 34, ""role_mainplot_role304.asl"": 34, ""role_mainplot_role305.asl"": 34, ""role_mainplot_role306.asl"": 34, ""role_mainplot_role307.asl"": 34, ""role_mainplot_role308.asl"": 34, ""role_mainplot_role309.asl"": 34, ""role_mainplot_role310.asl"": 34, ""role_mainplot_role311.asl"": 34, ""role_mainplot_role312.asl"": 34, ""role_mainplot_role313.asl"": 34, ""role_mainplot_role314.asl"": 34, ""role_mainplot_role315.asl"": 34, ""role_mainplot_role316.asl"": 34, ""role_mainplot_role317.asl"": 34, ""role_mainplot_role318.asl"": 34, ""role_mainplot_role319.asl"": 34, ""role_mainplot_role320.asl"": 34, ""role_mainplot_role321.asl"": 34, ""role_mainplot_role322.asl"": 34, ""role_mainplot_role323.asl"": 34, ""role_mainplot_role324.asl"": 34, ""role_mainplot_role325.asl"": 34, ""role_mainplot_role326.asl"": 34, ""role_mainplot_role327.asl"": 34, ""role_mainplot_role328.asl"": 34, ""role_mainplot_role329.asl"": 34, ""role_mainplot_role330.asl"": 34, ""role_mainplot_role331.asl"": 34, ""role_mainplot_role332.asl"": 34, ""role_mainplot_role333.asl"": 34, ""role_mainplot_role334.asl"": 34, ""role_mainplot_role335.asl"": 34, ""role_mainplot_role336.asl"": 34, ""role_mainplot_role337.asl"": 34, ""role_mainplot_role338.asl"": 34, ""role_mainplot_role339.asl"": 34, ""role_mainplot_role340.asl"": 34, ""role_mainplot_role341.asl"": 34, ""role_mainplot_role342.asl"": 34, ""role_mainplot_role343.asl"": 34, ""role_mainplot_role344.asl"": 34, ""role_mainplot_role345.asl"": 34, ""role_mainplot_role346.asl"": 34, ""role_mainplot_role347.asl"": 34, ""role_mainplot_role348.asl"": 34, ""role_mainplot_role349.asl"": 34, ""role_mainplot_role350.asl"": 34, ""role_mainplot_role351.asl"": 34, ""role_mainplot_role352.asl"": 34, ""role_mainplot_role353.asl"": 34, ""role_mainplot_role354.asl"": 34, ""role_mainplot_role355.asl"": 34, ""role_mainplot_role356.asl"": 34, ""role_mainplot_role357.asl"": 34, ""role_mainplot_role358.asl"": 34, ""role_mainplot_role359.asl"": 34, ""role_mainplot_role360.asl"": 34, ""role_mainplot_role361.asl"": 34, ""role_mainplot_role362.asl"": 34, ""role_mainplot_role363.asl"": 34, ""role_mainplot_role364.asl"": 34, ""role_mainplot_role365.asl"": 34, ""role_mainplot_role366.asl"": 34, ""role_mainplot_role367.asl"": 34, ""role_mainplot_role368.asl"": 34, ""role_mainplot_role369.asl"": 34, ""role_mainplot_role370.asl"": 34, ""role_mainplot_role371.asl"": 34, ""role_mainplot_role372.asl"": 34, ""role_mainplot_role373.asl"": 34, ""role_mainplot_role374.asl"": 34, ""role_mainplot_role375.asl"": 34, ""role_mainplot_role376.asl"": 34, ""role_mainplot_role377.asl"": 34, ""role_mainplot_role378.asl"": 34, ""role_mainplot_role379.asl"": 34, ""role_mainplot_role380.asl"": 34, ""role_mainplot_role381.asl"": 34, ""role_mainplot_role382.asl"": 34, ""role_mainplot_role383.asl"": 34, ""role_mainplot_role384.asl"": 34, ""role_mainplot_role385.asl"": 34, ""role_mainplot_role386.asl"": 34, ""role_mainplot_role387.asl"": 34, ""role_mainplot_role388.asl"": 34, ""role_mainplot_role389.asl"": 34, ""role_mainplot_role390.asl"": 34, ""role_mainplot_role391.asl"": 34, ""role_mainplot_role392.asl"": 34, ""role_mainplot_role393.asl"": 34, ""role_mainplot_role394.asl"": 34, ""role_mainplot_role395.asl"": 34, ""role_mainplot_role396.asl"": 34, ""role_mainplot_role397.asl"": 34, ""role_mainplot_role398.asl"": 34, ""role_mainplot_role399.asl"": 34, ""role_mainplot_role400.asl"": 34, ""role_mainplot_role401.asl"": 34, ""role_mainplot_role402.asl"": 34, ""role_mainplot_role403.asl"": 34, ""role_mainplot_role404.asl"": 34, ""role_mainplot_role405.asl"": 34, ""role_mainplot_role406.asl"": 34, ""role_mainplot_role407.asl"": 34, ""role_mainplot_role408.asl"": 34, ""role_mainplot_role409.asl"": 34, ""role_mainplot_role410.asl"": 34, ""role_mainplot_role411.asl"": 34, ""role_mainplot_role412.asl"": 34, ""role_mainplot_role413.asl"": 34, ""role_mainplot_role414.asl"": 34, ""role_mainplot_role415.asl"": 34, ""role_mainplot_role416.asl"": 34, ""role_mainplot_role417.asl"": 34, ""role_mainplot_role418.asl"": 34, ""role_mainplot_role419.asl"": 34, ""role_mainplot_role420.asl"": 34, ""role_mainplot_role421.asl"": 34, ""role_mainplot_role422.asl"": 34, ""role_mainplot_role423.asl"": 34, ""role_mainplot_role424.asl"": 34, ""role_mainplot_role425.asl"": 34, ""role_mainplot_role426.asl"": 34, ""role_mainplot_role427.asl"": 34, ""role_mainplot_role428.asl"": 34, ""role_mainplot_role429.asl"": 34, ""role_mainplot_role430.asl"": 34, ""role_mainplot_role431.asl"": 34, ""role_mainplot_role432.asl"": 34, ""role_mainplot_role433.asl"": 34, ""role_mainplot_role434.asl"": 34, ""role_mainplot_role435.asl"": 34, ""role_mainplot_role436.asl"": 34, ""role_mainplot_role437.asl"": 34, ""role_mainplot_role438.asl"": 34, ""role_mainplot_role439.asl"": 34, ""role_mainplot_role440.asl"": 34, ""role_mainplot_role441.asl"": 34, ""role_mainplot_role442.asl"": 34, ""role_mainplot_role443.asl"": 34, ""role_mainplot_role444.asl"": 34, ""role_mainplot_role445.asl"": 34, ""role_mainplot_role446.asl"": 34, ""role_mainplot_role447.asl"": 34, ""role_mainplot_role448.asl"": 34, ""role_mainplot_role449.asl"": 34, ""role_mainplot_role450.asl"": 34, ""role_mainplot_role451.asl"": 34, ""role_mainplot_role452.asl"": 34, ""role_mainplot_role453.asl"": 34, ""role_mainplot_role454.asl"": 34, ""role_mainplot_role455.asl"": 34, ""role_mainplot_role456.asl"": 34, ""role_mainplot_role457.asl"": 34, ""role_mainplot_role458.asl"": 34, ""role_mainplot_role459.asl"": 34, ""role_mainplot_role460.asl"": 34, ""role_mainplot_role461.asl"": 34, ""role_mainplot_role462.asl"": 34, ""role_mainplot_role463.asl"": 34, ""role_mainplot_role464.asl"": 34, ""role_mainplot_role465.asl"": 34, ""role_mainplot_role466.asl"": 34, ""role_mainplot_role467.asl"": 34, ""role_mainplot_role468.asl"": 34, ""role_mainplot_role469.asl"": 34, ""role_mainplot_role470.asl"": 34, ""role_mainplot_role471.asl"": 34, ""role_mainplot_role472.asl"": 34, ""role_mainplot_role473.asl"": 34, ""role_mainplot_role474.asl"": 34, ""role_mainplot_role475.asl"": 34, ""role_mainplot_role476.asl"": 34, ""role_mainplot_role477.asl"": 34, ""role_mainplot_role478.asl"": 34, ""role_mainplot_role479.asl"": 34, ""role_mainplot_role480.asl"": 34, ""role_mainplot_role481.asl"": 34, ""role_mainplot_role482.asl"": 34, ""role_mainplot_role483.asl"": 34, ""role_mainplot_role484.asl"": 34, ""role_mainplot_role485.asl"": 34, ""role_mainplot_role486.asl"": 34, ""role_mainplot_role487.asl"": 34, ""role_mainplot_role488.asl"": 34, ""role_mainplot_role489.asl"": 34, ""role_mainplot_role490.asl"": 34, ""role_mainplot_role491.asl"": 34, ""role_mainplot_role492.asl"": 34, ""role_mainplot_role493.asl"": 34, ""role_mainplot_role494.asl"": 34, ""role_mainplot_role495.asl"": 34, ""role_mainplot_role496.asl"": 34, ""role_mainplot_role497.asl"": 34, ""role_mainplot_role498.asl"": 34, ""role_mainplot_role499.asl"": 34, ""role_mainplot_role500.asl"": 34, ""role_mainplot_role501.asl"": 34, ""role_mainplot_role502.asl"": 34, ""role_mainplot_role503.asl"": 34, ""role_mainplot_role504.asl"": 34, ""role_mainplot_role505.asl"": 34, ""role_mainplot_role506.asl"": 34, ""role_mainplot_role507.asl"": 34, ""role_mainplot_role508.asl"": 34, ""role_mainplot_role509.asl"": 34, ""role_mainplot_role510.asl"": 34, ""role_mainplot_role511.asl"": 34, ""role_mainplot_role512.asl"": 34, ""role_mainplot_role513.asl"": 34, ""role_mainplot_role514.asl"": 34, ""role_mainplot_role515.asl"": 34, ""role_mainplot_role516.asl"": 34, ""role_mainplot_role517.asl"": 34, ""role_mainplot_role518.asl"": 34, ""role_mainplot_role519.asl"": 34, ""role_mainplot_role520.asl"": 34, ""role_mainplot_role521.asl"": 34, ""role_mainplot_role522.asl"": 34, ""role_mainplot_role523.asl"": 34, ""role_mainplot_role524.asl"": 34, ""role_mainplot_role525.asl"": 34, ""role_mainplot_role526.asl"": 34, ""role_mainplot_role527.asl"": 34, ""role_mainplot_role528.asl"": 34, ""role_mainplot_role529.asl"": 34, ""role_mainplot_role530.asl"": 34, ""role_mainplot_role531.asl"": 34, ""role_mainplot_role532.asl"": 34, ""role_mainplot_role533.asl"": 34, ""role_mainplot_role534.asl"": 34, ""role_mainplot_role535.asl"": 34, ""role_mainplot_role536.asl"": 34, ""role_mainplot_role537.asl"": 34, ""role_mainplot_role538.asl"": 34, ""role_mainplot_role539.asl"": 34, ""role_mainplot_role540.asl"": 34, ""role_mainplot_role541.asl"": 34, ""role_mainplot_role542.asl"": 34, ""role_mainplot_role543.asl"": 34, ""role_mainplot_role544.asl"": 34, ""role_mainplot_role545.asl"": 34, ""role_mainplot_role546.asl"": 34, ""role_mainplot_role547.asl"": 34, ""role_mainplot_role548.asl"": 34, ""role_mainplot_role549.asl"": 34, ""role_mainplot_role550.asl"": 34, ""role_mainplot_role551.asl"": 34, ""role_mainplot_role552.asl"": 34, ""role_mainplot_role553.asl"": 34, ""role_mainplot_role554.asl"": 34, ""role_mainplot_role555.asl"": 34, ""role_mainplot_role556.asl"": 34, ""role_mainplot_role557.asl"": 34, ""role_mainplot_role558.asl"": 34, ""role_mainplot_role559.asl"": 34, ""role_mainplot_role560.asl"": 34, ""role_mainplot_role561.asl"": 34, ""role_mainplot_role562.asl"": 34, ""role_mainplot_role563.asl"": 34, ""role_mainplot_role564.asl"": 34, ""role_mainplot_role565.asl"": 34, ""role_mainplot_role566.asl"": 34, ""role_mainplot_role567.asl"": 34, ""role_mainplot_role568.asl"": 34, ""role_mainplot_role569.asl"": 34, ""role_mainplot_role570.asl"": 34, ""role_mainplot_role571.asl"": 34, ""role_mainplot_role572.asl"": 34, ""role_mainplot_role573.asl"": 34, ""role_mainplot_role574.asl"": 34, ""role_mainplot_role575.asl"": 34, ""role_mainplot_role576.asl"": 34, ""role_mainplot_role577.asl"": 34, ""role_mainplot_role578.asl"": 34, ""role_mainplot_role579.asl"": 34, ""role_mainplot_role580.asl"": 34, ""role_mainplot_role581.asl"": 34, ""role_mainplot_role582.asl"": 34, ""role_mainplot_role583.asl"": 34, ""role_mainplot_role584.asl"": 34, ""role_mainplot_role585.asl"": 34, ""role_mainplot_role586.asl"": 34, ""role_mainplot_role587.asl"": 34, ""role_mainplot_role588.asl"": 34, ""role_mainplot_role589.asl"": 34, ""role_mainplot_role590.asl"": 34, ""role_mainplot_role591.asl"": 34, ""role_mainplot_role592.asl"": 34, ""role_mainplot_role593.asl"": 34, ""role_mainplot_role594.asl"": 34, ""role_mainplot_role595.asl"": 34, ""role_mainplot_role596.asl"": 34, ""role_mainplot_role597.asl"": 34, ""role_mainplot_role598.asl"": 34, ""role_mainplot_role599.asl"": 34, ""role_mainplot_role600.asl"": 34, ""role_mainplot_role601.asl"": 34, ""role_mainplot_role602.asl"": 34, ""role_mainplot_role603.asl"": 34, ""role_mainplot_role604.asl"": 34, ""role_mainplot_role605.asl"": 34, ""role_mainplot_role606.asl"": 34, ""role_mainplot_role607.asl"": 34, ""role_mainplot_role608.asl"": 34, ""role_mainplot_role609.asl"": 34, ""role_mainplot_role610.asl"": 34, ""role_mainplot_role611.asl"": 34, ""role_mainplot_role612.asl"": 34, ""role_mainplot_role613.asl"": 34, ""role_mainplot_role614.asl"": 34, ""role_mainplot_role615.asl"": 34, ""role_mainplot_role616.asl"": 34, ""role_mainplot_role617.asl"": 34, ""role_mainplot_role618.asl"": 34, ""role_mainplot_role619.asl"": 34, ""role_mainplot_role620.asl"": 34, ""role_mainplot_role621.asl"": 34, ""role_mainplot_role622.asl"": 34, ""role_mainplot_role623.asl"": 34, ""role_mainplot_role624.asl"": 34, ""role_mainplot_role625.asl"": 34, ""role_mainplot_role626.asl"": 34, ""role_mainplot_role627.asl"": 34, ""role_mainplot_role628.asl"": 34, ""role_mainplot_role629.asl"": 34, ""role_mainplot_role630.asl"": 34, ""role_mainplot_role631.asl"": 34, ""role_mainplot_role632.asl"": 34, ""role_mainplot_role633.asl"": 34, ""role_mainplot_role634.asl"": 34, ""role_mainplot_role635.asl"": 34, ""role_mainplot_role636.asl"": 34, ""role_mainplot_role637.asl"": 34, ""role_mainplot_role638.asl"": 34, ""role_mainplot_role639.asl"": 34, ""role_mainplot_role640.asl"": 34, ""role_mainplot_role641.asl"": 34, ""role_mainplot_role642.asl"": 34, ""role_mainplot_role643.asl"": 34, ""role_mainplot_role644.asl"": 34, ""role_mainplot_role645.asl"": 34, ""role_mainplot_role646.asl"": 34, ""role_mainplot_role647.asl"": 34, ""role_mainplot_role648.asl"": 34, ""role_mainplot_role649.asl"": 34, ""role_mainplot_role650.asl"": 34, ""role_mainplot_role651.asl"": 34, ""role_mainplot_role652.asl"": 34, ""role_mainplot_role653.asl"": 34, ""role_mainplot_role654.asl"": 34, ""role_mainplot_role655.asl"": 34, ""role_mainplot_role656.asl"": 34, ""role_mainplot_role657.asl"": 34, ""role_mainplot_role658.asl"": 34, ""role_mainplot_role659.asl"": 34, ""role_mainplot_role660.asl"": 34, ""role_mainplot_role661.asl"": 34, ""role_mainplot_role662.asl"": 34, ""role_mainplot_role663.asl"": 34, ""role_mainplot_role664.asl"": 34, ""role_mainplot_role665.asl"": 34, ""role_mainplot_role666.asl"": 34, ""role_mainplot_role667.asl"": 34, ""role_mainplot_role668.asl"": 34, ""role_mainplot_role669.asl"": 34, ""role_mainplot_role670.asl"": 34, ""role_mainplot_role671.asl"": 34, ""role_mainplot_role672.asl"": 34, ""role_mainplot_role673.asl"": 34, ""role_mainplot_role674.asl"": 34, ""role_mainplot_role675.asl"": 34, ""role_mainplot_role676.asl"": 34, ""role_mainplot_role677.asl"": 34, ""role_mainplot_role678.asl"": 34, ""role_mainplot_role679.asl"": 34, ""role_mainplot_role680.asl"": 34, ""role_mainplot_role681.asl"": 34, ""role_mainplot_role682.asl"": 34, ""role_mainplot_role683.asl"": 34, ""role_mainplot_role684.asl"": 34, ""role_mainplot_role685.asl"": 34, ""role_mainplot_role686.asl"": 34, ""role_mainplot_role687.asl"": 34, ""role_mainplot_role688.asl"": 34, ""role_mainplot_role689.asl"": 34, ""role_mainplot_role690.asl"": 34, ""role_mainplot_role691.asl"": 34, ""role_mainplot_role692.asl"": 34, ""role_mainplot_role693.asl"": 34, ""role_mainplot_role694.asl"": 34, ""role_mainplot_role695.asl"": 34, ""role_mainplot_role696.asl"": 34, ""role_mainplot_role697.asl"": 34, ""role_mainplot_role698.asl"": 34, ""role_mainplot_role699.asl"": 34, ""role_mainplot_role700.asl"": 34, ""role_mainplot_role701.asl"": 34, ""role_mainplot_role702.asl"": 34, ""role_mainplot_role703.asl"": 34, ""role_mainplot_role704.asl"": 34, ""role_mainplot_role705.asl"": 34, ""role_mainplot_role706.asl"": 34, ""role_mainplot_role707.asl"": 34, ""role_mainplot_role708.asl"": 34, ""role_mainplot_role709.asl"": 34, ""role_mainplot_role710.asl"": 34, ""role_mainplot_role711.asl"": 34, ""role_mainplot_role712.asl"": 34, ""role_mainplot_role713.asl"": 34, ""role_mainplot_role714.asl"": 34, ""role_mainplot_role715.asl"": 34, ""role_mainplot_role716.asl"": 34, ""role_mainplot_role717.asl"": 34, ""role_mainplot_role718.asl"": 34, ""role_mainplot_role719.asl"": 34, ""role_mainplot_role720.asl"": 34, ""role_mainplot_role721.asl"": 34, ""role_mainplot_role722.asl"": 34, ""role_mainplot_role723.asl"": 34, ""role_mainplot_role724.asl"": 34, ""role_mainplot_role725.asl"": 34, ""role_mainplot_role726.asl"": 34, ""role_mainplot_role727.asl"": 34, ""role_mainplot_role728.asl"": 34, ""role_mainplot_role729.asl"": 34, ""role_mainplot_role730.asl"": 34, ""role_mainplot_role731.asl"": 34, ""role_mainplot_role732.asl"": 34, ""role_mainplot_role733.asl"": 34, ""role_mainplot_role734.asl"": 34, ""role_mainplot_role735.asl"": 34, ""role_mainplot_role736.asl"": 34, ""role_mainplot_role737.asl"": 34, ""role_mainplot_role738.asl"": 34, ""role_mainplot_role739.asl"": 34, ""role_mainplot_role740.asl"": 34, ""role_mainplot_role741.asl"": 34, ""role_mainplot_role742.asl"": 34, ""role_mainplot_role743.asl"": 34, ""role_mainplot_role744.asl"": 34, ""role_mainplot_role745.asl"": 34, ""role_mainplot_role746.asl"": 34, ""role_mainplot_role747.asl"": 34, ""role_mainplot_role748.asl"": 34, ""role_mainplot_role749.asl"": 34, ""role_mainplot_role750.asl"": 34, ""role_mainplot_role751.asl"": 34, ""role_mainplot_role752.asl"": 34, ""role_mainplot_role753.asl"": 34, ""role_mainplot_role754.asl"": 34, ""role_mainplot_role755.asl"": 34, ""role_mainplot_role756.asl"": 34, ""role_mainplot_role757.asl"": 34, ""role_mainplot_role758.asl"": 34, ""role_mainplot_role759.asl"": 34, ""role_mainplot_role760.asl"": 34, ""role_mainplot_role761.asl"": 34, ""role_mainplot_role762.asl"": 34, ""role_mainplot_role763.asl"": 34, ""role_mainplot_role764.asl"": 34, ""role_mainplot_role765.asl"": 34, ""role_mainplot_role766.asl"": 34, ""role_mainplot_role767.asl"": 34, ""role_mainplot_role768.asl"": 34, ""role_mainplot_role769.asl"": 34, ""role_mainplot_role770.asl"": 34, ""role_mainplot_role771.asl"": 34, ""role_mainplot_role772.asl"": 34, ""role_mainplot_role773.asl"": 34, ""role_mainplot_role774.asl"": 34, ""role_mainplot_role775.asl"": 34, ""role_mainplot_role776.asl"": 34, ""role_mainplot_role777.asl"": 34, ""role_mainplot_role778.asl"": 34, ""role_mainplot_role779.asl"": 34, ""role_mainplot_role780.asl"": 34, ""role_mainplot_role781.asl"": 34, ""role_mainplot_role782.asl"": 34, ""role_mainplot_role783.asl"": 34, ""role_mainplot_role784.asl"": 34, ""role_mainplot_role785.asl"": 34, ""role_mainplot_role786.asl"": 34, ""role_mainplot_role787.asl"": 34, ""role_mainplot_role788.asl"": 34, ""role_mainplot_role789.asl"": 34, ""role_mainplot_role790.asl"": 34, ""role_mainplot_role791.asl"": 34, ""role_mainplot_role792.asl"": 34, ""role_mainplot_role793.asl"": 34, ""role_mainplot_role794.asl"": 34, ""role_mainplot_role795.asl"": 34, ""role_mainplot_role796.asl"": 34, ""role_mainplot_role797.asl"": 34, ""role_mainplot_role798.asl"": 34, ""role_mainplot_role799.asl"": 34, ""role_mainplot_role800.asl"": 34, ""role_mainplot_role801.asl"": 34, ""role_mainplot_role802.asl"": 34, ""role_mainplot_role803.asl"": 34, ""role_mainplot_role804.asl"": 34, ""role_mainplot_role805.asl"": 34, ""role_mainplot_role806.asl"": 34, ""role_mainplot_role807.asl"": 34, ""role_mainplot_role808.asl"": 34, ""role_mainplot_role809.asl"": 34, ""role_mainplot_role810.asl"": 34, ""role_mainplot_role811.asl"": 34, ""role_mainplot_role812.asl"": 34, ""role_mainplot_role813.asl"": 34, ""role_mainplot_role814.asl"": 34, ""role_mainplot_role815.asl"": 34, ""role_mainplot_role816.asl"": 34, ""role_mainplot_role817.asl"": 34, ""role_mainplot_role818.asl"": 34, ""role_mainplot_role819.asl"": 34, ""role_mainplot_role820.asl"": 34, ""role_mainplot_role821.asl"": 34, ""role_mainplot_role822.asl"": 34, ""role_mainplot_role823.asl"": 34, ""role_mainplot_role824.asl"": 34, ""role_mainplot_role825.asl"": 34, ""role_mainplot_role826.asl"": 34, ""role_mainplot_role827.asl"": 34, ""role_mainplot_role828.asl"": 34, ""role_mainplot_role829.asl"": 34, ""role_mainplot_role830.asl"": 34, ""role_mainplot_role831.asl"": 34, ""role_mainplot_role832.asl"": 34, ""role_mainplot_role833.asl"": 34, ""role_mainplot_role834.asl"": 34, ""role_mainplot_role835.asl"": 34, ""role_mainplot_role836.asl"": 34, ""role_mainplot_role837.asl"": 34, ""role_mainplot_role838.asl"": 34, ""role_mainplot_role839.asl"": 34, ""role_mainplot_role840.asl"": 34, ""role_mainplot_role841.asl"": 34, ""role_mainplot_role842.asl"": 34, ""role_mainplot_role843.asl"": 34, ""role_mainplot_role844.asl"": 34, ""role_mainplot_role845.asl"": 34, ""role_mainplot_role846.asl"": 34, ""role_mainplot_role847.asl"": 34, ""role_mainplot_role848.asl"": 34, ""role_mainplot_role849.asl"": 34, ""role_mainplot_role850.asl"": 34, ""role_mainplot_role851.asl"": 34, ""role_mainplot_role852.asl"": 34, ""role_mainplot_role853.asl"": 34, ""role_mainplot_role854.asl"": 34, ""role_mainplot_role855.asl"": 34, ""role_mainplot_role856.asl"": 34, ""role_mainplot_role857.asl"": 34, ""role_mainplot_role858.asl"": 34, ""role_mainplot_role859.asl"": 34, ""role_mainplot_role860.asl"": 34, ""role_mainplot_role861.asl"": 34, ""role_mainplot_role862.asl"": 34, ""role_mainplot_role863.asl"": 34, ""role_mainplot_role864.asl"": 34, ""role_mainplot_role865.asl"": 34, ""role_mainplot_role866.asl"": 34, ""role_mainplot_role867.asl"": 34, ""role_mainplot_role868.asl"": 34, ""role_mainplot_role869.asl"": 34, ""role_mainplot_role870.asl"": 34, ""role_mainplot_role871.asl"": 34, ""role_mainplot_role872.asl"": 34, ""role_mainplot_role873.asl"": 34, ""role_mainplot_role874.asl"": 34, ""role_mainplot_role875.asl"": 34, ""role_mainplot_role876.asl"": 34, ""role_mainplot_role877.asl"": 34, ""role_mainplot_role878.asl"": 34, ""role_mainplot_role879.asl"": 34, ""role_mainplot_role880.asl"": 34, ""role_mainplot_role881.asl"": 34, ""role_mainplot_role882.asl"": 34, ""role_mainplot_role883.asl"": 34, ""role_mainplot_role884.asl"": 34, ""role_mainplot_role885.asl"": 34, ""role_mainplot_role886.asl"": 34, ""role_mainplot_role887.asl"": 34, ""role_mainplot_role888.asl"": 34, ""role_mainplot_role889.asl"": 34, ""role_mainplot_role890.asl"": 34, ""role_mainplot_role891.asl"": 34, ""role_mainplot_role892.asl"": 34, ""role_mainplot_role893.asl"": 34, ""role_mainplot_role894.asl"": 34, ""role_mainplot_role895.asl"": 34, ""role_mainplot_role896.asl"": 34, ""role_mainplot_role897.asl"": 34, ""role_mainplot_role898.asl"": 34, ""role_mainplot_role899.asl"": 34, ""role_mainplot_role900.asl"": 34, ""role_mainplot_role901.asl"": 34, ""role_mainplot_role902.asl"": 34, ""role_mainplot_role903.asl"": 34, ""role_mainplot_role904.asl"": 34, ""role_mainplot_role905.asl"": 34, ""role_mainplot_role906.asl"": 34, ""role_mainplot_role907.asl"": 34, ""role_mainplot_role908.asl"": 34, ""role_mainplot_role909.asl"": 34, ""role_mainplot_role910.asl"": 34, ""role_mainplot_role911.asl"": 34, ""role_mainplot_role912.asl"": 34, ""role_mainplot_role913.asl"": 34, ""role_mainplot_role914.asl"": 34, ""role_mainplot_role915.asl"": 34, ""role_mainplot_role916.asl"": 34, ""role_mainplot_role917.asl"": 34, ""role_mainplot_role918.asl"": 34, ""role_mainplot_role919.asl"": 34, ""role_mainplot_role920.asl"": 34, ""role_mainplot_role921.asl"": 34, ""role_mainplot_role922.asl"": 34, ""role_mainplot_role923.asl"": 34, ""role_mainplot_role924.asl"": 34, ""role_mainplot_role925.asl"": 34, ""role_mainplot_role926.asl"": 34, ""role_mainplot_role927.asl"": 34, ""role_mainplot_role928.asl"": 34, ""role_mainplot_role929.asl"": 34, ""role_mainplot_role930.asl"": 34, ""role_mainplot_role931.asl"": 34, ""role_mainplot_role932.asl"": 34, ""role_mainplot_role933.asl"": 34, ""role_mainplot_role934.asl"": 34, ""role_mainplot_role935.asl"": 34, ""role_mainplot_role936.asl"": 34, ""role_mainplot_role937.asl"": 34, ""role_mainplot_role938.asl"": 34, ""role_mainplot_role939.asl"": 34, ""role_mainplot_role940.asl"": 34, ""role_mainplot_role941.asl"": 34, ""role_mainplot_role942.asl"": 34, ""role_mainplot_role943.asl"": 34, ""role_mainplot_role944.asl"": 34, ""role_mainplot_role945.asl"": 34, ""role_mainplot_role946.asl"": 34, ""role_mainplot_role947.asl"": 34, ""role_mainplot_role948.asl"": 34, ""role_mainplot_role949.asl"": 34, ""role_mainplot_role950.asl"": 34, ""role_mainplot_role951.asl"": 34, ""role_mainplot_role952.asl"": 34, ""role_mainplot_role953.asl"": 34, ""role_mainplot_role954.asl"": 34, ""role_mainplot_role955.asl"": 34, ""role_mainplot_role956.asl"": 34, ""role_mainplot_role957.asl"": 34, ""role_mainplot_role958.asl"": 34, ""role_mainplot_role959.asl"": 34, ""role_mainplot_role960.asl"": 34, ""role_mainplot_role961.asl"": 34, ""role_mainplot_role962.asl"": 34, ""role_mainplot_role963.asl"": 34, ""role_mainplot_role964.asl"": 34, ""role_mainplot_role965.asl"": 34, ""role_mainplot_role966.asl"": 34, ""role_mainplot_role967.asl"": 34, ""role_mainplot_role968.asl"": 34, ""role_mainplot_role969.asl"": 34, ""role_mainplot_role970.asl"": 34, ""role_mainplot_role971.asl"": 34, ""role_mainplot_role972.asl"": 34, ""role_mainplot_role973.asl"": 34, ""role_mainplot_role974.asl"": 34, ""role_mainplot_role975.asl"": 34, ""role_mainplot_role976.asl"": 34, ""role_mainplot_role977.asl"": 34, ""role_mainplot_role978.asl"": 34, ""role_mainplot_role979.asl"": 34, ""role_mainplot_role980.asl"": 34, ""role_mainplot_role981.asl"": 34, ""role_mainplot_role982.asl"": 34, ""role_mainplot_role983.asl"": 34, ""role_mainplot_role984.asl"": 34, ""role_mainplot_role985.asl"": 34, ""role_mainplot_role986.asl"": 34, ""role_mainplot_role987.asl"": 34, ""role_mainplot_role988.asl"": 34, ""role_mainplot_role989.asl"": 34, ""role_mainplot_role990.asl"": 34, ""role_mainplot_role991.asl"": 34, ""role_mainplot_role992.asl"": 34, ""role_mainplot_role993.asl"": 34, ""role_mainplot_role994.asl"": 34, ""role_mainplot_role995.asl"": 34, ""role_mainplot_role996.asl"": 34, ""role_mainplot_role997.asl"": 34, ""role_mainplot_role998.asl"": 34, ""role_mainplot_role999.asl"": 34}",5.656483176122765,0.3588200760023028,0.012489107000874355,12.35930347442627,True,7,0
scale_roles,41,Linux 7.1.9-arch1-2,x86_64,24,30.45,3.14.7,10,10,5,2,2,1,2,1000,2,0,0,42,7103,247248,1003,40178,"{""playbook_playbook0.asl"": 26, ""playbook_playbook1.asl"": 26, ""director_mainplot.asl"": 6126, ""role_mainplot_role0.asl"": 34, ""role_mainplot_role1.asl"": 34, ""role_mainplot_role2.asl"": 34, ""role_mainplot_role3.asl"": 34, ""role_mainplot_role4.asl"": 34, ""role_mainplot_role5.asl"": 34, ""role_mainplot_role6.asl"": 34, ""role_mainplot_role7.asl"": 34, ""role_mainplot_role8.asl"": 34, ""role_mainplot_role9.asl"": 34, ""role_mainplot_role10.asl"": 34, ""role_mainplot_role11.asl"": 34, ""role_mainplot_role12.asl"": 34, ""role_mainplot_role13.asl"": 34, ""role_mainplot_role14.asl"": 34, ""role_mainplot_role15.asl"": 34, ""role_mainplot_role16.asl"": 34, ""role_mainplot_role17.asl"": 34, ""role_mainplot_role18.asl"": 34, ""role_mainplot_role19.asl"": 34, ""role_mainplot_role20.asl"": 34, ""role_mainplot_role21.asl"": 34, ""role_mainplot_role22.asl"": 34, ""role_mainplot_role23.asl"": 34, ""role_mainplot_role24.asl"": 34, ""role_mainplot_role25.asl"": 34, ""role_mainplot_role26.asl"": 34, ""role_mainplot_role27.asl"": 34, ""role_mainplot_role28.asl"": 34, ""role_mainplot_role29.asl"": 34, ""role_mainplot_role30.asl"": 34, ""role_mainplot_role31.asl"": 34, ""role_mainplot_role32.asl"": 34, ""role_mainplot_role33.asl"": 34, ""role_mainplot_role34.asl"": 34, ""role_mainplot_role35.asl"": 34, ""role_mainplot_role36.asl"": 34, ""role_mainplot_role37.asl"": 34, ""role_mainplot_role38.asl"": 34, ""role_mainplot_role39.asl"": 34, ""role_mainplot_role40.asl"": 34, ""role_mainplot_role41.asl"": 34, ""role_mainplot_role42.asl"": 34, ""role_mainplot_role43.asl"": 34, ""role_mainplot_role44.asl"": 34, ""role_mainplot_role45.asl"": 34, ""role_mainplot_role46.asl"": 34, ""role_mainplot_role47.asl"": 34, ""role_mainplot_role48.asl"": 34, ""role_mainplot_role49.asl"": 34, ""role_mainplot_role50.asl"": 34, ""role_mainplot_role51.asl"": 34, ""role_mainplot_role52.asl"": 34, ""role_mainplot_role53.asl"": 34, ""role_mainplot_role54.asl"": 34, ""role_mainplot_role55.asl"": 34, ""role_mainplot_role56.asl"": 34, ""role_mainplot_role57.asl"": 34, ""role_mainplot_role58.asl"": 34, ""role_mainplot_role59.asl"": 34, ""role_mainplot_role60.asl"": 34, ""role_mainplot_role61.asl"": 34, ""role_mainplot_role62.asl"": 34, ""role_mainplot_role63.asl"": 34, ""role_mainplot_role64.asl"": 34, ""role_mainplot_role65.asl"": 34, ""role_mainplot_role66.asl"": 34, ""role_mainplot_role67.asl"": 34, ""role_mainplot_role68.asl"": 34, ""role_mainplot_role69.asl"": 34, ""role_mainplot_role70.asl"": 34, ""role_mainplot_role71.asl"": 34, ""role_mainplot_role72.asl"": 34, ""role_mainplot_role73.asl"": 34, ""role_mainplot_role74.asl"": 34, ""role_mainplot_role75.asl"": 34, ""role_mainplot_role76.asl"": 34, ""role_mainplot_role77.asl"": 34, ""role_mainplot_role78.asl"": 34, ""role_mainplot_role79.asl"": 34, ""role_mainplot_role80.asl"": 34, ""role_mainplot_role81.asl"": 34, ""role_mainplot_role82.asl"": 34, ""role_mainplot_role83.asl"": 34, ""role_mainplot_role84.asl"": 34, ""role_mainplot_role85.asl"": 34, ""role_mainplot_role86.asl"": 34, ""role_mainplot_role87.asl"": 34, ""role_mainplot_role88.asl"": 34, ""role_mainplot_role89.asl"": 34, ""role_mainplot_role90.asl"": 34, ""role_mainplot_role91.asl"": 34, ""role_mainplot_role92.asl"": 34, ""role_mainplot_role93.asl"": 34, ""role_mainplot_role94.asl"": 34, ""role_mainplot_role95.asl"": 34, ""role_mainplot_role96.asl"": 34, ""role_mainplot_role97.asl"": 34, ""role_mainplot_role98.asl"": 34, ""role_mainplot_role99.asl"": 34, ""role_mainplot_role100.asl"": 34, ""role_mainplot_role101.asl"": 34, ""role_mainplot_role102.asl"": 34, ""role_mainplot_role103.asl"": 34, ""role_mainplot_role104.asl"": 34, ""role_mainplot_role105.asl"": 34, ""role_mainplot_role106.asl"": 34, ""role_mainplot_role107.asl"": 34, ""role_mainplot_role108.asl"": 34, ""role_mainplot_role109.asl"": 34, ""role_mainplot_role110.asl"": 34, ""role_mainplot_role111.asl"": 34, ""role_mainplot_role112.asl"": 34, ""role_mainplot_role113.asl"": 34, ""role_mainplot_role114.asl"": 34, ""role_mainplot_role115.asl"": 34, ""role_mainplot_role116.asl"": 34, ""role_mainplot_role117.asl"": 34, ""role_mainplot_role118.asl"": 34, ""role_mainplot_role119.asl"": 34, ""role_mainplot_role120.asl"": 34, ""role_mainplot_role121.asl"": 34, ""role_mainplot_role122.asl"": 34, ""role_mainplot_role123.asl"": 34, ""role_mainplot_role124.asl"": 34, ""role_mainplot_role125.asl"": 34, ""role_mainplot_role126.asl"": 34, ""role_mainplot_role127.asl"": 34, ""role_mainplot_role128.asl"": 34, ""role_mainplot_role129.asl"": 34, ""role_mainplot_role130.asl"": 34, ""role_mainplot_role131.asl"": 34, ""role_mainplot_role132.asl"": 34, ""role_mainplot_role133.asl"": 34, ""role_mainplot_role134.asl"": 34, ""role_mainplot_role135.asl"": 34, ""role_mainplot_role136.asl"": 34, ""role_mainplot_role137.asl"": 34, ""role_mainplot_role138.asl"": 34, ""role_mainplot_role139.asl"": 34, ""role_mainplot_role140.asl"": 34, ""role_mainplot_role141.asl"": 34, ""role_mainplot_role142.asl"": 34, ""role_mainplot_role143.asl"": 34, ""role_mainplot_role144.asl"": 34, ""role_mainplot_role145.asl"": 34, ""role_mainplot_role146.asl"": 34, ""role_mainplot_role147.asl"": 34, ""role_mainplot_role148.asl"": 34, ""role_mainplot_role149.asl"": 34, ""role_mainplot_role150.asl"": 34, ""role_mainplot_role151.asl"": 34, ""role_mainplot_role152.asl"": 34, ""role_mainplot_role153.asl"": 34, ""role_mainplot_role154.asl"": 34, ""role_mainplot_role155.asl"": 34, ""role_mainplot_role156.asl"": 34, ""role_mainplot_role157.asl"": 34, ""role_mainplot_role158.asl"": 34, ""role_mainplot_role159.asl"": 34, ""role_mainplot_role160.asl"": 34, ""role_mainplot_role161.asl"": 34, ""role_mainplot_role162.asl"": 34, ""role_mainplot_role163.asl"": 34, ""role_mainplot_role164.asl"": 34, ""role_mainplot_role165.asl"": 34, ""role_mainplot_role166.asl"": 34, ""role_mainplot_role167.asl"": 34, ""role_mainplot_role168.asl"": 34, ""role_mainplot_role169.asl"": 34, ""role_mainplot_role170.asl"": 34, ""role_mainplot_role171.asl"": 34, ""role_mainplot_role172.asl"": 34, ""role_mainplot_role173.asl"": 34, ""role_mainplot_role174.asl"": 34, ""role_mainplot_role175.asl"": 34, ""role_mainplot_role176.asl"": 34, ""role_mainplot_role177.asl"": 34, ""role_mainplot_role178.asl"": 34, ""role_mainplot_role179.asl"": 34, ""role_mainplot_role180.asl"": 34, ""role_mainplot_role181.asl"": 34, ""role_mainplot_role182.asl"": 34, ""role_mainplot_role183.asl"": 34, ""role_mainplot_role184.asl"": 34, ""role_mainplot_role185.asl"": 34, ""role_mainplot_role186.asl"": 34, ""role_mainplot_role187.asl"": 34, ""role_mainplot_role188.asl"": 34, ""role_mainplot_role189.asl"": 34, ""role_mainplot_role190.asl"": 34, ""role_mainplot_role191.asl"": 34, ""role_mainplot_role192.asl"": 34, ""role_mainplot_role193.asl"": 34, ""role_mainplot_role194.asl"": 34, ""role_mainplot_role195.asl"": 34, ""role_mainplot_role196.asl"": 34, ""role_mainplot_role197.asl"": 34, ""role_mainplot_role198.asl"": 34, ""role_mainplot_role199.asl"": 34, ""role_mainplot_role200.asl"": 34, ""role_mainplot_role201.asl"": 34, ""role_mainplot_role202.asl"": 34, ""role_mainplot_role203.asl"": 34, ""role_mainplot_role204.asl"": 34, ""role_mainplot_role205.asl"": 34, ""role_mainplot_role206.asl"": 34, ""role_mainplot_role207.asl"": 34, ""role_mainplot_role208.asl"": 34, ""role_mainplot_role209.asl"": 34, ""role_mainplot_role210.asl"": 34, ""role_mainplot_role211.asl"": 34, ""role_mainplot_role212.asl"": 34, ""role_mainplot_role213.asl"": 34, ""role_mainplot_role214.asl"": 34, ""role_mainplot_role215.asl"": 34, ""role_mainplot_role216.asl"": 34, ""role_mainplot_role217.asl"": 34, ""role_mainplot_role218.asl"": 34, ""role_mainplot_role219.asl"": 34, ""role_mainplot_role220.asl"": 34, ""role_mainplot_role221.asl"": 34, ""role_mainplot_role222.asl"": 34, ""role_mainplot_role223.asl"": 34, ""role_mainplot_role224.asl"": 34, ""role_mainplot_role225.asl"": 34, ""role_mainplot_role226.asl"": 34, ""role_mainplot_role227.asl"": 34, ""role_mainplot_role228.asl"": 34, ""role_mainplot_role229.asl"": 34, ""role_mainplot_role230.asl"": 34, ""role_mainplot_role231.asl"": 34, ""role_mainplot_role232.asl"": 34, ""role_mainplot_role233.asl"": 34, ""role_mainplot_role234.asl"": 34, ""role_mainplot_role235.asl"": 34, ""role_mainplot_role236.asl"": 34, ""role_mainplot_role237.asl"": 34, ""role_mainplot_role238.asl"": 34, ""role_mainplot_role239.asl"": 34, ""role_mainplot_role240.asl"": 34, ""role_mainplot_role241.asl"": 34, ""role_mainplot_role242.asl"": 34, ""role_mainplot_role243.asl"": 34, ""role_mainplot_role244.asl"": 34, ""role_mainplot_role245.asl"": 34, ""role_mainplot_role246.asl"": 34, ""role_mainplot_role247.asl"": 34, ""role_mainplot_role248.asl"": 34, ""role_mainplot_role249.asl"": 34, ""role_mainplot_role250.asl"": 34, ""role_mainplot_role251.asl"": 34, ""role_mainplot_role252.asl"": 34, ""role_mainplot_role253.asl"": 34, ""role_mainplot_role254.asl"": 34, ""role_mainplot_role255.asl"": 34, ""role_mainplot_role256.asl"": 34, ""role_mainplot_role257.asl"": 34, ""role_mainplot_role258.asl"": 34, ""role_mainplot_role259.asl"": 34, ""role_mainplot_role260.asl"": 34, ""role_mainplot_role261.asl"": 34, ""role_mainplot_role262.asl"": 34, ""role_mainplot_role263.asl"": 34, ""role_mainplot_role264.asl"": 34, ""role_mainplot_role265.asl"": 34, ""role_mainplot_role266.asl"": 34, ""role_mainplot_role267.asl"": 34, ""role_mainplot_role268.asl"": 34, ""role_mainplot_role269.asl"": 34, ""role_mainplot_role270.asl"": 34, ""role_mainplot_role271.asl"": 34, ""role_mainplot_role272.asl"": 34, ""role_mainplot_role273.asl"": 34, ""role_mainplot_role274.asl"": 34, ""role_mainplot_role275.asl"": 34, ""role_mainplot_role276.asl"": 34, ""role_mainplot_role277.asl"": 34, ""role_mainplot_role278.asl"": 34, ""role_mainplot_role279.asl"": 34, ""role_mainplot_role280.asl"": 34, ""role_mainplot_role281.asl"": 34, ""role_mainplot_role282.asl"": 34, ""role_mainplot_role283.asl"": 34, ""role_mainplot_role284.asl"": 34, ""role_mainplot_role285.asl"": 34, ""role_mainplot_role286.asl"": 34, ""role_mainplot_role287.asl"": 34, ""role_mainplot_role288.asl"": 34, ""role_mainplot_role289.asl"": 34, ""role_mainplot_role290.asl"": 34, ""role_mainplot_role291.asl"": 34, ""role_mainplot_role292.asl"": 34, ""role_mainplot_role293.asl"": 34, ""role_mainplot_role294.asl"": 34, ""role_mainplot_role295.asl"": 34, ""role_mainplot_role296.asl"": 34, ""role_mainplot_role297.asl"": 34, ""role_mainplot_role298.asl"": 34, ""role_mainplot_role299.asl"": 34, ""role_mainplot_role300.asl"": 34, ""role_mainplot_role301.asl"": 34, ""role_mainplot_role302.asl"": 34, ""role_mainplot_role303.asl"": 34, ""role_mainplot_role304.asl"": 34, ""role_mainplot_role305.asl"": 34, ""role_mainplot_role306.asl"": 34, ""role_mainplot_role307.asl"": 34, ""role_mainplot_role308.asl"": 34, ""role_mainplot_role309.asl"": 34, ""role_mainplot_role310.asl"": 34, ""role_mainplot_role311.asl"": 34, ""role_mainplot_role312.asl"": 34, ""role_mainplot_role313.asl"": 34, ""role_mainplot_role314.asl"": 34, ""role_mainplot_role315.asl"": 34, ""role_mainplot_role316.asl"": 34, ""role_mainplot_role317.asl"": 34, ""role_mainplot_role318.asl"": 34, ""role_mainplot_role319.asl"": 34, ""role_mainplot_role320.asl"": 34, ""role_mainplot_role321.asl"": 34, ""role_mainplot_role322.asl"": 34, ""role_mainplot_role323.asl"": 34, ""role_mainplot_role324.asl"": 34, ""role_mainplot_role325.asl"": 34, ""role_mainplot_role326.asl"": 34, ""role_mainplot_role327.asl"": 34, ""role_mainplot_role328.asl"": 34, ""role_mainplot_role329.asl"": 34, ""role_mainplot_role330.asl"": 34, ""role_mainplot_role331.asl"": 34, ""role_mainplot_role332.asl"": 34, ""role_mainplot_role333.asl"": 34, ""role_mainplot_role334.asl"": 34, ""role_mainplot_role335.asl"": 34, ""role_mainplot_role336.asl"": 34, ""role_mainplot_role337.asl"": 34, ""role_mainplot_role338.asl"": 34, ""role_mainplot_role339.asl"": 34, ""role_mainplot_role340.asl"": 34, ""role_mainplot_role341.asl"": 34, ""role_mainplot_role342.asl"": 34, ""role_mainplot_role343.asl"": 34, ""role_mainplot_role344.asl"": 34, ""role_mainplot_role345.asl"": 34, ""role_mainplot_role346.asl"": 34, ""role_mainplot_role347.asl"": 34, ""role_mainplot_role348.asl"": 34, ""role_mainplot_role349.asl"": 34, ""role_mainplot_role350.asl"": 34, ""role_mainplot_role351.asl"": 34, ""role_mainplot_role352.asl"": 34, ""role_mainplot_role353.asl"": 34, ""role_mainplot_role354.asl"": 34, ""role_mainplot_role355.asl"": 34, ""role_mainplot_role356.asl"": 34, ""role_mainplot_role357.asl"": 34, ""role_mainplot_role358.asl"": 34, ""role_mainplot_role359.asl"": 34, ""role_mainplot_role360.asl"": 34, ""role_mainplot_role361.asl"": 34, ""role_mainplot_role362.asl"": 34, ""role_mainplot_role363.asl"": 34, ""role_mainplot_role364.asl"": 34, ""role_mainplot_role365.asl"": 34, ""role_mainplot_role366.asl"": 34, ""role_mainplot_role367.asl"": 34, ""role_mainplot_role368.asl"": 34, ""role_mainplot_role369.asl"": 34, ""role_mainplot_role370.asl"": 34, ""role_mainplot_role371.asl"": 34, ""role_mainplot_role372.asl"": 34, ""role_mainplot_role373.asl"": 34, ""role_mainplot_role374.asl"": 34, ""role_mainplot_role375.asl"": 34, ""role_mainplot_role376.asl"": 34, ""role_mainplot_role377.asl"": 34, ""role_mainplot_role378.asl"": 34, ""role_mainplot_role379.asl"": 34, ""role_mainplot_role380.asl"": 34, ""role_mainplot_role381.asl"": 34, ""role_mainplot_role382.asl"": 34, ""role_mainplot_role383.asl"": 34, ""role_mainplot_role384.asl"": 34, ""role_mainplot_role385.asl"": 34, ""role_mainplot_role386.asl"": 34, ""role_mainplot_role387.asl"": 34, ""role_mainplot_role388.asl"": 34, ""role_mainplot_role389.asl"": 34, ""role_mainplot_role390.asl"": 34, ""role_mainplot_role391.asl"": 34, ""role_mainplot_role392.asl"": 34, ""role_mainplot_role393.asl"": 34, ""role_mainplot_role394.asl"": 34, ""role_mainplot_role395.asl"": 34, ""role_mainplot_role396.asl"": 34, ""role_mainplot_role397.asl"": 34, ""role_mainplot_role398.asl"": 34, ""role_mainplot_role399.asl"": 34, ""role_mainplot_role400.asl"": 34, ""role_mainplot_role401.asl"": 34, ""role_mainplot_role402.asl"": 34, ""role_mainplot_role403.asl"": 34, ""role_mainplot_role404.asl"": 34, ""role_mainplot_role405.asl"": 34, ""role_mainplot_role406.asl"": 34, ""role_mainplot_role407.asl"": 34, ""role_mainplot_role408.asl"": 34, ""role_mainplot_role409.asl"": 34, ""role_mainplot_role410.asl"": 34, ""role_mainplot_role411.asl"": 34, ""role_mainplot_role412.asl"": 34, ""role_mainplot_role413.asl"": 34, ""role_mainplot_role414.asl"": 34, ""role_mainplot_role415.asl"": 34, ""role_mainplot_role416.asl"": 34, ""role_mainplot_role417.asl"": 34, ""role_mainplot_role418.asl"": 34, ""role_mainplot_role419.asl"": 34, ""role_mainplot_role420.asl"": 34, ""role_mainplot_role421.asl"": 34, ""role_mainplot_role422.asl"": 34, ""role_mainplot_role423.asl"": 34, ""role_mainplot_role424.asl"": 34, ""role_mainplot_role425.asl"": 34, ""role_mainplot_role426.asl"": 34, ""role_mainplot_role427.asl"": 34, ""role_mainplot_role428.asl"": 34, ""role_mainplot_role429.asl"": 34, ""role_mainplot_role430.asl"": 34, ""role_mainplot_role431.asl"": 34, ""role_mainplot_role432.asl"": 34, ""role_mainplot_role433.asl"": 34, ""role_mainplot_role434.asl"": 34, ""role_mainplot_role435.asl"": 34, ""role_mainplot_role436.asl"": 34, ""role_mainplot_role437.asl"": 34, ""role_mainplot_role438.asl"": 34, ""role_mainplot_role439.asl"": 34, ""role_mainplot_role440.asl"": 34, ""role_mainplot_role441.asl"": 34, ""role_mainplot_role442.asl"": 34, ""role_mainplot_role443.asl"": 34, ""role_mainplot_role444.asl"": 34, ""role_mainplot_role445.asl"": 34, ""role_mainplot_role446.asl"": 34, ""role_mainplot_role447.asl"": 34, ""role_mainplot_role448.asl"": 34, ""role_mainplot_role449.asl"": 34, ""role_mainplot_role450.asl"": 34, ""role_mainplot_role451.asl"": 34, ""role_mainplot_role452.asl"": 34, ""role_mainplot_role453.asl"": 34, ""role_mainplot_role454.asl"": 34, ""role_mainplot_role455.asl"": 34, ""role_mainplot_role456.asl"": 34, ""role_mainplot_role457.asl"": 34, ""role_mainplot_role458.asl"": 34, ""role_mainplot_role459.asl"": 34, ""role_mainplot_role460.asl"": 34, ""role_mainplot_role461.asl"": 34, ""role_mainplot_role462.asl"": 34, ""role_mainplot_role463.asl"": 34, ""role_mainplot_role464.asl"": 34, ""role_mainplot_role465.asl"": 34, ""role_mainplot_role466.asl"": 34, ""role_mainplot_role467.asl"": 34, ""role_mainplot_role468.asl"": 34, ""role_mainplot_role469.asl"": 34, ""role_mainplot_role470.asl"": 34, ""role_mainplot_role471.asl"": 34, ""role_mainplot_role472.asl"": 34, ""role_mainplot_role473.asl"": 34, ""role_mainplot_role474.asl"": 34, ""role_mainplot_role475.asl"": 34, ""role_mainplot_role476.asl"": 34, ""role_mainplot_role477.asl"": 34, ""role_mainplot_role478.asl"": 34, ""role_mainplot_role479.asl"": 34, ""role_mainplot_role480.asl"": 34, ""role_mainplot_role481.asl"": 34, ""role_mainplot_role482.asl"": 34, ""role_mainplot_role483.asl"": 34, ""role_mainplot_role484.asl"": 34, ""role_mainplot_role485.asl"": 34, ""role_mainplot_role486.asl"": 34, ""role_mainplot_role487.asl"": 34, ""role_mainplot_role488.asl"": 34, ""role_mainplot_role489.asl"": 34, ""role_mainplot_role490.asl"": 34, ""role_mainplot_role491.asl"": 34, ""role_mainplot_role492.asl"": 34, ""role_mainplot_role493.asl"": 34, ""role_mainplot_role494.asl"": 34, ""role_mainplot_role495.asl"": 34, ""role_mainplot_role496.asl"": 34, ""role_mainplot_role497.asl"": 34, ""role_mainplot_role498.asl"": 34, ""role_mainplot_role499.asl"": 34, ""role_mainplot_role500.asl"": 34, ""role_mainplot_role501.asl"": 34, ""role_mainplot_role502.asl"": 34, ""role_mainplot_role503.asl"": 34, ""role_mainplot_role504.asl"": 34, ""role_mainplot_role505.asl"": 34, ""role_mainplot_role506.asl"": 34, ""role_mainplot_role507.asl"": 34, ""role_mainplot_role508.asl"": 34, ""role_mainplot_role509.asl"": 34, ""role_mainplot_role510.asl"": 34, ""role_mainplot_role511.asl"": 34, ""role_mainplot_role512.asl"": 34, ""role_mainplot_role513.asl"": 34, ""role_mainplot_role514.asl"": 34, ""role_mainplot_role515.asl"": 34, ""role_mainplot_role516.asl"": 34, ""role_mainplot_role517.asl"": 34, ""role_mainplot_role518.asl"": 34, ""role_mainplot_role519.asl"": 34, ""role_mainplot_role520.asl"": 34, ""role_mainplot_role521.asl"": 34, ""role_mainplot_role522.asl"": 34, ""role_mainplot_role523.asl"": 34, ""role_mainplot_role524.asl"": 34, ""role_mainplot_role525.asl"": 34, ""role_mainplot_role526.asl"": 34, ""role_mainplot_role527.asl"": 34, ""role_mainplot_role528.asl"": 34, ""role_mainplot_role529.asl"": 34, ""role_mainplot_role530.asl"": 34, ""role_mainplot_role531.asl"": 34, ""role_mainplot_role532.asl"": 34, ""role_mainplot_role533.asl"": 34, ""role_mainplot_role534.asl"": 34, ""role_mainplot_role535.asl"": 34, ""role_mainplot_role536.asl"": 34, ""role_mainplot_role537.asl"": 34, ""role_mainplot_role538.asl"": 34, ""role_mainplot_role539.asl"": 34, ""role_mainplot_role540.asl"": 34, ""role_mainplot_role541.asl"": 34, ""role_mainplot_role542.asl"": 34, ""role_mainplot_role543.asl"": 34, ""role_mainplot_role544.asl"": 34, ""role_mainplot_role545.asl"": 34, ""role_mainplot_role546.asl"": 34, ""role_mainplot_role547.asl"": 34, ""role_mainplot_role548.asl"": 34, ""role_mainplot_role549.asl"": 34, ""role_mainplot_role550.asl"": 34, ""role_mainplot_role551.asl"": 34, ""role_mainplot_role552.asl"": 34, ""role_mainplot_role553.asl"": 34, ""role_mainplot_role554.asl"": 34, ""role_mainplot_role555.asl"": 34, ""role_mainplot_role556.asl"": 34, ""role_mainplot_role557.asl"": 34, ""role_mainplot_role558.asl"": 34, ""role_mainplot_role559.asl"": 34, ""role_mainplot_role560.asl"": 34, ""role_mainplot_role561.asl"": 34, ""role_mainplot_role562.asl"": 34, ""role_mainplot_role563.asl"": 34, ""role_mainplot_role564.asl"": 34, ""role_mainplot_role565.asl"": 34, ""role_mainplot_role566.asl"": 34, ""role_mainplot_role567.asl"": 34, ""role_mainplot_role568.asl"": 34, ""role_mainplot_role569.asl"": 34, ""role_mainplot_role570.asl"": 34, ""role_mainplot_role571.asl"": 34, ""role_mainplot_role572.asl"": 34, ""role_mainplot_role573.asl"": 34, ""role_mainplot_role574.asl"": 34, ""role_mainplot_role575.asl"": 34, ""role_mainplot_role576.asl"": 34, ""role_mainplot_role577.asl"": 34, ""role_mainplot_role578.asl"": 34, ""role_mainplot_role579.asl"": 34, ""role_mainplot_role580.asl"": 34, ""role_mainplot_role581.asl"": 34, ""role_mainplot_role582.asl"": 34, ""role_mainplot_role583.asl"": 34, ""role_mainplot_role584.asl"": 34, ""role_mainplot_role585.asl"": 34, ""role_mainplot_role586.asl"": 34, ""role_mainplot_role587.asl"": 34, ""role_mainplot_role588.asl"": 34, ""role_mainplot_role589.asl"": 34, ""role_mainplot_role590.asl"": 34, ""role_mainplot_role591.asl"": 34, ""role_mainplot_role592.asl"": 34, ""role_mainplot_role593.asl"": 34, ""role_mainplot_role594.asl"": 34, ""role_mainplot_role595.asl"": 34, ""role_mainplot_role596.asl"": 34, ""role_mainplot_role597.asl"": 34, ""role_mainplot_role598.asl"": 34, ""role_mainplot_role599.asl"": 34, ""role_mainplot_role600.asl"": 34, ""role_mainplot_role601.asl"": 34, ""role_mainplot_role602.asl"": 34, ""role_mainplot_role603.asl"": 34, ""role_mainplot_role604.asl"": 34, ""role_mainplot_role605.asl"": 34, ""role_mainplot_role606.asl"": 34, ""role_mainplot_role607.asl"": 34, ""role_mainplot_role608.asl"": 34, ""role_mainplot_role609.asl"": 34, ""role_mainplot_role610.asl"": 34, ""role_mainplot_role611.asl"": 34, ""role_mainplot_role612.asl"": 34, ""role_mainplot_role613.asl"": 34, ""role_mainplot_role614.asl"": 34, ""role_mainplot_role615.asl"": 34, ""role_mainplot_role616.asl"": 34, ""role_mainplot_role617.asl"": 34, ""role_mainplot_role618.asl"": 34, ""role_mainplot_role619.asl"": 34, ""role_mainplot_role620.asl"": 34, ""role_mainplot_role621.asl"": 34, ""role_mainplot_role622.asl"": 34, ""role_mainplot_role623.asl"": 34, ""role_mainplot_role624.asl"": 34, ""role_mainplot_role625.asl"": 34, ""role_mainplot_role626.asl"": 34, ""role_mainplot_role627.asl"": 34, ""role_mainplot_role628.asl"": 34, ""role_mainplot_role629.asl"": 34, ""role_mainplot_role630.asl"": 34, ""role_mainplot_role631.asl"": 34, ""role_mainplot_role632.asl"": 34, ""role_mainplot_role633.asl"": 34, ""role_mainplot_role634.asl"": 34, ""role_mainplot_role635.asl"": 34, ""role_mainplot_role636.asl"": 34, ""role_mainplot_role637.asl"": 34, ""role_mainplot_role638.asl"": 34, ""role_mainplot_role639.asl"": 34, ""role_mainplot_role640.asl"": 34, ""role_mainplot_role641.asl"": 34, ""role_mainplot_role642.asl"": 34, ""role_mainplot_role643.asl"": 34, ""role_mainplot_role644.asl"": 34, ""role_mainplot_role645.asl"": 34, ""role_mainplot_role646.asl"": 34, ""role_mainplot_role647.asl"": 34, ""role_mainplot_role648.asl"": 34, ""role_mainplot_role649.asl"": 34, ""role_mainplot_role650.asl"": 34, ""role_mainplot_role651.asl"": 34, ""role_mainplot_role652.asl"": 34, ""role_mainplot_role653.asl"": 34, ""role_mainplot_role654.asl"": 34, ""role_mainplot_role655.asl"": 34, ""role_mainplot_role656.asl"": 34, ""role_mainplot_role657.asl"": 34, ""role_mainplot_role658.asl"": 34, ""role_mainplot_role659.asl"": 34, ""role_mainplot_role660.asl"": 34, ""role_mainplot_role661.asl"": 34, ""role_mainplot_role662.asl"": 34, ""role_mainplot_role663.asl"": 34, ""role_mainplot_role664.asl"": 34, ""role_mainplot_role665.asl"": 34, ""role_mainplot_role666.asl"": 34, ""role_mainplot_role667.asl"": 34, ""role_mainplot_role668.asl"": 34, ""role_mainplot_role669.asl"": 34, ""role_mainplot_role670.asl"": 34, ""role_mainplot_role671.asl"": 34, ""role_mainplot_role672.asl"": 34, ""role_mainplot_role673.asl"": 34, ""role_mainplot_role674.asl"": 34, ""role_mainplot_role675.asl"": 34, ""role_mainplot_role676.asl"": 34, ""role_mainplot_role677.asl"": 34, ""role_mainplot_role678.asl"": 34, ""role_mainplot_role679.asl"": 34, ""role_mainplot_role680.asl"": 34, ""role_mainplot_role681.asl"": 34, ""role_mainplot_role682.asl"": 34, ""role_mainplot_role683.asl"": 34, ""role_mainplot_role684.asl"": 34, ""role_mainplot_role685.asl"": 34, ""role_mainplot_role686.asl"": 34, ""role_mainplot_role687.asl"": 34, ""role_mainplot_role688.asl"": 34, ""role_mainplot_role689.asl"": 34, ""role_mainplot_role690.asl"": 34, ""role_mainplot_role691.asl"": 34, ""role_mainplot_role692.asl"": 34, ""role_mainplot_role693.asl"": 34, ""role_mainplot_role694.asl"": 34, ""role_mainplot_role695.asl"": 34, ""role_mainplot_role696.asl"": 34, ""role_mainplot_role697.asl"": 34, ""role_mainplot_role698.asl"": 34, ""role_mainplot_role699.asl"": 34, ""role_mainplot_role700.asl"": 34, ""role_mainplot_role701.asl"": 34, ""role_mainplot_role702.asl"": 34, ""role_mainplot_role703.asl"": 34, ""role_mainplot_role704.asl"": 34, ""role_mainplot_role705.asl"": 34, ""role_mainplot_role706.asl"": 34, ""role_mainplot_role707.asl"": 34, ""role_mainplot_role708.asl"": 34, ""role_mainplot_role709.asl"": 34, ""role_mainplot_role710.asl"": 34, ""role_mainplot_role711.asl"": 34, ""role_mainplot_role712.asl"": 34, ""role_mainplot_role713.asl"": 34, ""role_mainplot_role714.asl"": 34, ""role_mainplot_role715.asl"": 34, ""role_mainplot_role716.asl"": 34, ""role_mainplot_role717.asl"": 34, ""role_mainplot_role718.asl"": 34, ""role_mainplot_role719.asl"": 34, ""role_mainplot_role720.asl"": 34, ""role_mainplot_role721.asl"": 34, ""role_mainplot_role722.asl"": 34, ""role_mainplot_role723.asl"": 34, ""role_mainplot_role724.asl"": 34, ""role_mainplot_role725.asl"": 34, ""role_mainplot_role726.asl"": 34, ""role_mainplot_role727.asl"": 34, ""role_mainplot_role728.asl"": 34, ""role_mainplot_role729.asl"": 34, ""role_mainplot_role730.asl"": 34, ""role_mainplot_role731.asl"": 34, ""role_mainplot_role732.asl"": 34, ""role_mainplot_role733.asl"": 34, ""role_mainplot_role734.asl"": 34, ""role_mainplot_role735.asl"": 34, ""role_mainplot_role736.asl"": 34, ""role_mainplot_role737.asl"": 34, ""role_mainplot_role738.asl"": 34, ""role_mainplot_role739.asl"": 34, ""role_mainplot_role740.asl"": 34, ""role_mainplot_role741.asl"": 34, ""role_mainplot_role742.asl"": 34, ""role_mainplot_role743.asl"": 34, ""role_mainplot_role744.asl"": 34, ""role_mainplot_role745.asl"": 34, ""role_mainplot_role746.asl"": 34, ""role_mainplot_role747.asl"": 34, ""role_mainplot_role748.asl"": 34, ""role_mainplot_role749.asl"": 34, ""role_mainplot_role750.asl"": 34, ""role_mainplot_role751.asl"": 34, ""role_mainplot_role752.asl"": 34, ""role_mainplot_role753.asl"": 34, ""role_mainplot_role754.asl"": 34, ""role_mainplot_role755.asl"": 34, ""role_mainplot_role756.asl"": 34, ""role_mainplot_role757.asl"": 34, ""role_mainplot_role758.asl"": 34, ""role_mainplot_role759.asl"": 34, ""role_mainplot_role760.asl"": 34, ""role_mainplot_role761.asl"": 34, ""role_mainplot_role762.asl"": 34, ""role_mainplot_role763.asl"": 34, ""role_mainplot_role764.asl"": 34, ""role_mainplot_role765.asl"": 34, ""role_mainplot_role766.asl"": 34, ""role_mainplot_role767.asl"": 34, ""role_mainplot_role768.asl"": 34, ""role_mainplot_role769.asl"": 34, ""role_mainplot_role770.asl"": 34, ""role_mainplot_role771.asl"": 34, ""role_mainplot_role772.asl"": 34, ""role_mainplot_role773.asl"": 34, ""role_mainplot_role774.asl"": 34, ""role_mainplot_role775.asl"": 34, ""role_mainplot_role776.asl"": 34, ""role_mainplot_role777.asl"": 34, ""role_mainplot_role778.asl"": 34, ""role_mainplot_role779.asl"": 34, ""role_mainplot_role780.asl"": 34, ""role_mainplot_role781.asl"": 34, ""role_mainplot_role782.asl"": 34, ""role_mainplot_role783.asl"": 34, ""role_mainplot_role784.asl"": 34, ""role_mainplot_role785.asl"": 34, ""role_mainplot_role786.asl"": 34, ""role_mainplot_role787.asl"": 34, ""role_mainplot_role788.asl"": 34, ""role_mainplot_role789.asl"": 34, ""role_mainplot_role790.asl"": 34, ""role_mainplot_role791.asl"": 34, ""role_mainplot_role792.asl"": 34, ""role_mainplot_role793.asl"": 34, ""role_mainplot_role794.asl"": 34, ""role_mainplot_role795.asl"": 34, ""role_mainplot_role796.asl"": 34, ""role_mainplot_role797.asl"": 34, ""role_mainplot_role798.asl"": 34, ""role_mainplot_role799.asl"": 34, ""role_mainplot_role800.asl"": 34, ""role_mainplot_role801.asl"": 34, ""role_mainplot_role802.asl"": 34, ""role_mainplot_role803.asl"": 34, ""role_mainplot_role804.asl"": 34, ""role_mainplot_role805.asl"": 34, ""role_mainplot_role806.asl"": 34, ""role_mainplot_role807.asl"": 34, ""role_mainplot_role808.asl"": 34, ""role_mainplot_role809.asl"": 34, ""role_mainplot_role810.asl"": 34, ""role_mainplot_role811.asl"": 34, ""role_mainplot_role812.asl"": 34, ""role_mainplot_role813.asl"": 34, ""role_mainplot_role814.asl"": 34, ""role_mainplot_role815.asl"": 34, ""role_mainplot_role816.asl"": 34, ""role_mainplot_role817.asl"": 34, ""role_mainplot_role818.asl"": 34, ""role_mainplot_role819.asl"": 34, ""role_mainplot_role820.asl"": 34, ""role_mainplot_role821.asl"": 34, ""role_mainplot_role822.asl"": 34, ""role_mainplot_role823.asl"": 34, ""role_mainplot_role824.asl"": 34, ""role_mainplot_role825.asl"": 34, ""role_mainplot_role826.asl"": 34, ""role_mainplot_role827.asl"": 34, ""role_mainplot_role828.asl"": 34, ""role_mainplot_role829.asl"": 34, ""role_mainplot_role830.asl"": 34, ""role_mainplot_role831.asl"": 34, ""role_mainplot_role832.asl"": 34, ""role_mainplot_role833.asl"": 34, ""role_mainplot_role834.asl"": 34, ""role_mainplot_role835.asl"": 34, ""role_mainplot_role836.asl"": 34, ""role_mainplot_role837.asl"": 34, ""role_mainplot_role838.asl"": 34, ""role_mainplot_role839.asl"": 34, ""role_mainplot_role840.asl"": 34, ""role_mainplot_role841.asl"": 34, ""role_mainplot_role842.asl"": 34, ""role_mainplot_role843.asl"": 34, ""role_mainplot_role844.asl"": 34, ""role_mainplot_role845.asl"": 34, ""role_mainplot_role846.asl"": 34, ""role_mainplot_role847.asl"": 34, ""role_mainplot_role848.asl"": 34, ""role_mainplot_role849.asl"": 34, ""role_mainplot_role850.asl"": 34, ""role_mainplot_role851.asl"": 34, ""role_mainplot_role852.asl"": 34, ""role_mainplot_role853.asl"": 34, ""role_mainplot_role854.asl"": 34, ""role_mainplot_role855.asl"": 34, ""role_mainplot_role856.asl"": 34, ""role_mainplot_role857.asl"": 34, ""role_mainplot_role858.asl"": 34, ""role_mainplot_role859.asl"": 34, ""role_mainplot_role860.asl"": 34, ""role_mainplot_role861.asl"": 34, ""role_mainplot_role862.asl"": 34, ""role_mainplot_role863.asl"": 34, ""role_mainplot_role864.asl"": 34, ""role_mainplot_role865.asl"": 34, ""role_mainplot_role866.asl"": 34, ""role_mainplot_role867.asl"": 34, ""role_mainplot_role868.asl"": 34, ""role_mainplot_role869.asl"": 34, ""role_mainplot_role870.asl"": 34, ""role_mainplot_role871.asl"": 34, ""role_mainplot_role872.asl"": 34, ""role_mainplot_role873.asl"": 34, ""role_mainplot_role874.asl"": 34, ""role_mainplot_role875.asl"": 34, ""role_mainplot_role876.asl"": 34, ""role_mainplot_role877.asl"": 34, ""role_mainplot_role878.asl"": 34, ""role_mainplot_role879.asl"": 34, ""role_mainplot_role880.asl"": 34, ""role_mainplot_role881.asl"": 34, ""role_mainplot_role882.asl"": 34, ""role_mainplot_role883.asl"": 34, ""role_mainplot_role884.asl"": 34, ""role_mainplot_role885.asl"": 34, ""role_mainplot_role886.asl"": 34, ""role_mainplot_role887.asl"": 34, ""role_mainplot_role888.asl"": 34, ""role_mainplot_role889.asl"": 34, ""role_mainplot_role890.asl"": 34, ""role_mainplot_role891.asl"": 34, ""role_mainplot_role892.asl"": 34, ""role_mainplot_role893.asl"": 34, ""role_mainplot_role894.asl"": 34, ""role_mainplot_role895.asl"": 34, ""role_mainplot_role896.asl"": 34, ""role_mainplot_role897.asl"": 34, ""role_mainplot_role898.asl"": 34, ""role_mainplot_role899.asl"": 34, ""role_mainplot_role900.asl"": 34, ""role_mainplot_role901.asl"": 34, ""role_mainplot_role902.asl"": 34, ""role_mainplot_role903.asl"": 34, ""role_mainplot_role904.asl"": 34, ""role_mainplot_role905.asl"": 34, ""role_mainplot_role906.asl"": 34, ""role_mainplot_role907.asl"": 34, ""role_mainplot_role908.asl"": 34, ""role_mainplot_role909.asl"": 34, ""role_mainplot_role910.asl"": 34, ""role_mainplot_role911.asl"": 34, ""role_mainplot_role912.asl"": 34, ""role_mainplot_role913.asl"": 34, ""role_mainplot_role914.asl"": 34, ""role_mainplot_role915.asl"": 34, ""role_mainplot_role916.asl"": 34, ""role_mainplot_role917.asl"": 34, ""role_mainplot_role918.asl"": 34, ""role_mainplot_role919.asl"": 34, ""role_mainplot_role920.asl"": 34, ""role_mainplot_role921.asl"": 34, ""role_mainplot_role922.asl"": 34, ""role_mainplot_role923.asl"": 34, ""role_mainplot_role924.asl"": 34, ""role_mainplot_role925.asl"": 34, ""role_mainplot_role926.asl"": 34, ""role_mainplot_role927.asl"": 34, ""role_mainplot_role928.asl"": 34, ""role_mainplot_role929.asl"": 34, ""role_mainplot_role930.asl"": 34, ""role_mainplot_role931.asl"": 34, ""role_mainplot_role932.asl"": 34, ""role_mainplot_role933.asl"": 34, ""role_mainplot_role934.asl"": 34, ""role_mainplot_role935.asl"": 34, ""role_mainplot_role936.asl"": 34, ""role_mainplot_role937.asl"": 34, ""role_mainplot_role938.asl"": 34, ""role_mainplot_role939.asl"": 34, ""role_mainplot_role940.asl"": 34, ""role_mainplot_role941.asl"": 34, ""role_mainplot_role942.asl"": 34, ""role_mainplot_role943.asl"": 34, ""role_mainplot_role944.asl"": 34, ""role_mainplot_role945.asl"": 34, ""role_mainplot_role946.asl"": 34, ""role_mainplot_role947.asl"": 34, ""role_mainplot_role948.asl"": 34, ""role_mainplot_role949.asl"": 34, ""role_mainplot_role950.asl"": 34, ""role_mainplot_role951.asl"": 34, ""role_mainplot_role952.asl"": 34, ""role_mainplot_role953.asl"": 34, ""role_mainplot_role954.asl"": 34, ""role_mainplot_role955.asl"": 34, ""role_mainplot_role956.asl"": 34, ""role_mainplot_role957.asl"": 34, ""role_mainplot_role958.asl"": 34, ""role_mainplot_role959.asl"": 34, ""role_mainplot_role960.asl"": 34, ""role_mainplot_role961.asl"": 34, ""role_mainplot_role962.asl"": 34, ""role_mainplot_role963.asl"": 34, ""role_mainplot_role964.asl"": 34, ""role_mainplot_role965.asl"": 34, ""role_mainplot_role966.asl"": 34, ""role_mainplot_role967.asl"": 34, ""role_mainplot_role968.asl"": 34, ""role_mainplot_role969.asl"": 34, ""role_mainplot_role970.asl"": 34, ""role_mainplot_role971.asl"": 34, ""role_mainplot_role972.asl"": 34, ""role_mainplot_role973.asl"": 34, ""role_mainplot_role974.asl"": 34, ""role_mainplot_role975.asl"": 34, ""role_mainplot_role976.asl"": 34, ""role_mainplot_role977.asl"": 34, ""role_mainplot_role978.asl"": 34, ""role_mainplot_role979.asl"": 34, ""role_mainplot_role980.asl"": 34, ""role_mainplot_role981.asl"": 34, ""role_mainplot_role982.asl"": 34, ""role_mainplot_role983.asl"": 34, ""role_mainplot_role984.asl"": 34, ""role_mainplot_role985.asl"": 34, ""role_mainplot_role986.asl"": 34, ""role_mainplot_role987.asl"": 34, ""role_mainplot_role988.asl"": 34, ""role_mainplot_role989.asl"": 34, ""role_mainplot_role990.asl"": 34, ""role_mainplot_role991.asl"": 34, ""role_mainplot_role992.asl"": 34, ""role_mainplot_role993.asl"": 34, ""role_mainplot_role994.asl"": 34, ""role_mainplot_role995.asl"": 34, ""role_mainplot_role996.asl"": 34, ""role_mainplot_role997.asl"": 34, ""role_mainplot_role998.asl"": 34, ""role_mainplot_role999.asl"": 34}",5.656483176122765,0.3658291610008746,0.012624756000150228,12.35930347442627,True,7,0
scale_roles,42,Linux 7.1.9-arch1-2,x86_64,24,30.45,3.14.7,10,10,5,2,2,1,2,1000,2,0,0,42,7103,247248,1003,40178,"{""playbook_playbook0.asl"": 26, ""playbook_playbook1.asl"": 26, ""director_mainplot.asl"": 6126, ""role_mainplot_role0.asl"": 34, ""role_mainplot_role1.asl"": 34, ""role_mainplot_role2.asl"": 34, ""role_mainplot_role3.asl"": 34, ""role_mainplot_role4.asl"": 34, ""role_mainplot_role5.asl"": 34, ""role_mainplot_role6.asl"": 34, ""role_mainplot_role7.asl"": 34, ""role_mainplot_role8.asl"": 34, ""role_mainplot_role9.asl"": 34, ""role_mainplot_role10.asl"": 34, ""role_mainplot_role11.asl"": 34, ""role_mainplot_role12.asl"": 34, ""role_mainplot_role13.asl"": 34, ""role_mainplot_role14.asl"": 34, ""role_mainplot_role15.asl"": 34, ""role_mainplot_role16.asl"": 34, ""role_mainplot_role17.asl"": 34, ""role_mainplot_role18.asl"": 34, ""role_mainplot_role19.asl"": 34, ""role_mainplot_role20.asl"": 34, ""role_mainplot_role21.asl"": 34, ""role_mainplot_role22.asl"": 34, ""role_mainplot_role23.asl"": 34, ""role_mainplot_role24.asl"": 34, ""role_mainplot_role25.asl"": 34, ""role_mainplot_role26.asl"": 34, ""role_mainplot_role27.asl"": 34, ""role_mainplot_role28.asl"": 34, ""role_mainplot_role29.asl"": 34, ""role_mainplot_role30.asl"": 34, ""role_mainplot_role31.asl"": 34, ""role_mainplot_role32.asl"": 34, ""role_mainplot_role33.asl"": 34, ""role_mainplot_role34.asl"": 34, ""role_mainplot_role35.asl"": 34, ""role_mainplot_role36.asl"": 34, ""role_mainplot_role37.asl"": 34, ""role_mainplot_role38.asl"": 34, ""role_mainplot_role39.asl"": 34, ""role_mainplot_role40.asl"": 34, ""role_mainplot_role41.asl"": 34, ""role_mainplot_role42.asl"": 34, ""role_mainplot_role43.asl"": 34, ""role_mainplot_role44.asl"": 34, ""role_mainplot_role45.asl"": 34, ""role_mainplot_role46.asl"": 34, ""role_mainplot_role47.asl"": 34, ""role_mainplot_role48.asl"": 34, ""role_mainplot_role49.asl"": 34, ""role_mainplot_role50.asl"": 34, ""role_mainplot_role51.asl"": 34, ""role_mainplot_role52.asl"": 34, ""role_mainplot_role53.asl"": 34, ""role_mainplot_role54.asl"": 34, ""role_mainplot_role55.asl"": 34, ""role_mainplot_role56.asl"": 34, ""role_mainplot_role57.asl"": 34, ""role_mainplot_role58.asl"": 34, ""role_mainplot_role59.asl"": 34, ""role_mainplot_role60.asl"": 34, ""role_mainplot_role61.asl"": 34, ""role_mainplot_role62.asl"": 34, ""role_mainplot_role63.asl"": 34, ""role_mainplot_role64.asl"": 34, ""role_mainplot_role65.asl"": 34, ""role_mainplot_role66.asl"": 34, ""role_mainplot_role67.asl"": 34, ""role_mainplot_role68.asl"": 34, ""role_mainplot_role69.asl"": 34, ""role_mainplot_role70.asl"": 34, ""role_mainplot_role71.asl"": 34, ""role_mainplot_role72.asl"": 34, ""role_mainplot_role73.asl"": 34, ""role_mainplot_role74.asl"": 34, ""role_mainplot_role75.asl"": 34, ""role_mainplot_role76.asl"": 34, ""role_mainplot_role77.asl"": 34, ""role_mainplot_role78.asl"": 34, ""role_mainplot_role79.asl"": 34, ""role_mainplot_role80.asl"": 34, ""role_mainplot_role81.asl"": 34, ""role_mainplot_role82.asl"": 34, ""role_mainplot_role83.asl"": 34, ""role_mainplot_role84.asl"": 34, ""role_mainplot_role85.asl"": 34, ""role_mainplot_role86.asl"": 34, ""role_mainplot_role87.asl"": 34, ""role_mainplot_role88.asl"": 34, ""role_mainplot_role89.asl"": 34, ""role_mainplot_role90.asl"": 34, ""role_mainplot_role91.asl"": 34, ""role_mainplot_role92.asl"": 34, ""role_mainplot_role93.asl"": 34, ""role_mainplot_role94.asl"": 34, ""role_mainplot_role95.asl"": 34, ""role_mainplot_role96.asl"": 34, ""role_mainplot_role97.asl"": 34, ""role_mainplot_role98.asl"": 34, ""role_mainplot_role99.asl"": 34, ""role_mainplot_role100.asl"": 34, ""role_mainplot_role101.asl"": 34, ""role_mainplot_role102.asl"": 34, ""role_mainplot_role103.asl"": 34, ""role_mainplot_role104.asl"": 34, ""role_mainplot_role105.asl"": 34, ""role_mainplot_role106.asl"": 34, ""role_mainplot_role107.asl"": 34, ""role_mainplot_role108.asl"": 34, ""role_mainplot_role109.asl"": 34, ""role_mainplot_role110.asl"": 34, ""role_mainplot_role111.asl"": 34, ""role_mainplot_role112.asl"": 34, ""role_mainplot_role113.asl"": 34, ""role_mainplot_role114.asl"": 34, ""role_mainplot_role115.asl"": 34, ""role_mainplot_role116.asl"": 34, ""role_mainplot_role117.asl"": 34, ""role_mainplot_role118.asl"": 34, ""role_mainplot_role119.asl"": 34, ""role_mainplot_role120.asl"": 34, ""role_mainplot_role121.asl"": 34, ""role_mainplot_role122.asl"": 34, ""role_mainplot_role123.asl"": 34, ""role_mainplot_role124.asl"": 34, ""role_mainplot_role125.asl"": 34, ""role_mainplot_role126.asl"": 34, ""role_mainplot_role127.asl"": 34, ""role_mainplot_role128.asl"": 34, ""role_mainplot_role129.asl"": 34, ""role_mainplot_role130.asl"": 34, ""role_mainplot_role131.asl"": 34, ""role_mainplot_role132.asl"": 34, ""role_mainplot_role133.asl"": 34, ""role_mainplot_role134.asl"": 34, ""role_mainplot_role135.asl"": 34, ""role_mainplot_role136.asl"": 34, ""role_mainplot_role137.asl"": 34, ""role_mainplot_role138.asl"": 34, ""role_mainplot_role139.asl"": 34, ""role_mainplot_role140.asl"": 34, ""role_mainplot_role141.asl"": 34, ""role_mainplot_role142.asl"": 34, ""role_mainplot_role143.asl"": 34, ""role_mainplot_role144.asl"": 34, ""role_mainplot_role145.asl"": 34, ""role_mainplot_role146.asl"": 34, ""role_mainplot_role147.asl"": 34, ""role_mainplot_role148.asl"": 34, ""role_mainplot_role149.asl"": 34, ""role_mainplot_role150.asl"": 34, ""role_mainplot_role151.asl"": 34, ""role_mainplot_role152.asl"": 34, ""role_mainplot_role153.asl"": 34, ""role_mainplot_role154.asl"": 34, ""role_mainplot_role155.asl"": 34, ""role_mainplot_role156.asl"": 34, ""role_mainplot_role157.asl"": 34, ""role_mainplot_role158.asl"": 34, ""role_mainplot_role159.asl"": 34, ""role_mainplot_role160.asl"": 34, ""role_mainplot_role161.asl"": 34, ""role_mainplot_role162.asl"": 34, ""role_mainplot_role163.asl"": 34, ""role_mainplot_role164.asl"": 34, ""role_mainplot_role165.asl"": 34, ""role_mainplot_role166.asl"": 34, ""role_mainplot_role167.asl"": 34, ""role_mainplot_role168.asl"": 34, ""role_mainplot_role169.asl"": 34, ""role_mainplot_role170.asl"": 34, ""role_mainplot_role171.asl"": 34, ""role_mainplot_role172.asl"": 34, ""role_mainplot_role173.asl"": 34, ""role_mainplot_role174.asl"": 34, ""role_mainplot_role175.asl"": 34, ""role_mainplot_role176.asl"": 34, ""role_mainplot_role177.asl"": 34, ""role_mainplot_role178.asl"": 34, ""role_mainplot_role179.asl"": 34, ""role_mainplot_role180.asl"": 34, ""role_mainplot_role181.asl"": 34, ""role_mainplot_role182.asl"": 34, ""role_mainplot_role183.asl"": 34, ""role_mainplot_role184.asl"": 34, ""role_mainplot_role185.asl"": 34, ""role_mainplot_role186.asl"": 34, ""role_mainplot_role187.asl"": 34, ""role_mainplot_role188.asl"": 34, ""role_mainplot_role189.asl"": 34, ""role_mainplot_role190.asl"": 34, ""role_mainplot_role191.asl"": 34, ""role_mainplot_role192.asl"": 34, ""role_mainplot_role193.asl"": 34, ""role_mainplot_role194.asl"": 34, ""role_mainplot_role195.asl"": 34, ""role_mainplot_role196.asl"": 34, ""role_mainplot_role197.asl"": 34, ""role_mainplot_role198.asl"": 34, ""role_mainplot_role199.asl"": 34, ""role_mainplot_role200.asl"": 34, ""role_mainplot_role201.asl"": 34, ""role_mainplot_role202.asl"": 34, ""role_mainplot_role203.asl"": 34, ""role_mainplot_role204.asl"": 34, ""role_mainplot_role205.asl"": 34, ""role_mainplot_role206.asl"": 34, ""role_mainplot_role207.asl"": 34, ""role_mainplot_role208.asl"": 34, ""role_mainplot_role209.asl"": 34, ""role_mainplot_role210.asl"": 34, ""role_mainplot_role211.asl"": 34, ""role_mainplot_role212.asl"": 34, ""role_mainplot_role213.asl"": 34, ""role_mainplot_role214.asl"": 34, ""role_mainplot_role215.asl"": 34, ""role_mainplot_role216.asl"": 34, ""role_mainplot_role217.asl"": 34, ""role_mainplot_role218.asl"": 34, ""role_mainplot_role219.asl"": 34, ""role_mainplot_role220.asl"": 34, ""role_mainplot_role221.asl"": 34, ""role_mainplot_role222.asl"": 34, ""role_mainplot_role223.asl"": 34, ""role_mainplot_role224.asl"": 34, ""role_mainplot_role225.asl"": 34, ""role_mainplot_role226.asl"": 34, ""role_mainplot_role227.asl"": 34, ""role_mainplot_role228.asl"": 34, ""role_mainplot_role229.asl"": 34, ""role_mainplot_role230.asl"": 34, ""role_mainplot_role231.asl"": 34, ""role_mainplot_role232.asl"": 34, ""role_mainplot_role233.asl"": 34, ""role_mainplot_role234.asl"": 34, ""role_mainplot_role235.asl"": 34, ""role_mainplot_role236.asl"": 34, ""role_mainplot_role237.asl"": 34, ""role_mainplot_role238.asl"": 34, ""role_mainplot_role239.asl"": 34, ""role_mainplot_role240.asl"": 34, ""role_mainplot_role241.asl"": 34, ""role_mainplot_role242.asl"": 34, ""role_mainplot_role243.asl"": 34, ""role_mainplot_role244.asl"": 34, ""role_mainplot_role245.asl"": 34, ""role_mainplot_role246.asl"": 34, ""role_mainplot_role247.asl"": 34, ""role_mainplot_role248.asl"": 34, ""role_mainplot_role249.asl"": 34, ""role_mainplot_role250.asl"": 34, ""role_mainplot_role251.asl"": 34, ""role_mainplot_role252.asl"": 34, ""role_mainplot_role253.asl"": 34, ""role_mainplot_role254.asl"": 34, ""role_mainplot_role255.asl"": 34, ""role_mainplot_role256.asl"": 34, ""role_mainplot_role257.asl"": 34, ""role_mainplot_role258.asl"": 34, ""role_mainplot_role259.asl"": 34, ""role_mainplot_role260.asl"": 34, ""role_mainplot_role261.asl"": 34, ""role_mainplot_role262.asl"": 34, ""role_mainplot_role263.asl"": 34, ""role_mainplot_role264.asl"": 34, ""role_mainplot_role265.asl"": 34, ""role_mainplot_role266.asl"": 34, ""role_mainplot_role267.asl"": 34, ""role_mainplot_role268.asl"": 34, ""role_mainplot_role269.asl"": 34, ""role_mainplot_role270.asl"": 34, ""role_mainplot_role271.asl"": 34, ""role_mainplot_role272.asl"": 34, ""role_mainplot_role273.asl"": 34, ""role_mainplot_role274.asl"": 34, ""role_mainplot_role275.asl"": 34, ""role_mainplot_role276.asl"": 34, ""role_mainplot_role277.asl"": 34, ""role_mainplot_role278.asl"": 34, ""role_mainplot_role279.asl"": 34, ""role_mainplot_role280.asl"": 34, ""role_mainplot_role281.asl"": 34, ""role_mainplot_role282.asl"": 34, ""role_mainplot_role283.asl"": 34, ""role_mainplot_role284.asl"": 34, ""role_mainplot_role285.asl"": 34, ""role_mainplot_role286.asl"": 34, ""role_mainplot_role287.asl"": 34, ""role_mainplot_role288.asl"": 34, ""role_mainplot_role289.asl"": 34, ""role_mainplot_role290.asl"": 34, ""role_mainplot_role291.asl"": 34, ""role_mainplot_role292.asl"": 34, ""role_mainplot_role293.asl"": 34, ""role_mainplot_role294.asl"": 34, ""role_mainplot_role295.asl"": 34, ""role_mainplot_role296.asl"": 34, ""role_mainplot_role297.asl"": 34, ""role_mainplot_role298.asl"": 34, ""role_mainplot_role299.asl"": 34, ""role_mainplot_role300.asl"": 34, ""role_mainplot_role301.asl"": 34, ""role_mainplot_role302.asl"": 34, ""role_mainplot_role303.asl"": 34, ""role_mainplot_role304.asl"": 34, ""role_mainplot_role305.asl"": 34, ""role_mainplot_role306.asl"": 34, ""role_mainplot_role307.asl"": 34, ""role_mainplot_role308.asl"": 34, ""role_mainplot_role309.asl"": 34, ""role_mainplot_role310.asl"": 34, ""role_mainplot_role311.asl"": 34, ""role_mainplot_role312.asl"": 34, ""role_mainplot_role313.asl"": 34, ""role_mainplot_role314.asl"": 34, ""role_mainplot_role315.asl"": 34, ""role_mainplot_role316.asl"": 34, ""role_mainplot_role317.asl"": 34, ""role_mainplot_role318.asl"": 34, ""role_mainplot_role319.asl"": 34, ""role_mainplot_role320.asl"": 34, ""role_mainplot_role321.asl"": 34, ""role_mainplot_role322.asl"": 34, ""role_mainplot_role323.asl"": 34, ""role_mainplot_role324.asl"": 34, ""role_mainplot_role325.asl"": 34, ""role_mainplot_role326.asl"": 34, ""role_mainplot_role327.asl"": 34, ""role_mainplot_role328.asl"": 34, ""role_mainplot_role329.asl"": 34, ""role_mainplot_role330.asl"": 34, ""role_mainplot_role331.asl"": 34, ""role_mainplot_role332.asl"": 34, ""role_mainplot_role333.asl"": 34, ""role_mainplot_role334.asl"": 34, ""role_mainplot_role335.asl"": 34, ""role_mainplot_role336.asl"": 34, ""role_mainplot_role337.asl"": 34, ""role_mainplot_role338.asl"": 34, ""role_mainplot_role339.asl"": 34, ""role_mainplot_role340.asl"": 34, ""role_mainplot_role341.asl"": 34, ""role_mainplot_role342.asl"": 34, ""role_mainplot_role343.asl"": 34, ""role_mainplot_role344.asl"": 34, ""role_mainplot_role345.asl"": 34, ""role_mainplot_role346.asl"": 34, ""role_mainplot_role347.asl"": 34, ""role_mainplot_role348.asl"": 34, ""role_mainplot_role349.asl"": 34, ""role_mainplot_role350.asl"": 34, ""role_mainplot_role351.asl"": 34, ""role_mainplot_role352.asl"": 34, ""role_mainplot_role353.asl"": 34, ""role_mainplot_role354.asl"": 34, ""role_mainplot_role355.asl"": 34, ""role_mainplot_role356.asl"": 34, ""role_mainplot_role357.asl"": 34, ""role_mainplot_role358.asl"": 34, ""role_mainplot_role359.asl"": 34, ""role_mainplot_role360.asl"": 34, ""role_mainplot_role361.asl"": 34, ""role_mainplot_role362.asl"": 34, ""role_mainplot_role363.asl"": 34, ""role_mainplot_role364.asl"": 34, ""role_mainplot_role365.asl"": 34, ""role_mainplot_role366.asl"": 34, ""role_mainplot_role367.asl"": 34, ""role_mainplot_role368.asl"": 34, ""role_mainplot_role369.asl"": 34, ""role_mainplot_role370.asl"": 34, ""role_mainplot_role371.asl"": 34, ""role_mainplot_role372.asl"": 34, ""role_mainplot_role373.asl"": 34, ""role_mainplot_role374.asl"": 34, ""role_mainplot_role375.asl"": 34, ""role_mainplot_role376.asl"": 34, ""role_mainplot_role377.asl"": 34, ""role_mainplot_role378.asl"": 34, ""role_mainplot_role379.asl"": 34, ""role_mainplot_role380.asl"": 34, ""role_mainplot_role381.asl"": 34, ""role_mainplot_role382.asl"": 34, ""role_mainplot_role383.asl"": 34, ""role_mainplot_role384.asl"": 34, ""role_mainplot_role385.asl"": 34, ""role_mainplot_role386.asl"": 34, ""role_mainplot_role387.asl"": 34, ""role_mainplot_role388.asl"": 34, ""role_mainplot_role389.asl"": 34, ""role_mainplot_role390.asl"": 34, ""role_mainplot_role391.asl"": 34, ""role_mainplot_role392.asl"": 34, ""role_mainplot_role393.asl"": 34, ""role_mainplot_role394.asl"": 34, ""role_mainplot_role395.asl"": 34, ""role_mainplot_role396.asl"": 34, ""role_mainplot_role397.asl"": 34, ""role_mainplot_role398.asl"": 34, ""role_mainplot_role399.asl"": 34, ""role_mainplot_role400.asl"": 34, ""role_mainplot_role401.asl"": 34, ""role_mainplot_role402.asl"": 34, ""role_mainplot_role403.asl"": 34, ""role_mainplot_role404.asl"": 34, ""role_mainplot_role405.asl"": 34, ""role_mainplot_role406.asl"": 34, ""role_mainplot_role407.asl"": 34, ""role_mainplot_role408.asl"": 34, ""role_mainplot_role409.asl"": 34, ""role_mainplot_role410.asl"": 34, ""role_mainplot_role411.asl"": 34, ""role_mainplot_role412.asl"": 34, ""role_mainplot_role413.asl"": 34, ""role_mainplot_role414.asl"": 34, ""role_mainplot_role415.asl"": 34, ""role_mainplot_role416.asl"": 34, ""role_mainplot_role417.asl"": 34, ""role_mainplot_role418.asl"": 34, ""role_mainplot_role419.asl"": 34, ""role_mainplot_role420.asl"": 34, ""role_mainplot_role421.asl"": 34, ""role_mainplot_role422.asl"": 34, ""role_mainplot_role423.asl"": 34, ""role_mainplot_role424.asl"": 34, ""role_mainplot_role425.asl"": 34, ""role_mainplot_role426.asl"": 34, ""role_mainplot_role427.asl"": 34, ""role_mainplot_role428.asl"": 34, ""role_mainplot_role429.asl"": 34, ""role_mainplot_role430.asl"": 34, ""role_mainplot_role431.asl"": 34, ""role_mainplot_role432.asl"": 34, ""role_mainplot_role433.asl"": 34, ""role_mainplot_role434.asl"": 34, ""role_mainplot_role435.asl"": 34, ""role_mainplot_role436.asl"": 34, ""role_mainplot_role437.asl"": 34, ""role_mainplot_role438.asl"": 34, ""role_mainplot_role439.asl"": 34, ""role_mainplot_role440.asl"": 34, ""role_mainplot_role441.asl"": 34, ""role_mainplot_role442.asl"": 34, ""role_mainplot_role443.asl"": 34, ""role_mainplot_role444.asl"": 34, ""role_mainplot_role445.asl"": 34, ""role_mainplot_role446.asl"": 34, ""role_mainplot_role447.asl"": 34, ""role_mainplot_role448.asl"": 34, ""role_mainplot_role449.asl"": 34, ""role_mainplot_role450.asl"": 34, ""role_mainplot_role451.asl"": 34, ""role_mainplot_role452.asl"": 34, ""role_mainplot_role453.asl"": 34, ""role_mainplot_role454.asl"": 34, ""role_mainplot_role455.asl"": 34, ""role_mainplot_role456.asl"": 34, ""role_mainplot_role457.asl"": 34, ""role_mainplot_role458.asl"": 34, ""role_mainplot_role459.asl"": 34, ""role_mainplot_role460.asl"": 34, ""role_mainplot_role461.asl"": 34, ""role_mainplot_role462.asl"": 34, ""role_mainplot_role463.asl"": 34, ""role_mainplot_role464.asl"": 34, ""role_mainplot_role465.asl"": 34, ""role_mainplot_role466.asl"": 34, ""role_mainplot_role467.asl"": 34, ""role_mainplot_role468.asl"": 34, ""role_mainplot_role469.asl"": 34, ""role_mainplot_role470.asl"": 34, ""role_mainplot_role471.asl"": 34, ""role_mainplot_role472.asl"": 34, ""role_mainplot_role473.asl"": 34, ""role_mainplot_role474.asl"": 34, ""role_mainplot_role475.asl"": 34, ""role_mainplot_role476.asl"": 34, ""role_mainplot_role477.asl"": 34, ""role_mainplot_role478.asl"": 34, ""role_mainplot_role479.asl"": 34, ""role_mainplot_role480.asl"": 34, ""role_mainplot_role481.asl"": 34, ""role_mainplot_role482.asl"": 34, ""role_mainplot_role483.asl"": 34, ""role_mainplot_role484.asl"": 34, ""role_mainplot_role485.asl"": 34, ""role_mainplot_role486.asl"": 34, ""role_mainplot_role487.asl"": 34, ""role_mainplot_role488.asl"": 34, ""role_mainplot_role489.asl"": 34, ""role_mainplot_role490.asl"": 34, ""role_mainplot_role491.asl"": 34, ""role_mainplot_role492.asl"": 34, ""role_mainplot_role493.asl"": 34, ""role_mainplot_role494.asl"": 34, ""role_mainplot_role495.asl"": 34, ""role_mainplot_role496.asl"": 34, ""role_mainplot_role497.asl"": 34, ""role_mainplot_role498.asl"": 34, ""role_mainplot_role499.asl"": 34, ""role_mainplot_role500.asl"": 34, ""role_mainplot_role501.asl"": 34, ""role_mainplot_role502.asl"": 34, ""role_mainplot_role503.asl"": 34, ""role_mainplot_role504.asl"": 34, ""role_mainplot_role505.asl"": 34, ""role_mainplot_role506.asl"": 34, ""role_mainplot_role507.asl"": 34, ""role_mainplot_role508.asl"": 34, ""role_mainplot_role509.asl"": 34, ""role_mainplot_role510.asl"": 34, ""role_mainplot_role511.asl"": 34, ""role_mainplot_role512.asl"": 34, ""role_mainplot_role513.asl"": 34, ""role_mainplot_role514.asl"": 34, ""role_mainplot_role515.asl"": 34, ""role_mainplot_role516.asl"": 34, ""role_mainplot_role517.asl"": 34, ""role_mainplot_role518.asl"": 34, ""role_mainplot_role519.asl"": 34, ""role_mainplot_role520.asl"": 34, ""role_mainplot_role521.asl"": 34, ""role_mainplot_role522.asl"": 34, ""role_mainplot_role523.asl"": 34, ""role_mainplot_role524.asl"": 34, ""role_mainplot_role525.asl"": 34, ""role_mainplot_role526.asl"": 34, ""role_mainplot_role527.asl"": 34, ""role_mainplot_role528.asl"": 34, ""role_mainplot_role529.asl"": 34, ""role_mainplot_role530.asl"": 34, ""role_mainplot_role531.asl"": 34, ""role_mainplot_role532.asl"": 34, ""role_mainplot_role533.asl"": 34, ""role_mainplot_role534.asl"": 34, ""role_mainplot_role535.asl"": 34, ""role_mainplot_role536.asl"": 34, ""role_mainplot_role537.asl"": 34, ""role_mainplot_role538.asl"": 34, ""role_mainplot_role539.asl"": 34, ""role_mainplot_role540.asl"": 34, ""role_mainplot_role541.asl"": 34, ""role_mainplot_role542.asl"": 34, ""role_mainplot_role543.asl"": 34, ""role_mainplot_role544.asl"": 34, ""role_mainplot_role545.asl"": 34, ""role_mainplot_role546.asl"": 34, ""role_mainplot_role547.asl"": 34, ""role_mainplot_role548.asl"": 34, ""role_mainplot_role549.asl"": 34, ""role_mainplot_role550.asl"": 34, ""role_mainplot_role551.asl"": 34, ""role_mainplot_role552.asl"": 34, ""role_mainplot_role553.asl"": 34, ""role_mainplot_role554.asl"": 34, ""role_mainplot_role555.asl"": 34, ""role_mainplot_role556.asl"": 34, ""role_mainplot_role557.asl"": 34, ""role_mainplot_role558.asl"": 34, ""role_mainplot_role559.asl"": 34, ""role_mainplot_role560.asl"": 34, ""role_mainplot_role561.asl"": 34, ""role_mainplot_role562.asl"": 34, ""role_mainplot_role563.asl"": 34, ""role_mainplot_role564.asl"": 34, ""role_mainplot_role565.asl"": 34, ""role_mainplot_role566.asl"": 34, ""role_mainplot_role567.asl"": 34, ""role_mainplot_role568.asl"": 34, ""role_mainplot_role569.asl"": 34, ""role_mainplot_role570.asl"": 34, ""role_mainplot_role571.asl"": 34, ""role_mainplot_role572.asl"": 34, ""role_mainplot_role573.asl"": 34, ""role_mainplot_role574.asl"": 34, ""role_mainplot_role575.asl"": 34, ""role_mainplot_role576.asl"": 34, ""role_mainplot_role577.asl"": 34, ""role_mainplot_role578.asl"": 34, ""role_mainplot_role579.asl"": 34, ""role_mainplot_role580.asl"": 34, ""role_mainplot_role581.asl"": 34, ""role_mainplot_role582.asl"": 34, ""role_mainplot_role583.asl"": 34, ""role_mainplot_role584.asl"": 34, ""role_mainplot_role585.asl"": 34, ""role_mainplot_role586.asl"": 34, ""role_mainplot_role587.asl"": 34, ""role_mainplot_role588.asl"": 34, ""role_mainplot_role589.asl"": 34, ""role_mainplot_role590.asl"": 34, ""role_mainplot_role591.asl"": 34, ""role_mainplot_role592.asl"": 34, ""role_mainplot_role593.asl"": 34, ""role_mainplot_role594.asl"": 34, ""role_mainplot_role595.asl"": 34, ""role_mainplot_role596.asl"": 34, ""role_mainplot_role597.asl"": 34, ""role_mainplot_role598.asl"": 34, ""role_mainplot_role599.asl"": 34, ""role_mainplot_role600.asl"": 34, ""role_mainplot_role601.asl"": 34, ""role_mainplot_role602.asl"": 34, ""role_mainplot_role603.asl"": 34, ""role_mainplot_role604.asl"": 34, ""role_mainplot_role605.asl"": 34, ""role_mainplot_role606.asl"": 34, ""role_mainplot_role607.asl"": 34, ""role_mainplot_role608.asl"": 34, ""role_mainplot_role609.asl"": 34, ""role_mainplot_role610.asl"": 34, ""role_mainplot_role611.asl"": 34, ""role_mainplot_role612.asl"": 34, ""role_mainplot_role613.asl"": 34, ""role_mainplot_role614.asl"": 34, ""role_mainplot_role615.asl"": 34, ""role_mainplot_role616.asl"": 34, ""role_mainplot_role617.asl"": 34, ""role_mainplot_role618.asl"": 34, ""role_mainplot_role619.asl"": 34, ""role_mainplot_role620.asl"": 34, ""role_mainplot_role621.asl"": 34, ""role_mainplot_role622.asl"": 34, ""role_mainplot_role623.asl"": 34, ""role_mainplot_role624.asl"": 34, ""role_mainplot_role625.asl"": 34, ""role_mainplot_role626.asl"": 34, ""role_mainplot_role627.asl"": 34, ""role_mainplot_role628.asl"": 34, ""role_mainplot_role629.asl"": 34, ""role_mainplot_role630.asl"": 34, ""role_mainplot_role631.asl"": 34, ""role_mainplot_role632.asl"": 34, ""role_mainplot_role633.asl"": 34, ""role_mainplot_role634.asl"": 34, ""role_mainplot_role635.asl"": 34, ""role_mainplot_role636.asl"": 34, ""role_mainplot_role637.asl"": 34, ""role_mainplot_role638.asl"": 34, ""role_mainplot_role639.asl"": 34, ""role_mainplot_role640.asl"": 34, ""role_mainplot_role641.asl"": 34, ""role_mainplot_role642.asl"": 34, ""role_mainplot_role643.asl"": 34, ""role_mainplot_role644.asl"": 34, ""role_mainplot_role645.asl"": 34, ""role_mainplot_role646.asl"": 34, ""role_mainplot_role647.asl"": 34, ""role_mainplot_role648.asl"": 34, ""role_mainplot_role649.asl"": 34, ""role_mainplot_role650.asl"": 34, ""role_mainplot_role651.asl"": 34, ""role_mainplot_role652.asl"": 34, ""role_mainplot_role653.asl"": 34, ""role_mainplot_role654.asl"": 34, ""role_mainplot_role655.asl"": 34, ""role_mainplot_role656.asl"": 34, ""role_mainplot_role657.asl"": 34, ""role_mainplot_role658.asl"": 34, ""role_mainplot_role659.asl"": 34, ""role_mainplot_role660.asl"": 34, ""role_mainplot_role661.asl"": 34, ""role_mainplot_role662.asl"": 34, ""role_mainplot_role663.asl"": 34, ""role_mainplot_role664.asl"": 34, ""role_mainplot_role665.asl"": 34, ""role_mainplot_role666.asl"": 34, ""role_mainplot_role667.asl"": 34, ""role_mainplot_role668.asl"": 34, ""role_mainplot_role669.asl"": 34, ""role_mainplot_role670.asl"": 34, ""role_mainplot_role671.asl"": 34, ""role_mainplot_role672.asl"": 34, ""role_mainplot_role673.asl"": 34, ""role_mainplot_role674.asl"": 34, ""role_mainplot_role675.asl"": 34, ""role_mainplot_role676.asl"": 34, ""role_mainplot_role677.asl"": 34, ""role_mainplot_role678.asl"": 34, ""role_mainplot_role679.asl"": 34, ""role_mainplot_role680.asl"": 34, ""role_mainplot_role681.asl"": 34, ""role_mainplot_role682.asl"": 34, ""role_mainplot_role683.asl"": 34, ""role_mainplot_role684.asl"": 34, ""role_mainplot_role685.asl"": 34, ""role_mainplot_role686.asl"": 34, ""role_mainplot_role687.asl"": 34, ""role_mainplot_role688.asl"": 34, ""role_mainplot_role689.asl"": 34, ""role_mainplot_role690.asl"": 34, ""role_mainplot_role691.asl"": 34, ""role_mainplot_role692.asl"": 34, ""role_mainplot_role693.asl"": 34, ""role_mainplot_role694.asl"": 34, ""role_mainplot_role695.asl"": 34, ""role_mainplot_role696.asl"": 34, ""role_mainplot_role697.asl"": 34, ""role_mainplot_role698.asl"": 34, ""role_mainplot_role699.asl"": 34, ""role_mainplot_role700.asl"": 34, ""role_mainplot_role701.asl"": 34, ""role_mainplot_role702.asl"": 34, ""role_mainplot_role703.asl"": 34, ""role_mainplot_role704.asl"": 34, ""role_mainplot_role705.asl"": 34, ""role_mainplot_role706.asl"": 34, ""role_mainplot_role707.asl"": 34, ""role_mainplot_role708.asl"": 34, ""role_mainplot_role709.asl"": 34, ""role_mainplot_role710.asl"": 34, ""role_mainplot_role711.asl"": 34, ""role_mainplot_role712.asl"": 34, ""role_mainplot_role713.asl"": 34, ""role_mainplot_role714.asl"": 34, ""role_mainplot_role715.asl"": 34, ""role_mainplot_role716.asl"": 34, ""role_mainplot_role717.asl"": 34, ""role_mainplot_role718.asl"": 34, ""role_mainplot_role719.asl"": 34, ""role_mainplot_role720.asl"": 34, ""role_mainplot_role721.asl"": 34, ""role_mainplot_role722.asl"": 34, ""role_mainplot_role723.asl"": 34, ""role_mainplot_role724.asl"": 34, ""role_mainplot_role725.asl"": 34, ""role_mainplot_role726.asl"": 34, ""role_mainplot_role727.asl"": 34, ""role_mainplot_role728.asl"": 34, ""role_mainplot_role729.asl"": 34, ""role_mainplot_role730.asl"": 34, ""role_mainplot_role731.asl"": 34, ""role_mainplot_role732.asl"": 34, ""role_mainplot_role733.asl"": 34, ""role_mainplot_role734.asl"": 34, ""role_mainplot_role735.asl"": 34, ""role_mainplot_role736.asl"": 34, ""role_mainplot_role737.asl"": 34, ""role_mainplot_role738.asl"": 34, ""role_mainplot_role739.asl"": 34, ""role_mainplot_role740.asl"": 34, ""role_mainplot_role741.asl"": 34, ""role_mainplot_role742.asl"": 34, ""role_mainplot_role743.asl"": 34, ""role_mainplot_role744.asl"": 34, ""role_mainplot_role745.asl"": 34, ""role_mainplot_role746.asl"": 34, ""role_mainplot_role747.asl"": 34, ""role_mainplot_role748.asl"": 34, ""role_mainplot_role749.asl"": 34, ""role_mainplot_role750.asl"": 34, ""role_mainplot_role751.asl"": 34, ""role_mainplot_role752.asl"": 34, ""role_mainplot_role753.asl"": 34, ""role_mainplot_role754.asl"": 34, ""role_mainplot_role755.asl"": 34, ""role_mainplot_role756.asl"": 34, ""role_mainplot_role757.asl"": 34, ""role_mainplot_role758.asl"": 34, ""role_mainplot_role759.asl"": 34, ""role_mainplot_role760.asl"": 34, ""role_mainplot_role761.asl"": 34, ""role_mainplot_role762.asl"": 34, ""role_mainplot_role763.asl"": 34, ""role_mainplot_role764.asl"": 34, ""role_mainplot_role765.asl"": 34, ""role_mainplot_role766.asl"": 34, ""role_mainplot_role767.asl"": 34, ""role_mainplot_role768.asl"": 34, ""role_mainplot_role769.asl"": 34, ""role_mainplot_role770.asl"": 34, ""role_mainplot_role771.asl"": 34, ""role_mainplot_role772.asl"": 34, ""role_mainplot_role773.asl"": 34, ""role_mainplot_role774.asl"": 34, ""role_mainplot_role775.asl"": 34, ""role_mainplot_role776.asl"": 34, ""role_mainplot_role777.asl"": 34, ""role_mainplot_role778.asl"": 34, ""role_mainplot_role779.asl"": 34, ""role_mainplot_role780.asl"": 34, ""role_mainplot_role781.asl"": 34, ""role_mainplot_role782.asl"": 34, ""role_mainplot_role783.asl"": 34, ""role_mainplot_role784.asl"": 34, ""role_mainplot_role785.asl"": 34, ""role_mainplot_role786.asl"": 34, ""role_mainplot_role787.asl"": 34, ""role_mainplot_role788.asl"": 34, ""role_mainplot_role789.asl"": 34, ""role_mainplot_role790.asl"": 34, ""role_mainplot_role791.asl"": 34, ""role_mainplot_role792.asl"": 34, ""role_mainplot_role793.asl"": 34, ""role_mainplot_role794.asl"": 34, ""role_mainplot_role795.asl"": 34, ""role_mainplot_role796.asl"": 34, ""role_mainplot_role797.asl"": 34, ""role_mainplot_role798.asl"": 34, ""role_mainplot_role799.asl"": 34, ""role_mainplot_role800.asl"": 34, ""role_mainplot_role801.asl"": 34, ""role_mainplot_role802.asl"": 34, ""role_mainplot_role803.asl"": 34, ""role_mainplot_role804.asl"": 34, ""role_mainplot_role805.asl"": 34, ""role_mainplot_role806.asl"": 34, ""role_mainplot_role807.asl"": 34, ""role_mainplot_role808.asl"": 34, ""role_mainplot_role809.asl"": 34, ""role_mainplot_role810.asl"": 34, ""role_mainplot_role811.asl"": 34, ""role_mainplot_role812.asl"": 34, ""role_mainplot_role813.asl"": 34, ""role_mainplot_role814.asl"": 34, ""role_mainplot_role815.asl"": 34, ""role_mainplot_role816.asl"": 34, ""role_mainplot_role817.asl"": 34, ""role_mainplot_role818.asl"": 34, ""role_mainplot_role819.asl"": 34, ""role_mainplot_role820.asl"": 34, ""role_mainplot_role821.asl"": 34, ""role_mainplot_role822.asl"": 34, ""role_mainplot_role823.asl"": 34, ""role_mainplot_role824.asl"": 34, ""role_mainplot_role825.asl"": 34, ""role_mainplot_role826.asl"": 34, ""role_mainplot_role827.asl"": 34, ""role_mainplot_role828.asl"": 34, ""role_mainplot_role829.asl"": 34, ""role_mainplot_role830.asl"": 34, ""role_mainplot_role831.asl"": 34, ""role_mainplot_role832.asl"": 34, ""role_mainplot_role833.asl"": 34, ""role_mainplot_role834.asl"": 34, ""role_mainplot_role835.asl"": 34, ""role_mainplot_role836.asl"": 34, ""role_mainplot_role837.asl"": 34, ""role_mainplot_role838.asl"": 34, ""role_mainplot_role839.asl"": 34, ""role_mainplot_role840.asl"": 34, ""role_mainplot_role841.asl"": 34, ""role_mainplot_role842.asl"": 34, ""role_mainplot_role843.asl"": 34, ""role_mainplot_role844.asl"": 34, ""role_mainplot_role845.asl"": 34, ""role_mainplot_role846.asl"": 34, ""role_mainplot_role847.asl"": 34, ""role_mainplot_role848.asl"": 34, ""role_mainplot_role849.asl"": 34, ""role_mainplot_role850.asl"": 34, ""role_mainplot_role851.asl"": 34, ""role_mainplot_role852.asl"": 34, ""role_mainplot_role853.asl"": 34, ""role_mainplot_role854.asl"": 34, ""role_mainplot_role855.asl"": 34, ""role_mainplot_role856.asl"": 34, ""role_mainplot_role857.asl"": 34, ""role_mainplot_role858.asl"": 34, ""role_mainplot_role859.asl"": 34, ""role_mainplot_role860.asl"": 34, ""role_mainplot_role861.asl"": 34, ""role_mainplot_role862.asl"": 34, ""role_mainplot_role863.asl"": 34, ""role_mainplot_role864.asl"": 34, ""role_mainplot_role865.asl"": 34, ""role_mainplot_role866.asl"": 34, ""role_mainplot_role867.asl"": 34, ""role_mainplot_role868.asl"": 34, ""role_mainplot_role869.asl"": 34, ""role_mainplot_role870.asl"": 34, ""role_mainplot_role871.asl"": 34, ""role_mainplot_role872.asl"": 34, ""role_mainplot_role873.asl"": 34, ""role_mainplot_role874.asl"": 34, ""role_mainplot_role875.asl"": 34, ""role_mainplot_role876.asl"": 34, ""role_mainplot_role877.asl"": 34, ""role_mainplot_role878.asl"": 34, ""role_mainplot_role879.asl"": 34, ""role_mainplot_role880.asl"": 34, ""role_mainplot_role881.asl"": 34, ""role_mainplot_role882.asl"": 34, ""role_mainplot_role883.asl"": 34, ""role_mainplot_role884.asl"": 34, ""role_mainplot_role885.asl"": 34, ""role_mainplot_role886.asl"": 34, ""role_mainplot_role887.asl"": 34, ""role_mainplot_role888.asl"": 34, ""role_mainplot_role889.asl"": 34, ""role_mainplot_role890.asl"": 34, ""role_mainplot_role891.asl"": 34, ""role_mainplot_role892.asl"": 34, ""role_mainplot_role893.asl"": 34, ""role_mainplot_role894.asl"": 34, ""role_mainplot_role895.asl"": 34, ""role_mainplot_role896.asl"": 34, ""role_mainplot_role897.asl"": 34, ""role_mainplot_role898.asl"": 34, ""role_mainplot_role899.asl"": 34, ""role_mainplot_role900.asl"": 34, ""role_mainplot_role901.asl"": 34, ""role_mainplot_role902.asl"": 34, ""role_mainplot_role903.asl"": 34, ""role_mainplot_role904.asl"": 34, ""role_mainplot_role905.asl"": 34, ""role_mainplot_role906.asl"": 34, ""role_mainplot_role907.asl"": 34, ""role_mainplot_role908.asl"": 34, ""role_mainplot_role909.asl"": 34, ""role_mainplot_role910.asl"": 34, ""role_mainplot_role911.asl"": 34, ""role_mainplot_role912.asl"": 34, ""role_mainplot_role913.asl"": 34, ""role_mainplot_role914.asl"": 34, ""role_mainplot_role915.asl"": 34, ""role_mainplot_role916.asl"": 34, ""role_mainplot_role917.asl"": 34, ""role_mainplot_role918.asl"": 34, ""role_mainplot_role919.asl"": 34, ""role_mainplot_role920.asl"": 34, ""role_mainplot_role921.asl"": 34, ""role_mainplot_role922.asl"": 34, ""role_mainplot_role923.asl"": 34, ""role_mainplot_role924.asl"": 34, ""role_mainplot_role925.asl"": 34, ""role_mainplot_role926.asl"": 34, ""role_mainplot_role927.asl"": 34, ""role_mainplot_role928.asl"": 34, ""role_mainplot_role929.asl"": 34, ""role_mainplot_role930.asl"": 34, ""role_mainplot_role931.asl"": 34, ""role_mainplot_role932.asl"": 34, ""role_mainplot_role933.asl"": 34, ""role_mainplot_role934.asl"": 34, ""role_mainplot_role935.asl"": 34, ""role_mainplot_role936.asl"": 34, ""role_mainplot_role937.asl"": 34, ""role_mainplot_role938.asl"": 34, ""role_mainplot_role939.asl"": 34, ""role_mainplot_role940.asl"": 34, ""role_mainplot_role941.asl"": 34, ""role_mainplot_role942.asl"": 34, ""role_mainplot_role943.asl"": 34, ""role_mainplot_role944.asl"": 34, ""role_mainplot_role945.asl"": 34, ""role_mainplot_role946.asl"": 34, ""role_mainplot_role947.asl"": 34, ""role_mainplot_role948.asl"": 34, ""role_mainplot_role949.asl"": 34, ""role_mainplot_role950.asl"": 34, ""role_mainplot_role951.asl"": 34, ""role_mainplot_role952.asl"": 34, ""role_mainplot_role953.asl"": 34, ""role_mainplot_role954.asl"": 34, ""role_mainplot_role955.asl"": 34, ""role_mainplot_role956.asl"": 34, ""role_mainplot_role957.asl"": 34, ""role_mainplot_role958.asl"": 34, ""role_mainplot_role959.asl"": 34, ""role_mainplot_role960.asl"": 34, ""role_mainplot_role961.asl"": 34, ""role_mainplot_role962.asl"": 34, ""role_mainplot_role963.asl"": 34, ""role_mainplot_role964.asl"": 34, ""role_mainplot_role965.asl"": 34, ""role_mainplot_role966.asl"": 34, ""role_mainplot_role967.asl"": 34, ""role_mainplot_role968.asl"": 34, ""role_mainplot_role969.asl"": 34, ""role_mainplot_role970.asl"": 34, ""role_mainplot_role971.asl"": 34, ""role_mainplot_role972.asl"": 34, ""role_mainplot_role973.asl"": 34, ""role_mainplot_role974.asl"": 34, ""role_mainplot_role975.asl"": 34, ""role_mainplot_role976.asl"": 34, ""role_mainplot_role977.asl"": 34, ""role_mainplot_role978.asl"": 34, ""role_mainplot_role979.asl"": 34, ""role_mainplot_role980.asl"": 34, ""role_mainplot_role981.asl"": 34, ""role_mainplot_role982.asl"": 34, ""role_mainplot_role983.asl"": 34, ""role_mainplot_role984.asl"": 34, ""role_mainplot_role985.asl"": 34, ""role_mainplot_role986.asl"": 34, ""role_mainplot_role987.asl"": 34, ""role_mainplot_role988.asl"": 34, ""role_mainplot_role989.asl"": 34, ""role_mainplot_role990.asl"": 34, ""role_mainplot_role991.asl"": 34, ""role_mainplot_role992.asl"": 34, ""role_mainplot_role993.asl"": 34, ""role_mainplot_role994.asl"": 34, ""role_mainplot_role995.asl"": 34, ""role_mainplot_role996.asl"": 34, ""role_mainplot_role997.asl"": 34, ""role_mainplot_role998.asl"": 34, ""role_mainplot_role999.asl"": 34}",5.656483176122765,0.36937568899884354,0.012603726001543691,12.359639167785645,True,7,0
scale_roles,43,Linux 7.1.9-arch1-2,x86_64,24,30.45,3.14.7,10,10,5,2,2,1,2,1000,2,0,0,42,7103,247248,1003,40178,"{""playbook_playbook0.asl"": 26, ""playbook_playbook1.asl"": 26, ""director_mainplot.asl"": 6126, ""role_mainplot_role0.asl"": 34, ""role_mainplot_role1.asl"": 34, ""role_mainplot_role2.asl"": 34, ""role_mainplot_role3.asl"": 34, ""role_mainplot_role4.asl"": 34, ""role_mainplot_role5.asl"": 34, ""role_mainplot_role6.asl"": 34, ""role_mainplot_role7.asl"": 34, ""role_mainplot_role8.asl"": 34, ""role_mainplot_role9.asl"": 34, ""role_mainplot_role10.asl"": 34, ""role_mainplot_role11.asl"": 34, ""role_mainplot_role12.asl"": 34, ""role_mainplot_role13.asl"": 34, ""role_mainplot_role14.asl"": 34, ""role_mainplot_role15.asl"": 34, ""role_mainplot_role16.asl"": 34, ""role_mainplot_role17.asl"": 34, ""role_mainplot_role18.asl"": 34, ""role_mainplot_role19.asl"": 34, ""role_mainplot_role20.asl"": 34, ""role_mainplot_role21.asl"": 34, ""role_mainplot_role22.asl"": 34, ""role_mainplot_role23.asl"": 34, ""role_mainplot_role24.asl"": 34, ""role_mainplot_role25.asl"": 34, ""role_mainplot_role26.asl"": 34, ""role_mainplot_role27.asl"": 34, ""role_mainplot_role28.asl"": 34, ""role_mainplot_role29.asl"": 34, ""role_mainplot_role30.asl"": 34, ""role_mainplot_role31.asl"": 34, ""role_mainplot_role32.asl"": 34, ""role_mainplot_role33.asl"": 34, ""role_mainplot_role34.asl"": 34, ""role_mainplot_role35.asl"": 34, ""role_mainplot_role36.asl"": 34, ""role_mainplot_role37.asl"": 34, ""role_mainplot_role38.asl"": 34, ""role_mainplot_role39.asl"": 34, ""role_mainplot_role40.asl"": 34, ""role_mainplot_role41.asl"": 34, ""role_mainplot_role42.asl"": 34, ""role_mainplot_role43.asl"": 34, ""role_mainplot_role44.asl"": 34, ""role_mainplot_role45.asl"": 34, ""role_mainplot_role46.asl"": 34, ""role_mainplot_role47.asl"": 34, ""role_mainplot_role48.asl"": 34, ""role_mainplot_role49.asl"": 34, ""role_mainplot_role50.asl"": 34, ""role_mainplot_role51.asl"": 34, ""role_mainplot_role52.asl"": 34, ""role_mainplot_role53.asl"": 34, ""role_mainplot_role54.asl"": 34, ""role_mainplot_role55.asl"": 34, ""role_mainplot_role56.asl"": 34, ""role_mainplot_role57.asl"": 34, ""role_mainplot_role58.asl"": 34, ""role_mainplot_role59.asl"": 34, ""role_mainplot_role60.asl"": 34, ""role_mainplot_role61.asl"": 34, ""role_mainplot_role62.asl"": 34, ""role_mainplot_role63.asl"": 34, ""role_mainplot_role64.asl"": 34, ""role_mainplot_role65.asl"": 34, ""role_mainplot_role66.asl"": 34, ""role_mainplot_role67.asl"": 34, ""role_mainplot_role68.asl"": 34, ""role_mainplot_role69.asl"": 34, ""role_mainplot_role70.asl"": 34, ""role_mainplot_role71.asl"": 34, ""role_mainplot_role72.asl"": 34, ""role_mainplot_role73.asl"": 34, ""role_mainplot_role74.asl"": 34, ""role_mainplot_role75.asl"": 34, ""role_mainplot_role76.asl"": 34, ""role_mainplot_role77.asl"": 34, ""role_mainplot_role78.asl"": 34, ""role_mainplot_role79.asl"": 34, ""role_mainplot_role80.asl"": 34, ""role_mainplot_role81.asl"": 34, ""role_mainplot_role82.asl"": 34, ""role_mainplot_role83.asl"": 34, ""role_mainplot_role84.asl"": 34, ""role_mainplot_role85.asl"": 34, ""role_mainplot_role86.asl"": 34, ""role_mainplot_role87.asl"": 34, ""role_mainplot_role88.asl"": 34, ""role_mainplot_role89.asl"": 34, ""role_mainplot_role90.asl"": 34, ""role_mainplot_role91.asl"": 34, ""role_mainplot_role92.asl"": 34, ""role_mainplot_role93.asl"": 34, ""role_mainplot_role94.asl"": 34, ""role_mainplot_role95.asl"": 34, ""role_mainplot_role96.asl"": 34, ""role_mainplot_role97.asl"": 34, ""role_mainplot_role98.asl"": 34, ""role_mainplot_role99.asl"": 34, ""role_mainplot_role100.asl"": 34, ""role_mainplot_role101.asl"": 34, ""role_mainplot_role102.asl"": 34, ""role_mainplot_role103.asl"": 34, ""role_mainplot_role104.asl"": 34, ""role_mainplot_role105.asl"": 34, ""role_mainplot_role106.asl"": 34, ""role_mainplot_role107.asl"": 34, ""role_mainplot_role108.asl"": 34, ""role_mainplot_role109.asl"": 34, ""role_mainplot_role110.asl"": 34, ""role_mainplot_role111.asl"": 34, ""role_mainplot_role112.asl"": 34, ""role_mainplot_role113.asl"": 34, ""role_mainplot_role114.asl"": 34, ""role_mainplot_role115.asl"": 34, ""role_mainplot_role116.asl"": 34, ""role_mainplot_role117.asl"": 34, ""role_mainplot_role118.asl"": 34, ""role_mainplot_role119.asl"": 34, ""role_mainplot_role120.asl"": 34, ""role_mainplot_role121.asl"": 34, ""role_mainplot_role122.asl"": 34, ""role_mainplot_role123.asl"": 34, ""role_mainplot_role124.asl"": 34, ""role_mainplot_role125.asl"": 34, ""role_mainplot_role126.asl"": 34, ""role_mainplot_role127.asl"": 34, ""role_mainplot_role128.asl"": 34, ""role_mainplot_role129.asl"": 34, ""role_mainplot_role130.asl"": 34, ""role_mainplot_role131.asl"": 34, ""role_mainplot_role132.asl"": 34, ""role_mainplot_role133.asl"": 34, ""role_mainplot_role134.asl"": 34, ""role_mainplot_role135.asl"": 34, ""role_mainplot_role136.asl"": 34, ""role_mainplot_role137.asl"": 34, ""role_mainplot_role138.asl"": 34, ""role_mainplot_role139.asl"": 34, ""role_mainplot_role140.asl"": 34, ""role_mainplot_role141.asl"": 34, ""role_mainplot_role142.asl"": 34, ""role_mainplot_role143.asl"": 34, ""role_mainplot_role144.asl"": 34, ""role_mainplot_role145.asl"": 34, ""role_mainplot_role146.asl"": 34, ""role_mainplot_role147.asl"": 34, ""role_mainplot_role148.asl"": 34, ""role_mainplot_role149.asl"": 34, ""role_mainplot_role150.asl"": 34, ""role_mainplot_role151.asl"": 34, ""role_mainplot_role152.asl"": 34, ""role_mainplot_role153.asl"": 34, ""role_mainplot_role154.asl"": 34, ""role_mainplot_role155.asl"": 34, ""role_mainplot_role156.asl"": 34, ""role_mainplot_role157.asl"": 34, ""role_mainplot_role158.asl"": 34, ""role_mainplot_role159.asl"": 34, ""role_mainplot_role160.asl"": 34, ""role_mainplot_role161.asl"": 34, ""role_mainplot_role162.asl"": 34, ""role_mainplot_role163.asl"": 34, ""role_mainplot_role164.asl"": 34, ""role_mainplot_role165.asl"": 34, ""role_mainplot_role166.asl"": 34, ""role_mainplot_role167.asl"": 34, ""role_mainplot_role168.asl"": 34, ""role_mainplot_role169.asl"": 34, ""role_mainplot_role170.asl"": 34, ""role_mainplot_role171.asl"": 34, ""role_mainplot_role172.asl"": 34, ""role_mainplot_role173.asl"": 34, ""role_mainplot_role174.asl"": 34, ""role_mainplot_role175.asl"": 34, ""role_mainplot_role176.asl"": 34, ""role_mainplot_role177.asl"": 34, ""role_mainplot_role178.asl"": 34, ""role_mainplot_role179.asl"": 34, ""role_mainplot_role180.asl"": 34, ""role_mainplot_role181.asl"": 34, ""role_mainplot_role182.asl"": 34, ""role_mainplot_role183.asl"": 34, ""role_mainplot_role184.asl"": 34, ""role_mainplot_role185.asl"": 34, ""role_mainplot_role186.asl"": 34, ""role_mainplot_role187.asl"": 34, ""role_mainplot_role188.asl"": 34, ""role_mainplot_role189.asl"": 34, ""role_mainplot_role190.asl"": 34, ""role_mainplot_role191.asl"": 34, ""role_mainplot_role192.asl"": 34, ""role_mainplot_role193.asl"": 34, ""role_mainplot_role194.asl"": 34, ""role_mainplot_role195.asl"": 34, ""role_mainplot_role196.asl"": 34, ""role_mainplot_role197.asl"": 34, ""role_mainplot_role198.asl"": 34, ""role_mainplot_role199.asl"": 34, ""role_mainplot_role200.asl"": 34, ""role_mainplot_role201.asl"": 34, ""role_mainplot_role202.asl"": 34, ""role_mainplot_role203.asl"": 34, ""role_mainplot_role204.asl"": 34, ""role_mainplot_role205.asl"": 34, ""role_mainplot_role206.asl"": 34, ""role_mainplot_role207.asl"": 34, ""role_mainplot_role208.asl"": 34, ""role_mainplot_role209.asl"": 34, ""role_mainplot_role210.asl"": 34, ""role_mainplot_role211.asl"": 34, ""role_mainplot_role212.asl"": 34, ""role_mainplot_role213.asl"": 34, ""role_mainplot_role214.asl"": 34, ""role_mainplot_role215.asl"": 34, ""role_mainplot_role216.asl"": 34, ""role_mainplot_role217.asl"": 34, ""role_mainplot_role218.asl"": 34, ""role_mainplot_role219.asl"": 34, ""role_mainplot_role220.asl"": 34, ""role_mainplot_role221.asl"": 34, ""role_mainplot_role222.asl"": 34, ""role_mainplot_role223.asl"": 34, ""role_mainplot_role224.asl"": 34, ""role_mainplot_role225.asl"": 34, ""role_mainplot_role226.asl"": 34, ""role_mainplot_role227.asl"": 34, ""role_mainplot_role228.asl"": 34, ""role_mainplot_role229.asl"": 34, ""role_mainplot_role230.asl"": 34, ""role_mainplot_role231.asl"": 34, ""role_mainplot_role232.asl"": 34, ""role_mainplot_role233.asl"": 34, ""role_mainplot_role234.asl"": 34, ""role_mainplot_role235.asl"": 34, ""role_mainplot_role236.asl"": 34, ""role_mainplot_role237.asl"": 34, ""role_mainplot_role238.asl"": 34, ""role_mainplot_role239.asl"": 34, ""role_mainplot_role240.asl"": 34, ""role_mainplot_role241.asl"": 34, ""role_mainplot_role242.asl"": 34, ""role_mainplot_role243.asl"": 34, ""role_mainplot_role244.asl"": 34, ""role_mainplot_role245.asl"": 34, ""role_mainplot_role246.asl"": 34, ""role_mainplot_role247.asl"": 34, ""role_mainplot_role248.asl"": 34, ""role_mainplot_role249.asl"": 34, ""role_mainplot_role250.asl"": 34, ""role_mainplot_role251.asl"": 34, ""role_mainplot_role252.asl"": 34, ""role_mainplot_role253.asl"": 34, ""role_mainplot_role254.asl"": 34, ""role_mainplot_role255.asl"": 34, ""role_mainplot_role256.asl"": 34, ""role_mainplot_role257.asl"": 34, ""role_mainplot_role258.asl"": 34, ""role_mainplot_role259.asl"": 34, ""role_mainplot_role260.asl"": 34, ""role_mainplot_role261.asl"": 34, ""role_mainplot_role262.asl"": 34, ""role_mainplot_role263.asl"": 34, ""role_mainplot_role264.asl"": 34, ""role_mainplot_role265.asl"": 34, ""role_mainplot_role266.asl"": 34, ""role_mainplot_role267.asl"": 34, ""role_mainplot_role268.asl"": 34, ""role_mainplot_role269.asl"": 34, ""role_mainplot_role270.asl"": 34, ""role_mainplot_role271.asl"": 34, ""role_mainplot_role272.asl"": 34, ""role_mainplot_role273.asl"": 34, ""role_mainplot_role274.asl"": 34, ""role_mainplot_role275.asl"": 34, ""role_mainplot_role276.asl"": 34, ""role_mainplot_role277.asl"": 34, ""role_mainplot_role278.asl"": 34, ""role_mainplot_role279.asl"": 34, ""role_mainplot_role280.asl"": 34, ""role_mainplot_role281.asl"": 34, ""role_mainplot_role282.asl"": 34, ""role_mainplot_role283.asl"": 34, ""role_mainplot_role284.asl"": 34, ""role_mainplot_role285.asl"": 34, ""role_mainplot_role286.asl"": 34, ""role_mainplot_role287.asl"": 34, ""role_mainplot_role288.asl"": 34, ""role_mainplot_role289.asl"": 34, ""role_mainplot_role290.asl"": 34, ""role_mainplot_role291.asl"": 34, ""role_mainplot_role292.asl"": 34, ""role_mainplot_role293.asl"": 34, ""role_mainplot_role294.asl"": 34, ""role_mainplot_role295.asl"": 34, ""role_mainplot_role296.asl"": 34, ""role_mainplot_role297.asl"": 34, ""role_mainplot_role298.asl"": 34, ""role_mainplot_role299.asl"": 34, ""role_mainplot_role300.asl"": 34, ""role_mainplot_role301.asl"": 34, ""role_mainplot_role302.asl"": 34, ""role_mainplot_role303.asl"": 34, ""role_mainplot_role304.asl"": 34, ""role_mainplot_role305.asl"": 34, ""role_mainplot_role306.asl"": 34, ""role_mainplot_role307.asl"": 34, ""role_mainplot_role308.asl"": 34, ""role_mainplot_role309.asl"": 34, ""role_mainplot_role310.asl"": 34, ""role_mainplot_role311.asl"": 34, ""role_mainplot_role312.asl"": 34, ""role_mainplot_role313.asl"": 34, ""role_mainplot_role314.asl"": 34, ""role_mainplot_role315.asl"": 34, ""role_mainplot_role316.asl"": 34, ""role_mainplot_role317.asl"": 34, ""role_mainplot_role318.asl"": 34, ""role_mainplot_role319.asl"": 34, ""role_mainplot_role320.asl"": 34, ""role_mainplot_role321.asl"": 34, ""role_mainplot_role322.asl"": 34, ""role_mainplot_role323.asl"": 34, ""role_mainplot_role324.asl"": 34, ""role_mainplot_role325.asl"": 34, ""role_mainplot_role326.asl"": 34, ""role_mainplot_role327.asl"": 34, ""role_mainplot_role328.asl"": 34, ""role_mainplot_role329.asl"": 34, ""role_mainplot_role330.asl"": 34, ""role_mainplot_role331.asl"": 34, ""role_mainplot_role332.asl"": 34, ""role_mainplot_role333.asl"": 34, ""role_mainplot_role334.asl"": 34, ""role_mainplot_role335.asl"": 34, ""role_mainplot_role336.asl"": 34, ""role_mainplot_role337.asl"": 34, ""role_mainplot_role338.asl"": 34, ""role_mainplot_role339.asl"": 34, ""role_mainplot_role340.asl"": 34, ""role_mainplot_role341.asl"": 34, ""role_mainplot_role342.asl"": 34, ""role_mainplot_role343.asl"": 34, ""role_mainplot_role344.asl"": 34, ""role_mainplot_role345.asl"": 34, ""role_mainplot_role346.asl"": 34, ""role_mainplot_role347.asl"": 34, ""role_mainplot_role348.asl"": 34, ""role_mainplot_role349.asl"": 34, ""role_mainplot_role350.asl"": 34, ""role_mainplot_role351.asl"": 34, ""role_mainplot_role352.asl"": 34, ""role_mainplot_role353.asl"": 34, ""role_mainplot_role354.asl"": 34, ""role_mainplot_role355.asl"": 34, ""role_mainplot_role356.asl"": 34, ""role_mainplot_role357.asl"": 34, ""role_mainplot_role358.asl"": 34, ""role_mainplot_role359.asl"": 34, ""role_mainplot_role360.asl"": 34, ""role_mainplot_role361.asl"": 34, ""role_mainplot_role362.asl"": 34, ""role_mainplot_role363.asl"": 34, ""role_mainplot_role364.asl"": 34, ""role_mainplot_role365.asl"": 34, ""role_mainplot_role366.asl"": 34, ""role_mainplot_role367.asl"": 34, ""role_mainplot_role368.asl"": 34, ""role_mainplot_role369.asl"": 34, ""role_mainplot_role370.asl"": 34, ""role_mainplot_role371.asl"": 34, ""role_mainplot_role372.asl"": 34, ""role_mainplot_role373.asl"": 34, ""role_mainplot_role374.asl"": 34, ""role_mainplot_role375.asl"": 34, ""role_mainplot_role376.asl"": 34, ""role_mainplot_role377.asl"": 34, ""role_mainplot_role378.asl"": 34, ""role_mainplot_role379.asl"": 34, ""role_mainplot_role380.asl"": 34, ""role_mainplot_role381.asl"": 34, ""role_mainplot_role382.asl"": 34, ""role_mainplot_role383.asl"": 34, ""role_mainplot_role384.asl"": 34, ""role_mainplot_role385.asl"": 34, ""role_mainplot_role386.asl"": 34, ""role_mainplot_role387.asl"": 34, ""role_mainplot_role388.asl"": 34, ""role_mainplot_role389.asl"": 34, ""role_mainplot_role390.asl"": 34, ""role_mainplot_role391.asl"": 34, ""role_mainplot_role392.asl"": 34, ""role_mainplot_role393.asl"": 34, ""role_mainplot_role394.asl"": 34, ""role_mainplot_role395.asl"": 34, ""role_mainplot_role396.asl"": 34, ""role_mainplot_role397.asl"": 34, ""role_mainplot_role398.asl"": 34, ""role_mainplot_role399.asl"": 34, ""role_mainplot_role400.asl"": 34, ""role_mainplot_role401.asl"": 34, ""role_mainplot_role402.asl"": 34, ""role_mainplot_role403.asl"": 34, ""role_mainplot_role404.asl"": 34, ""role_mainplot_role405.asl"": 34, ""role_mainplot_role406.asl"": 34, ""role_mainplot_role407.asl"": 34, ""role_mainplot_role408.asl"": 34, ""role_mainplot_role409.asl"": 34, ""role_mainplot_role410.asl"": 34, ""role_mainplot_role411.asl"": 34, ""role_mainplot_role412.asl"": 34, ""role_mainplot_role413.asl"": 34, ""role_mainplot_role414.asl"": 34, ""role_mainplot_role415.asl"": 34, ""role_mainplot_role416.asl"": 34, ""role_mainplot_role417.asl"": 34, ""role_mainplot_role418.asl"": 34, ""role_mainplot_role419.asl"": 34, ""role_mainplot_role420.asl"": 34, ""role_mainplot_role421.asl"": 34, ""role_mainplot_role422.asl"": 34, ""role_mainplot_role423.asl"": 34, ""role_mainplot_role424.asl"": 34, ""role_mainplot_role425.asl"": 34, ""role_mainplot_role426.asl"": 34, ""role_mainplot_role427.asl"": 34, ""role_mainplot_role428.asl"": 34, ""role_mainplot_role429.asl"": 34, ""role_mainplot_role430.asl"": 34, ""role_mainplot_role431.asl"": 34, ""role_mainplot_role432.asl"": 34, ""role_mainplot_role433.asl"": 34, ""role_mainplot_role434.asl"": 34, ""role_mainplot_role435.asl"": 34, ""role_mainplot_role436.asl"": 34, ""role_mainplot_role437.asl"": 34, ""role_mainplot_role438.asl"": 34, ""role_mainplot_role439.asl"": 34, ""role_mainplot_role440.asl"": 34, ""role_mainplot_role441.asl"": 34, ""role_mainplot_role442.asl"": 34, ""role_mainplot_role443.asl"": 34, ""role_mainplot_role444.asl"": 34, ""role_mainplot_role445.asl"": 34, ""role_mainplot_role446.asl"": 34, ""role_mainplot_role447.asl"": 34, ""role_mainplot_role448.asl"": 34, ""role_mainplot_role449.asl"": 34, ""role_mainplot_role450.asl"": 34, ""role_mainplot_role451.asl"": 34, ""role_mainplot_role452.asl"": 34, ""role_mainplot_role453.asl"": 34, ""role_mainplot_role454.asl"": 34, ""role_mainplot_role455.asl"": 34, ""role_mainplot_role456.asl"": 34, ""role_mainplot_role457.asl"": 34, ""role_mainplot_role458.asl"": 34, ""role_mainplot_role459.asl"": 34, ""role_mainplot_role460.asl"": 34, ""role_mainplot_role461.asl"": 34, ""role_mainplot_role462.asl"": 34, ""role_mainplot_role463.asl"": 34, ""role_mainplot_role464.asl"": 34, ""role_mainplot_role465.asl"": 34, ""role_mainplot_role466.asl"": 34, ""role_mainplot_role467.asl"": 34, ""role_mainplot_role468.asl"": 34, ""role_mainplot_role469.asl"": 34, ""role_mainplot_role470.asl"": 34, ""role_mainplot_role471.asl"": 34, ""role_mainplot_role472.asl"": 34, ""role_mainplot_role473.asl"": 34, ""role_mainplot_role474.asl"": 34, ""role_mainplot_role475.asl"": 34, ""role_mainplot_role476.asl"": 34, ""role_mainplot_role477.asl"": 34, ""role_mainplot_role478.asl"": 34, ""role_mainplot_role479.asl"": 34, ""role_mainplot_role480.asl"": 34, ""role_mainplot_role481.asl"": 34, ""role_mainplot_role482.asl"": 34, ""role_mainplot_role483.asl"": 34, ""role_mainplot_role484.asl"": 34, ""role_mainplot_role485.asl"": 34, ""role_mainplot_role486.asl"": 34, ""role_mainplot_role487.asl"": 34, ""role_mainplot_role488.asl"": 34, ""role_mainplot_role489.asl"": 34, ""role_mainplot_role490.asl"": 34, ""role_mainplot_role491.asl"": 34, ""role_mainplot_role492.asl"": 34, ""role_mainplot_role493.asl"": 34, ""role_mainplot_role494.asl"": 34, ""role_mainplot_role495.asl"": 34, ""role_mainplot_role496.asl"": 34, ""role_mainplot_role497.asl"": 34, ""role_mainplot_role498.asl"": 34, ""role_mainplot_role499.asl"": 34, ""role_mainplot_role500.asl"": 34, ""role_mainplot_role501.asl"": 34, ""role_mainplot_role502.asl"": 34, ""role_mainplot_role503.asl"": 34, ""role_mainplot_role504.asl"": 34, ""role_mainplot_role505.asl"": 34, ""role_mainplot_role506.asl"": 34, ""role_mainplot_role507.asl"": 34, ""role_mainplot_role508.asl"": 34, ""role_mainplot_role509.asl"": 34, ""role_mainplot_role510.asl"": 34, ""role_mainplot_role511.asl"": 34, ""role_mainplot_role512.asl"": 34, ""role_mainplot_role513.asl"": 34, ""role_mainplot_role514.asl"": 34, ""role_mainplot_role515.asl"": 34, ""role_mainplot_role516.asl"": 34, ""role_mainplot_role517.asl"": 34, ""role_mainplot_role518.asl"": 34, ""role_mainplot_role519.asl"": 34, ""role_mainplot_role520.asl"": 34, ""role_mainplot_role521.asl"": 34, ""role_mainplot_role522.asl"": 34, ""role_mainplot_role523.asl"": 34, ""role_mainplot_role524.asl"": 34, ""role_mainplot_role525.asl"": 34, ""role_mainplot_role526.asl"": 34, ""role_mainplot_role527.asl"": 34, ""role_mainplot_role528.asl"": 34, ""role_mainplot_role529.asl"": 34, ""role_mainplot_role530.asl"": 34, ""role_mainplot_role531.asl"": 34, ""role_mainplot_role532.asl"": 34, ""role_mainplot_role533.asl"": 34, ""role_mainplot_role534.asl"": 34, ""role_mainplot_role535.asl"": 34, ""role_mainplot_role536.asl"": 34, ""role_mainplot_role537.asl"": 34, ""role_mainplot_role538.asl"": 34, ""role_mainplot_role539.asl"": 34, ""role_mainplot_role540.asl"": 34, ""role_mainplot_role541.asl"": 34, ""role_mainplot_role542.asl"": 34, ""role_mainplot_role543.asl"": 34, ""role_mainplot_role544.asl"": 34, ""role_mainplot_role545.asl"": 34, ""role_mainplot_role546.asl"": 34, ""role_mainplot_role547.asl"": 34, ""role_mainplot_role548.asl"": 34, ""role_mainplot_role549.asl"": 34, ""role_mainplot_role550.asl"": 34, ""role_mainplot_role551.asl"": 34, ""role_mainplot_role552.asl"": 34, ""role_mainplot_role553.asl"": 34, ""role_mainplot_role554.asl"": 34, ""role_mainplot_role555.asl"": 34, ""role_mainplot_role556.asl"": 34, ""role_mainplot_role557.asl"": 34, ""role_mainplot_role558.asl"": 34, ""role_mainplot_role559.asl"": 34, ""role_mainplot_role560.asl"": 34, ""role_mainplot_role561.asl"": 34, ""role_mainplot_role562.asl"": 34, ""role_mainplot_role563.asl"": 34, ""role_mainplot_role564.asl"": 34, ""role_mainplot_role565.asl"": 34, ""role_mainplot_role566.asl"": 34, ""role_mainplot_role567.asl"": 34, ""role_mainplot_role568.asl"": 34, ""role_mainplot_role569.asl"": 34, ""role_mainplot_role570.asl"": 34, ""role_mainplot_role571.asl"": 34, ""role_mainplot_role572.asl"": 34, ""role_mainplot_role573.asl"": 34, ""role_mainplot_role574.asl"": 34, ""role_mainplot_role575.asl"": 34, ""role_mainplot_role576.asl"": 34, ""role_mainplot_role577.asl"": 34, ""role_mainplot_role578.asl"": 34, ""role_mainplot_role579.asl"": 34, ""role_mainplot_role580.asl"": 34, ""role_mainplot_role581.asl"": 34, ""role_mainplot_role582.asl"": 34, ""role_mainplot_role583.asl"": 34, ""role_mainplot_role584.asl"": 34, ""role_mainplot_role585.asl"": 34, ""role_mainplot_role586.asl"": 34, ""role_mainplot_role587.asl"": 34, ""role_mainplot_role588.asl"": 34, ""role_mainplot_role589.asl"": 34, ""role_mainplot_role590.asl"": 34, ""role_mainplot_role591.asl"": 34, ""role_mainplot_role592.asl"": 34, ""role_mainplot_role593.asl"": 34, ""role_mainplot_role594.asl"": 34, ""role_mainplot_role595.asl"": 34, ""role_mainplot_role596.asl"": 34, ""role_mainplot_role597.asl"": 34, ""role_mainplot_role598.asl"": 34, ""role_mainplot_role599.asl"": 34, ""role_mainplot_role600.asl"": 34, ""role_mainplot_role601.asl"": 34, ""role_mainplot_role602.asl"": 34, ""role_mainplot_role603.asl"": 34, ""role_mainplot_role604.asl"": 34, ""role_mainplot_role605.asl"": 34, ""role_mainplot_role606.asl"": 34, ""role_mainplot_role607.asl"": 34, ""role_mainplot_role608.asl"": 34, ""role_mainplot_role609.asl"": 34, ""role_mainplot_role610.asl"": 34, ""role_mainplot_role611.asl"": 34, ""role_mainplot_role612.asl"": 34, ""role_mainplot_role613.asl"": 34, ""role_mainplot_role614.asl"": 34, ""role_mainplot_role615.asl"": 34, ""role_mainplot_role616.asl"": 34, ""role_mainplot_role617.asl"": 34, ""role_mainplot_role618.asl"": 34, ""role_mainplot_role619.asl"": 34, ""role_mainplot_role620.asl"": 34, ""role_mainplot_role621.asl"": 34, ""role_mainplot_role622.asl"": 34, ""role_mainplot_role623.asl"": 34, ""role_mainplot_role624.asl"": 34, ""role_mainplot_role625.asl"": 34, ""role_mainplot_role626.asl"": 34, ""role_mainplot_role627.asl"": 34, ""role_mainplot_role628.asl"": 34, ""role_mainplot_role629.asl"": 34, ""role_mainplot_role630.asl"": 34, ""role_mainplot_role631.asl"": 34, ""role_mainplot_role632.asl"": 34, ""role_mainplot_role633.asl"": 34, ""role_mainplot_role634.asl"": 34, ""role_mainplot_role635.asl"": 34, ""role_mainplot_role636.asl"": 34, ""role_mainplot_role637.asl"": 34, ""role_mainplot_role638.asl"": 34, ""role_mainplot_role639.asl"": 34, ""role_mainplot_role640.asl"": 34, ""role_mainplot_role641.asl"": 34, ""role_mainplot_role642.asl"": 34, ""role_mainplot_role643.asl"": 34, ""role_mainplot_role644.asl"": 34, ""role_mainplot_role645.asl"": 34, ""role_mainplot_role646.asl"": 34, ""role_mainplot_role647.asl"": 34, ""role_mainplot_role648.asl"": 34, ""role_mainplot_role649.asl"": 34, ""role_mainplot_role650.asl"": 34, ""role_mainplot_role651.asl"": 34, ""role_mainplot_role652.asl"": 34, ""role_mainplot_role653.asl"": 34, ""role_mainplot_role654.asl"": 34, ""role_mainplot_role655.asl"": 34, ""role_mainplot_role656.asl"": 34, ""role_mainplot_role657.asl"": 34, ""role_mainplot_role658.asl"": 34, ""role_mainplot_role659.asl"": 34, ""role_mainplot_role660.asl"": 34, ""role_mainplot_role661.asl"": 34, ""role_mainplot_role662.asl"": 34, ""role_mainplot_role663.asl"": 34, ""role_mainplot_role664.asl"": 34, ""role_mainplot_role665.asl"": 34, ""role_mainplot_role666.asl"": 34, ""role_mainplot_role667.asl"": 34, ""role_mainplot_role668.asl"": 34, ""role_mainplot_role669.asl"": 34, ""role_mainplot_role670.asl"": 34, ""role_mainplot_role671.asl"": 34, ""role_mainplot_role672.asl"": 34, ""role_mainplot_role673.asl"": 34, ""role_mainplot_role674.asl"": 34, ""role_mainplot_role675.asl"": 34, ""role_mainplot_role676.asl"": 34, ""role_mainplot_role677.asl"": 34, ""role_mainplot_role678.asl"": 34, ""role_mainplot_role679.asl"": 34, ""role_mainplot_role680.asl"": 34, ""role_mainplot_role681.asl"": 34, ""role_mainplot_role682.asl"": 34, ""role_mainplot_role683.asl"": 34, ""role_mainplot_role684.asl"": 34, ""role_mainplot_role685.asl"": 34, ""role_mainplot_role686.asl"": 34, ""role_mainplot_role687.asl"": 34, ""role_mainplot_role688.asl"": 34, ""role_mainplot_role689.asl"": 34, ""role_mainplot_role690.asl"": 34, ""role_mainplot_role691.asl"": 34, ""role_mainplot_role692.asl"": 34, ""role_mainplot_role693.asl"": 34, ""role_mainplot_role694.asl"": 34, ""role_mainplot_role695.asl"": 34, ""role_mainplot_role696.asl"": 34, ""role_mainplot_role697.asl"": 34, ""role_mainplot_role698.asl"": 34, ""role_mainplot_role699.asl"": 34, ""role_mainplot_role700.asl"": 34, ""role_mainplot_role701.asl"": 34, ""role_mainplot_role702.asl"": 34, ""role_mainplot_role703.asl"": 34, ""role_mainplot_role704.asl"": 34, ""role_mainplot_role705.asl"": 34, ""role_mainplot_role706.asl"": 34, ""role_mainplot_role707.asl"": 34, ""role_mainplot_role708.asl"": 34, ""role_mainplot_role709.asl"": 34, ""role_mainplot_role710.asl"": 34, ""role_mainplot_role711.asl"": 34, ""role_mainplot_role712.asl"": 34, ""role_mainplot_role713.asl"": 34, ""role_mainplot_role714.asl"": 34, ""role_mainplot_role715.asl"": 34, ""role_mainplot_role716.asl"": 34, ""role_mainplot_role717.asl"": 34, ""role_mainplot_role718.asl"": 34, ""role_mainplot_role719.asl"": 34, ""role_mainplot_role720.asl"": 34, ""role_mainplot_role721.asl"": 34, ""role_mainplot_role722.asl"": 34, ""role_mainplot_role723.asl"": 34, ""role_mainplot_role724.asl"": 34, ""role_mainplot_role725.asl"": 34, ""role_mainplot_role726.asl"": 34, ""role_mainplot_role727.asl"": 34, ""role_mainplot_role728.asl"": 34, ""role_mainplot_role729.asl"": 34, ""role_mainplot_role730.asl"": 34, ""role_mainplot_role731.asl"": 34, ""role_mainplot_role732.asl"": 34, ""role_mainplot_role733.asl"": 34, ""role_mainplot_role734.asl"": 34, ""role_mainplot_role735.asl"": 34, ""role_mainplot_role736.asl"": 34, ""role_mainplot_role737.asl"": 34, ""role_mainplot_role738.asl"": 34, ""role_mainplot_role739.asl"": 34, ""role_mainplot_role740.asl"": 34, ""role_mainplot_role741.asl"": 34, ""role_mainplot_role742.asl"": 34, ""role_mainplot_role743.asl"": 34, ""role_mainplot_role744.asl"": 34, ""role_mainplot_role745.asl"": 34, ""role_mainplot_role746.asl"": 34, ""role_mainplot_role747.asl"": 34, ""role_mainplot_role748.asl"": 34, ""role_mainplot_role749.asl"": 34, ""role_mainplot_role750.asl"": 34, ""role_mainplot_role751.asl"": 34, ""role_mainplot_role752.asl"": 34, ""role_mainplot_role753.asl"": 34, ""role_mainplot_role754.asl"": 34, ""role_mainplot_role755.asl"": 34, ""role_mainplot_role756.asl"": 34, ""role_mainplot_role757.asl"": 34, ""role_mainplot_role758.asl"": 34, ""role_mainplot_role759.asl"": 34, ""role_mainplot_role760.asl"": 34, ""role_mainplot_role761.asl"": 34, ""role_mainplot_role762.asl"": 34, ""role_mainplot_role763.asl"": 34, ""role_mainplot_role764.asl"": 34, ""role_mainplot_role765.asl"": 34, ""role_mainplot_role766.asl"": 34, ""role_mainplot_role767.asl"": 34, ""role_mainplot_role768.asl"": 34, ""role_mainplot_role769.asl"": 34, ""role_mainplot_role770.asl"": 34, ""role_mainplot_role771.asl"": 34, ""role_mainplot_role772.asl"": 34, ""role_mainplot_role773.asl"": 34, ""role_mainplot_role774.asl"": 34, ""role_mainplot_role775.asl"": 34, ""role_mainplot_role776.asl"": 34, ""role_mainplot_role777.asl"": 34, ""role_mainplot_role778.asl"": 34, ""role_mainplot_role779.asl"": 34, ""role_mainplot_role780.asl"": 34, ""role_mainplot_role781.asl"": 34, ""role_mainplot_role782.asl"": 34, ""role_mainplot_role783.asl"": 34, ""role_mainplot_role784.asl"": 34, ""role_mainplot_role785.asl"": 34, ""role_mainplot_role786.asl"": 34, ""role_mainplot_role787.asl"": 34, ""role_mainplot_role788.asl"": 34, ""role_mainplot_role789.asl"": 34, ""role_mainplot_role790.asl"": 34, ""role_mainplot_role791.asl"": 34, ""role_mainplot_role792.asl"": 34, ""role_mainplot_role793.asl"": 34, ""role_mainplot_role794.asl"": 34, ""role_mainplot_role795.asl"": 34, ""role_mainplot_role796.asl"": 34, ""role_mainplot_role797.asl"": 34, ""role_mainplot_role798.asl"": 34, ""role_mainplot_role799.asl"": 34, ""role_mainplot_role800.asl"": 34, ""role_mainplot_role801.asl"": 34, ""role_mainplot_role802.asl"": 34, ""role_mainplot_role803.asl"": 34, ""role_mainplot_role804.asl"": 34, ""role_mainplot_role805.asl"": 34, ""role_mainplot_role806.asl"": 34, ""role_mainplot_role807.asl"": 34, ""role_mainplot_role808.asl"": 34, ""role_mainplot_role809.asl"": 34, ""role_mainplot_role810.asl"": 34, ""role_mainplot_role811.asl"": 34, ""role_mainplot_role812.asl"": 34, ""role_mainplot_role813.asl"": 34, ""role_mainplot_role814.asl"": 34, ""role_mainplot_role815.asl"": 34, ""role_mainplot_role816.asl"": 34, ""role_mainplot_role817.asl"": 34, ""role_mainplot_role818.asl"": 34, ""role_mainplot_role819.asl"": 34, ""role_mainplot_role820.asl"": 34, ""role_mainplot_role821.asl"": 34, ""role_mainplot_role822.asl"": 34, ""role_mainplot_role823.asl"": 34, ""role_mainplot_role824.asl"": 34, ""role_mainplot_role825.asl"": 34, ""role_mainplot_role826.asl"": 34, ""role_mainplot_role827.asl"": 34, ""role_mainplot_role828.asl"": 34, ""role_mainplot_role829.asl"": 34, ""role_mainplot_role830.asl"": 34, ""role_mainplot_role831.asl"": 34, ""role_mainplot_role832.asl"": 34, ""role_mainplot_role833.asl"": 34, ""role_mainplot_role834.asl"": 34, ""role_mainplot_role835.asl"": 34, ""role_mainplot_role836.asl"": 34, ""role_mainplot_role837.asl"": 34, ""role_mainplot_role838.asl"": 34, ""role_mainplot_role839.asl"": 34, ""role_mainplot_role840.asl"": 34, ""role_mainplot_role841.asl"": 34, ""role_mainplot_role842.asl"": 34, ""role_mainplot_role843.asl"": 34, ""role_mainplot_role844.asl"": 34, ""role_mainplot_role845.asl"": 34, ""role_mainplot_role846.asl"": 34, ""role_mainplot_role847.asl"": 34, ""role_mainplot_role848.asl"": 34, ""role_mainplot_role849.asl"": 34, ""role_mainplot_role850.asl"": 34, ""role_mainplot_role851.asl"": 34, ""role_mainplot_role852.asl"": 34, ""role_mainplot_role853.asl"": 34, ""role_mainplot_role854.asl"": 34, ""role_mainplot_role855.asl"": 34, ""role_mainplot_role856.asl"": 34, ""role_mainplot_role857.asl"": 34, ""role_mainplot_role858.asl"": 34, ""role_mainplot_role859.asl"": 34, ""role_mainplot_role860.asl"": 34, ""role_mainplot_role861.asl"": 34, ""role_mainplot_role862.asl"": 34, ""role_mainplot_role863.asl"": 34, ""role_mainplot_role864.asl"": 34, ""role_mainplot_role865.asl"": 34, ""role_mainplot_role866.asl"": 34, ""role_mainplot_role867.asl"": 34, ""role_mainplot_role868.asl"": 34, ""role_mainplot_role869.asl"": 34, ""role_mainplot_role870.asl"": 34, ""role_mainplot_role871.asl"": 34, ""role_mainplot_role872.asl"": 34, ""role_mainplot_role873.asl"": 34, ""role_mainplot_role874.asl"": 34, ""role_mainplot_role875.asl"": 34, ""role_mainplot_role876.asl"": 34, ""role_mainplot_role877.asl"": 34, ""role_mainplot_role878.asl"": 34, ""role_mainplot_role879.asl"": 34, ""role_mainplot_role880.asl"": 34, ""role_mainplot_role881.asl"": 34, ""role_mainplot_role882.asl"": 34, ""role_mainplot_role883.asl"": 34, ""role_mainplot_role884.asl"": 34, ""role_mainplot_role885.asl"": 34, ""role_mainplot_role886.asl"": 34, ""role_mainplot_role887.asl"": 34, ""role_mainplot_role888.asl"": 34, ""role_mainplot_role889.asl"": 34, ""role_mainplot_role890.asl"": 34, ""role_mainplot_role891.asl"": 34, ""role_mainplot_role892.asl"": 34, ""role_mainplot_role893.asl"": 34, ""role_mainplot_role894.asl"": 34, ""role_mainplot_role895.asl"": 34, ""role_mainplot_role896.asl"": 34, ""role_mainplot_role897.asl"": 34, ""role_mainplot_role898.asl"": 34, ""role_mainplot_role899.asl"": 34, ""role_mainplot_role900.asl"": 34, ""role_mainplot_role901.asl"": 34, ""role_mainplot_role902.asl"": 34, ""role_mainplot_role903.asl"": 34, ""role_mainplot_role904.asl"": 34, ""role_mainplot_role905.asl"": 34, ""role_mainplot_role906.asl"": 34, ""role_mainplot_role907.asl"": 34, ""role_mainplot_role908.asl"": 34, ""role_mainplot_role909.asl"": 34, ""role_mainplot_role910.asl"": 34, ""role_mainplot_role911.asl"": 34, ""role_mainplot_role912.asl"": 34, ""role_mainplot_role913.asl"": 34, ""role_mainplot_role914.asl"": 34, ""role_mainplot_role915.asl"": 34, ""role_mainplot_role916.asl"": 34, ""role_mainplot_role917.asl"": 34, ""role_mainplot_role918.asl"": 34, ""role_mainplot_role919.asl"": 34, ""role_mainplot_role920.asl"": 34, ""role_mainplot_role921.asl"": 34, ""role_mainplot_role922.asl"": 34, ""role_mainplot_role923.asl"": 34, ""role_mainplot_role924.asl"": 34, ""role_mainplot_role925.asl"": 34, ""role_mainplot_role926.asl"": 34, ""role_mainplot_role927.asl"": 34, ""role_mainplot_role928.asl"": 34, ""role_mainplot_role929.asl"": 34, ""role_mainplot_role930.asl"": 34, ""role_mainplot_role931.asl"": 34, ""role_mainplot_role932.asl"": 34, ""role_mainplot_role933.asl"": 34, ""role_mainplot_role934.asl"": 34, ""role_mainplot_role935.asl"": 34, ""role_mainplot_role936.asl"": 34, ""role_mainplot_role937.asl"": 34, ""role_mainplot_role938.asl"": 34, ""role_mainplot_role939.asl"": 34, ""role_mainplot_role940.asl"": 34, ""role_mainplot_role941.asl"": 34, ""role_mainplot_role942.asl"": 34, ""role_mainplot_role943.asl"": 34, ""role_mainplot_role944.asl"": 34, ""role_mainplot_role945.asl"": 34, ""role_mainplot_role946.asl"": 34, ""role_mainplot_role947.asl"": 34, ""role_mainplot_role948.asl"": 34, ""role_mainplot_role949.asl"": 34, ""role_mainplot_role950.asl"": 34, ""role_mainplot_role951.asl"": 34, ""role_mainplot_role952.asl"": 34, ""role_mainplot_role953.asl"": 34, ""role_mainplot_role954.asl"": 34, ""role_mainplot_role955.asl"": 34, ""role_mainplot_role956.asl"": 34, ""role_mainplot_role957.asl"": 34, ""role_mainplot_role958.asl"": 34, ""role_mainplot_role959.asl"": 34, ""role_mainplot_role960.asl"": 34, ""role_mainplot_role961.asl"": 34, ""role_mainplot_role962.asl"": 34, ""role_mainplot_role963.asl"": 34, ""role_mainplot_role964.asl"": 34, ""role_mainplot_role965.asl"": 34, ""role_mainplot_role966.asl"": 34, ""role_mainplot_role967.asl"": 34, ""role_mainplot_role968.asl"": 34, ""role_mainplot_role969.asl"": 34, ""role_mainplot_role970.asl"": 34, ""role_mainplot_role971.asl"": 34, ""role_mainplot_role972.asl"": 34, ""role_mainplot_role973.asl"": 34, ""role_mainplot_role974.asl"": 34, ""role_mainplot_role975.asl"": 34, ""role_mainplot_role976.asl"": 34, ""role_mainplot_role977.asl"": 34, ""role_mainplot_role978.asl"": 34, ""role_mainplot_role979.asl"": 34, ""role_mainplot_role980.asl"": 34, ""role_mainplot_role981.asl"": 34, ""role_mainplot_role982.asl"": 34, ""role_mainplot_role983.asl"": 34, ""role_mainplot_role984.asl"": 34, ""role_mainplot_role985.asl"": 34, ""role_mainplot_role986.asl"": 34, ""role_mainplot_role987.asl"": 34, ""role_mainplot_role988.asl"": 34, ""role_mainplot_role989.asl"": 34, ""role_mainplot_role990.asl"": 34, ""role_mainplot_role991.asl"": 34, ""role_mainplot_role992.asl"": 34, ""role_mainplot_role993.asl"": 34, ""role_mainplot_role994.asl"": 34, ""role_mainplot_role995.asl"": 34, ""role_mainplot_role996.asl"": 34, ""role_mainplot_role997.asl"": 34, ""role_mainplot_role998.asl"": 34, ""role_mainplot_role999.asl"": 34}",5.656483176122765,0.37435997200009297,0.012714425000012852,12.359646797180176,True,7,0
scale_roles,44,Linux 7.1.9-arch1-2,x86_64,24,30.45,3.14.7,10,10,5,2,2,1,2,1000,2,0,0,42,7103,247248,1003,40178,"{""playbook_playbook0.asl"": 26, ""playbook_playbook1.asl"": 26, ""director_mainplot.asl"": 6126, ""role_mainplot_role0.asl"": 34, ""role_mainplot_role1.asl"": 34, ""role_mainplot_role2.asl"": 34, ""role_mainplot_role3.asl"": 34, ""role_mainplot_role4.asl"": 34, ""role_mainplot_role5.asl"": 34, ""role_mainplot_role6.asl"": 34, ""role_mainplot_role7.asl"": 34, ""role_mainplot_role8.asl"": 34, ""role_mainplot_role9.asl"": 34, ""role_mainplot_role10.asl"": 34, ""role_mainplot_role11.asl"": 34, ""role_mainplot_role12.asl"": 34, ""role_mainplot_role13.asl"": 34, ""role_mainplot_role14.asl"": 34, ""role_mainplot_role15.asl"": 34, ""role_mainplot_role16.asl"": 34, ""role_mainplot_role17.asl"": 34, ""role_mainplot_role18.asl"": 34, ""role_mainplot_role19.asl"": 34, ""role_mainplot_role20.asl"": 34, ""role_mainplot_role21.asl"": 34, ""role_mainplot_role22.asl"": 34, ""role_mainplot_role23.asl"": 34, ""role_mainplot_role24.asl"": 34, ""role_mainplot_role25.asl"": 34, ""role_mainplot_role26.asl"": 34, ""role_mainplot_role27.asl"": 34, ""role_mainplot_role28.asl"": 34, ""role_mainplot_role29.asl"": 34, ""role_mainplot_role30.asl"": 34, ""role_mainplot_role31.asl"": 34, ""role_mainplot_role32.asl"": 34, ""role_mainplot_role33.asl"": 34, ""role_mainplot_role34.asl"": 34, ""role_mainplot_role35.asl"": 34, ""role_mainplot_role36.asl"": 34, ""role_mainplot_role37.asl"": 34, ""role_mainplot_role38.asl"": 34, ""role_mainplot_role39.asl"": 34, ""role_mainplot_role40.asl"": 34, ""role_mainplot_role41.asl"": 34, ""role_mainplot_role42.asl"": 34, ""role_mainplot_role43.asl"": 34, ""role_mainplot_role44.asl"": 34, ""role_mainplot_role45.asl"": 34, ""role_mainplot_role46.asl"": 34, ""role_mainplot_role47.asl"": 34, ""role_mainplot_role48.asl"": 34, ""role_mainplot_role49.asl"": 34, ""role_mainplot_role50.asl"": 34, ""role_mainplot_role51.asl"": 34, ""role_mainplot_role52.asl"": 34, ""role_mainplot_role53.asl"": 34, ""role_mainplot_role54.asl"": 34, ""role_mainplot_role55.asl"": 34, ""role_mainplot_role56.asl"": 34, ""role_mainplot_role57.asl"": 34, ""role_mainplot_role58.asl"": 34, ""role_mainplot_role59.asl"": 34, ""role_mainplot_role60.asl"": 34, ""role_mainplot_role61.asl"": 34, ""role_mainplot_role62.asl"": 34, ""role_mainplot_role63.asl"": 34, ""role_mainplot_role64.asl"": 34, ""role_mainplot_role65.asl"": 34, ""role_mainplot_role66.asl"": 34, ""role_mainplot_role67.asl"": 34, ""role_mainplot_role68.asl"": 34, ""role_mainplot_role69.asl"": 34, ""role_mainplot_role70.asl"": 34, ""role_mainplot_role71.asl"": 34, ""role_mainplot_role72.asl"": 34, ""role_mainplot_role73.asl"": 34, ""role_mainplot_role74.asl"": 34, ""role_mainplot_role75.asl"": 34, ""role_mainplot_role76.asl"": 34, ""role_mainplot_role77.asl"": 34, ""role_mainplot_role78.asl"": 34, ""role_mainplot_role79.asl"": 34, ""role_mainplot_role80.asl"": 34, ""role_mainplot_role81.asl"": 34, ""role_mainplot_role82.asl"": 34, ""role_mainplot_role83.asl"": 34, ""role_mainplot_role84.asl"": 34, ""role_mainplot_role85.asl"": 34, ""role_mainplot_role86.asl"": 34, ""role_mainplot_role87.asl"": 34, ""role_mainplot_role88.asl"": 34, ""role_mainplot_role89.asl"": 34, ""role_mainplot_role90.asl"": 34, ""role_mainplot_role91.asl"": 34, ""role_mainplot_role92.asl"": 34, ""role_mainplot_role93.asl"": 34, ""role_mainplot_role94.asl"": 34, ""role_mainplot_role95.asl"": 34, ""role_mainplot_role96.asl"": 34, ""role_mainplot_role97.asl"": 34, ""role_mainplot_role98.asl"": 34, ""role_mainplot_role99.asl"": 34, ""role_mainplot_role100.asl"": 34, ""role_mainplot_role101.asl"": 34, ""role_mainplot_role102.asl"": 34, ""role_mainplot_role103.asl"": 34, ""role_mainplot_role104.asl"": 34, ""role_mainplot_role105.asl"": 34, ""role_mainplot_role106.asl"": 34, ""role_mainplot_role107.asl"": 34, ""role_mainplot_role108.asl"": 34, ""role_mainplot_role109.asl"": 34, ""role_mainplot_role110.asl"": 34, ""role_mainplot_role111.asl"": 34, ""role_mainplot_role112.asl"": 34, ""role_mainplot_role113.asl"": 34, ""role_mainplot_role114.asl"": 34, ""role_mainplot_role115.asl"": 34, ""role_mainplot_role116.asl"": 34, ""role_mainplot_role117.asl"": 34, ""role_mainplot_role118.asl"": 34, ""role_mainplot_role119.asl"": 34, ""role_mainplot_role120.asl"": 34, ""role_mainplot_role121.asl"": 34, ""role_mainplot_role122.asl"": 34, ""role_mainplot_role123.asl"": 34, ""role_mainplot_role124.asl"": 34, ""role_mainplot_role125.asl"": 34, ""role_mainplot_role126.asl"": 34, ""role_mainplot_role127.asl"": 34, ""role_mainplot_role128.asl"": 34, ""role_mainplot_role129.asl"": 34, ""role_mainplot_role130.asl"": 34, ""role_mainplot_role131.asl"": 34, ""role_mainplot_role132.asl"": 34, ""role_mainplot_role133.asl"": 34, ""role_mainplot_role134.asl"": 34, ""role_mainplot_role135.asl"": 34, ""role_mainplot_role136.asl"": 34, ""role_mainplot_role137.asl"": 34, ""role_mainplot_role138.asl"": 34, ""role_mainplot_role139.asl"": 34, ""role_mainplot_role140.asl"": 34, ""role_mainplot_role141.asl"": 34, ""role_mainplot_role142.asl"": 34, ""role_mainplot_role143.asl"": 34, ""role_mainplot_role144.asl"": 34, ""role_mainplot_role145.asl"": 34, ""role_mainplot_role146.asl"": 34, ""role_mainplot_role147.asl"": 34, ""role_mainplot_role148.asl"": 34, ""role_mainplot_role149.asl"": 34, ""role_mainplot_role150.asl"": 34, ""role_mainplot_role151.asl"": 34, ""role_mainplot_role152.asl"": 34, ""role_mainplot_role153.asl"": 34, ""role_mainplot_role154.asl"": 34, ""role_mainplot_role155.asl"": 34, ""role_mainplot_role156.asl"": 34, ""role_mainplot_role157.asl"": 34, ""role_mainplot_role158.asl"": 34, ""role_mainplot_role159.asl"": 34, ""role_mainplot_role160.asl"": 34, ""role_mainplot_role161.asl"": 34, ""role_mainplot_role162.asl"": 34, ""role_mainplot_role163.asl"": 34, ""role_mainplot_role164.asl"": 34, ""role_mainplot_role165.asl"": 34, ""role_mainplot_role166.asl"": 34, ""role_mainplot_role167.asl"": 34, ""role_mainplot_role168.asl"": 34, ""role_mainplot_role169.asl"": 34, ""role_mainplot_role170.asl"": 34, ""role_mainplot_role171.asl"": 34, ""role_mainplot_role172.asl"": 34, ""role_mainplot_role173.asl"": 34, ""role_mainplot_role174.asl"": 34, ""role_mainplot_role175.asl"": 34, ""role_mainplot_role176.asl"": 34, ""role_mainplot_role177.asl"": 34, ""role_mainplot_role178.asl"": 34, ""role_mainplot_role179.asl"": 34, ""role_mainplot_role180.asl"": 34, ""role_mainplot_role181.asl"": 34, ""role_mainplot_role182.asl"": 34, ""role_mainplot_role183.asl"": 34, ""role_mainplot_role184.asl"": 34, ""role_mainplot_role185.asl"": 34, ""role_mainplot_role186.asl"": 34, ""role_mainplot_role187.asl"": 34, ""role_mainplot_role188.asl"": 34, ""role_mainplot_role189.asl"": 34, ""role_mainplot_role190.asl"": 34, ""role_mainplot_role191.asl"": 34, ""role_mainplot_role192.asl"": 34, ""role_mainplot_role193.asl"": 34, ""role_mainplot_role194.asl"": 34, ""role_mainplot_role195.asl"": 34, ""role_mainplot_role196.asl"": 34, ""role_mainplot_role197.asl"": 34, ""role_mainplot_role198.asl"": 34, ""role_mainplot_role199.asl"": 34, ""role_mainplot_role200.asl"": 34, ""role_mainplot_role201.asl"": 34, ""role_mainplot_role202.asl"": 34, ""role_mainplot_role203.asl"": 34, ""role_mainplot_role204.asl"": 34, ""role_mainplot_role205.asl"": 34, ""role_mainplot_role206.asl"": 34, ""role_mainplot_role207.asl"": 34, ""role_mainplot_role208.asl"": 34, ""role_mainplot_role209.asl"": 34, ""role_mainplot_role210.asl"": 34, ""role_mainplot_role211.asl"": 34, ""role_mainplot_role212.asl"": 34, ""role_mainplot_role213.asl"": 34, ""role_mainplot_role214.asl"": 34, ""role_mainplot_role215.asl"": 34, ""role_mainplot_role216.asl"": 34, ""role_mainplot_role217.asl"": 34, ""role_mainplot_role218.asl"": 34, ""role_mainplot_role219.asl"": 34, ""role_mainplot_role220.asl"": 34, ""role_mainplot_role221.asl"": 34, ""role_mainplot_role222.asl"": 34, ""role_mainplot_role223.asl"": 34, ""role_mainplot_role224.asl"": 34, ""role_mainplot_role225.asl"": 34, ""role_mainplot_role226.asl"": 34, ""role_mainplot_role227.asl"": 34, ""role_mainplot_role228.asl"": 34, ""role_mainplot_role229.asl"": 34, ""role_mainplot_role230.asl"": 34, ""role_mainplot_role231.asl"": 34, ""role_mainplot_role232.asl"": 34, ""role_mainplot_role233.asl"": 34, ""role_mainplot_role234.asl"": 34, ""role_mainplot_role235.asl"": 34, ""role_mainplot_role236.asl"": 34, ""role_mainplot_role237.asl"": 34, ""role_mainplot_role238.asl"": 34, ""role_mainplot_role239.asl"": 34, ""role_mainplot_role240.asl"": 34, ""role_mainplot_role241.asl"": 34, ""role_mainplot_role242.asl"": 34, ""role_mainplot_role243.asl"": 34, ""role_mainplot_role244.asl"": 34, ""role_mainplot_role245.asl"": 34, ""role_mainplot_role246.asl"": 34, ""role_mainplot_role247.asl"": 34, ""role_mainplot_role248.asl"": 34, ""role_mainplot_role249.asl"": 34, ""role_mainplot_role250.asl"": 34, ""role_mainplot_role251.asl"": 34, ""role_mainplot_role252.asl"": 34, ""role_mainplot_role253.asl"": 34, ""role_mainplot_role254.asl"": 34, ""role_mainplot_role255.asl"": 34, ""role_mainplot_role256.asl"": 34, ""role_mainplot_role257.asl"": 34, ""role_mainplot_role258.asl"": 34, ""role_mainplot_role259.asl"": 34, ""role_mainplot_role260.asl"": 34, ""role_mainplot_role261.asl"": 34, ""role_mainplot_role262.asl"": 34, ""role_mainplot_role263.asl"": 34, ""role_mainplot_role264.asl"": 34, ""role_mainplot_role265.asl"": 34, ""role_mainplot_role266.asl"": 34, ""role_mainplot_role267.asl"": 34, ""role_mainplot_role268.asl"": 34, ""role_mainplot_role269.asl"": 34, ""role_mainplot_role270.asl"": 34, ""role_mainplot_role271.asl"": 34, ""role_mainplot_role272.asl"": 34, ""role_mainplot_role273.asl"": 34, ""role_mainplot_role274.asl"": 34, ""role_mainplot_role275.asl"": 34, ""role_mainplot_role276.asl"": 34, ""role_mainplot_role277.asl"": 34, ""role_mainplot_role278.asl"": 34, ""role_mainplot_role279.asl"": 34, ""role_mainplot_role280.asl"": 34, ""role_mainplot_role281.asl"": 34, ""role_mainplot_role282.asl"": 34, ""role_mainplot_role283.asl"": 34, ""role_mainplot_role284.asl"": 34, ""role_mainplot_role285.asl"": 34, ""role_mainplot_role286.asl"": 34, ""role_mainplot_role287.asl"": 34, ""role_mainplot_role288.asl"": 34, ""role_mainplot_role289.asl"": 34, ""role_mainplot_role290.asl"": 34, ""role_mainplot_role291.asl"": 34, ""role_mainplot_role292.asl"": 34, ""role_mainplot_role293.asl"": 34, ""role_mainplot_role294.asl"": 34, ""role_mainplot_role295.asl"": 34, ""role_mainplot_role296.asl"": 34, ""role_mainplot_role297.asl"": 34, ""role_mainplot_role298.asl"": 34, ""role_mainplot_role299.asl"": 34, ""role_mainplot_role300.asl"": 34, ""role_mainplot_role301.asl"": 34, ""role_mainplot_role302.asl"": 34, ""role_mainplot_role303.asl"": 34, ""role_mainplot_role304.asl"": 34, ""role_mainplot_role305.asl"": 34, ""role_mainplot_role306.asl"": 34, ""role_mainplot_role307.asl"": 34, ""role_mainplot_role308.asl"": 34, ""role_mainplot_role309.asl"": 34, ""role_mainplot_role310.asl"": 34, ""role_mainplot_role311.asl"": 34, ""role_mainplot_role312.asl"": 34, ""role_mainplot_role313.asl"": 34, ""role_mainplot_role314.asl"": 34, ""role_mainplot_role315.asl"": 34, ""role_mainplot_role316.asl"": 34, ""role_mainplot_role317.asl"": 34, ""role_mainplot_role318.asl"": 34, ""role_mainplot_role319.asl"": 34, ""role_mainplot_role320.asl"": 34, ""role_mainplot_role321.asl"": 34, ""role_mainplot_role322.asl"": 34, ""role_mainplot_role323.asl"": 34, ""role_mainplot_role324.asl"": 34, ""role_mainplot_role325.asl"": 34, ""role_mainplot_role326.asl"": 34, ""role_mainplot_role327.asl"": 34, ""role_mainplot_role328.asl"": 34, ""role_mainplot_role329.asl"": 34, ""role_mainplot_role330.asl"": 34, ""role_mainplot_role331.asl"": 34, ""role_mainplot_role332.asl"": 34, ""role_mainplot_role333.asl"": 34, ""role_mainplot_role334.asl"": 34, ""role_mainplot_role335.asl"": 34, ""role_mainplot_role336.asl"": 34, ""role_mainplot_role337.asl"": 34, ""role_mainplot_role338.asl"": 34, ""role_mainplot_role339.asl"": 34, ""role_mainplot_role340.asl"": 34, ""role_mainplot_role341.asl"": 34, ""role_mainplot_role342.asl"": 34, ""role_mainplot_role343.asl"": 34, ""role_mainplot_role344.asl"": 34, ""role_mainplot_role345.asl"": 34, ""role_mainplot_role346.asl"": 34, ""role_mainplot_role347.asl"": 34, ""role_mainplot_role348.asl"": 34, ""role_mainplot_role349.asl"": 34, ""role_mainplot_role350.asl"": 34, ""role_mainplot_role351.asl"": 34, ""role_mainplot_role352.asl"": 34, ""role_mainplot_role353.asl"": 34, ""role_mainplot_role354.asl"": 34, ""role_mainplot_role355.asl"": 34, ""role_mainplot_role356.asl"": 34, ""role_mainplot_role357.asl"": 34, ""role_mainplot_role358.asl"": 34, ""role_mainplot_role359.asl"": 34, ""role_mainplot_role360.asl"": 34, ""role_mainplot_role361.asl"": 34, ""role_mainplot_role362.asl"": 34, ""role_mainplot_role363.asl"": 34, ""role_mainplot_role364.asl"": 34, ""role_mainplot_role365.asl"": 34, ""role_mainplot_role366.asl"": 34, ""role_mainplot_role367.asl"": 34, ""role_mainplot_role368.asl"": 34, ""role_mainplot_role369.asl"": 34, ""role_mainplot_role370.asl"": 34, ""role_mainplot_role371.asl"": 34, ""role_mainplot_role372.asl"": 34, ""role_mainplot_role373.asl"": 34, ""role_mainplot_role374.asl"": 34, ""role_mainplot_role375.asl"": 34, ""role_mainplot_role376.asl"": 34, ""role_mainplot_role377.asl"": 34, ""role_mainplot_role378.asl"": 34, ""role_mainplot_role379.asl"": 34, ""role_mainplot_role380.asl"": 34, ""role_mainplot_role381.asl"": 34, ""role_mainplot_role382.asl"": 34, ""role_mainplot_role383.asl"": 34, ""role_mainplot_role384.asl"": 34, ""role_mainplot_role385.asl"": 34, ""role_mainplot_role386.asl"": 34, ""role_mainplot_role387.asl"": 34, ""role_mainplot_role388.asl"": 34, ""role_mainplot_role389.asl"": 34, ""role_mainplot_role390.asl"": 34, ""role_mainplot_role391.asl"": 34, ""role_mainplot_role392.asl"": 34, ""role_mainplot_role393.asl"": 34, ""role_mainplot_role394.asl"": 34, ""role_mainplot_role395.asl"": 34, ""role_mainplot_role396.asl"": 34, ""role_mainplot_role397.asl"": 34, ""role_mainplot_role398.asl"": 34, ""role_mainplot_role399.asl"": 34, ""role_mainplot_role400.asl"": 34, ""role_mainplot_role401.asl"": 34, ""role_mainplot_role402.asl"": 34, ""role_mainplot_role403.asl"": 34, ""role_mainplot_role404.asl"": 34, ""role_mainplot_role405.asl"": 34, ""role_mainplot_role406.asl"": 34, ""role_mainplot_role407.asl"": 34, ""role_mainplot_role408.asl"": 34, ""role_mainplot_role409.asl"": 34, ""role_mainplot_role410.asl"": 34, ""role_mainplot_role411.asl"": 34, ""role_mainplot_role412.asl"": 34, ""role_mainplot_role413.asl"": 34, ""role_mainplot_role414.asl"": 34, ""role_mainplot_role415.asl"": 34, ""role_mainplot_role416.asl"": 34, ""role_mainplot_role417.asl"": 34, ""role_mainplot_role418.asl"": 34, ""role_mainplot_role419.asl"": 34, ""role_mainplot_role420.asl"": 34, ""role_mainplot_role421.asl"": 34, ""role_mainplot_role422.asl"": 34, ""role_mainplot_role423.asl"": 34, ""role_mainplot_role424.asl"": 34, ""role_mainplot_role425.asl"": 34, ""role_mainplot_role426.asl"": 34, ""role_mainplot_role427.asl"": 34, ""role_mainplot_role428.asl"": 34, ""role_mainplot_role429.asl"": 34, ""role_mainplot_role430.asl"": 34, ""role_mainplot_role431.asl"": 34, ""role_mainplot_role432.asl"": 34, ""role_mainplot_role433.asl"": 34, ""role_mainplot_role434.asl"": 34, ""role_mainplot_role435.asl"": 34, ""role_mainplot_role436.asl"": 34, ""role_mainplot_role437.asl"": 34, ""role_mainplot_role438.asl"": 34, ""role_mainplot_role439.asl"": 34, ""role_mainplot_role440.asl"": 34, ""role_mainplot_role441.asl"": 34, ""role_mainplot_role442.asl"": 34, ""role_mainplot_role443.asl"": 34, ""role_mainplot_role444.asl"": 34, ""role_mainplot_role445.asl"": 34, ""role_mainplot_role446.asl"": 34, ""role_mainplot_role447.asl"": 34, ""role_mainplot_role448.asl"": 34, ""role_mainplot_role449.asl"": 34, ""role_mainplot_role450.asl"": 34, ""role_mainplot_role451.asl"": 34, ""role_mainplot_role452.asl"": 34, ""role_mainplot_role453.asl"": 34, ""role_mainplot_role454.asl"": 34, ""role_mainplot_role455.asl"": 34, ""role_mainplot_role456.asl"": 34, ""role_mainplot_role457.asl"": 34, ""role_mainplot_role458.asl"": 34, ""role_mainplot_role459.asl"": 34, ""role_mainplot_role460.asl"": 34, ""role_mainplot_role461.asl"": 34, ""role_mainplot_role462.asl"": 34, ""role_mainplot_role463.asl"": 34, ""role_mainplot_role464.asl"": 34, ""role_mainplot_role465.asl"": 34, ""role_mainplot_role466.asl"": 34, ""role_mainplot_role467.asl"": 34, ""role_mainplot_role468.asl"": 34, ""role_mainplot_role469.asl"": 34, ""role_mainplot_role470.asl"": 34, ""role_mainplot_role471.asl"": 34, ""role_mainplot_role472.asl"": 34, ""role_mainplot_role473.asl"": 34, ""role_mainplot_role474.asl"": 34, ""role_mainplot_role475.asl"": 34, ""role_mainplot_role476.asl"": 34, ""role_mainplot_role477.asl"": 34, ""role_mainplot_role478.asl"": 34, ""role_mainplot_role479.asl"": 34, ""role_mainplot_role480.asl"": 34, ""role_mainplot_role481.asl"": 34, ""role_mainplot_role482.asl"": 34, ""role_mainplot_role483.asl"": 34, ""role_mainplot_role484.asl"": 34, ""role_mainplot_role485.asl"": 34, ""role_mainplot_role486.asl"": 34, ""role_mainplot_role487.asl"": 34, ""role_mainplot_role488.asl"": 34, ""role_mainplot_role489.asl"": 34, ""role_mainplot_role490.asl"": 34, ""role_mainplot_role491.asl"": 34, ""role_mainplot_role492.asl"": 34, ""role_mainplot_role493.asl"": 34, ""role_mainplot_role494.asl"": 34, ""role_mainplot_role495.asl"": 34, ""role_mainplot_role496.asl"": 34, ""role_mainplot_role497.asl"": 34, ""role_mainplot_role498.asl"": 34, ""role_mainplot_role499.asl"": 34, ""role_mainplot_role500.asl"": 34, ""role_mainplot_role501.asl"": 34, ""role_mainplot_role502.asl"": 34, ""role_mainplot_role503.asl"": 34, ""role_mainplot_role504.asl"": 34, ""role_mainplot_role505.asl"": 34, ""role_mainplot_role506.asl"": 34, ""role_mainplot_role507.asl"": 34, ""role_mainplot_role508.asl"": 34, ""role_mainplot_role509.asl"": 34, ""role_mainplot_role510.asl"": 34, ""role_mainplot_role511.asl"": 34, ""role_mainplot_role512.asl"": 34, ""role_mainplot_role513.asl"": 34, ""role_mainplot_role514.asl"": 34, ""role_mainplot_role515.asl"": 34, ""role_mainplot_role516.asl"": 34, ""role_mainplot_role517.asl"": 34, ""role_mainplot_role518.asl"": 34, ""role_mainplot_role519.asl"": 34, ""role_mainplot_role520.asl"": 34, ""role_mainplot_role521.asl"": 34, ""role_mainplot_role522.asl"": 34, ""role_mainplot_role523.asl"": 34, ""role_mainplot_role524.asl"": 34, ""role_mainplot_role525.asl"": 34, ""role_mainplot_role526.asl"": 34, ""role_mainplot_role527.asl"": 34, ""role_mainplot_role528.asl"": 34, ""role_mainplot_role529.asl"": 34, ""role_mainplot_role530.asl"": 34, ""role_mainplot_role531.asl"": 34, ""role_mainplot_role532.asl"": 34, ""role_mainplot_role533.asl"": 34, ""role_mainplot_role534.asl"": 34, ""role_mainplot_role535.asl"": 34, ""role_mainplot_role536.asl"": 34, ""role_mainplot_role537.asl"": 34, ""role_mainplot_role538.asl"": 34, ""role_mainplot_role539.asl"": 34, ""role_mainplot_role540.asl"": 34, ""role_mainplot_role541.asl"": 34, ""role_mainplot_role542.asl"": 34, ""role_mainplot_role543.asl"": 34, ""role_mainplot_role544.asl"": 34, ""role_mainplot_role545.asl"": 34, ""role_mainplot_role546.asl"": 34, ""role_mainplot_role547.asl"": 34, ""role_mainplot_role548.asl"": 34, ""role_mainplot_role549.asl"": 34, ""role_mainplot_role550.asl"": 34, ""role_mainplot_role551.asl"": 34, ""role_mainplot_role552.asl"": 34, ""role_mainplot_role553.asl"": 34, ""role_mainplot_role554.asl"": 34, ""role_mainplot_role555.asl"": 34, ""role_mainplot_role556.asl"": 34, ""role_mainplot_role557.asl"": 34, ""role_mainplot_role558.asl"": 34, ""role_mainplot_role559.asl"": 34, ""role_mainplot_role560.asl"": 34, ""role_mainplot_role561.asl"": 34, ""role_mainplot_role562.asl"": 34, ""role_mainplot_role563.asl"": 34, ""role_mainplot_role564.asl"": 34, ""role_mainplot_role565.asl"": 34, ""role_mainplot_role566.asl"": 34, ""role_mainplot_role567.asl"": 34, ""role_mainplot_role568.asl"": 34, ""role_mainplot_role569.asl"": 34, ""role_mainplot_role570.asl"": 34, ""role_mainplot_role571.asl"": 34, ""role_mainplot_role572.asl"": 34, ""role_mainplot_role573.asl"": 34, ""role_mainplot_role574.asl"": 34, ""role_mainplot_role575.asl"": 34, ""role_mainplot_role576.asl"": 34, ""role_mainplot_role577.asl"": 34, ""role_mainplot_role578.asl"": 34, ""role_mainplot_role579.asl"": 34, ""role_mainplot_role580.asl"": 34, ""role_mainplot_role581.asl"": 34, ""role_mainplot_role582.asl"": 34, ""role_mainplot_role583.asl"": 34, ""role_mainplot_role584.asl"": 34, ""role_mainplot_role585.asl"": 34, ""role_mainplot_role586.asl"": 34, ""role_mainplot_role587.asl"": 34, ""role_mainplot_role588.asl"": 34, ""role_mainplot_role589.asl"": 34, ""role_mainplot_role590.asl"": 34, ""role_mainplot_role591.asl"": 34, ""role_mainplot_role592.asl"": 34, ""role_mainplot_role593.asl"": 34, ""role_mainplot_role594.asl"": 34, ""role_mainplot_role595.asl"": 34, ""role_mainplot_role596.asl"": 34, ""role_mainplot_role597.asl"": 34, ""role_mainplot_role598.asl"": 34, ""role_mainplot_role599.asl"": 34, ""role_mainplot_role600.asl"": 34, ""role_mainplot_role601.asl"": 34, ""role_mainplot_role602.asl"": 34, ""role_mainplot_role603.asl"": 34, ""role_mainplot_role604.asl"": 34, ""role_mainplot_role605.asl"": 34, ""role_mainplot_role606.asl"": 34, ""role_mainplot_role607.asl"": 34, ""role_mainplot_role608.asl"": 34, ""role_mainplot_role609.asl"": 34, ""role_mainplot_role610.asl"": 34, ""role_mainplot_role611.asl"": 34, ""role_mainplot_role612.asl"": 34, ""role_mainplot_role613.asl"": 34, ""role_mainplot_role614.asl"": 34, ""role_mainplot_role615.asl"": 34, ""role_mainplot_role616.asl"": 34, ""role_mainplot_role617.asl"": 34, ""role_mainplot_role618.asl"": 34, ""role_mainplot_role619.asl"": 34, ""role_mainplot_role620.asl"": 34, ""role_mainplot_role621.asl"": 34, ""role_mainplot_role622.asl"": 34, ""role_mainplot_role623.asl"": 34, ""role_mainplot_role624.asl"": 34, ""role_mainplot_role625.asl"": 34, ""role_mainplot_role626.asl"": 34, ""role_mainplot_role627.asl"": 34, ""role_mainplot_role628.asl"": 34, ""role_mainplot_role629.asl"": 34, ""role_mainplot_role630.asl"": 34, ""role_mainplot_role631.asl"": 34, ""role_mainplot_role632.asl"": 34, ""role_mainplot_role633.asl"": 34, ""role_mainplot_role634.asl"": 34, ""role_mainplot_role635.asl"": 34, ""role_mainplot_role636.asl"": 34, ""role_mainplot_role637.asl"": 34, ""role_mainplot_role638.asl"": 34, ""role_mainplot_role639.asl"": 34, ""role_mainplot_role640.asl"": 34, ""role_mainplot_role641.asl"": 34, ""role_mainplot_role642.asl"": 34, ""role_mainplot_role643.asl"": 34, ""role_mainplot_role644.asl"": 34, ""role_mainplot_role645.asl"": 34, ""role_mainplot_role646.asl"": 34, ""role_mainplot_role647.asl"": 34, ""role_mainplot_role648.asl"": 34, ""role_mainplot_role649.asl"": 34, ""role_mainplot_role650.asl"": 34, ""role_mainplot_role651.asl"": 34, ""role_mainplot_role652.asl"": 34, ""role_mainplot_role653.asl"": 34, ""role_mainplot_role654.asl"": 34, ""role_mainplot_role655.asl"": 34, ""role_mainplot_role656.asl"": 34, ""role_mainplot_role657.asl"": 34, ""role_mainplot_role658.asl"": 34, ""role_mainplot_role659.asl"": 34, ""role_mainplot_role660.asl"": 34, ""role_mainplot_role661.asl"": 34, ""role_mainplot_role662.asl"": 34, ""role_mainplot_role663.asl"": 34, ""role_mainplot_role664.asl"": 34, ""role_mainplot_role665.asl"": 34, ""role_mainplot_role666.asl"": 34, ""role_mainplot_role667.asl"": 34, ""role_mainplot_role668.asl"": 34, ""role_mainplot_role669.asl"": 34, ""role_mainplot_role670.asl"": 34, ""role_mainplot_role671.asl"": 34, ""role_mainplot_role672.asl"": 34, ""role_mainplot_role673.asl"": 34, ""role_mainplot_role674.asl"": 34, ""role_mainplot_role675.asl"": 34, ""role_mainplot_role676.asl"": 34, ""role_mainplot_role677.asl"": 34, ""role_mainplot_role678.asl"": 34, ""role_mainplot_role679.asl"": 34, ""role_mainplot_role680.asl"": 34, ""role_mainplot_role681.asl"": 34, ""role_mainplot_role682.asl"": 34, ""role_mainplot_role683.asl"": 34, ""role_mainplot_role684.asl"": 34, ""role_mainplot_role685.asl"": 34, ""role_mainplot_role686.asl"": 34, ""role_mainplot_role687.asl"": 34, ""role_mainplot_role688.asl"": 34, ""role_mainplot_role689.asl"": 34, ""role_mainplot_role690.asl"": 34, ""role_mainplot_role691.asl"": 34, ""role_mainplot_role692.asl"": 34, ""role_mainplot_role693.asl"": 34, ""role_mainplot_role694.asl"": 34, ""role_mainplot_role695.asl"": 34, ""role_mainplot_role696.asl"": 34, ""role_mainplot_role697.asl"": 34, ""role_mainplot_role698.asl"": 34, ""role_mainplot_role699.asl"": 34, ""role_mainplot_role700.asl"": 34, ""role_mainplot_role701.asl"": 34, ""role_mainplot_role702.asl"": 34, ""role_mainplot_role703.asl"": 34, ""role_mainplot_role704.asl"": 34, ""role_mainplot_role705.asl"": 34, ""role_mainplot_role706.asl"": 34, ""role_mainplot_role707.asl"": 34, ""role_mainplot_role708.asl"": 34, ""role_mainplot_role709.asl"": 34, ""role_mainplot_role710.asl"": 34, ""role_mainplot_role711.asl"": 34, ""role_mainplot_role712.asl"": 34, ""role_mainplot_role713.asl"": 34, ""role_mainplot_role714.asl"": 34, ""role_mainplot_role715.asl"": 34, ""role_mainplot_role716.asl"": 34, ""role_mainplot_role717.asl"": 34, ""role_mainplot_role718.asl"": 34, ""role_mainplot_role719.asl"": 34, ""role_mainplot_role720.asl"": 34, ""role_mainplot_role721.asl"": 34, ""role_mainplot_role722.asl"": 34, ""role_mainplot_role723.asl"": 34, ""role_mainplot_role724.asl"": 34, ""role_mainplot_role725.asl"": 34, ""role_mainplot_role726.asl"": 34, ""role_mainplot_role727.asl"": 34, ""role_mainplot_role728.asl"": 34, ""role_mainplot_role729.asl"": 34, ""role_mainplot_role730.asl"": 34, ""role_mainplot_role731.asl"": 34, ""role_mainplot_role732.asl"": 34, ""role_mainplot_role733.asl"": 34, ""role_mainplot_role734.asl"": 34, ""role_mainplot_role735.asl"": 34, ""role_mainplot_role736.asl"": 34, ""role_mainplot_role737.asl"": 34, ""role_mainplot_role738.asl"": 34, ""role_mainplot_role739.asl"": 34, ""role_mainplot_role740.asl"": 34, ""role_mainplot_role741.asl"": 34, ""role_mainplot_role742.asl"": 34, ""role_mainplot_role743.asl"": 34, ""role_mainplot_role744.asl"": 34, ""role_mainplot_role745.asl"": 34, ""role_mainplot_role746.asl"": 34, ""role_mainplot_role747.asl"": 34, ""role_mainplot_role748.asl"": 34, ""role_mainplot_role749.asl"": 34, ""role_mainplot_role750.asl"": 34, ""role_mainplot_role751.asl"": 34, ""role_mainplot_role752.asl"": 34, ""role_mainplot_role753.asl"": 34, ""role_mainplot_role754.asl"": 34, ""role_mainplot_role755.asl"": 34, ""role_mainplot_role756.asl"": 34, ""role_mainplot_role757.asl"": 34, ""role_mainplot_role758.asl"": 34, ""role_mainplot_role759.asl"": 34, ""role_mainplot_role760.asl"": 34, ""role_mainplot_role761.asl"": 34, ""role_mainplot_role762.asl"": 34, ""role_mainplot_role763.asl"": 34, ""role_mainplot_role764.asl"": 34, ""role_mainplot_role765.asl"": 34, ""role_mainplot_role766.asl"": 34, ""role_mainplot_role767.asl"": 34, ""role_mainplot_role768.asl"": 34, ""role_mainplot_role769.asl"": 34, ""role_mainplot_role770.asl"": 34, ""role_mainplot_role771.asl"": 34, ""role_mainplot_role772.asl"": 34, ""role_mainplot_role773.asl"": 34, ""role_mainplot_role774.asl"": 34, ""role_mainplot_role775.asl"": 34, ""role_mainplot_role776.asl"": 34, ""role_mainplot_role777.asl"": 34, ""role_mainplot_role778.asl"": 34, ""role_mainplot_role779.asl"": 34, ""role_mainplot_role780.asl"": 34, ""role_mainplot_role781.asl"": 34, ""role_mainplot_role782.asl"": 34, ""role_mainplot_role783.asl"": 34, ""role_mainplot_role784.asl"": 34, ""role_mainplot_role785.asl"": 34, ""role_mainplot_role786.asl"": 34, ""role_mainplot_role787.asl"": 34, ""role_mainplot_role788.asl"": 34, ""role_mainplot_role789.asl"": 34, ""role_mainplot_role790.asl"": 34, ""role_mainplot_role791.asl"": 34, ""role_mainplot_role792.asl"": 34, ""role_mainplot_role793.asl"": 34, ""role_mainplot_role794.asl"": 34, ""role_mainplot_role795.asl"": 34, ""role_mainplot_role796.asl"": 34, ""role_mainplot_role797.asl"": 34, ""role_mainplot_role798.asl"": 34, ""role_mainplot_role799.asl"": 34, ""role_mainplot_role800.asl"": 34, ""role_mainplot_role801.asl"": 34, ""role_mainplot_role802.asl"": 34, ""role_mainplot_role803.asl"": 34, ""role_mainplot_role804.asl"": 34, ""role_mainplot_role805.asl"": 34, ""role_mainplot_role806.asl"": 34, ""role_mainplot_role807.asl"": 34, ""role_mainplot_role808.asl"": 34, ""role_mainplot_role809.asl"": 34, ""role_mainplot_role810.asl"": 34, ""role_mainplot_role811.asl"": 34, ""role_mainplot_role812.asl"": 34, ""role_mainplot_role813.asl"": 34, ""role_mainplot_role814.asl"": 34, ""role_mainplot_role815.asl"": 34, ""role_mainplot_role816.asl"": 34, ""role_mainplot_role817.asl"": 34, ""role_mainplot_role818.asl"": 34, ""role_mainplot_role819.asl"": 34, ""role_mainplot_role820.asl"": 34, ""role_mainplot_role821.asl"": 34, ""role_mainplot_role822.asl"": 34, ""role_mainplot_role823.asl"": 34, ""role_mainplot_role824.asl"": 34, ""role_mainplot_role825.asl"": 34, ""role_mainplot_role826.asl"": 34, ""role_mainplot_role827.asl"": 34, ""role_mainplot_role828.asl"": 34, ""role_mainplot_role829.asl"": 34, ""role_mainplot_role830.asl"": 34, ""role_mainplot_role831.asl"": 34, ""role_mainplot_role832.asl"": 34, ""role_mainplot_role833.asl"": 34, ""role_mainplot_role834.asl"": 34, ""role_mainplot_role835.asl"": 34, ""role_mainplot_role836.asl"": 34, ""role_mainplot_role837.asl"": 34, ""role_mainplot_role838.asl"": 34, ""role_mainplot_role839.asl"": 34, ""role_mainplot_role840.asl"": 34, ""role_mainplot_role841.asl"": 34, ""role_mainplot_role842.asl"": 34, ""role_mainplot_role843.asl"": 34, ""role_mainplot_role844.asl"": 34, ""role_mainplot_role845.asl"": 34, ""role_mainplot_role846.asl"": 34, ""role_mainplot_role847.asl"": 34, ""role_mainplot_role848.asl"": 34, ""role_mainplot_role849.asl"": 34, ""role_mainplot_role850.asl"": 34, ""role_mainplot_role851.asl"": 34, ""role_mainplot_role852.asl"": 34, ""role_mainplot_role853.asl"": 34, ""role_mainplot_role854.asl"": 34, ""role_mainplot_role855.asl"": 34, ""role_mainplot_role856.asl"": 34, ""role_mainplot_role857.asl"": 34, ""role_mainplot_role858.asl"": 34, ""role_mainplot_role859.asl"": 34, ""role_mainplot_role860.asl"": 34, ""role_mainplot_role861.asl"": 34, ""role_mainplot_role862.asl"": 34, ""role_mainplot_role863.asl"": 34, ""role_mainplot_role864.asl"": 34, ""role_mainplot_role865.asl"": 34, ""role_mainplot_role866.asl"": 34, ""role_mainplot_role867.asl"": 34, ""role_mainplot_role868.asl"": 34, ""role_mainplot_role869.asl"": 34, ""role_mainplot_role870.asl"": 34, ""role_mainplot_role871.asl"": 34, ""role_mainplot_role872.asl"": 34, ""role_mainplot_role873.asl"": 34, ""role_mainplot_role874.asl"": 34, ""role_mainplot_role875.asl"": 34, ""role_mainplot_role876.asl"": 34, ""role_mainplot_role877.asl"": 34, ""role_mainplot_role878.asl"": 34, ""role_mainplot_role879.asl"": 34, ""role_mainplot_role880.asl"": 34, ""role_mainplot_role881.asl"": 34, ""role_mainplot_role882.asl"": 34, ""role_mainplot_role883.asl"": 34, ""role_mainplot_role884.asl"": 34, ""role_mainplot_role885.asl"": 34, ""role_mainplot_role886.asl"": 34, ""role_mainplot_role887.asl"": 34, ""role_mainplot_role888.asl"": 34, ""role_mainplot_role889.asl"": 34, ""role_mainplot_role890.asl"": 34, ""role_mainplot_role891.asl"": 34, ""role_mainplot_role892.asl"": 34, ""role_mainplot_role893.asl"": 34, ""role_mainplot_role894.asl"": 34, ""role_mainplot_role895.asl"": 34, ""role_mainplot_role896.asl"": 34, ""role_mainplot_role897.asl"": 34, ""role_mainplot_role898.asl"": 34, ""role_mainplot_role899.asl"": 34, ""role_mainplot_role900.asl"": 34, ""role_mainplot_role901.asl"": 34, ""role_mainplot_role902.asl"": 34, ""role_mainplot_role903.asl"": 34, ""role_mainplot_role904.asl"": 34, ""role_mainplot_role905.asl"": 34, ""role_mainplot_role906.asl"": 34, ""role_mainplot_role907.asl"": 34, ""role_mainplot_role908.asl"": 34, ""role_mainplot_role909.asl"": 34, ""role_mainplot_role910.asl"": 34, ""role_mainplot_role911.asl"": 34, ""role_mainplot_role912.asl"": 34, ""role_mainplot_role913.asl"": 34, ""role_mainplot_role914.asl"": 34, ""role_mainplot_role915.asl"": 34, ""role_mainplot_role916.asl"": 34, ""role_mainplot_role917.asl"": 34, ""role_mainplot_role918.asl"": 34, ""role_mainplot_role919.asl"": 34, ""role_mainplot_role920.asl"": 34, ""role_mainplot_role921.asl"": 34, ""role_mainplot_role922.asl"": 34, ""role_mainplot_role923.asl"": 34, ""role_mainplot_role924.asl"": 34, ""role_mainplot_role925.asl"": 34, ""role_mainplot_role926.asl"": 34, ""role_mainplot_role927.asl"": 34, ""role_mainplot_role928.asl"": 34, ""role_mainplot_role929.asl"": 34, ""role_mainplot_role930.asl"": 34, ""role_mainplot_role931.asl"": 34, ""role_mainplot_role932.asl"": 34, ""role_mainplot_role933.asl"": 34, ""role_mainplot_role934.asl"": 34, ""role_mainplot_role935.asl"": 34, ""role_mainplot_role936.asl"": 34, ""role_mainplot_role937.asl"": 34, ""role_mainplot_role938.asl"": 34, ""role_mainplot_role939.asl"": 34, ""role_mainplot_role940.asl"": 34, ""role_mainplot_role941.asl"": 34, ""role_mainplot_role942.asl"": 34, ""role_mainplot_role943.asl"": 34, ""role_mainplot_role944.asl"": 34, ""role_mainplot_role945.asl"": 34, ""role_mainplot_role946.asl"": 34, ""role_mainplot_role947.asl"": 34, ""role_mainplot_role948.asl"": 34, ""role_mainplot_role949.asl"": 34, ""role_mainplot_role950.asl"": 34, ""role_mainplot_role951.asl"": 34, ""role_mainplot_role952.asl"": 34, ""role_mainplot_role953.asl"": 34, ""role_mainplot_role954.asl"": 34, ""role_mainplot_role955.asl"": 34, ""role_mainplot_role956.asl"": 34, ""role_mainplot_role957.asl"": 34, ""role_mainplot_role958.asl"": 34, ""role_mainplot_role959.asl"": 34, ""role_mainplot_role960.asl"": 34, ""role_mainplot_role961.asl"": 34, ""role_mainplot_role962.asl"": 34, ""role_mainplot_role963.asl"": 34, ""role_mainplot_role964.asl"": 34, ""role_mainplot_role965.asl"": 34, ""role_mainplot_role966.asl"": 34, ""role_mainplot_role967.asl"": 34, ""role_mainplot_role968.asl"": 34, ""role_mainplot_role969.asl"": 34, ""role_mainplot_role970.asl"": 34, ""role_mainplot_role971.asl"": 34, ""role_mainplot_role972.asl"": 34, ""role_mainplot_role973.asl"": 34, ""role_mainplot_role974.asl"": 34, ""role_mainplot_role975.asl"": 34, ""role_mainplot_role976.asl"": 34, ""role_mainplot_role977.asl"": 34, ""role_mainplot_role978.asl"": 34, ""role_mainplot_role979.asl"": 34, ""role_mainplot_role980.asl"": 34, ""role_mainplot_role981.asl"": 34, ""role_mainplot_role982.asl"": 34, ""role_mainplot_role983.asl"": 34, ""role_mainplot_role984.asl"": 34, ""role_mainplot_role985.asl"": 34, ""role_mainplot_role986.asl"": 34, ""role_mainplot_role987.asl"": 34, ""role_mainplot_role988.asl"": 34, ""role_mainplot_role989.asl"": 34, ""role_mainplot_role990.asl"": 34, ""role_mainplot_role991.asl"": 34, ""role_mainplot_role992.asl"": 34, ""role_mainplot_role993.asl"": 34, ""role_mainplot_role994.asl"": 34, ""role_mainplot_role995.asl"": 34, ""role_mainplot_role996.asl"": 34, ""role_mainplot_role997.asl"": 34, ""role_mainplot_role998.asl"": 34, ""role_mainplot_role999.asl"": 34}",5.656483176122765,0.36675148799986346,0.012584866002725903,12.35930347442627,True,7,0
